ISO-10303-21;
HEADER;
FILE_DESCRIPTION((''),'2;1');
FILE_NAME('MMM01.2 (1)', '2026-09-27T17:08:14', (''), (''), 'ImageToStl.com STEP Converter','', '');
FILE_SCHEMA(('AUTOMOTIVE_DESIGN_CC2'));
ENDSEC;
DATA;
#1=PRODUCT_DEFINITION_CONTEXT('',#4,'design');
#2=APPLICATION_PROTOCOL_DEFINITION('INTERNATIONAL STANDARD','automotive_design',1994,#4);
#3=(GEOMETRIC_REPRESENTATION_CONTEXT(3)GLOBAL_UNCERTAINTY_ASSIGNED_CONTEXT((#5))GLOBAL_UNIT_ASSIGNED_CONTEXT((#6,#7,#8))REPRESENTATION_CONTEXT('NONE','WORKSPACE'));
#4=APPLICATION_CONTEXT(' ');
#5=UNCERTAINTY_MEASURE_WITH_UNIT(LENGTH_MEASURE(1.0E-006),#6,'','');
#6=(CONVERSION_BASED_UNIT('METRE',#10)LENGTH_UNIT()NAMED_UNIT(#11));
#7=(NAMED_UNIT(#12)PLANE_ANGLE_UNIT()SI_UNIT($,.RADIAN.));
#8=(NAMED_UNIT(#12)SOLID_ANGLE_UNIT()SI_UNIT($,.STERADIAN.));
#9=AXIS2_PLACEMENT_3D('',#14,#15,#16);
#10=LENGTH_MEASURE_WITH_UNIT(LENGTH_MEASURE(1.0),#17);
#11=DIMENSIONAL_EXPONENTS(1.0,0.0,0.0,0.0,0.0,0.0,0.0);
#12=DIMENSIONAL_EXPONENTS(0.0,0.0,0.0,0.0,0.0,0.0,0.0);
#13=PRODUCT_CONTEXT('',#4,'mechanical');
#14=CARTESIAN_POINT('',(0.0,0.0,0.0));
#15=DIRECTION('',(0.0,0.0,1.0));
#16=DIRECTION('',(1.0,0.0,0.0));
#17=(NAMED_UNIT(#11)LENGTH_UNIT()SI_UNIT(.MILLI.,.METRE.));
#18=PRESENTATION_STYLE_ASSIGNMENT((#19));
#19=SURFACE_STYLE_USAGE(.BOTH.,#20);
#20=SURFACE_SIDE_STYLE('',(#21));
#21=SURFACE_STYLE_FILL_AREA(#22);
#22=FILL_AREA_STYLE('',(#23));
#23=FILL_AREA_STYLE_COLOUR('',#24);
#24=COLOUR_RGB('',0.9,0.9,0.9);
#25=SHAPE_DEFINITION_REPRESENTATION(#26,#27);
#26=PRODUCT_DEFINITION_SHAPE('productshape0','',#30);
#27=MANIFOLD_SURFACE_SHAPE_REPRESENTATION('',(#28,#9),#3);
#28=SHELL_BASED_SURFACE_MODEL('shell0',(#33));
#29=PRODUCT('product0','','',(#13));
#30=PRODUCT_DEFINITION('mesh0','',#31,#2);
#31=PRODUCT_DEFINITION_FORMATION_WITH_SPECIFIED_SOURCE('prodsource0','',#29,.NOT_KNOWN.);
#32=STYLED_ITEM('',(#18),#33);
#33=CLOSED_SHELL('',(#590,#612,#634,#656,#678,#700,#722,#744,#766,#788,#810,#832,#854,#876,#898,#920,#942,#964,#986,#1008,#1030,#1052,#1074,#1096,#1118,#1140,#1162,#1184,#1206,#1228,#1250,#1272,#1294,#1316,#1338,#1360,#1382,#1404,#1426,#1448,#1470,#1492,#1514,#1536,#1558,#1580,#1602,#1624,#1646,#1668,#1690,#1712,#1734,#1756,#1778,#1800,#1822,#1844,#1866,#1888,#1910,#1932,#1954,#1976,#1998,#2020,#2042,#2064,#2086,#2108,#2130,#2152,#2174,#2196,#2218,#2240,#2262,#2284,#2306,#2328,#2350,#2372,#2394,#2416,#2438,#2460,#2482,#2504,#2526,#2548,#2570,#2592,#2614,#2636,#2658,#2680,#2702,#2724,#2746,#2768,#2790,#2812,#2834,#2856,#2878,#2900,#2922,#2944,#2966,#2988,#3010,#3032,#3054,#3076,#3098,#3120,#3142,#3164,#3186,#3208,#3230,#3252,#3274,#3296,#3318,#3340,#3362,#3384,#3406,#3428,#3450,#3472,#3494,#3516,#3538,#3560,#3582,#3604,#3626,#3648,#3670,#3692,#3714,#3736,#3758,#3780,#3802,#3824,#3846,#3868,#3890,#3912,#3934,#3956,#3978,#4000,#4022,#4044,#4066,#4088,#4110,#4132,#4154,#4176,#4198,#4220,#4242,#4264,#4286,#4308,#4330,#4352,#4374,#4396,#4418,#4440,#4462,#4484,#4506,#4528,#4550,#4572,#4594,#4616,#4638,#4660,#4682,#4704,#4726,#4748,#4770,#4792,#4814,#4836,#4858,#4880,#4902,#4924,#4946,#4968,#4990,#5012,#5034,#5056,#5078,#5100,#5122,#5144,#5166,#5188,#5210,#5232,#5254,#5276,#5298,#5320,#5342,#5364,#5386,#5408,#5430,#5452,#5474,#5496,#5518,#5540,#5562,#5584,#5606,#5628,#5650,#5672,#5694,#5716,#5738,#5760,#5782,#5804,#5826,#5848,#5870,#5892,#5914,#5936,#5958,#5980,#6002,#6024,#6046,#6068,#6090,#6112,#6134,#6156,#6178,#6200,#6222,#6244,#6266,#6288,#6310,#6332,#6354,#6376,#6398,#6420,#6442,#6464,#6486,#6508,#6530,#6552,#6574,#6596,#6618,#6640,#6662,#6684,#6706,#6728,#6750,#6772,#6794,#6816,#6838,#6860,#6882,#6904,#6926,#6948,#6970,#6992,#7014,#7036,#7058,#7080,#7102,#7124,#7146,#7168,#7190,#7212,#7234,#7256,#7278,#7300,#7322,#7344,#7366,#7388,#7410,#7432,#7454,#7476,#7498,#7520,#7542,#7564,#7586,#7608,#7630,#7652,#7674,#7696,#7718,#7740,#7762,#7784,#7806,#7828,#7850,#7872,#7894,#7916,#7938,#7960,#7982,#8004,#8026,#8048,#8070,#8092,#8114,#8136,#8158,#8180,#8202,#8224,#8246,#8268,#8290,#8312,#8334,#8356,#8378,#8400,#8422,#8444,#8466,#8488,#8510,#8532,#8554,#8576,#8598,#8620,#8642,#8664,#8686,#8708,#8730,#8752,#8774,#8796,#8818,#8840,#8862,#8884,#8906,#8928,#8950,#8972,#8994,#9016,#9038,#9060,#9082,#9104,#9126,#9148,#9170,#9192,#9214,#9236,#9258,#9280,#9302,#9324,#9346,#9368,#9390,#9412,#9434,#9456,#9478,#9500,#9522,#9544,#9566,#9588,#9610,#9632,#9654,#9676,#9698,#9720,#9742,#9764,#9786,#9808,#9830,#9852,#9874,#9896,#9918,#9940,#9962,#9984,#10006,#10028,#10050,#10072,#10094,#10116,#10138,#10160,#10182,#10204,#10226,#10248,#10270,#10292,#10314,#10336,#10358,#10380,#10402,#10424,#10446,#10468,#10490,#10512,#10534,#10556,#10578,#10600,#10622,#10644,#10666,#10688,#10710,#10732,#10754,#10776,#10798,#10820,#10842,#10864,#10886,#10908,#10930,#10952,#10974,#10996,#11018,#11040,#11062,#11084,#11106,#11128,#11150,#11172,#11194,#11216,#11238,#11260,#11282,#11304,#11326,#11348,#11370,#11392,#11414,#11436,#11458,#11480,#11502,#11524,#11546,#11568,#11590,#11612,#11634,#11656,#11678,#11700,#11722,#11744,#11766,#11788,#11810,#11832,#11854,#11876,#11898,#11920,#11942,#11964,#11986,#12008,#12030,#12052,#12074,#12096,#12118,#12140,#12162,#12184,#12206,#12228,#12250,#12272,#12294,#12316,#12338,#12360,#12382,#12404,#12426,#12448,#12470,#12492,#12514,#12536,#12558,#12580,#12602,#12624,#12646,#12668,#12690,#12712,#12734,#12756,#12778,#12800,#12822,#12844,#12866,#12888));
#34=CARTESIAN_POINT('',(-68.14199829101562,-53.84199905395508,17));
#35=VERTEX_POINT('',#34);
#36=CARTESIAN_POINT('',(-75,-79,17));
#37=VERTEX_POINT('',#36);
#38=CARTESIAN_POINT('',(-68.00499725341797,-54.244998931884766,17));
#39=VERTEX_POINT('',#38);
#40=CARTESIAN_POINT('',(-68.2249984741211,-53.42499923706055,17));
#41=VERTEX_POINT('',#40);
#42=CARTESIAN_POINT('',(-61.994998931884766,-51.755001068115234,0));
#43=VERTEX_POINT('',#42);
#44=CARTESIAN_POINT('',(-62.18299865722656,-51.374000549316406,0));
#45=VERTEX_POINT('',#44);
#46=CARTESIAN_POINT('',(-46,-56.25299835205078,0));
#47=VERTEX_POINT('',#46);
#48=CARTESIAN_POINT('',(-46,17,0));
#49=VERTEX_POINT('',#48);
#50=CARTESIAN_POINT('',(-64.15799713134766,-49.858001708984375,0));
#51=VERTEX_POINT('',#50);
#52=CARTESIAN_POINT('',(-64.57499694824219,-49.775001525878906,0));
#53=VERTEX_POINT('',#52);
#54=CARTESIAN_POINT('',(-46,27,7));
#55=VERTEX_POINT('',#54);
#56=CARTESIAN_POINT('',(-46,27,17));
#57=VERTEX_POINT('',#56);
#58=CARTESIAN_POINT('',(-46,17,7));
#59=VERTEX_POINT('',#58);
#60=CARTESIAN_POINT('',(-46,-89,17));
#61=VERTEX_POINT('',#60);
#62=CARTESIAN_POINT('',(-63.374000549316406,-55.81700134277344,0));
#63=VERTEX_POINT('',#62);
#64=CARTESIAN_POINT('',(-63.02000045776367,-55.58000183105469,0));
#65=VERTEX_POINT('',#64);
#66=CARTESIAN_POINT('',(-46,-89,0));
#67=VERTEX_POINT('',#66);
#68=CARTESIAN_POINT('',(-62.18299865722656,-54.625999450683594,0));
#69=VERTEX_POINT('',#68);
#70=CARTESIAN_POINT('',(-61.994998931884766,-54.244998931884766,0));
#71=VERTEX_POINT('',#70);
#72=CARTESIAN_POINT('',(-61.858001708984375,-53.84199905395508,0));
#73=VERTEX_POINT('',#72);
#74=CARTESIAN_POINT('',(-61.775001525878906,-53.42499923706055,0));
#75=VERTEX_POINT('',#74);
#76=CARTESIAN_POINT('',(-61.74800109863281,-53,0));
#77=VERTEX_POINT('',#76);
#78=CARTESIAN_POINT('',(-61.775001525878906,-52.57500076293945,0));
#79=VERTEX_POINT('',#78);
#80=CARTESIAN_POINT('',(-65,-89,17));
#81=VERTEX_POINT('',#80);
#82=CARTESIAN_POINT('',(-65,-89,0));
#83=VERTEX_POINT('',#82);
#84=CARTESIAN_POINT('',(-75,27,17));
#85=VERTEX_POINT('',#84);
#86=CARTESIAN_POINT('',(-75,27,7));
#87=VERTEX_POINT('',#86);
#88=CARTESIAN_POINT('',(-75,17,7));
#89=VERTEX_POINT('',#88);
#90=CARTESIAN_POINT('',(-75,17,0));
#91=VERTEX_POINT('',#90);
#92=CARTESIAN_POINT('',(-75,-79,0));
#93=VERTEX_POINT('',#92);
#94=CARTESIAN_POINT('',(-60,35.65999984741211,7));
#95=VERTEX_POINT('',#94);
#96=CARTESIAN_POINT('',(-63.755001068115234,30.0049991607666,7));
#97=VERTEX_POINT('',#96);
#98=CARTESIAN_POINT('',(-61.17300033569336,36.23899841308594,7));
#99=VERTEX_POINT('',#98);
#100=CARTESIAN_POINT('',(-62.4119987487793,36.659000396728516,7));
#101=VERTEX_POINT('',#100);
#102=CARTESIAN_POINT('',(-64.15799713134766,30.142000198364258,7));
#103=VERTEX_POINT('',#102);
#104=CARTESIAN_POINT('',(-64.57499694824219,30.225000381469727,7));
#105=VERTEX_POINT('',#104);
#106=CARTESIAN_POINT('',(-58.9119987487793,34.933998107910156,7));
#107=VERTEX_POINT('',#106);
#108=CARTESIAN_POINT('',(-63.374000549316406,29.816999435424805,7));
#109=VERTEX_POINT('',#108);
#110=CARTESIAN_POINT('',(-57.92900085449219,34.07099914550781,7));
#111=VERTEX_POINT('',#110);
#112=CARTESIAN_POINT('',(-62.70000076293945,29.299999237060547,7));
#113=VERTEX_POINT('',#112);
#114=CARTESIAN_POINT('',(-57.066001892089844,33.0880012512207,7));
#115=VERTEX_POINT('',#114);
#116=CARTESIAN_POINT('',(-68.25299835205078,-53,17));
#117=VERTEX_POINT('',#116);
#118=CARTESIAN_POINT('',(-68.14199829101562,-52.15800094604492,17));
#119=VERTEX_POINT('',#118);
#120=CARTESIAN_POINT('',(-68.2249984741211,-52.57500076293945,17));
#121=VERTEX_POINT('',#120);
#122=CARTESIAN_POINT('',(-68.00499725341797,-51.755001068115234,17));
#123=VERTEX_POINT('',#122);
#124=CARTESIAN_POINT('',(-67.81700134277344,-51.374000549316406,17));
#125=VERTEX_POINT('',#124);
#126=CARTESIAN_POINT('',(-67.58000183105469,-51.02000045776367,17));
#127=VERTEX_POINT('',#126);
#128=CARTESIAN_POINT('',(-68.25299835205078,17,17));
#129=VERTEX_POINT('',#128);
#130=CARTESIAN_POINT('',(-67.30000305175781,-50.70000076293945,17));
#131=VERTEX_POINT('',#130);
#132=CARTESIAN_POINT('',(-66.9800033569336,-50.41999816894531,17));
#133=VERTEX_POINT('',#132);
#134=CARTESIAN_POINT('',(-66.6259994506836,-50.18299865722656,17));
#135=VERTEX_POINT('',#134);
#136=CARTESIAN_POINT('',(-66.24500274658203,-49.994998931884766,17));
#137=VERTEX_POINT('',#136);
#138=CARTESIAN_POINT('',(-65.84200286865234,-49.858001708984375,17));
#139=VERTEX_POINT('',#138);
#140=CARTESIAN_POINT('',(-65.42500305175781,-49.775001525878906,17));
#141=VERTEX_POINT('',#140);
#142=CARTESIAN_POINT('',(-65,-49.74800109863281,17));
#143=VERTEX_POINT('',#142);
#144=CARTESIAN_POINT('',(-65.42500305175781,-56.224998474121094,17));
#145=VERTEX_POINT('',#144);
#146=CARTESIAN_POINT('',(-65,-56.25299835205078,17));
#147=VERTEX_POINT('',#146);
#148=CARTESIAN_POINT('',(-65.42500305175781,-56.224998474121094,0));
#149=VERTEX_POINT('',#148);
#150=CARTESIAN_POINT('',(-65,-56.25299835205078,0));
#151=VERTEX_POINT('',#150);
#152=CARTESIAN_POINT('',(-61.994998931884766,28.2450008392334,17));
#153=VERTEX_POINT('',#152);
#154=CARTESIAN_POINT('',(-61.994998931884766,28.2450008392334,7));
#155=VERTEX_POINT('',#154);
#156=CARTESIAN_POINT('',(-61.858001708984375,27.841999053955078,7));
#157=VERTEX_POINT('',#156);
#158=CARTESIAN_POINT('',(-61.775001525878906,27.424999237060547,17));
#159=VERTEX_POINT('',#158);
#160=CARTESIAN_POINT('',(-61.858001708984375,27.841999053955078,17));
#161=VERTEX_POINT('',#160);
#162=CARTESIAN_POINT('',(-61.775001525878906,27.424999237060547,7));
#163=VERTEX_POINT('',#162);
#164=CARTESIAN_POINT('',(-67.30000305175781,-55.29999923706055,0));
#165=VERTEX_POINT('',#164);
#166=CARTESIAN_POINT('',(-67.58000183105469,-54.97999954223633,0));
#167=VERTEX_POINT('',#166);
#168=CARTESIAN_POINT('',(-67.81700134277344,-54.625999450683594,0));
#169=VERTEX_POINT('',#168);
#170=CARTESIAN_POINT('',(-61.74800109863281,27,7));
#171=VERTEX_POINT('',#170);
#172=CARTESIAN_POINT('',(-68.00499725341797,-54.244998931884766,0));
#173=VERTEX_POINT('',#172);
#174=CARTESIAN_POINT('',(-68.14199829101562,-53.84199905395508,0));
#175=VERTEX_POINT('',#174);
#176=CARTESIAN_POINT('',(-66.30500030517578,-88.91400146484375,17));
#177=VERTEX_POINT('',#176);
#178=CARTESIAN_POINT('',(-74.91400146484375,-80.30500030517578,17));
#179=VERTEX_POINT('',#178);
#180=CARTESIAN_POINT('',(-74.65899658203125,-81.58799743652344,17));
#181=VERTEX_POINT('',#180);
#182=CARTESIAN_POINT('',(-68.2249984741211,-53.42499923706055,0));
#183=VERTEX_POINT('',#182);
#184=CARTESIAN_POINT('',(-61.74800109863281,27,17));
#185=VERTEX_POINT('',#184);
#186=CARTESIAN_POINT('',(-74.23899841308594,-82.8270034790039,17));
#187=VERTEX_POINT('',#186);
#188=CARTESIAN_POINT('',(-73.66000366210938,-84,17));
#189=VERTEX_POINT('',#188);
#190=CARTESIAN_POINT('',(-72.93399810791016,-85.08799743652344,17));
#191=VERTEX_POINT('',#190);
#192=CARTESIAN_POINT('',(-72.07099914550781,-86.07099914550781,17));
#193=VERTEX_POINT('',#192);
#194=CARTESIAN_POINT('',(-71.08799743652344,-86.93399810791016,17));
#195=VERTEX_POINT('',#194);
#196=CARTESIAN_POINT('',(-70,-87.66000366210938,17));
#197=VERTEX_POINT('',#196);
#198=CARTESIAN_POINT('',(-68.8270034790039,-88.23899841308594,17));
#199=VERTEX_POINT('',#198);
#200=CARTESIAN_POINT('',(-67.58799743652344,-88.65899658203125,17));
#201=VERTEX_POINT('',#200);
#202=CARTESIAN_POINT('',(-74.91400146484375,-80.30500030517578,0));
#203=VERTEX_POINT('',#202);
#204=CARTESIAN_POINT('',(-74.65899658203125,-81.58799743652344,0));
#205=VERTEX_POINT('',#204);
#206=CARTESIAN_POINT('',(-66.9800033569336,-55.58000183105469,17));
#207=VERTEX_POINT('',#206);
#208=CARTESIAN_POINT('',(-67.30000305175781,-55.29999923706055,17));
#209=VERTEX_POINT('',#208);
#210=CARTESIAN_POINT('',(-74.23899841308594,-82.8270034790039,0));
#211=VERTEX_POINT('',#210);
#212=CARTESIAN_POINT('',(-67.81700134277344,-51.374000549316406,0));
#213=VERTEX_POINT('',#212);
#214=CARTESIAN_POINT('',(-68.00499725341797,-51.755001068115234,0));
#215=VERTEX_POINT('',#214);
#216=CARTESIAN_POINT('',(-68.14199829101562,-52.15800094604492,0));
#217=VERTEX_POINT('',#216);
#218=CARTESIAN_POINT('',(-73.66000366210938,-84,0));
#219=VERTEX_POINT('',#218);
#220=CARTESIAN_POINT('',(-72.93399810791016,-85.08799743652344,0));
#221=VERTEX_POINT('',#220);
#222=CARTESIAN_POINT('',(-65,30.253000259399414,7));
#223=VERTEX_POINT('',#222);
#224=CARTESIAN_POINT('',(-65.42500305175781,30.225000381469727,7));
#225=VERTEX_POINT('',#224);
#226=CARTESIAN_POINT('',(-66.30500030517578,36.91400146484375,7));
#227=VERTEX_POINT('',#226);
#228=CARTESIAN_POINT('',(-65,37,7));
#229=VERTEX_POINT('',#228);
#230=CARTESIAN_POINT('',(-63.69499969482422,36.91400146484375,7));
#231=VERTEX_POINT('',#230);
#232=CARTESIAN_POINT('',(-72.07099914550781,-86.07099914550781,0));
#233=VERTEX_POINT('',#232);
#234=CARTESIAN_POINT('',(-71.08799743652344,-86.93399810791016,0));
#235=VERTEX_POINT('',#234);
#236=CARTESIAN_POINT('',(-67.58000183105469,-51.02000045776367,0));
#237=VERTEX_POINT('',#236);
#238=CARTESIAN_POINT('',(-70,-87.66000366210938,0));
#239=VERTEX_POINT('',#238);
#240=CARTESIAN_POINT('',(-68.8270034790039,-88.23899841308594,0));
#241=VERTEX_POINT('',#240);
#242=CARTESIAN_POINT('',(-65.84200286865234,30.142000198364258,7));
#243=VERTEX_POINT('',#242);
#244=CARTESIAN_POINT('',(-66.24500274658203,30.0049991607666,7));
#245=VERTEX_POINT('',#244);
#246=CARTESIAN_POINT('',(-68.8270034790039,36.23899841308594,7));
#247=VERTEX_POINT('',#246);
#248=CARTESIAN_POINT('',(-67.58799743652344,36.659000396728516,7));
#249=VERTEX_POINT('',#248);
#250=CARTESIAN_POINT('',(-67.58799743652344,-88.65899658203125,0));
#251=VERTEX_POINT('',#250);
#252=CARTESIAN_POINT('',(-66.30500030517578,-88.91400146484375,0));
#253=VERTEX_POINT('',#252);
#254=CARTESIAN_POINT('',(-68.14199829101562,27.841999053955078,17));
#255=VERTEX_POINT('',#254);
#256=CARTESIAN_POINT('',(-68.2249984741211,27.424999237060547,7));
#257=VERTEX_POINT('',#256);
#258=CARTESIAN_POINT('',(-68.14199829101562,27.841999053955078,7));
#259=VERTEX_POINT('',#258);
#260=CARTESIAN_POINT('',(-63.02000045776367,29.579999923706055,7));
#261=VERTEX_POINT('',#260);
#262=CARTESIAN_POINT('',(-68.00499725341797,28.2450008392334,7));
#263=VERTEX_POINT('',#262);
#264=CARTESIAN_POINT('',(-62.41999816894531,28.979999542236328,7));
#265=VERTEX_POINT('',#264);
#266=CARTESIAN_POINT('',(-62.18299865722656,28.625999450683594,7));
#267=VERTEX_POINT('',#266);
#268=CARTESIAN_POINT('',(-67.30000305175781,-50.70000076293945,0));
#269=VERTEX_POINT('',#268);
#270=CARTESIAN_POINT('',(-55,27,7));
#271=VERTEX_POINT('',#270);
#272=CARTESIAN_POINT('',(-55,27,17));
#273=VERTEX_POINT('',#272);
#274=CARTESIAN_POINT('',(-66.24500274658203,-49.994998931884766,0));
#275=VERTEX_POINT('',#274);
#276=CARTESIAN_POINT('',(-66.6259994506836,-50.18299865722656,0));
#277=VERTEX_POINT('',#276);
#278=CARTESIAN_POINT('',(-66.9800033569336,-50.41999816894531,0));
#279=VERTEX_POINT('',#278);
#280=CARTESIAN_POINT('',(-67.58000183105469,28.979999542236328,7));
#281=VERTEX_POINT('',#280);
#282=CARTESIAN_POINT('',(-72.93399810791016,33.0880012512207,7));
#283=VERTEX_POINT('',#282);
#284=CARTESIAN_POINT('',(-67.30000305175781,29.299999237060547,7));
#285=VERTEX_POINT('',#284);
#286=CARTESIAN_POINT('',(-65.84200286865234,-49.858001708984375,0));
#287=VERTEX_POINT('',#286);
#288=CARTESIAN_POINT('',(-65.42500305175781,-49.775001525878906,0));
#289=VERTEX_POINT('',#288);
#290=CARTESIAN_POINT('',(-68.2249984741211,-52.57500076293945,0));
#291=VERTEX_POINT('',#290);
#292=CARTESIAN_POINT('',(-68.25299835205078,-53,0));
#293=VERTEX_POINT('',#292);
#294=CARTESIAN_POINT('',(-72.07099914550781,34.07099914550781,7));
#295=VERTEX_POINT('',#294);
#296=CARTESIAN_POINT('',(-71.08799743652344,34.933998107910156,7));
#297=VERTEX_POINT('',#296);
#298=CARTESIAN_POINT('',(-57.92900085449219,34.07099914550781,17));
#299=VERTEX_POINT('',#298);
#300=CARTESIAN_POINT('',(-58.9119987487793,34.933998107910156,17));
#301=VERTEX_POINT('',#300);
#302=CARTESIAN_POINT('',(-62.70000076293945,29.299999237060547,17));
#303=VERTEX_POINT('',#302);
#304=CARTESIAN_POINT('',(-63.02000045776367,29.579999923706055,17));
#305=VERTEX_POINT('',#304);
#306=CARTESIAN_POINT('',(-60,35.65999984741211,17));
#307=VERTEX_POINT('',#306);
#308=CARTESIAN_POINT('',(-63.374000549316406,29.816999435424805,17));
#309=VERTEX_POINT('',#308);
#310=CARTESIAN_POINT('',(-61.17300033569336,36.23899841308594,17));
#311=VERTEX_POINT('',#310);
#312=CARTESIAN_POINT('',(-63.755001068115234,30.0049991607666,17));
#313=VERTEX_POINT('',#312);
#314=CARTESIAN_POINT('',(-66.9800033569336,29.579999923706055,7));
#315=VERTEX_POINT('',#314);
#316=CARTESIAN_POINT('',(-70,35.65999984741211,7));
#317=VERTEX_POINT('',#316);
#318=CARTESIAN_POINT('',(-66.6259994506836,29.816999435424805,7));
#319=VERTEX_POINT('',#318);
#320=CARTESIAN_POINT('',(-68.25299835205078,27,17));
#321=VERTEX_POINT('',#320);
#322=CARTESIAN_POINT('',(-68.25299835205078,27,7));
#323=VERTEX_POINT('',#322);
#324=CARTESIAN_POINT('',(-68.2249984741211,27.424999237060547,17));
#325=VERTEX_POINT('',#324);
#326=CARTESIAN_POINT('',(-68.00499725341797,28.2450008392334,17));
#327=VERTEX_POINT('',#326);
#328=CARTESIAN_POINT('',(-74.65899658203125,29.58799934387207,7));
#329=VERTEX_POINT('',#328);
#330=CARTESIAN_POINT('',(-74.91400146484375,28.30500030517578,7));
#331=VERTEX_POINT('',#330);
#332=CARTESIAN_POINT('',(-56.34000015258789,32,7));
#333=VERTEX_POINT('',#332);
#334=CARTESIAN_POINT('',(-65,-49.74800109863281,0));
#335=VERTEX_POINT('',#334);
#336=CARTESIAN_POINT('',(-55.76100158691406,30.82699966430664,7));
#337=VERTEX_POINT('',#336);
#338=CARTESIAN_POINT('',(-67.81700134277344,28.625999450683594,7));
#339=VERTEX_POINT('',#338);
#340=CARTESIAN_POINT('',(-73.66000366210938,32,7));
#341=VERTEX_POINT('',#340);
#342=CARTESIAN_POINT('',(-74.23899841308594,30.82699966430664,7));
#343=VERTEX_POINT('',#342);
#344=CARTESIAN_POINT('',(-65,23.74799919128418,7));
#345=VERTEX_POINT('',#344);
#346=CARTESIAN_POINT('',(-65.42500305175781,23.774999618530273,7));
#347=VERTEX_POINT('',#346);
#348=CARTESIAN_POINT('',(-66.9800033569336,-55.58000183105469,0));
#349=VERTEX_POINT('',#348);
#350=CARTESIAN_POINT('',(-66.24500274658203,-56.005001068115234,0));
#351=VERTEX_POINT('',#350);
#352=CARTESIAN_POINT('',(-65.84200286865234,-56.141998291015625,0));
#353=VERTEX_POINT('',#352);
#354=CARTESIAN_POINT('',(-64.57499694824219,-56.224998474121094,0));
#355=VERTEX_POINT('',#354);
#356=CARTESIAN_POINT('',(-64.15799713134766,30.142000198364258,17));
#357=VERTEX_POINT('',#356);
#358=CARTESIAN_POINT('',(-64.15799713134766,23.857999801635742,17));
#359=VERTEX_POINT('',#358);
#360=CARTESIAN_POINT('',(-63.755001068115234,23.9950008392334,17));
#361=VERTEX_POINT('',#360);
#362=CARTESIAN_POINT('',(-64.15799713134766,23.857999801635742,7));
#363=VERTEX_POINT('',#362);
#364=CARTESIAN_POINT('',(-64.57499694824219,23.774999618530273,7));
#365=VERTEX_POINT('',#364);
#366=CARTESIAN_POINT('',(-67.81700134277344,-54.625999450683594,17));
#367=VERTEX_POINT('',#366);
#368=CARTESIAN_POINT('',(-65,23.74799919128418,17));
#369=VERTEX_POINT('',#368);
#370=CARTESIAN_POINT('',(-66.6259994506836,24.183000564575195,7));
#371=VERTEX_POINT('',#370);
#372=CARTESIAN_POINT('',(-66.24500274658203,23.9950008392334,7));
#373=VERTEX_POINT('',#372);
#374=CARTESIAN_POINT('',(-66.6259994506836,-55.81700134277344,0));
#375=VERTEX_POINT('',#374);
#376=CARTESIAN_POINT('',(-66.9800033569336,24.420000076293945,7));
#377=VERTEX_POINT('',#376);
#378=CARTESIAN_POINT('',(-55.340999603271484,29.58799934387207,7));
#379=VERTEX_POINT('',#378);
#380=CARTESIAN_POINT('',(-55.08599853515625,28.30500030517578,7));
#381=VERTEX_POINT('',#380);
#382=CARTESIAN_POINT('',(-61.858001708984375,-53.84199905395508,17));
#383=VERTEX_POINT('',#382);
#384=CARTESIAN_POINT('',(-67.30000305175781,24.700000762939453,17));
#385=VERTEX_POINT('',#384);
#386=CARTESIAN_POINT('',(-67.30000305175781,24.700000762939453,7));
#387=VERTEX_POINT('',#386);
#388=CARTESIAN_POINT('',(-67.58000183105469,25.020000457763672,7));
#389=VERTEX_POINT('',#388);
#390=CARTESIAN_POINT('',(-63.02000045776367,24.420000076293945,7));
#391=VERTEX_POINT('',#390);
#392=CARTESIAN_POINT('',(-62.70000076293945,24.700000762939453,17));
#393=VERTEX_POINT('',#392);
#394=CARTESIAN_POINT('',(-62.70000076293945,24.700000762939453,7));
#395=VERTEX_POINT('',#394);
#396=CARTESIAN_POINT('',(-67.81700134277344,25.374000549316406,7));
#397=VERTEX_POINT('',#396);
#398=CARTESIAN_POINT('',(-63.374000549316406,24.183000564575195,17));
#399=VERTEX_POINT('',#398);
#400=CARTESIAN_POINT('',(-63.02000045776367,24.420000076293945,17));
#401=VERTEX_POINT('',#400);
#402=CARTESIAN_POINT('',(-63.374000549316406,24.183000564575195,7));
#403=VERTEX_POINT('',#402);
#404=CARTESIAN_POINT('',(-64.15799713134766,-56.141998291015625,0));
#405=VERTEX_POINT('',#404);
#406=CARTESIAN_POINT('',(-63.755001068115234,23.9950008392334,7));
#407=VERTEX_POINT('',#406);
#408=CARTESIAN_POINT('',(-65.42500305175781,23.774999618530273,17));
#409=VERTEX_POINT('',#408);
#410=CARTESIAN_POINT('',(-65.84200286865234,23.857999801635742,7));
#411=VERTEX_POINT('',#410);
#412=CARTESIAN_POINT('',(-68.14199829101562,26.158000946044922,7));
#413=VERTEX_POINT('',#412);
#414=CARTESIAN_POINT('',(-68.00499725341797,25.7549991607666,7));
#415=VERTEX_POINT('',#414);
#416=CARTESIAN_POINT('',(-64.57499694824219,-56.224998474121094,17));
#417=VERTEX_POINT('',#416);
#418=CARTESIAN_POINT('',(-68.2249984741211,26.575000762939453,7));
#419=VERTEX_POINT('',#418);
#420=CARTESIAN_POINT('',(-62.41999816894531,28.979999542236328,17));
#421=VERTEX_POINT('',#420);
#422=CARTESIAN_POINT('',(-57.066001892089844,33.0880012512207,17));
#423=VERTEX_POINT('',#422);
#424=CARTESIAN_POINT('',(-62.18299865722656,25.374000549316406,7));
#425=VERTEX_POINT('',#424);
#426=CARTESIAN_POINT('',(-62.41999816894531,25.020000457763672,7));
#427=VERTEX_POINT('',#426);
#428=CARTESIAN_POINT('',(-62.41999816894531,25.020000457763672,17));
#429=VERTEX_POINT('',#428);
#430=CARTESIAN_POINT('',(-62.18299865722656,28.625999450683594,17));
#431=VERTEX_POINT('',#430);
#432=CARTESIAN_POINT('',(-61.858001708984375,26.158000946044922,7));
#433=VERTEX_POINT('',#432);
#434=CARTESIAN_POINT('',(-61.994998931884766,25.7549991607666,7));
#435=VERTEX_POINT('',#434);
#436=CARTESIAN_POINT('',(-65.84200286865234,-56.141998291015625,17));
#437=VERTEX_POINT('',#436);
#438=CARTESIAN_POINT('',(-66.6259994506836,24.183000564575195,17));
#439=VERTEX_POINT('',#438);
#440=CARTESIAN_POINT('',(-55.340999603271484,29.58799934387207,17));
#441=VERTEX_POINT('',#440);
#442=CARTESIAN_POINT('',(-55.76100158691406,30.82699966430664,17));
#443=VERTEX_POINT('',#442);
#444=CARTESIAN_POINT('',(-56.34000015258789,32,17));
#445=VERTEX_POINT('',#444);
#446=CARTESIAN_POINT('',(-66.6259994506836,-55.81700134277344,17));
#447=VERTEX_POINT('',#446);
#448=CARTESIAN_POINT('',(-62.4119987487793,36.659000396728516,17));
#449=VERTEX_POINT('',#448);
#450=CARTESIAN_POINT('',(-64.57499694824219,30.225000381469727,17));
#451=VERTEX_POINT('',#450);
#452=CARTESIAN_POINT('',(-63.69499969482422,36.91400146484375,17));
#453=VERTEX_POINT('',#452);
#454=CARTESIAN_POINT('',(-65,30.253000259399414,17));
#455=VERTEX_POINT('',#454);
#456=CARTESIAN_POINT('',(-65,37,17));
#457=VERTEX_POINT('',#456);
#458=CARTESIAN_POINT('',(-62.41999816894531,-51.02000045776367,0));
#459=VERTEX_POINT('',#458);
#460=CARTESIAN_POINT('',(-62.41999816894531,-51.02000045776367,17));
#461=VERTEX_POINT('',#460);
#462=CARTESIAN_POINT('',(-62.70000076293945,-50.70000076293945,0));
#463=VERTEX_POINT('',#462);
#464=CARTESIAN_POINT('',(-55.08599853515625,28.30500030517578,17));
#465=VERTEX_POINT('',#464);
#466=CARTESIAN_POINT('',(-67.58000183105469,25.020000457763672,17));
#467=VERTEX_POINT('',#466);
#468=CARTESIAN_POINT('',(-67.81700134277344,25.374000549316406,17));
#469=VERTEX_POINT('',#468);
#470=CARTESIAN_POINT('',(-64.57499694824219,23.774999618530273,17));
#471=VERTEX_POINT('',#470);
#472=CARTESIAN_POINT('',(-61.858001708984375,-52.15800094604492,0));
#473=VERTEX_POINT('',#472);
#474=CARTESIAN_POINT('',(-61.858001708984375,-52.15800094604492,17));
#475=VERTEX_POINT('',#474);
#476=CARTESIAN_POINT('',(-62.18299865722656,25.374000549316406,17));
#477=VERTEX_POINT('',#476);
#478=CARTESIAN_POINT('',(-70,35.65999984741211,17));
#479=VERTEX_POINT('',#478);
#480=CARTESIAN_POINT('',(-66.24500274658203,30.0049991607666,17));
#481=VERTEX_POINT('',#480);
#482=CARTESIAN_POINT('',(-68.8270034790039,36.23899841308594,17));
#483=VERTEX_POINT('',#482);
#484=CARTESIAN_POINT('',(-65.84200286865234,30.142000198364258,17));
#485=VERTEX_POINT('',#484);
#486=CARTESIAN_POINT('',(-67.58799743652344,36.659000396728516,17));
#487=VERTEX_POINT('',#486);
#488=CARTESIAN_POINT('',(-66.30500030517578,36.91400146484375,17));
#489=VERTEX_POINT('',#488);
#490=CARTESIAN_POINT('',(-65.42500305175781,30.225000381469727,17));
#491=VERTEX_POINT('',#490);
#492=CARTESIAN_POINT('',(-73.66000366210938,32,17));
#493=VERTEX_POINT('',#492);
#494=CARTESIAN_POINT('',(-67.81700134277344,28.625999450683594,17));
#495=VERTEX_POINT('',#494);
#496=CARTESIAN_POINT('',(-72.93399810791016,33.0880012512207,17));
#497=VERTEX_POINT('',#496);
#498=CARTESIAN_POINT('',(-64.15799713134766,-49.858001708984375,17));
#499=VERTEX_POINT('',#498);
#500=CARTESIAN_POINT('',(-63.755001068115234,-49.994998931884766,17));
#501=VERTEX_POINT('',#500);
#502=CARTESIAN_POINT('',(-65.84200286865234,23.857999801635742,17));
#503=VERTEX_POINT('',#502);
#504=CARTESIAN_POINT('',(-64.57499694824219,-49.775001525878906,17));
#505=VERTEX_POINT('',#504);
#506=CARTESIAN_POINT('',(-66.24500274658203,23.9950008392334,17));
#507=VERTEX_POINT('',#506);
#508=CARTESIAN_POINT('',(-71.08799743652344,34.933998107910156,17));
#509=VERTEX_POINT('',#508);
#510=CARTESIAN_POINT('',(-61.775001525878906,26.575000762939453,7));
#511=VERTEX_POINT('',#510);
#512=CARTESIAN_POINT('',(-61.775001525878906,26.575000762939453,17));
#513=VERTEX_POINT('',#512);
#514=CARTESIAN_POINT('',(-72.07099914550781,34.07099914550781,17));
#515=VERTEX_POINT('',#514);
#516=CARTESIAN_POINT('',(-66.9800033569336,24.420000076293945,17));
#517=VERTEX_POINT('',#516);
#518=CARTESIAN_POINT('',(-66.9800033569336,29.579999923706055,17));
#519=VERTEX_POINT('',#518);
#520=CARTESIAN_POINT('',(-67.30000305175781,29.299999237060547,17));
#521=VERTEX_POINT('',#520);
#522=CARTESIAN_POINT('',(-66.6259994506836,29.816999435424805,17));
#523=VERTEX_POINT('',#522);
#524=CARTESIAN_POINT('',(-74.23899841308594,30.82699966430664,17));
#525=VERTEX_POINT('',#524);
#526=CARTESIAN_POINT('',(-61.858001708984375,26.158000946044922,17));
#527=VERTEX_POINT('',#526);
#528=CARTESIAN_POINT('',(-61.994998931884766,25.7549991607666,17));
#529=VERTEX_POINT('',#528);
#530=CARTESIAN_POINT('',(-74.65899658203125,29.58799934387207,17));
#531=VERTEX_POINT('',#530);
#532=CARTESIAN_POINT('',(-74.91400146484375,28.30500030517578,17));
#533=VERTEX_POINT('',#532);
#534=CARTESIAN_POINT('',(-67.58000183105469,28.979999542236328,17));
#535=VERTEX_POINT('',#534);
#536=CARTESIAN_POINT('',(-62.18299865722656,-54.625999450683594,17));
#537=VERTEX_POINT('',#536);
#538=CARTESIAN_POINT('',(-61.994998931884766,-54.244998931884766,17));
#539=VERTEX_POINT('',#538);
#540=CARTESIAN_POINT('',(-62.41999816894531,-54.97999954223633,17));
#541=VERTEX_POINT('',#540);
#542=CARTESIAN_POINT('',(-66.24500274658203,-56.005001068115234,17));
#543=VERTEX_POINT('',#542);
#544=CARTESIAN_POINT('',(-62.70000076293945,-55.29999923706055,17));
#545=VERTEX_POINT('',#544);
#546=CARTESIAN_POINT('',(-63.755001068115234,-56.005001068115234,17));
#547=VERTEX_POINT('',#546);
#548=CARTESIAN_POINT('',(-64.15799713134766,-56.141998291015625,17));
#549=VERTEX_POINT('',#548);
#550=CARTESIAN_POINT('',(-63.374000549316406,-55.81700134277344,17));
#551=VERTEX_POINT('',#550);
#552=CARTESIAN_POINT('',(-68.00499725341797,25.7549991607666,17));
#553=VERTEX_POINT('',#552);
#554=CARTESIAN_POINT('',(-67.58000183105469,-54.97999954223633,17));
#555=VERTEX_POINT('',#554);
#556=CARTESIAN_POINT('',(-68.14199829101562,26.158000946044922,17));
#557=VERTEX_POINT('',#556);
#558=CARTESIAN_POINT('',(-63.374000549316406,-50.18299865722656,17));
#559=VERTEX_POINT('',#558);
#560=CARTESIAN_POINT('',(-63.02000045776367,-50.41999816894531,17));
#561=VERTEX_POINT('',#560);
#562=CARTESIAN_POINT('',(-62.70000076293945,-50.70000076293945,17));
#563=VERTEX_POINT('',#562);
#564=CARTESIAN_POINT('',(-61.775001525878906,-52.57500076293945,17));
#565=VERTEX_POINT('',#564);
#566=CARTESIAN_POINT('',(-68.2249984741211,26.575000762939453,17));
#567=VERTEX_POINT('',#566);
#568=CARTESIAN_POINT('',(-62.18299865722656,-51.374000549316406,17));
#569=VERTEX_POINT('',#568);
#570=CARTESIAN_POINT('',(-61.994998931884766,-51.755001068115234,17));
#571=VERTEX_POINT('',#570);
#572=CARTESIAN_POINT('',(-61.74800109863281,-53,17));
#573=VERTEX_POINT('',#572);
#574=CARTESIAN_POINT('',(-61.775001525878906,-53.42499923706055,17));
#575=VERTEX_POINT('',#574);
#576=CARTESIAN_POINT('',(-63.02000045776367,-55.58000183105469,17));
#577=VERTEX_POINT('',#576);
#578=CARTESIAN_POINT('',(-62.41999816894531,-54.97999954223633,0));
#579=VERTEX_POINT('',#578);
#580=CARTESIAN_POINT('',(-62.70000076293945,-55.29999923706055,0));
#581=VERTEX_POINT('',#580);
#582=CARTESIAN_POINT('',(-63.755001068115234,-56.005001068115234,0));
#583=VERTEX_POINT('',#582);
#584=CARTESIAN_POINT('',(-63.755001068115234,-49.994998931884766,0));
#585=VERTEX_POINT('',#584);
#586=CARTESIAN_POINT('',(-63.374000549316406,-50.18299865722656,0));
#587=VERTEX_POINT('',#586);
#588=CARTESIAN_POINT('',(-63.02000045776367,-50.41999816894531,0));
#589=VERTEX_POINT('',#588);
#590=FACE_SURFACE('',(#595),#591,.T.);
#591=PLANE('',#592);
#592=AXIS2_PLACEMENT_3D('',#34,#593,#594);
#593=DIRECTION('',(0,0,1));
#594=DIRECTION('',(-0.2630006373126648,-0.9647956595948866,0));
#595=FACE_BOUND('',#596,.T.);
#596=EDGE_LOOP('',(#597,#598,#599));
#597=ORIENTED_EDGE('',*,*,#600,.T.);
#598=ORIENTED_EDGE('',*,*,#601,.T.);
#599=ORIENTED_EDGE('',*,*,#602,.T.);
#600=EDGE_CURVE('',#35,#37,#603,.F.);
#601=EDGE_CURVE('',#37,#39,#604,.T.);
#602=EDGE_CURVE('',#39,#35,#605,.T.);
#603=LINE('',#34,#606);
#604=LINE('',#36,#607);
#605=LINE('',#38,#608);
#606=VECTOR('',#609,1.0);
#607=VECTOR('',#610,1.0);
#608=VECTOR('',#611,1.0);
#609=DIRECTION('',(-0.2630006373126648,-0.9647956595948866,0));
#610=DIRECTION('',(0.2719218770209101,0.9623193299510434,0));
#611=DIRECTION('',(-0.3218628873605388,0.946786291482897,0));
#612=FACE_SURFACE('',(#617),#613,.T.);
#613=PLANE('',#614);
#614=AXIS2_PLACEMENT_3D('',#40,#615,#616);
#615=DIRECTION('',(0,0,1));
#616=DIRECTION('',(-0.2560744068075745,-0.9666570737227079,0));
#617=FACE_BOUND('',#618,.T.);
#618=EDGE_LOOP('',(#619,#620,#621));
#619=ORIENTED_EDGE('',*,*,#622,.T.);
#620=ORIENTED_EDGE('',*,*,#623,.T.);
#621=ORIENTED_EDGE('',*,*,#624,.T.);
#622=EDGE_CURVE('',#41,#37,#625,.F.);
#623=EDGE_CURVE('',#37,#35,#626,.T.);
#624=EDGE_CURVE('',#35,#41,#627,.T.);
#625=LINE('',#40,#628);
#626=LINE('',#36,#629);
#627=LINE('',#34,#630);
#628=VECTOR('',#631,1.0);
#629=VECTOR('',#632,1.0);
#630=VECTOR('',#633,1.0);
#631=DIRECTION('',(-0.2560744068075745,-0.9666570737227079,0));
#632=DIRECTION('',(0.2630006373126648,0.9647956595948866,0));
#633=DIRECTION('',(-0.19521195404843472,0.9807610784470353,0));
#634=FACE_SURFACE('',(#639),#635,.T.);
#635=PLANE('',#636);
#636=AXIS2_PLACEMENT_3D('',#42,#637,#638);
#637=DIRECTION('',(0,0,-1));
#638=DIRECTION('',(-0.4424989507560144,0.8967690218667381,0));
#639=FACE_BOUND('',#640,.T.);
#640=EDGE_LOOP('',(#641,#642,#643));
#641=ORIENTED_EDGE('',*,*,#644,.T.);
#642=ORIENTED_EDGE('',*,*,#645,.T.);
#643=ORIENTED_EDGE('',*,*,#646,.T.);
#644=EDGE_CURVE('',#43,#45,#647,.F.);
#645=EDGE_CURVE('',#45,#47,#648,.T.);
#646=EDGE_CURVE('',#47,#43,#649,.T.);
#647=LINE('',#42,#650);
#648=LINE('',#44,#651);
#649=LINE('',#46,#652);
#650=VECTOR('',#653,1.0);
#651=VECTOR('',#654,1.0);
#652=VECTOR('',#655,1.0);
#653=DIRECTION('',(-0.4424989507560144,0.8967690218667381,0));
#654=DIRECTION('',(0.9574329922564628,-0.28865561719605604,0));
#655=DIRECTION('',(-0.9626602911814803,0.2707123266169966,0));
#656=FACE_SURFACE('',(#661),#657,.T.);
#657=PLANE('',#658);
#658=AXIS2_PLACEMENT_3D('',#48,#659,#660);
#659=DIRECTION('',(0,0,-1));
#660=DIRECTION('',(-0.26209616052401563,-0.9650417621214998,0));
#661=FACE_BOUND('',#662,.T.);
#662=EDGE_LOOP('',(#663,#664,#665));
#663=ORIENTED_EDGE('',*,*,#666,.T.);
#664=ORIENTED_EDGE('',*,*,#667,.T.);
#665=ORIENTED_EDGE('',*,*,#668,.T.);
#666=EDGE_CURVE('',#49,#51,#669,.F.);
#667=EDGE_CURVE('',#51,#53,#670,.T.);
#668=EDGE_CURVE('',#53,#49,#671,.T.);
#669=LINE('',#48,#672);
#670=LINE('',#50,#673);
#671=LINE('',#52,#674);
#672=VECTOR('',#675,1.0);
#673=VECTOR('',#676,1.0);
#674=VECTOR('',#677,1.0);
#675=DIRECTION('',(-0.26209616052401563,-0.9650417621214998,0));
#676=DIRECTION('',(-0.9807610784470353,0.19521195404843472,0));
#677=DIRECTION('',(0.26799726087125425,0.96341967395601,0));
#678=FACE_SURFACE('',(#683),#679,.T.);
#679=PLANE('',#680);
#680=AXIS2_PLACEMENT_3D('',#54,#681,#682);
#681=DIRECTION('',(1,0,-0));
#682=DIRECTION('',(0,0,1));
#683=FACE_BOUND('',#684,.T.);
#684=EDGE_LOOP('',(#685,#686,#687));
#685=ORIENTED_EDGE('',*,*,#688,.T.);
#686=ORIENTED_EDGE('',*,*,#689,.T.);
#687=ORIENTED_EDGE('',*,*,#690,.T.);
#688=EDGE_CURVE('',#55,#57,#691,.F.);
#689=EDGE_CURVE('',#57,#59,#692,.T.);
#690=EDGE_CURVE('',#59,#55,#693,.T.);
#691=LINE('',#54,#694);
#692=LINE('',#56,#695);
#693=LINE('',#58,#696);
#694=VECTOR('',#697,1.0);
#695=VECTOR('',#698,1.0);
#696=VECTOR('',#699,1.0);
#697=DIRECTION('',(0,0,1));
#698=DIRECTION('',(0,-0.7071067811865475,-0.7071067811865475));
#699=DIRECTION('',(0,1,0));
#700=FACE_SURFACE('',(#705),#701,.T.);
#701=PLANE('',#702);
#702=AXIS2_PLACEMENT_3D('',#60,#703,#704);
#703=DIRECTION('',(1,-0,0));
#704=DIRECTION('',(0,0.887532107345847,-0.46074587185371485));
#705=FACE_BOUND('',#706,.T.);
#706=EDGE_LOOP('',(#707,#708,#709));
#707=ORIENTED_EDGE('',*,*,#710,.T.);
#708=ORIENTED_EDGE('',*,*,#711,.T.);
#709=ORIENTED_EDGE('',*,*,#712,.T.);
#710=EDGE_CURVE('',#61,#47,#713,.F.);
#711=EDGE_CURVE('',#47,#57,#714,.T.);
#712=EDGE_CURVE('',#57,#61,#715,.T.);
#713=LINE('',#60,#716);
#714=LINE('',#46,#717);
#715=LINE('',#56,#718);
#716=VECTOR('',#719,1.0);
#717=VECTOR('',#720,1.0);
#718=VECTOR('',#721,1.0);
#719=DIRECTION('',(0,0.887532107345847,-0.46074587185371485));
#720=DIRECTION('',(0,0.9797819356483797,0.20006838475160046));
#721=DIRECTION('',(0,-1,0));
#722=FACE_SURFACE('',(#727),#723,.T.);
#723=PLANE('',#724);
#724=AXIS2_PLACEMENT_3D('',#62,#725,#726);
#725=DIRECTION('',(0,0,-1));
#726=DIRECTION('',(0.8309659069501956,0.5563233425683655,0));
#727=FACE_BOUND('',#728,.T.);
#728=EDGE_LOOP('',(#729,#730,#731));
#729=ORIENTED_EDGE('',*,*,#732,.T.);
#730=ORIENTED_EDGE('',*,*,#733,.T.);
#731=ORIENTED_EDGE('',*,*,#734,.T.);
#732=EDGE_CURVE('',#63,#65,#735,.F.);
#733=EDGE_CURVE('',#65,#67,#736,.T.);
#734=EDGE_CURVE('',#67,#63,#737,.T.);
#735=LINE('',#62,#738);
#736=LINE('',#64,#739);
#737=LINE('',#66,#740);
#738=VECTOR('',#741,1.0);
#739=VECTOR('',#742,1.0);
#740=VECTOR('',#743,1.0);
#741=DIRECTION('',(0.8309659069501956,0.5563233425683655,0));
#742=DIRECTION('',(0.4538139680024759,-0.8910964495753801,0));
#743=DIRECTION('',(-0.46384839406745726,0.8859145936945845,0));
#744=FACE_SURFACE('',(#749),#745,.T.);
#745=PLANE('',#746);
#746=AXIS2_PLACEMENT_3D('',#68,#747,#748);
#747=DIRECTION('',(0,0,-1));
#748=DIRECTION('',(0.4424989507560144,0.8967690218667381,0));
#749=FACE_BOUND('',#750,.T.);
#750=EDGE_LOOP('',(#751,#752,#753));
#751=ORIENTED_EDGE('',*,*,#754,.T.);
#752=ORIENTED_EDGE('',*,*,#755,.T.);
#753=ORIENTED_EDGE('',*,*,#756,.T.);
#754=EDGE_CURVE('',#69,#71,#757,.F.);
#755=EDGE_CURVE('',#71,#47,#758,.T.);
#756=EDGE_CURVE('',#47,#69,#759,.T.);
#757=LINE('',#68,#760);
#758=LINE('',#70,#761);
#759=LINE('',#46,#762);
#760=VECTOR('',#763,1.0);
#761=VECTOR('',#764,1.0);
#762=VECTOR('',#765,1.0);
#763=DIRECTION('',(0.4424989507560144,0.8967690218667381,0));
#764=DIRECTION('',(0.9922118902713544,-0.12456149005268716,0));
#765=DIRECTION('',(-0.994984094310788,0.10003325481329023,0));
#766=FACE_SURFACE('',(#771),#767,.T.);
#767=PLANE('',#768);
#768=AXIS2_PLACEMENT_3D('',#46,#769,#770);
#769=DIRECTION('',(0,0,-1));
#770=DIRECTION('',(-0.9886389945407436,0.1503094756609427,0));
#771=FACE_BOUND('',#772,.T.);
#772=EDGE_LOOP('',(#773,#774,#775));
#773=ORIENTED_EDGE('',*,*,#776,.T.);
#774=ORIENTED_EDGE('',*,*,#777,.T.);
#775=ORIENTED_EDGE('',*,*,#778,.T.);
#776=EDGE_CURVE('',#47,#73,#779,.F.);
#777=EDGE_CURVE('',#73,#75,#780,.T.);
#778=EDGE_CURVE('',#75,#47,#781,.T.);
#779=LINE('',#46,#782);
#780=LINE('',#72,#783);
#781=LINE('',#74,#784);
#782=VECTOR('',#785,1.0);
#783=VECTOR('',#786,1.0);
#784=VECTOR('',#787,1.0);
#785=DIRECTION('',(-0.9886389945407436,0.1503094756609427,0));
#786=DIRECTION('',(0.19521195404843472,0.9807610784470353,0));
#787=DIRECTION('',(0.9843081988167255,-0.17645784126009723,0));
#788=FACE_SURFACE('',(#793),#789,.T.);
#789=PLANE('',#790);
#790=AXIS2_PLACEMENT_3D('',#76,#791,#792);
#791=DIRECTION('',(0,0,-1));
#792=DIRECTION('',(-0.06340270920603859,0.9979880242093763,0));
#793=FACE_BOUND('',#794,.T.);
#794=EDGE_LOOP('',(#795,#796,#797));
#795=ORIENTED_EDGE('',*,*,#798,.T.);
#796=ORIENTED_EDGE('',*,*,#799,.T.);
#797=ORIENTED_EDGE('',*,*,#800,.T.);
#798=EDGE_CURVE('',#77,#79,#801,.F.);
#799=EDGE_CURVE('',#79,#47,#802,.T.);
#800=EDGE_CURVE('',#47,#77,#803,.T.);
#801=LINE('',#76,#804);
#802=LINE('',#78,#805);
#803=LINE('',#46,#806);
#804=VECTOR('',#807,1.0);
#805=VECTOR('',#808,1.0);
#806=VECTOR('',#809,1.0);
#807=DIRECTION('',(-0.06340270920603859,0.9979880242093763,0));
#808=DIRECTION('',(0.9738799401400812,-0.2270635642122092,0));
#809=DIRECTION('',(-0.9793246369762328,0.2022949712953087,0));
#810=FACE_SURFACE('',(#815),#811,.T.);
#811=PLANE('',#812);
#812=AXIS2_PLACEMENT_3D('',#48,#813,#814);
#813=DIRECTION('',(1,0,-0));
#814=DIRECTION('',(0,0,1));
#815=FACE_BOUND('',#816,.T.);
#816=EDGE_LOOP('',(#817,#818,#819));
#817=ORIENTED_EDGE('',*,*,#820,.T.);
#818=ORIENTED_EDGE('',*,*,#821,.T.);
#819=ORIENTED_EDGE('',*,*,#822,.T.);
#820=EDGE_CURVE('',#49,#59,#823,.F.);
#821=EDGE_CURVE('',#59,#47,#824,.T.);
#822=EDGE_CURVE('',#47,#49,#825,.T.);
#823=LINE('',#48,#826);
#824=LINE('',#58,#827);
#825=LINE('',#46,#828);
#826=VECTOR('',#829,1.0);
#827=VECTOR('',#830,1.0);
#828=VECTOR('',#831,1.0);
#829=DIRECTION('',(0,0,1));
#830=DIRECTION('',(0,-0.9954652504326531,-0.09512589122344764));
#831=DIRECTION('',(0,1,0));
#832=FACE_SURFACE('',(#837),#833,.T.);
#833=PLANE('',#834);
#834=AXIS2_PLACEMENT_3D('',#58,#835,#836);
#835=DIRECTION('',(1,0,-0));
#836=DIRECTION('',(0,0.7071067811865475,0.7071067811865475));
#837=FACE_BOUND('',#838,.T.);
#838=EDGE_LOOP('',(#839,#840,#841));
#839=ORIENTED_EDGE('',*,*,#842,.T.);
#840=ORIENTED_EDGE('',*,*,#843,.T.);
#841=ORIENTED_EDGE('',*,*,#844,.T.);
#842=EDGE_CURVE('',#59,#57,#845,.F.);
#843=EDGE_CURVE('',#57,#47,#846,.T.);
#844=EDGE_CURVE('',#47,#59,#847,.T.);
#845=LINE('',#58,#848);
#846=LINE('',#56,#849);
#847=LINE('',#46,#850);
#848=VECTOR('',#851,1.0);
#849=VECTOR('',#852,1.0);
#850=VECTOR('',#853,1.0);
#851=DIRECTION('',(0,0.7071067811865475,0.7071067811865475));
#852=DIRECTION('',(0,-0.9797819356483797,-0.20006838475160046));
#853=DIRECTION('',(0,0.9954652504326531,0.09512589122344764));
#854=FACE_SURFACE('',(#859),#855,.T.);
#855=PLANE('',#856);
#856=AXIS2_PLACEMENT_3D('',#80,#857,#858);
#857=DIRECTION('',(0,-1,0));
#858=DIRECTION('',(0,0,-1));
#859=FACE_BOUND('',#860,.T.);
#860=EDGE_LOOP('',(#861,#862,#863));
#861=ORIENTED_EDGE('',*,*,#864,.T.);
#862=ORIENTED_EDGE('',*,*,#865,.T.);
#863=ORIENTED_EDGE('',*,*,#866,.T.);
#864=EDGE_CURVE('',#81,#83,#867,.F.);
#865=EDGE_CURVE('',#83,#67,#868,.T.);
#866=EDGE_CURVE('',#67,#81,#869,.T.);
#867=LINE('',#80,#870);
#868=LINE('',#82,#871);
#869=LINE('',#66,#872);
#870=VECTOR('',#873,1.0);
#871=VECTOR('',#874,1.0);
#872=VECTOR('',#875,1.0);
#873=DIRECTION('',(0,0,-1));
#874=DIRECTION('',(1,0,0));
#875=DIRECTION('',(-0.7452413135250994,0,0.6667948594698258));
#876=FACE_SURFACE('',(#881),#877,.T.);
#877=PLANE('',#878);
#878=AXIS2_PLACEMENT_3D('',#80,#879,#880);
#879=DIRECTION('',(0,-1,0));
#880=DIRECTION('',(0.7452413135250994,0,-0.6667948594698258));
#881=FACE_BOUND('',#882,.T.);
#882=EDGE_LOOP('',(#883,#884,#885));
#883=ORIENTED_EDGE('',*,*,#886,.T.);
#884=ORIENTED_EDGE('',*,*,#887,.T.);
#885=ORIENTED_EDGE('',*,*,#888,.T.);
#886=EDGE_CURVE('',#81,#67,#889,.F.);
#887=EDGE_CURVE('',#67,#61,#890,.T.);
#888=EDGE_CURVE('',#61,#81,#891,.T.);
#889=LINE('',#80,#892);
#890=LINE('',#66,#893);
#891=LINE('',#60,#894);
#892=VECTOR('',#895,1.0);
#893=VECTOR('',#896,1.0);
#894=VECTOR('',#897,1.0);
#895=DIRECTION('',(0.7452413135250994,0,-0.6667948594698258));
#896=DIRECTION('',(0,0,1));
#897=DIRECTION('',(-1,0,0));
#898=FACE_SURFACE('',(#903),#899,.T.);
#899=PLANE('',#900);
#900=AXIS2_PLACEMENT_3D('',#60,#901,#902);
#901=DIRECTION('',(1,0,0));
#902=DIRECTION('',(0,0,-1));
#903=FACE_BOUND('',#904,.T.);
#904=EDGE_LOOP('',(#905,#906,#907));
#905=ORIENTED_EDGE('',*,*,#908,.T.);
#906=ORIENTED_EDGE('',*,*,#909,.T.);
#907=ORIENTED_EDGE('',*,*,#910,.T.);
#908=EDGE_CURVE('',#61,#67,#911,.F.);
#909=EDGE_CURVE('',#67,#47,#912,.T.);
#910=EDGE_CURVE('',#47,#61,#913,.T.);
#911=LINE('',#60,#914);
#912=LINE('',#66,#915);
#913=LINE('',#46,#916);
#914=VECTOR('',#917,1.0);
#915=VECTOR('',#918,1.0);
#916=VECTOR('',#919,1.0);
#917=DIRECTION('',(0,0,-1));
#918=DIRECTION('',(0,1,0));
#919=DIRECTION('',(0,-0.887532107345847,0.46074587185371485));
#920=FACE_SURFACE('',(#925),#921,.T.);
#921=PLANE('',#922);
#922=AXIS2_PLACEMENT_3D('',#84,#923,#924);
#923=DIRECTION('',(-1,0,-0));
#924=DIRECTION('',(0,0,-1));
#925=FACE_BOUND('',#926,.T.);
#926=EDGE_LOOP('',(#927,#928,#929));
#927=ORIENTED_EDGE('',*,*,#930,.T.);
#928=ORIENTED_EDGE('',*,*,#931,.T.);
#929=ORIENTED_EDGE('',*,*,#932,.T.);
#930=EDGE_CURVE('',#85,#87,#933,.F.);
#931=EDGE_CURVE('',#87,#89,#934,.T.);
#932=EDGE_CURVE('',#89,#85,#935,.T.);
#933=LINE('',#84,#936);
#934=LINE('',#86,#937);
#935=LINE('',#88,#938);
#936=VECTOR('',#939,1.0);
#937=VECTOR('',#940,1.0);
#938=VECTOR('',#941,1.0);
#939=DIRECTION('',(0,0,-1));
#940=DIRECTION('',(0,-1,0));
#941=DIRECTION('',(0,0.7071067811865475,0.7071067811865475));
#942=FACE_SURFACE('',(#947),#943,.T.);
#943=PLANE('',#944);
#944=AXIS2_PLACEMENT_3D('',#90,#945,#946);
#945=DIRECTION('',(-1,0,0));
#946=DIRECTION('',(0,-1,0));
#947=FACE_BOUND('',#948,.T.);
#948=EDGE_LOOP('',(#949,#950,#951));
#949=ORIENTED_EDGE('',*,*,#952,.T.);
#950=ORIENTED_EDGE('',*,*,#953,.T.);
#951=ORIENTED_EDGE('',*,*,#954,.T.);
#952=EDGE_CURVE('',#91,#93,#955,.F.);
#953=EDGE_CURVE('',#93,#89,#956,.T.);
#954=EDGE_CURVE('',#89,#91,#957,.T.);
#955=LINE('',#90,#958);
#956=LINE('',#92,#959);
#957=LINE('',#88,#960);
#958=VECTOR('',#961,1.0);
#959=VECTOR('',#962,1.0);
#960=VECTOR('',#963,1.0);
#961=DIRECTION('',(0,-1,0));
#962=DIRECTION('',(0,0.9973521339060822,0.07272359309731849));
#963=DIRECTION('',(0,0,-1));
#964=FACE_SURFACE('',(#969),#965,.T.);
#965=PLANE('',#966);
#966=AXIS2_PLACEMENT_3D('',#92,#967,#968);
#967=DIRECTION('',(-1,0,0));
#968=DIRECTION('',(0,0,1));
#969=FACE_BOUND('',#970,.T.);
#970=EDGE_LOOP('',(#971,#972,#973));
#971=ORIENTED_EDGE('',*,*,#974,.T.);
#972=ORIENTED_EDGE('',*,*,#975,.T.);
#973=ORIENTED_EDGE('',*,*,#976,.T.);
#974=EDGE_CURVE('',#93,#37,#977,.F.);
#975=EDGE_CURVE('',#37,#89,#978,.T.);
#976=EDGE_CURVE('',#89,#93,#979,.T.);
#977=LINE('',#92,#980);
#978=LINE('',#36,#981);
#979=LINE('',#88,#982);
#980=VECTOR('',#983,1.0);
#981=VECTOR('',#984,1.0);
#982=VECTOR('',#985,1.0);
#983=DIRECTION('',(0,0,1));
#984=DIRECTION('',(0,0.9946184088907778,-0.10360608425945601));
#985=DIRECTION('',(0,-0.9973521339060822,-0.07272359309731849));
#986=FACE_SURFACE('',(#991),#987,.T.);
#987=PLANE('',#988);
#988=AXIS2_PLACEMENT_3D('',#94,#989,#990);
#989=DIRECTION('',(-0,0,-1));
#990=DIRECTION('',(-0.5531695071410787,-0.8330687224769011,0));
#991=FACE_BOUND('',#992,.T.);
#992=EDGE_LOOP('',(#993,#994,#995));
#993=ORIENTED_EDGE('',*,*,#996,.T.);
#994=ORIENTED_EDGE('',*,*,#997,.T.);
#995=ORIENTED_EDGE('',*,*,#998,.T.);
#996=EDGE_CURVE('',#95,#97,#999,.F.);
#997=EDGE_CURVE('',#97,#99,#1000,.T.);
#998=EDGE_CURVE('',#99,#95,#1001,.T.);
#999=LINE('',#94,#1002);
#1000=LINE('',#96,#1003);
#1001=LINE('',#98,#1004);
#1002=VECTOR('',#1005,1.0);
#1003=VECTOR('',#1006,1.0);
#1004=VECTOR('',#1007,1.0);
#1005=DIRECTION('',(-0.5531695071410787,-0.8330687224769011,0));
#1006=DIRECTION('',(0.38265733490948367,0.9238903419995098,0));
#1007=DIRECTION('',(0.8967092885598917,-0.4426199857783344,0));
#1008=FACE_SURFACE('',(#1013),#1009,.T.);
#1009=PLANE('',#1010);
#1010=AXIS2_PLACEMENT_3D('',#100,#1011,#1012);
#1011=DIRECTION('',(0,-0,-1));
#1012=DIRECTION('',(0.9470652933837345,-0.32104100994729784,0));
#1013=FACE_BOUND('',#1014,.T.);
#1014=EDGE_LOOP('',(#1015,#1016,#1017));
#1015=ORIENTED_EDGE('',*,*,#1018,.T.);
#1016=ORIENTED_EDGE('',*,*,#1019,.T.);
#1017=ORIENTED_EDGE('',*,*,#1020,.T.);
#1018=EDGE_CURVE('',#101,#99,#1021,.F.);
#1019=EDGE_CURVE('',#99,#103,#1022,.T.);
#1020=EDGE_CURVE('',#103,#101,#1023,.T.);
#1021=LINE('',#100,#1024);
#1022=LINE('',#98,#1025);
#1023=LINE('',#102,#1026);
#1024=VECTOR('',#1027,1.0);
#1025=VECTOR('',#1028,1.0);
#1026=VECTOR('',#1029,1.0);
#1027=DIRECTION('',(0.9470652933837345,-0.32104100994729784,0));
#1028=DIRECTION('',(-0.43971441441503156,-0.8981376474436676,0));
#1029=DIRECTION('',(0.2587877145534572,0.9659342207397967,0));
#1030=FACE_SURFACE('',(#1035),#1031,.T.);
#1031=PLANE('',#1032);
#1032=AXIS2_PLACEMENT_3D('',#102,#1033,#1034);
#1033=DIRECTION('',(0,0,-1));
#1034=DIRECTION('',(-0.9807610784470353,0.19521195404843472,0));
#1035=FACE_BOUND('',#1036,.T.);
#1036=EDGE_LOOP('',(#1037,#1038,#1039));
#1037=ORIENTED_EDGE('',*,*,#1040,.T.);
#1038=ORIENTED_EDGE('',*,*,#1041,.T.);
#1039=ORIENTED_EDGE('',*,*,#1042,.T.);
#1040=EDGE_CURVE('',#103,#105,#1043,.F.);
#1041=EDGE_CURVE('',#105,#101,#1044,.T.);
#1042=EDGE_CURVE('',#101,#103,#1045,.T.);
#1043=LINE('',#102,#1046);
#1044=LINE('',#104,#1047);
#1045=LINE('',#100,#1048);
#1046=VECTOR('',#1049,1.0);
#1047=VECTOR('',#1050,1.0);
#1048=VECTOR('',#1051,1.0);
#1049=DIRECTION('',(-0.9807610784470353,0.19521195404843472,0));
#1050=DIRECTION('',(0.3186573023548868,0.9478699930137604,0));
#1051=DIRECTION('',(-0.2587877145534572,-0.9659342207397967,0));
#1052=FACE_SURFACE('',(#1057),#1053,.T.);
#1053=PLANE('',#1054);
#1054=AXIS2_PLACEMENT_3D('',#106,#1055,#1056);
#1055=DIRECTION('',(-0,0,-1));
#1056=DIRECTION('',(-0.6572212774370642,-0.7536976797655631,0));
#1057=FACE_BOUND('',#1058,.T.);
#1058=EDGE_LOOP('',(#1059,#1060,#1061));
#1059=ORIENTED_EDGE('',*,*,#1062,.T.);
#1060=ORIENTED_EDGE('',*,*,#1063,.T.);
#1061=ORIENTED_EDGE('',*,*,#1064,.T.);
#1062=EDGE_CURVE('',#107,#109,#1065,.F.);
#1063=EDGE_CURVE('',#109,#95,#1066,.T.);
#1064=EDGE_CURVE('',#95,#107,#1067,.T.);
#1065=LINE('',#106,#1068);
#1066=LINE('',#108,#1069);
#1067=LINE('',#94,#1070);
#1068=VECTOR('',#1071,1.0);
#1069=VECTOR('',#1072,1.0);
#1070=VECTOR('',#1073,1.0);
#1071=DIRECTION('',(-0.6572212774370642,-0.7536976797655631,0));
#1072=DIRECTION('',(0.5000603226568506,0.8659905736809879,0));
#1073=DIRECTION('',(0.8318146584153101,-0.5550534875536058,0));
#1074=FACE_SURFACE('',(#1079),#1075,.T.);
#1075=PLANE('',#1076);
#1076=AXIS2_PLACEMENT_3D('',#110,#1077,#1078);
#1077=DIRECTION('',(-0,0,-1));
#1078=DIRECTION('',(-0.7071067811865476,-0.7071067811865476,0));
#1079=FACE_BOUND('',#1080,.T.);
#1080=EDGE_LOOP('',(#1081,#1082,#1083));
#1081=ORIENTED_EDGE('',*,*,#1084,.T.);
#1082=ORIENTED_EDGE('',*,*,#1085,.T.);
#1083=ORIENTED_EDGE('',*,*,#1086,.T.);
#1084=EDGE_CURVE('',#111,#113,#1087,.F.);
#1085=EDGE_CURVE('',#113,#107,#1088,.T.);
#1086=EDGE_CURVE('',#107,#111,#1089,.T.);
#1087=LINE('',#110,#1090);
#1088=LINE('',#112,#1091);
#1089=LINE('',#106,#1092);
#1090=VECTOR('',#1093,1.0);
#1091=VECTOR('',#1094,1.0);
#1092=VECTOR('',#1095,1.0);
#1093=DIRECTION('',(-0.7071067811865476,-0.7071067811865476,0));
#1094=DIRECTION('',(0.5579593954590173,0.8298682503982232,0));
#1095=DIRECTION('',(0.7514861391324662,-0.6597488785074056,0));
#1096=FACE_SURFACE('',(#1101),#1097,.T.);
#1097=PLANE('',#1098);
#1098=AXIS2_PLACEMENT_3D('',#114,#1099,#1100);
#1099=DIRECTION('',(-0,0,-1));
#1100=DIRECTION('',(-0.8298682503982232,-0.5579593954590173,0));
#1101=FACE_BOUND('',#1102,.T.);
#1102=EDGE_LOOP('',(#1103,#1104,#1105));
#1103=ORIENTED_EDGE('',*,*,#1106,.T.);
#1104=ORIENTED_EDGE('',*,*,#1107,.T.);
#1105=ORIENTED_EDGE('',*,*,#1108,.T.);
#1106=EDGE_CURVE('',#115,#113,#1109,.F.);
#1107=EDGE_CURVE('',#113,#111,#1110,.T.);
#1108=EDGE_CURVE('',#111,#115,#1111,.T.);
#1109=LINE('',#114,#1112);
#1110=LINE('',#112,#1113);
#1111=LINE('',#110,#1114);
#1112=VECTOR('',#1115,1.0);
#1113=VECTOR('',#1116,1.0);
#1114=VECTOR('',#1117,1.0);
#1115=DIRECTION('',(-0.8298682503982232,-0.5579593954590173,0));
#1116=DIRECTION('',(0.7071067811865476,0.7071067811865476,0));
#1117=DIRECTION('',(0.6597488785074056,-0.7514861391324662,0));
#1118=FACE_SURFACE('',(#1123),#1119,.T.);
#1119=PLANE('',#1120);
#1120=AXIS2_PLACEMENT_3D('',#116,#1121,#1122);
#1121=DIRECTION('',(0,0,1));
#1122=DIRECTION('',(-0.2511805563015016,-0.9679402502923763,0));
#1123=FACE_BOUND('',#1124,.T.);
#1124=EDGE_LOOP('',(#1125,#1126,#1127));
#1125=ORIENTED_EDGE('',*,*,#1128,.T.);
#1126=ORIENTED_EDGE('',*,*,#1129,.T.);
#1127=ORIENTED_EDGE('',*,*,#1130,.T.);
#1128=EDGE_CURVE('',#117,#37,#1131,.F.);
#1129=EDGE_CURVE('',#37,#41,#1132,.T.);
#1130=EDGE_CURVE('',#41,#117,#1133,.T.);
#1131=LINE('',#116,#1134);
#1132=LINE('',#36,#1135);
#1133=LINE('',#40,#1136);
#1134=VECTOR('',#1137,1.0);
#1135=VECTOR('',#1138,1.0);
#1136=VECTOR('',#1139,1.0);
#1137=DIRECTION('',(-0.2511805563015016,-0.9679402502923763,0));
#1138=DIRECTION('',(0.2560744068075745,0.9666570737227079,0));
#1139=DIRECTION('',(-0.06573966819275853,0.9978368083138175,0));
#1140=FACE_SURFACE('',(#1145),#1141,.T.);
#1141=PLANE('',#1142);
#1142=AXIS2_PLACEMENT_3D('',#118,#1143,#1144);
#1143=DIRECTION('',(0,0,1));
#1144=DIRECTION('',(-0.08631354652614348,0.9962680220131928,0));
#1145=FACE_BOUND('',#1146,.T.);
#1146=EDGE_LOOP('',(#1147,#1148,#1149));
#1147=ORIENTED_EDGE('',*,*,#1150,.T.);
#1148=ORIENTED_EDGE('',*,*,#1151,.T.);
#1149=ORIENTED_EDGE('',*,*,#1152,.T.);
#1150=EDGE_CURVE('',#119,#85,#1153,.F.);
#1151=EDGE_CURVE('',#85,#121,#1154,.T.);
#1152=EDGE_CURVE('',#121,#119,#1155,.T.);
#1153=LINE('',#118,#1156);
#1154=LINE('',#84,#1157);
#1155=LINE('',#120,#1158);
#1156=VECTOR('',#1159,1.0);
#1157=VECTOR('',#1160,1.0);
#1158=VECTOR('',#1161,1.0);
#1159=DIRECTION('',(-0.08631354652614348,0.9962680220131928,0));
#1160=DIRECTION('',(0.08483291079752484,-0.9963951912999275,0));
#1161=DIRECTION('',(0.19521195404843472,0.9807610784470353,0));
#1162=FACE_SURFACE('',(#1167),#1163,.T.);
#1163=PLANE('',#1164);
#1164=AXIS2_PLACEMENT_3D('',#84,#1165,#1166);
#1165=DIRECTION('',(0,0,1));
#1166=DIRECTION('',(0,-1,0));
#1167=FACE_BOUND('',#1168,.T.);
#1168=EDGE_LOOP('',(#1169,#1170,#1171));
#1169=ORIENTED_EDGE('',*,*,#1172,.T.);
#1170=ORIENTED_EDGE('',*,*,#1173,.T.);
#1171=ORIENTED_EDGE('',*,*,#1174,.T.);
#1172=EDGE_CURVE('',#85,#37,#1175,.F.);
#1173=EDGE_CURVE('',#37,#121,#1176,.T.);
#1174=EDGE_CURVE('',#121,#85,#1177,.T.);
#1175=LINE('',#84,#1178);
#1176=LINE('',#36,#1179);
#1177=LINE('',#120,#1180);
#1178=VECTOR('',#1181,1.0);
#1179=VECTOR('',#1182,1.0);
#1180=VECTOR('',#1183,1.0);
#1181=DIRECTION('',(0,-1,0));
#1182=DIRECTION('',(0.24835336075417377,0.9686695041148489,0));
#1183=DIRECTION('',(-0.08483291079752484,0.9963951912999275,0));
#1184=FACE_SURFACE('',(#1189),#1185,.T.);
#1185=PLANE('',#1186);
#1186=AXIS2_PLACEMENT_3D('',#122,#1187,#1188);
#1187=DIRECTION('',(0,0,1));
#1188=DIRECTION('',(-0.08847150283883194,0.996078708328533,0));
#1189=FACE_BOUND('',#1190,.T.);
#1190=EDGE_LOOP('',(#1191,#1192,#1193));
#1191=ORIENTED_EDGE('',*,*,#1194,.T.);
#1192=ORIENTED_EDGE('',*,*,#1195,.T.);
#1193=ORIENTED_EDGE('',*,*,#1196,.T.);
#1194=EDGE_CURVE('',#123,#85,#1197,.F.);
#1195=EDGE_CURVE('',#85,#119,#1198,.T.);
#1196=EDGE_CURVE('',#119,#123,#1199,.T.);
#1197=LINE('',#122,#1200);
#1198=LINE('',#84,#1201);
#1199=LINE('',#118,#1202);
#1200=VECTOR('',#1203,1.0);
#1201=VECTOR('',#1204,1.0);
#1202=VECTOR('',#1205,1.0);
#1203=DIRECTION('',(-0.08847150283883194,0.996078708328533,0));
#1204=DIRECTION('',(0.08631354652614348,-0.9962680220131928,0));
#1205=DIRECTION('',(0.3218628873605388,0.946786291482897,0));
#1206=FACE_SURFACE('',(#1211),#1207,.T.);
#1207=PLANE('',#1208);
#1208=AXIS2_PLACEMENT_3D('',#124,#1209,#1210);
#1209=DIRECTION('',(0,0,1));
#1210=DIRECTION('',(-0.09126776175721706,0.995826388314664,0));
#1211=FACE_BOUND('',#1212,.T.);
#1212=EDGE_LOOP('',(#1213,#1214,#1215));
#1213=ORIENTED_EDGE('',*,*,#1216,.T.);
#1214=ORIENTED_EDGE('',*,*,#1217,.T.);
#1215=ORIENTED_EDGE('',*,*,#1218,.T.);
#1216=EDGE_CURVE('',#125,#85,#1219,.F.);
#1217=EDGE_CURVE('',#85,#123,#1220,.T.);
#1218=EDGE_CURVE('',#123,#125,#1221,.T.);
#1219=LINE('',#124,#1222);
#1220=LINE('',#84,#1223);
#1221=LINE('',#122,#1224);
#1222=VECTOR('',#1225,1.0);
#1223=VECTOR('',#1226,1.0);
#1224=VECTOR('',#1227,1.0);
#1225=DIRECTION('',(-0.09126776175721706,0.995826388314664,0));
#1226=DIRECTION('',(0.08847150283883194,-0.996078708328533,0));
#1227=DIRECTION('',(0.44249173006282944,0.8967725847872492,0));
#1228=FACE_SURFACE('',(#1233),#1229,.T.);
#1229=PLANE('',#1230);
#1230=AXIS2_PLACEMENT_3D('',#126,#1231,#1232);
#1231=DIRECTION('',(0,0,1));
#1232=DIRECTION('',(-0.009893613319688053,0.9999510570100321,0));
#1233=FACE_BOUND('',#1234,.T.);
#1234=EDGE_LOOP('',(#1235,#1236,#1237));
#1235=ORIENTED_EDGE('',*,*,#1238,.T.);
#1236=ORIENTED_EDGE('',*,*,#1239,.T.);
#1237=ORIENTED_EDGE('',*,*,#1240,.T.);
#1238=EDGE_CURVE('',#127,#129,#1241,.F.);
#1239=EDGE_CURVE('',#129,#125,#1242,.T.);
#1240=EDGE_CURVE('',#125,#127,#1243,.T.);
#1241=LINE('',#126,#1244);
#1242=LINE('',#128,#1245);
#1243=LINE('',#124,#1246);
#1244=VECTOR('',#1247,1.0);
#1245=VECTOR('',#1248,1.0);
#1246=VECTOR('',#1249,1.0);
#1247=DIRECTION('',(-0.009893613319688053,0.9999510570100321,0));
#1248=DIRECTION('',(0.006376519464492511,-0.9999796697931008,0));
#1249=DIRECTION('',(0.5563233425683655,0.8309659069501956,0));
#1250=FACE_SURFACE('',(#1255),#1251,.T.);
#1251=PLANE('',#1252);
#1252=AXIS2_PLACEMENT_3D('',#130,#1253,#1254);
#1253=DIRECTION('',(0,0,1));
#1254=DIRECTION('',(-0.014075345397052744,0.9999009374192794,0));
#1255=FACE_BOUND('',#1256,.T.);
#1256=EDGE_LOOP('',(#1257,#1258,#1259));
#1257=ORIENTED_EDGE('',*,*,#1260,.T.);
#1258=ORIENTED_EDGE('',*,*,#1261,.T.);
#1259=ORIENTED_EDGE('',*,*,#1262,.T.);
#1260=EDGE_CURVE('',#131,#129,#1263,.F.);
#1261=EDGE_CURVE('',#129,#127,#1264,.T.);
#1262=EDGE_CURVE('',#127,#131,#1265,.T.);
#1263=LINE('',#130,#1266);
#1264=LINE('',#128,#1267);
#1265=LINE('',#126,#1268);
#1266=VECTOR('',#1269,1.0);
#1267=VECTOR('',#1270,1.0);
#1268=VECTOR('',#1271,1.0);
#1269=DIRECTION('',(-0.014075345397052744,0.9999009374192794,0));
#1270=DIRECTION('',(0.009893613319688053,-0.9999510570100321,0));
#1271=DIRECTION('',(0.6585033375758821,0.7525778062110414,0));
#1272=FACE_SURFACE('',(#1277),#1273,.T.);
#1273=PLANE('',#1274);
#1274=AXIS2_PLACEMENT_3D('',#132,#1275,#1276);
#1275=DIRECTION('',(0,0,1));
#1276=DIRECTION('',(-0.018878198908662786,0.999821790923745,0));
#1277=FACE_BOUND('',#1278,.T.);
#1278=EDGE_LOOP('',(#1279,#1280,#1281));
#1279=ORIENTED_EDGE('',*,*,#1282,.T.);
#1280=ORIENTED_EDGE('',*,*,#1283,.T.);
#1281=ORIENTED_EDGE('',*,*,#1284,.T.);
#1282=EDGE_CURVE('',#133,#129,#1285,.F.);
#1283=EDGE_CURVE('',#129,#131,#1286,.T.);
#1284=EDGE_CURVE('',#131,#133,#1287,.T.);
#1285=LINE('',#132,#1288);
#1286=LINE('',#128,#1289);
#1287=LINE('',#130,#1290);
#1288=VECTOR('',#1291,1.0);
#1289=VECTOR('',#1292,1.0);
#1290=VECTOR('',#1293,1.0);
#1291=DIRECTION('',(-0.018878198908662786,0.999821790923745,0));
#1292=DIRECTION('',(0.014075345397052744,-0.9999009374192794,0));
#1293=DIRECTION('',(0.7525733602012215,0.6585084187126559,0));
#1294=FACE_SURFACE('',(#1299),#1295,.T.);
#1295=PLANE('',#1296);
#1296=AXIS2_PLACEMENT_3D('',#134,#1297,#1298);
#1297=DIRECTION('',(0,0,1));
#1298=DIRECTION('',(-0.02421032165400423,0.9997068872051497,0));
#1299=FACE_BOUND('',#1300,.T.);
#1300=EDGE_LOOP('',(#1301,#1302,#1303));
#1301=ORIENTED_EDGE('',*,*,#1304,.T.);
#1302=ORIENTED_EDGE('',*,*,#1305,.T.);
#1303=ORIENTED_EDGE('',*,*,#1306,.T.);
#1304=EDGE_CURVE('',#135,#129,#1307,.F.);
#1305=EDGE_CURVE('',#129,#133,#1308,.T.);
#1306=EDGE_CURVE('',#133,#135,#1309,.T.);
#1307=LINE('',#134,#1310);
#1308=LINE('',#128,#1311);
#1309=LINE('',#132,#1312);
#1310=VECTOR('',#1313,1.0);
#1311=VECTOR('',#1314,1.0);
#1312=VECTOR('',#1315,1.0);
#1313=DIRECTION('',(-0.02421032165400423,0.9997068872051497,0));
#1314=DIRECTION('',(0.018878198908662786,-0.999821790923745,0));
#1315=DIRECTION('',(0.8309686782890312,0.5563192030683289,0));
#1316=FACE_SURFACE('',(#1321),#1317,.T.);
#1317=PLANE('',#1318);
#1318=AXIS2_PLACEMENT_3D('',#136,#1319,#1320);
#1319=DIRECTION('',(0,0,1));
#1320=DIRECTION('',(-0.029958867277995148,0.9995511323946462,0));
#1321=FACE_BOUND('',#1322,.T.);
#1322=EDGE_LOOP('',(#1323,#1324,#1325));
#1323=ORIENTED_EDGE('',*,*,#1326,.T.);
#1324=ORIENTED_EDGE('',*,*,#1327,.T.);
#1325=ORIENTED_EDGE('',*,*,#1328,.T.);
#1326=EDGE_CURVE('',#137,#129,#1329,.F.);
#1327=EDGE_CURVE('',#129,#135,#1330,.T.);
#1328=EDGE_CURVE('',#135,#137,#1331,.T.);
#1329=LINE('',#136,#1332);
#1330=LINE('',#128,#1333);
#1331=LINE('',#134,#1334);
#1332=VECTOR('',#1335,1.0);
#1333=VECTOR('',#1336,1.0);
#1334=VECTOR('',#1337,1.0);
#1335=DIRECTION('',(-0.029958867277995148,0.9995511323946462,0));
#1336=DIRECTION('',(0.02421032165400423,-0.9997068872051497,0));
#1337=DIRECTION('',(0.8967672637615953,0.4425025137166356,0));
#1338=FACE_SURFACE('',(#1343),#1339,.T.);
#1339=PLANE('',#1340);
#1340=AXIS2_PLACEMENT_3D('',#138,#1341,#1342);
#1341=DIRECTION('',(0,0,1));
#1342=DIRECTION('',(-0.0360380102186941,0.9993504199326068,0));
#1343=FACE_BOUND('',#1344,.T.);
#1344=EDGE_LOOP('',(#1345,#1346,#1347));
#1345=ORIENTED_EDGE('',*,*,#1348,.T.);
#1346=ORIENTED_EDGE('',*,*,#1349,.T.);
#1347=ORIENTED_EDGE('',*,*,#1350,.T.);
#1348=EDGE_CURVE('',#139,#129,#1351,.F.);
#1349=EDGE_CURVE('',#129,#137,#1352,.T.);
#1350=EDGE_CURVE('',#137,#139,#1353,.T.);
#1351=LINE('',#138,#1354);
#1352=LINE('',#128,#1355);
#1353=LINE('',#136,#1356);
#1354=VECTOR('',#1357,1.0);
#1355=VECTOR('',#1358,1.0);
#1356=VECTOR('',#1359,1.0);
#1357=DIRECTION('',(-0.0360380102186941,0.9993504199326068,0));
#1358=DIRECTION('',(0.029958867277995148,-0.9995511323946462,0));
#1359=DIRECTION('',(0.9467890225088132,0.3218548537101871,0));
#1360=FACE_SURFACE('',(#1365),#1361,.T.);
#1361=PLANE('',#1362);
#1362=AXIS2_PLACEMENT_3D('',#84,#1363,#1364);
#1363=DIRECTION('',(-1,-0,0));
#1364=DIRECTION('',(0,-0.7071067811865475,-0.7071067811865475));
#1365=FACE_BOUND('',#1366,.T.);
#1366=EDGE_LOOP('',(#1367,#1368,#1369));
#1367=ORIENTED_EDGE('',*,*,#1370,.T.);
#1368=ORIENTED_EDGE('',*,*,#1371,.T.);
#1369=ORIENTED_EDGE('',*,*,#1372,.T.);
#1370=EDGE_CURVE('',#85,#89,#1373,.F.);
#1371=EDGE_CURVE('',#89,#37,#1374,.T.);
#1372=EDGE_CURVE('',#37,#85,#1375,.T.);
#1373=LINE('',#84,#1376);
#1374=LINE('',#88,#1377);
#1375=LINE('',#36,#1378);
#1376=VECTOR('',#1379,1.0);
#1377=VECTOR('',#1380,1.0);
#1378=VECTOR('',#1381,1.0);
#1379=DIRECTION('',(0,-0.7071067811865475,-0.7071067811865475));
#1380=DIRECTION('',(0,-0.9946184088907778,0.10360608425945601));
#1381=DIRECTION('',(0,1,0));
#1382=FACE_SURFACE('',(#1387),#1383,.T.);
#1383=PLANE('',#1384);
#1384=AXIS2_PLACEMENT_3D('',#138,#1385,#1386);
#1385=DIRECTION('',(0,-0,1));
#1386=DIRECTION('',(0.9807610784470353,0.19521195404843472,0));
#1387=FACE_BOUND('',#1388,.T.);
#1388=EDGE_LOOP('',(#1389,#1390,#1391));
#1389=ORIENTED_EDGE('',*,*,#1392,.T.);
#1390=ORIENTED_EDGE('',*,*,#1393,.T.);
#1391=ORIENTED_EDGE('',*,*,#1394,.T.);
#1392=EDGE_CURVE('',#139,#141,#1395,.F.);
#1393=EDGE_CURVE('',#141,#129,#1396,.T.);
#1394=EDGE_CURVE('',#129,#139,#1397,.T.);
#1395=LINE('',#138,#1398);
#1396=LINE('',#140,#1399);
#1397=LINE('',#128,#1400);
#1398=VECTOR('',#1401,1.0);
#1399=VECTOR('',#1402,1.0);
#1400=VECTOR('',#1403,1.0);
#1401=DIRECTION('',(0.9807610784470353,0.19521195404843472,0));
#1402=DIRECTION('',(-0.042313178180788794,0.9991043964232371,0));
#1403=DIRECTION('',(0.0360380102186941,-0.9993504199326068,0));
#1404=FACE_SURFACE('',(#1409),#1405,.T.);
#1405=PLANE('',#1406);
#1406=AXIS2_PLACEMENT_3D('',#142,#1407,#1408);
#1407=DIRECTION('',(0,0,1));
#1408=DIRECTION('',(-0.04867774294601689,0.9988145360084032,0));
#1409=FACE_BOUND('',#1410,.T.);
#1410=EDGE_LOOP('',(#1411,#1412,#1413));
#1411=ORIENTED_EDGE('',*,*,#1414,.T.);
#1412=ORIENTED_EDGE('',*,*,#1415,.T.);
#1413=ORIENTED_EDGE('',*,*,#1416,.T.);
#1414=EDGE_CURVE('',#143,#129,#1417,.F.);
#1415=EDGE_CURVE('',#129,#141,#1418,.T.);
#1416=EDGE_CURVE('',#141,#143,#1419,.T.);
#1417=LINE('',#142,#1420);
#1418=LINE('',#128,#1421);
#1419=LINE('',#140,#1422);
#1420=VECTOR('',#1423,1.0);
#1421=VECTOR('',#1424,1.0);
#1422=VECTOR('',#1425,1.0);
#1423=DIRECTION('',(-0.04867774294601689,0.9988145360084032,0));
#1424=DIRECTION('',(0.042313178180788794,-0.9991043964232371,0));
#1425=DIRECTION('',(0.997988060218045,0.06340214241036264,0));
#1426=FACE_SURFACE('',(#1431),#1427,.T.);
#1427=PLANE('',#1428);
#1428=AXIS2_PLACEMENT_3D('',#144,#1429,#1430);
#1429=DIRECTION('',(0,0,1));
#1430=DIRECTION('',(-0.38755919766651525,-0.9218448179081373,0));
#1431=FACE_BOUND('',#1432,.T.);
#1432=EDGE_LOOP('',(#1433,#1434,#1435));
#1433=ORIENTED_EDGE('',*,*,#1436,.T.);
#1434=ORIENTED_EDGE('',*,*,#1437,.T.);
#1435=ORIENTED_EDGE('',*,*,#1438,.T.);
#1436=EDGE_CURVE('',#145,#37,#1439,.F.);
#1437=EDGE_CURVE('',#37,#147,#1440,.T.);
#1438=EDGE_CURVE('',#147,#145,#1441,.T.);
#1439=LINE('',#144,#1442);
#1440=LINE('',#36,#1443);
#1441=LINE('',#146,#1444);
#1442=VECTOR('',#1445,1.0);
#1443=VECTOR('',#1446,1.0);
#1444=VECTOR('',#1447,1.0);
#1445=DIRECTION('',(-0.38755919766651525,-0.9218448179081373,0));
#1446=DIRECTION('',(0.4024459058176052,0.915443768284348,0));
#1447=DIRECTION('',(-0.9978368470200267,0.06573908068365164,0));
#1448=FACE_SURFACE('',(#1453),#1449,.T.);
#1449=PLANE('',#1450);
#1450=AXIS2_PLACEMENT_3D('',#148,#1451,#1452);
#1451=DIRECTION('',(0,-0,-1));
#1452=DIRECTION('',(0.9978368470200267,-0.06573908068365164,0));
#1453=FACE_BOUND('',#1454,.T.);
#1454=EDGE_LOOP('',(#1455,#1456,#1457));
#1455=ORIENTED_EDGE('',*,*,#1458,.T.);
#1456=ORIENTED_EDGE('',*,*,#1459,.T.);
#1457=ORIENTED_EDGE('',*,*,#1460,.T.);
#1458=EDGE_CURVE('',#149,#151,#1461,.F.);
#1459=EDGE_CURVE('',#151,#93,#1462,.T.);
#1460=EDGE_CURVE('',#93,#149,#1463,.T.);
#1461=LINE('',#148,#1464);
#1462=LINE('',#150,#1465);
#1463=LINE('',#92,#1466);
#1464=VECTOR('',#1467,1.0);
#1465=VECTOR('',#1468,1.0);
#1466=VECTOR('',#1469,1.0);
#1467=DIRECTION('',(0.9978368470200267,-0.06573908068365164,0));
#1468=DIRECTION('',(-0.4024459058176052,-0.915443768284348,0));
#1469=DIRECTION('',(0.38755919766651525,0.9218448179081373,0));
#1470=FACE_SURFACE('',(#1475),#1471,.T.);
#1471=PLANE('',#1472);
#1472=AXIS2_PLACEMENT_3D('',#152,#1473,#1474);
#1473=DIRECTION('',(-0.946789486698774,-0.3218534882157904,-0));
#1474=DIRECTION('',(0,0,-1));
#1475=FACE_BOUND('',#1476,.T.);
#1476=EDGE_LOOP('',(#1477,#1478,#1479));
#1477=ORIENTED_EDGE('',*,*,#1480,.T.);
#1478=ORIENTED_EDGE('',*,*,#1481,.T.);
#1479=ORIENTED_EDGE('',*,*,#1482,.T.);
#1480=EDGE_CURVE('',#153,#155,#1483,.F.);
#1481=EDGE_CURVE('',#155,#157,#1484,.T.);
#1482=EDGE_CURVE('',#157,#153,#1485,.T.);
#1483=LINE('',#152,#1486);
#1484=LINE('',#154,#1487);
#1485=LINE('',#156,#1488);
#1486=VECTOR('',#1489,1.0);
#1487=VECTOR('',#1490,1.0);
#1488=VECTOR('',#1491,1.0);
#1489=DIRECTION('',(0,0,-1));
#1490=DIRECTION('',(0.32185348821579046,-0.946789486698774,0));
#1491=DIRECTION('',(-0.013687328640617561,0.040263720395782084,0.9990953357185559));
#1492=FACE_SURFACE('',(#1497),#1493,.T.);
#1493=PLANE('',#1494);
#1494=AXIS2_PLACEMENT_3D('',#158,#1495,#1496);
#1495=DIRECTION('',(-0.9807610784470354,-0.19521195404843475,-0));
#1496=DIRECTION('',(-0.19521195404843472,0.9807610784470353,0));
#1497=FACE_BOUND('',#1498,.T.);
#1498=EDGE_LOOP('',(#1499,#1500,#1501));
#1499=ORIENTED_EDGE('',*,*,#1502,.T.);
#1500=ORIENTED_EDGE('',*,*,#1503,.T.);
#1501=ORIENTED_EDGE('',*,*,#1504,.T.);
#1502=EDGE_CURVE('',#159,#161,#1505,.F.);
#1503=EDGE_CURVE('',#161,#163,#1506,.T.);
#1504=EDGE_CURVE('',#163,#159,#1507,.T.);
#1505=LINE('',#158,#1508);
#1506=LINE('',#160,#1509);
#1507=LINE('',#162,#1510);
#1508=VECTOR('',#1511,1.0);
#1509=VECTOR('',#1512,1.0);
#1510=VECTOR('',#1513,1.0);
#1511=DIRECTION('',(-0.19521195404843472,0.9807610784470353,0));
#1512=DIRECTION('',(0.008292526168644636,-0.04166234054597021,-0.999097334292297));
#1513=DIRECTION('',(0,0,1));
#1514=FACE_SURFACE('',(#1519),#1515,.T.);
#1515=PLANE('',#1516);
#1516=AXIS2_PLACEMENT_3D('',#164,#1517,#1518);
#1517=DIRECTION('',(-0,0,-1));
#1518=DIRECTION('',(-0.3089952122943789,-0.9510635934463856,0));
#1519=FACE_BOUND('',#1520,.T.);
#1520=EDGE_LOOP('',(#1521,#1522,#1523));
#1521=ORIENTED_EDGE('',*,*,#1524,.T.);
#1522=ORIENTED_EDGE('',*,*,#1525,.T.);
#1523=ORIENTED_EDGE('',*,*,#1526,.T.);
#1524=EDGE_CURVE('',#165,#93,#1527,.F.);
#1525=EDGE_CURVE('',#93,#167,#1528,.T.);
#1526=EDGE_CURVE('',#167,#165,#1529,.T.);
#1527=LINE('',#164,#1530);
#1528=LINE('',#92,#1531);
#1529=LINE('',#166,#1532);
#1530=VECTOR('',#1533,1.0);
#1531=VECTOR('',#1534,1.0);
#1532=VECTOR('',#1535,1.0);
#1533=DIRECTION('',(-0.3089952122943789,-0.9510635934463856,0));
#1534=DIRECTION('',(0.2951477579798411,0.9554516214646731,0));
#1535=DIRECTION('',(0.6585033375758821,-0.7525778062110414,0));
#1536=FACE_SURFACE('',(#1541),#1537,.T.);
#1537=PLANE('',#1538);
#1538=AXIS2_PLACEMENT_3D('',#168,#1539,#1540);
#1539=DIRECTION('',(0,-0,-1));
#1540=DIRECTION('',(0.5563233425683655,-0.8309659069501956,0));
#1541=FACE_BOUND('',#1542,.T.);
#1542=EDGE_LOOP('',(#1543,#1544,#1545));
#1543=ORIENTED_EDGE('',*,*,#1546,.T.);
#1544=ORIENTED_EDGE('',*,*,#1547,.T.);
#1545=ORIENTED_EDGE('',*,*,#1548,.T.);
#1546=EDGE_CURVE('',#169,#167,#1549,.F.);
#1547=EDGE_CURVE('',#167,#93,#1550,.T.);
#1548=EDGE_CURVE('',#93,#169,#1551,.T.);
#1549=LINE('',#168,#1552);
#1550=LINE('',#166,#1553);
#1551=LINE('',#92,#1554);
#1552=VECTOR('',#1555,1.0);
#1553=VECTOR('',#1556,1.0);
#1554=VECTOR('',#1557,1.0);
#1555=DIRECTION('',(0.5563233425683655,-0.8309659069501956,0));
#1556=DIRECTION('',(-0.2951477579798411,-0.9554516214646731,0));
#1557=DIRECTION('',(0.2826797110308116,0.9592143561120928,0));
#1558=FACE_SURFACE('',(#1563),#1559,.T.);
#1559=PLANE('',#1560);
#1560=AXIS2_PLACEMENT_3D('',#158,#1561,#1562);
#1561=DIRECTION('',(-0.9979880242093762,-0.06340270920603858,-0));
#1562=DIRECTION('',(0,0,-1));
#1563=FACE_BOUND('',#1564,.T.);
#1564=EDGE_LOOP('',(#1565,#1566,#1567));
#1565=ORIENTED_EDGE('',*,*,#1568,.T.);
#1566=ORIENTED_EDGE('',*,*,#1569,.T.);
#1567=ORIENTED_EDGE('',*,*,#1570,.T.);
#1568=EDGE_CURVE('',#159,#163,#1571,.F.);
#1569=EDGE_CURVE('',#163,#171,#1572,.T.);
#1570=EDGE_CURVE('',#171,#159,#1573,.T.);
#1571=LINE('',#158,#1574);
#1572=LINE('',#162,#1575);
#1573=LINE('',#170,#1576);
#1574=VECTOR('',#1577,1.0);
#1575=VECTOR('',#1578,1.0);
#1576=VECTOR('',#1579,1.0);
#1577=DIRECTION('',(0,0,-1));
#1578=DIRECTION('',(0.06340270920603859,-0.9979880242093763,0));
#1579=DIRECTION('',(-0.0026975977403553343,0.04246143852087145,0.9990944646054093));
#1580=FACE_SURFACE('',(#1585),#1581,.T.);
#1581=PLANE('',#1582);
#1582=AXIS2_PLACEMENT_3D('',#172,#1583,#1584);
#1583=DIRECTION('',(0,-0,-1));
#1584=DIRECTION('',(0.44249173006282944,-0.8967725847872492,0));
#1585=FACE_BOUND('',#1586,.T.);
#1586=EDGE_LOOP('',(#1587,#1588,#1589));
#1587=ORIENTED_EDGE('',*,*,#1590,.T.);
#1588=ORIENTED_EDGE('',*,*,#1591,.T.);
#1589=ORIENTED_EDGE('',*,*,#1592,.T.);
#1590=EDGE_CURVE('',#173,#169,#1593,.F.);
#1591=EDGE_CURVE('',#169,#93,#1594,.T.);
#1592=EDGE_CURVE('',#93,#173,#1595,.T.);
#1593=LINE('',#172,#1596);
#1594=LINE('',#168,#1597);
#1595=LINE('',#92,#1598);
#1596=VECTOR('',#1599,1.0);
#1597=VECTOR('',#1600,1.0);
#1598=VECTOR('',#1601,1.0);
#1599=DIRECTION('',(0.44249173006282944,-0.8967725847872492,0));
#1600=DIRECTION('',(-0.2826797110308116,-0.9592143561120928,0));
#1601=DIRECTION('',(0.2719218770209101,0.9623193299510434,0));
#1602=FACE_SURFACE('',(#1607),#1603,.T.);
#1603=PLANE('',#1604);
#1604=AXIS2_PLACEMENT_3D('',#174,#1605,#1606);
#1605=DIRECTION('',(0,-0,-1));
#1606=DIRECTION('',(0.3218628873605388,-0.946786291482897,0));
#1607=FACE_BOUND('',#1608,.T.);
#1608=EDGE_LOOP('',(#1609,#1610,#1611));
#1609=ORIENTED_EDGE('',*,*,#1612,.T.);
#1610=ORIENTED_EDGE('',*,*,#1613,.T.);
#1611=ORIENTED_EDGE('',*,*,#1614,.T.);
#1612=EDGE_CURVE('',#175,#173,#1615,.F.);
#1613=EDGE_CURVE('',#173,#93,#1616,.T.);
#1614=EDGE_CURVE('',#93,#175,#1617,.T.);
#1615=LINE('',#174,#1618);
#1616=LINE('',#172,#1619);
#1617=LINE('',#92,#1620);
#1618=VECTOR('',#1621,1.0);
#1619=VECTOR('',#1622,1.0);
#1620=VECTOR('',#1623,1.0);
#1621=DIRECTION('',(0.3218628873605388,-0.946786291482897,0));
#1622=DIRECTION('',(-0.2719218770209101,-0.9623193299510434,0));
#1623=DIRECTION('',(0.2630006373126648,0.9647956595948866,0));
#1624=FACE_SURFACE('',(#1629),#1625,.T.);
#1625=PLANE('',#1626);
#1626=AXIS2_PLACEMENT_3D('',#176,#1627,#1628);
#1627=DIRECTION('',(0,-0,1));
#1628=DIRECTION('',(0.039924060077456865,0.9992027168832815,0));
#1629=FACE_BOUND('',#1630,.T.);
#1630=EDGE_LOOP('',(#1631,#1632,#1633));
#1631=ORIENTED_EDGE('',*,*,#1634,.T.);
#1632=ORIENTED_EDGE('',*,*,#1635,.T.);
#1633=ORIENTED_EDGE('',*,*,#1636,.T.);
#1634=EDGE_CURVE('',#177,#147,#1637,.F.);
#1635=EDGE_CURVE('',#147,#37,#1638,.T.);
#1636=EDGE_CURVE('',#37,#177,#1639,.T.);
#1637=LINE('',#176,#1640);
#1638=LINE('',#146,#1641);
#1639=LINE('',#36,#1642);
#1640=VECTOR('',#1643,1.0);
#1641=VECTOR('',#1644,1.0);
#1642=VECTOR('',#1645,1.0);
#1643=DIRECTION('',(0.039924060077456865,0.9992027168832815,0));
#1644=DIRECTION('',(-0.4024459058176052,-0.915443768284348,0));
#1645=DIRECTION('',(0.6593738385382029,-0.7518152306593663,0));
#1646=FACE_SURFACE('',(#1651),#1647,.T.);
#1647=PLANE('',#1648);
#1648=AXIS2_PLACEMENT_3D('',#36,#1649,#1650);
#1649=DIRECTION('',(0,0,1));
#1650=DIRECTION('',(0.06575661894339951,-0.9978356914167446,0));
#1651=FACE_BOUND('',#1652,.T.);
#1652=EDGE_LOOP('',(#1653,#1654,#1655));
#1653=ORIENTED_EDGE('',*,*,#1656,.T.);
#1654=ORIENTED_EDGE('',*,*,#1657,.T.);
#1655=ORIENTED_EDGE('',*,*,#1658,.T.);
#1656=EDGE_CURVE('',#37,#179,#1659,.F.);
#1657=EDGE_CURVE('',#179,#177,#1660,.T.);
#1658=EDGE_CURVE('',#177,#37,#1661,.T.);
#1659=LINE('',#36,#1662);
#1660=LINE('',#178,#1663);
#1661=LINE('',#176,#1664);
#1662=VECTOR('',#1665,1.0);
#1663=VECTOR('',#1666,1.0);
#1664=VECTOR('',#1667,1.0);
#1665=DIRECTION('',(0.06575661894339951,-0.9978356914167446,0));
#1666=DIRECTION('',(0.7071067811865476,-0.7071067811865476,0));
#1667=DIRECTION('',(-0.6593738385382029,0.7518152306593663,0));
#1668=FACE_SURFACE('',(#1673),#1669,.T.);
#1669=PLANE('',#1670);
#1670=AXIS2_PLACEMENT_3D('',#176,#1671,#1672);
#1671=DIRECTION('',(0,0,1));
#1672=DIRECTION('',(-0.7071067811865476,0.7071067811865476,0));
#1673=FACE_BOUND('',#1674,.T.);
#1674=EDGE_LOOP('',(#1675,#1676,#1677));
#1675=ORIENTED_EDGE('',*,*,#1678,.T.);
#1676=ORIENTED_EDGE('',*,*,#1679,.T.);
#1677=ORIENTED_EDGE('',*,*,#1680,.T.);
#1678=EDGE_CURVE('',#177,#179,#1681,.F.);
#1679=EDGE_CURVE('',#179,#181,#1682,.T.);
#1680=EDGE_CURVE('',#181,#177,#1683,.T.);
#1681=LINE('',#176,#1684);
#1682=LINE('',#178,#1685);
#1683=LINE('',#180,#1686);
#1684=VECTOR('',#1687,1.0);
#1685=VECTOR('',#1688,1.0);
#1686=VECTOR('',#1689,1.0);
#1687=DIRECTION('',(-0.7071067811865476,0.7071067811865476,0));
#1688=DIRECTION('',(0.1949438963843187,-0.9808143949099136,0));
#1689=DIRECTION('',(0.7518511429524579,-0.6593328892457001,0));
#1690=FACE_SURFACE('',(#1695),#1691,.T.);
#1691=PLANE('',#1692);
#1692=AXIS2_PLACEMENT_3D('',#182,#1693,#1694);
#1693=DIRECTION('',(0,-0,-1));
#1694=DIRECTION('',(0.19521195404843472,-0.9807610784470353,0));
#1695=FACE_BOUND('',#1696,.T.);
#1696=EDGE_LOOP('',(#1697,#1698,#1699));
#1697=ORIENTED_EDGE('',*,*,#1700,.T.);
#1698=ORIENTED_EDGE('',*,*,#1701,.T.);
#1699=ORIENTED_EDGE('',*,*,#1702,.T.);
#1700=EDGE_CURVE('',#183,#175,#1703,.F.);
#1701=EDGE_CURVE('',#175,#93,#1704,.T.);
#1702=EDGE_CURVE('',#93,#183,#1705,.T.);
#1703=LINE('',#182,#1706);
#1704=LINE('',#174,#1707);
#1705=LINE('',#92,#1708);
#1706=VECTOR('',#1709,1.0);
#1707=VECTOR('',#1710,1.0);
#1708=VECTOR('',#1711,1.0);
#1709=DIRECTION('',(0.19521195404843472,-0.9807610784470353,0));
#1710=DIRECTION('',(-0.2630006373126648,-0.9647956595948866,0));
#1711=DIRECTION('',(0.2560744068075745,0.9666570737227079,0));
#1712=FACE_SURFACE('',(#1717),#1713,.T.);
#1713=PLANE('',#1714);
#1714=AXIS2_PLACEMENT_3D('',#156,#1715,#1716);
#1715=DIRECTION('',(-0.946789486698774,-0.3218534882157904,0));
#1716=DIRECTION('',(0,0,1));
#1717=FACE_BOUND('',#1718,.T.);
#1718=EDGE_LOOP('',(#1719,#1720,#1721));
#1719=ORIENTED_EDGE('',*,*,#1722,.T.);
#1720=ORIENTED_EDGE('',*,*,#1723,.T.);
#1721=ORIENTED_EDGE('',*,*,#1724,.T.);
#1722=EDGE_CURVE('',#157,#161,#1725,.F.);
#1723=EDGE_CURVE('',#161,#153,#1726,.T.);
#1724=EDGE_CURVE('',#153,#157,#1727,.T.);
#1725=LINE('',#156,#1728);
#1726=LINE('',#160,#1729);
#1727=LINE('',#152,#1730);
#1728=VECTOR('',#1731,1.0);
#1729=VECTOR('',#1732,1.0);
#1730=VECTOR('',#1733,1.0);
#1731=DIRECTION('',(0,0,1));
#1732=DIRECTION('',(-0.32185348821579046,0.946789486698774,0));
#1733=DIRECTION('',(0.013687328640617561,-0.040263720395782084,-0.9990953357185559));
#1734=FACE_SURFACE('',(#1739),#1735,.T.);
#1735=PLANE('',#1736);
#1736=AXIS2_PLACEMENT_3D('',#156,#1737,#1738);
#1737=DIRECTION('',(-0.9807610784470354,-0.19521195404843475,0));
#1738=DIRECTION('',(0.19521195404843472,-0.9807610784470353,0));
#1739=FACE_BOUND('',#1740,.T.);
#1740=EDGE_LOOP('',(#1741,#1742,#1743));
#1741=ORIENTED_EDGE('',*,*,#1744,.T.);
#1742=ORIENTED_EDGE('',*,*,#1745,.T.);
#1743=ORIENTED_EDGE('',*,*,#1746,.T.);
#1744=EDGE_CURVE('',#157,#163,#1747,.F.);
#1745=EDGE_CURVE('',#163,#161,#1748,.T.);
#1746=EDGE_CURVE('',#161,#157,#1749,.T.);
#1747=LINE('',#156,#1750);
#1748=LINE('',#162,#1751);
#1749=LINE('',#160,#1752);
#1750=VECTOR('',#1753,1.0);
#1751=VECTOR('',#1754,1.0);
#1752=VECTOR('',#1755,1.0);
#1753=DIRECTION('',(0.19521195404843472,-0.9807610784470353,0));
#1754=DIRECTION('',(-0.008292526168644636,0.04166234054597021,0.999097334292297));
#1755=DIRECTION('',(0,0,-1));
#1756=FACE_SURFACE('',(#1761),#1757,.T.);
#1757=PLANE('',#1758);
#1758=AXIS2_PLACEMENT_3D('',#82,#1759,#1760);
#1759=DIRECTION('',(0,0,-1));
#1760=DIRECTION('',(-0.7071067811865475,0.7071067811865475,0));
#1761=FACE_BOUND('',#1762,.T.);
#1762=EDGE_LOOP('',(#1763,#1764,#1765));
#1763=ORIENTED_EDGE('',*,*,#1766,.T.);
#1764=ORIENTED_EDGE('',*,*,#1767,.T.);
#1765=ORIENTED_EDGE('',*,*,#1768,.T.);
#1766=EDGE_CURVE('',#83,#93,#1769,.F.);
#1767=EDGE_CURVE('',#93,#151,#1770,.T.);
#1768=EDGE_CURVE('',#151,#83,#1771,.T.);
#1769=LINE('',#82,#1772);
#1770=LINE('',#92,#1773);
#1771=LINE('',#150,#1774);
#1772=VECTOR('',#1775,1.0);
#1773=VECTOR('',#1776,1.0);
#1774=VECTOR('',#1777,1.0);
#1775=DIRECTION('',(-0.7071067811865475,0.7071067811865475,0));
#1776=DIRECTION('',(0.4024459058176052,0.915443768284348,0));
#1777=DIRECTION('',(0,-1,0));
#1778=FACE_SURFACE('',(#1783),#1779,.T.);
#1779=PLANE('',#1780);
#1780=AXIS2_PLACEMENT_3D('',#170,#1781,#1782);
#1781=DIRECTION('',(-0.9979880242093762,-0.06340270920603858,0));
#1782=DIRECTION('',(0,0,1));
#1783=FACE_BOUND('',#1784,.T.);
#1784=EDGE_LOOP('',(#1785,#1786,#1787));
#1785=ORIENTED_EDGE('',*,*,#1788,.T.);
#1786=ORIENTED_EDGE('',*,*,#1789,.T.);
#1787=ORIENTED_EDGE('',*,*,#1790,.T.);
#1788=EDGE_CURVE('',#171,#185,#1791,.F.);
#1789=EDGE_CURVE('',#185,#159,#1792,.T.);
#1790=EDGE_CURVE('',#159,#171,#1793,.T.);
#1791=LINE('',#170,#1794);
#1792=LINE('',#184,#1795);
#1793=LINE('',#158,#1796);
#1794=VECTOR('',#1797,1.0);
#1795=VECTOR('',#1798,1.0);
#1796=VECTOR('',#1799,1.0);
#1797=DIRECTION('',(0,0,1));
#1798=DIRECTION('',(-0.06340270920603859,0.9979880242093763,0));
#1799=DIRECTION('',(0.0026975977403553343,-0.04246143852087145,-0.9990944646054093));
#1800=FACE_SURFACE('',(#1805),#1801,.T.);
#1801=PLANE('',#1802);
#1802=AXIS2_PLACEMENT_3D('',#186,#1803,#1804);
#1803=DIRECTION('',(0,0,1));
#1804=DIRECTION('',(0.44261879834732065,-0.8967098746805312,0));
#1805=FACE_BOUND('',#1806,.T.);
#1806=EDGE_LOOP('',(#1807,#1808,#1809));
#1807=ORIENTED_EDGE('',*,*,#1810,.T.);
#1808=ORIENTED_EDGE('',*,*,#1811,.T.);
#1809=ORIENTED_EDGE('',*,*,#1812,.T.);
#1810=EDGE_CURVE('',#187,#189,#1813,.F.);
#1811=EDGE_CURVE('',#189,#177,#1814,.T.);
#1812=EDGE_CURVE('',#177,#187,#1815,.T.);
#1813=LINE('',#186,#1816);
#1814=LINE('',#188,#1817);
#1815=LINE('',#176,#1818);
#1816=VECTOR('',#1819,1.0);
#1817=VECTOR('',#1820,1.0);
#1818=VECTOR('',#1821,1.0);
#1819=DIRECTION('',(0.44261879834732065,-0.8967098746805312,0));
#1820=DIRECTION('',(0.8314933552262287,-0.5555346975793941,0));
#1821=DIRECTION('',(-0.7934003246926774,0.6087001928515828,0));
#1822=FACE_SURFACE('',(#1827),#1823,.T.);
#1823=PLANE('',#1824);
#1824=AXIS2_PLACEMENT_3D('',#188,#1825,#1826);
#1825=DIRECTION('',(0,0,1));
#1826=DIRECTION('',(0.5550568520398701,-0.8318124133502635,0));
#1827=FACE_BOUND('',#1828,.T.);
#1828=EDGE_LOOP('',(#1829,#1830,#1831));
#1829=ORIENTED_EDGE('',*,*,#1832,.T.);
#1830=ORIENTED_EDGE('',*,*,#1833,.T.);
#1831=ORIENTED_EDGE('',*,*,#1834,.T.);
#1832=EDGE_CURVE('',#189,#191,#1835,.F.);
#1833=EDGE_CURVE('',#191,#177,#1836,.T.);
#1834=EDGE_CURVE('',#177,#189,#1837,.T.);
#1835=LINE('',#188,#1838);
#1836=LINE('',#190,#1839);
#1837=LINE('',#176,#1840);
#1838=VECTOR('',#1841,1.0);
#1839=VECTOR('',#1842,1.0);
#1840=VECTOR('',#1843,1.0);
#1841=DIRECTION('',(0.5550568520398701,-0.8318124133502635,0));
#1842=DIRECTION('',(0.8660960924400671,-0.49987754366449266,0));
#1843=DIRECTION('',(-0.8314933552262287,0.5555346975793941,0));
#1844=FACE_SURFACE('',(#1849),#1845,.T.);
#1845=PLANE('',#1846);
#1846=AXIS2_PLACEMENT_3D('',#176,#1847,#1848);
#1847=DIRECTION('',(0,0,1));
#1848=DIRECTION('',(-0.8660960924400671,0.49987754366449266,0));
#1849=FACE_BOUND('',#1850,.T.);
#1850=EDGE_LOOP('',(#1851,#1852,#1853));
#1851=ORIENTED_EDGE('',*,*,#1854,.T.);
#1852=ORIENTED_EDGE('',*,*,#1855,.T.);
#1853=ORIENTED_EDGE('',*,*,#1856,.T.);
#1854=EDGE_CURVE('',#177,#191,#1857,.F.);
#1855=EDGE_CURVE('',#191,#193,#1858,.T.);
#1856=EDGE_CURVE('',#193,#177,#1859,.T.);
#1857=LINE('',#176,#1860);
#1858=LINE('',#190,#1861);
#1859=LINE('',#192,#1862);
#1860=VECTOR('',#1863,1.0);
#1861=VECTOR('',#1864,1.0);
#1862=VECTOR('',#1865,1.0);
#1863=DIRECTION('',(-0.8660960924400671,0.49987754366449266,0));
#1864=DIRECTION('',(0.6597474326431697,-0.7514874084911511,0));
#1865=DIRECTION('',(0.896901964346263,-0.44222942727934195,0));
#1866=FACE_SURFACE('',(#1871),#1867,.T.);
#1867=PLANE('',#1868);
#1868=AXIS2_PLACEMENT_3D('',#176,#1869,#1870);
#1869=DIRECTION('',(0,0,1));
#1870=DIRECTION('',(-0.896901964346263,0.44222942727934195,0));
#1871=FACE_BOUND('',#1872,.T.);
#1872=EDGE_LOOP('',(#1873,#1874,#1875));
#1873=ORIENTED_EDGE('',*,*,#1876,.T.);
#1874=ORIENTED_EDGE('',*,*,#1877,.T.);
#1875=ORIENTED_EDGE('',*,*,#1878,.T.);
#1876=EDGE_CURVE('',#177,#193,#1879,.F.);
#1877=EDGE_CURVE('',#193,#195,#1880,.T.);
#1878=EDGE_CURVE('',#195,#177,#1881,.T.);
#1879=LINE('',#176,#1882);
#1880=LINE('',#192,#1883);
#1881=LINE('',#194,#1884);
#1882=VECTOR('',#1885,1.0);
#1883=VECTOR('',#1886,1.0);
#1884=VECTOR('',#1887,1.0);
#1885=DIRECTION('',(-0.896901964346263,0.44222942727934195,0));
#1886=DIRECTION('',(0.7514874084911511,-0.6597474326431697,0));
#1887=DIRECTION('',(0.9239600302051785,-0.38248903589939104,0));
#1888=FACE_SURFACE('',(#1893),#1889,.T.);
#1889=PLANE('',#1890);
#1890=AXIS2_PLACEMENT_3D('',#176,#1891,#1892);
#1891=DIRECTION('',(0,0,1));
#1892=DIRECTION('',(-0.9239600302051785,0.38248903589939104,0));
#1893=FACE_BOUND('',#1894,.T.);
#1894=EDGE_LOOP('',(#1895,#1896,#1897));
#1895=ORIENTED_EDGE('',*,*,#1898,.T.);
#1896=ORIENTED_EDGE('',*,*,#1899,.T.);
#1897=ORIENTED_EDGE('',*,*,#1900,.T.);
#1898=EDGE_CURVE('',#177,#195,#1901,.F.);
#1899=EDGE_CURVE('',#195,#197,#1902,.T.);
#1900=EDGE_CURVE('',#197,#177,#1903,.T.);
#1901=LINE('',#176,#1904);
#1902=LINE('',#194,#1905);
#1903=LINE('',#196,#1906);
#1904=VECTOR('',#1907,1.0);
#1905=VECTOR('',#1908,1.0);
#1906=VECTOR('',#1909,1.0);
#1907=DIRECTION('',(-0.9239600302051785,0.38248903589939104,0));
#1908=DIRECTION('',(0.8318124133502635,-0.5550568520398701,0));
#1909=DIRECTION('',(0.9469524043350572,-0.32137383826947424,0));
#1910=FACE_SURFACE('',(#1915),#1911,.T.);
#1911=PLANE('',#1912);
#1912=AXIS2_PLACEMENT_3D('',#198,#1913,#1914);
#1913=DIRECTION('',(-0,-0,1));
#1914=DIRECTION('',(0.9470667809932923,-0.32103662149200884,0));
#1915=FACE_BOUND('',#1916,.T.);
#1916=EDGE_LOOP('',(#1917,#1918,#1919));
#1917=ORIENTED_EDGE('',*,*,#1920,.T.);
#1918=ORIENTED_EDGE('',*,*,#1921,.T.);
#1919=ORIENTED_EDGE('',*,*,#1922,.T.);
#1920=EDGE_CURVE('',#199,#201,#1923,.F.);
#1921=EDGE_CURVE('',#201,#197,#1924,.T.);
#1922=EDGE_CURVE('',#197,#199,#1925,.T.);
#1923=LINE('',#198,#1926);
#1924=LINE('',#200,#1927);
#1925=LINE('',#196,#1928);
#1926=VECTOR('',#1929,1.0);
#1927=VECTOR('',#1930,1.0);
#1928=VECTOR('',#1931,1.0);
#1929=DIRECTION('',(0.9470667809932923,-0.32103662149200884,0));
#1930=DIRECTION('',(-0.92389189013699,0.38265359705496027,0));
#1931=DIRECTION('',(0.8967098746805312,-0.44261879834732065,0));
#1932=FACE_SURFACE('',(#1937),#1933,.T.);
#1933=PLANE('',#1934);
#1934=AXIS2_PLACEMENT_3D('',#176,#1935,#1936);
#1935=DIRECTION('',(0,0,1));
#1936=DIRECTION('',(-0.9469524043350572,0.32137383826947424,0));
#1937=FACE_BOUND('',#1938,.T.);
#1938=EDGE_LOOP('',(#1939,#1940,#1941));
#1939=ORIENTED_EDGE('',*,*,#1942,.T.);
#1940=ORIENTED_EDGE('',*,*,#1943,.T.);
#1941=ORIENTED_EDGE('',*,*,#1944,.T.);
#1942=EDGE_CURVE('',#177,#197,#1945,.F.);
#1943=EDGE_CURVE('',#197,#201,#1946,.T.);
#1944=EDGE_CURVE('',#201,#177,#1947,.T.);
#1945=LINE('',#176,#1948);
#1946=LINE('',#196,#1949);
#1947=LINE('',#200,#1950);
#1948=VECTOR('',#1951,1.0);
#1949=VECTOR('',#1952,1.0);
#1950=VECTOR('',#1953,1.0);
#1951=DIRECTION('',(-0.9469524043350572,0.32137383826947424,0));
#1952=DIRECTION('',(0.92389189013699,-0.38265359705496027,0));
#1953=DIRECTION('',(0.9808143949099136,-0.1949438963843187,0));
#1954=FACE_SURFACE('',(#1959),#1955,.T.);
#1955=PLANE('',#1956);
#1956=AXIS2_PLACEMENT_3D('',#36,#1957,#1958);
#1957=DIRECTION('',(-0.9978356914167446,-0.06575661894339951,-0));
#1958=DIRECTION('',(0,0,-1));
#1959=FACE_BOUND('',#1960,.T.);
#1960=EDGE_LOOP('',(#1961,#1962,#1963));
#1961=ORIENTED_EDGE('',*,*,#1964,.T.);
#1962=ORIENTED_EDGE('',*,*,#1965,.T.);
#1963=ORIENTED_EDGE('',*,*,#1966,.T.);
#1964=EDGE_CURVE('',#37,#93,#1967,.F.);
#1965=EDGE_CURVE('',#93,#203,#1968,.T.);
#1966=EDGE_CURVE('',#203,#37,#1969,.T.);
#1967=LINE('',#36,#1970);
#1968=LINE('',#92,#1971);
#1969=LINE('',#202,#1972);
#1970=VECTOR('',#1973,1.0);
#1971=VECTOR('',#1974,1.0);
#1972=VECTOR('',#1975,1.0);
#1973=DIRECTION('',(0,0,-1));
#1974=DIRECTION('',(0.06575661894339951,-0.9978356914167446,0));
#1975=DIRECTION('',(-0.005043833634295258,0.07653856452382625,0.9970538640830302));
#1976=FACE_SURFACE('',(#1981),#1977,.T.);
#1977=PLANE('',#1978);
#1978=AXIS2_PLACEMENT_3D('',#36,#1979,#1980);
#1979=DIRECTION('',(-0.9978356914167446,-0.06575661894339951,0));
#1980=DIRECTION('',(0.005043833634295258,-0.07653856452382625,-0.9970538640830302));
#1981=FACE_BOUND('',#1982,.T.);
#1982=EDGE_LOOP('',(#1983,#1984,#1985));
#1983=ORIENTED_EDGE('',*,*,#1986,.T.);
#1984=ORIENTED_EDGE('',*,*,#1987,.T.);
#1985=ORIENTED_EDGE('',*,*,#1988,.T.);
#1986=EDGE_CURVE('',#37,#203,#1989,.F.);
#1987=EDGE_CURVE('',#203,#179,#1990,.T.);
#1988=EDGE_CURVE('',#179,#37,#1991,.T.);
#1989=LINE('',#36,#1992);
#1990=LINE('',#202,#1993);
#1991=LINE('',#178,#1994);
#1992=VECTOR('',#1995,1.0);
#1993=VECTOR('',#1996,1.0);
#1994=VECTOR('',#1997,1.0);
#1995=DIRECTION('',(0.005043833634295258,-0.07653856452382625,-0.9970538640830302));
#1996=DIRECTION('',(0,0,1));
#1997=DIRECTION('',(-0.06575661894339951,0.9978356914167446,0));
#1998=FACE_SURFACE('',(#2003),#1999,.T.);
#1999=PLANE('',#2000);
#2000=AXIS2_PLACEMENT_3D('',#202,#2001,#2002);
#2001=DIRECTION('',(-0.9808143949099135,-0.1949438963843187,0));
#2002=DIRECTION('',(0.1949438963843187,-0.9808143949099136,0));
#2003=FACE_BOUND('',#2004,.T.);
#2004=EDGE_LOOP('',(#2005,#2006,#2007));
#2005=ORIENTED_EDGE('',*,*,#2008,.T.);
#2006=ORIENTED_EDGE('',*,*,#2009,.T.);
#2007=ORIENTED_EDGE('',*,*,#2010,.T.);
#2008=EDGE_CURVE('',#203,#205,#2011,.F.);
#2009=EDGE_CURVE('',#205,#181,#2012,.T.);
#2010=EDGE_CURVE('',#181,#203,#2013,.T.);
#2011=LINE('',#202,#2014);
#2012=LINE('',#204,#2015);
#2013=LINE('',#180,#2016);
#2014=VECTOR('',#2017,1.0);
#2015=VECTOR('',#2018,1.0);
#2016=VECTOR('',#2019,1.0);
#2017=DIRECTION('',(0.1949438963843187,-0.9808143949099136,0));
#2018=DIRECTION('',(0,0,1));
#2019=DIRECTION('',(-0.014956076652353767,0.07524798438975201,-0.9970526849752969));
#2020=FACE_SURFACE('',(#2025),#2021,.T.);
#2021=PLANE('',#2022);
#2022=AXIS2_PLACEMENT_3D('',#202,#2023,#2024);
#2023=DIRECTION('',(-0.9808143949099135,-0.1949438963843187,0));
#2024=DIRECTION('',(0.014956076652353767,-0.07524798438975201,0.9970526849752969));
#2025=FACE_BOUND('',#2026,.T.);
#2026=EDGE_LOOP('',(#2027,#2028,#2029));
#2027=ORIENTED_EDGE('',*,*,#2030,.T.);
#2028=ORIENTED_EDGE('',*,*,#2031,.T.);
#2029=ORIENTED_EDGE('',*,*,#2032,.T.);
#2030=EDGE_CURVE('',#203,#181,#2033,.F.);
#2031=EDGE_CURVE('',#181,#179,#2034,.T.);
#2032=EDGE_CURVE('',#179,#203,#2035,.T.);
#2033=LINE('',#202,#2036);
#2034=LINE('',#180,#2037);
#2035=LINE('',#178,#2038);
#2036=VECTOR('',#2039,1.0);
#2037=VECTOR('',#2040,1.0);
#2038=VECTOR('',#2041,1.0);
#2039=DIRECTION('',(0.014956076652353767,-0.07524798438975201,0.9970526849752969));
#2040=DIRECTION('',(-0.1949438963843187,0.9808143949099136,0));
#2041=DIRECTION('',(0,0,-1));
#2042=FACE_SURFACE('',(#2047),#2043,.T.);
#2043=PLANE('',#2044);
#2044=AXIS2_PLACEMENT_3D('',#206,#2045,#2046);
#2045=DIRECTION('',(0.6585084187126559,0.7525733602012215,0));
#2046=DIRECTION('',(-0.018817626134104506,0.016465591110190077,-0.9996873417504442));
#2047=FACE_BOUND('',#2048,.T.);
#2048=EDGE_LOOP('',(#2049,#2050,#2051));
#2049=ORIENTED_EDGE('',*,*,#2052,.T.);
#2050=ORIENTED_EDGE('',*,*,#2053,.T.);
#2051=ORIENTED_EDGE('',*,*,#2054,.T.);
#2052=EDGE_CURVE('',#207,#165,#2055,.F.);
#2053=EDGE_CURVE('',#165,#209,#2056,.T.);
#2054=EDGE_CURVE('',#209,#207,#2057,.T.);
#2055=LINE('',#206,#2058);
#2056=LINE('',#164,#2059);
#2057=LINE('',#208,#2060);
#2058=VECTOR('',#2061,1.0);
#2059=VECTOR('',#2062,1.0);
#2060=VECTOR('',#2063,1.0);
#2061=DIRECTION('',(-0.018817626134104506,0.016465591110190077,-0.9996873417504442));
#2062=DIRECTION('',(0,0,1));
#2063=DIRECTION('',(0.7525733602012215,-0.6585084187126559,0));
#2064=FACE_SURFACE('',(#2069),#2065,.T.);
#2065=PLANE('',#2066);
#2066=AXIS2_PLACEMENT_3D('',#204,#2067,#2068);
#2067=DIRECTION('',(-0.9470667809932922,-0.3210366214920088,0));
#2068=DIRECTION('',(0.32103662149200884,-0.9470667809932923,0));
#2069=FACE_BOUND('',#2070,.T.);
#2070=EDGE_LOOP('',(#2071,#2072,#2073));
#2071=ORIENTED_EDGE('',*,*,#2074,.T.);
#2072=ORIENTED_EDGE('',*,*,#2075,.T.);
#2073=ORIENTED_EDGE('',*,*,#2076,.T.);
#2074=EDGE_CURVE('',#205,#211,#2077,.F.);
#2075=EDGE_CURVE('',#211,#181,#2078,.T.);
#2076=EDGE_CURVE('',#181,#205,#2079,.T.);
#2077=LINE('',#204,#2080);
#2078=LINE('',#210,#2081);
#2079=LINE('',#180,#2082);
#2080=VECTOR('',#2083,1.0);
#2081=VECTOR('',#2084,1.0);
#2082=VECTOR('',#2085,1.0);
#2083=DIRECTION('',(0.32103662149200884,-0.9470667809932923,0));
#2084=DIRECTION('',(-0.024632940924235458,0.072667846923795,0.9970519556396663));
#2085=DIRECTION('',(0,0,-1));
#2086=FACE_SURFACE('',(#2091),#2087,.T.);
#2087=PLANE('',#2088);
#2088=AXIS2_PLACEMENT_3D('',#212,#2089,#2090);
#2089=DIRECTION('',(-0,0,-1));
#2090=DIRECTION('',(-0.44249173006282944,-0.8967725847872492,0));
#2091=FACE_BOUND('',#2092,.T.);
#2092=EDGE_LOOP('',(#2093,#2094,#2095));
#2093=ORIENTED_EDGE('',*,*,#2096,.T.);
#2094=ORIENTED_EDGE('',*,*,#2097,.T.);
#2095=ORIENTED_EDGE('',*,*,#2098,.T.);
#2096=EDGE_CURVE('',#213,#215,#2099,.F.);
#2097=EDGE_CURVE('',#215,#91,#2100,.T.);
#2098=EDGE_CURVE('',#91,#213,#2101,.T.);
#2099=LINE('',#212,#2102);
#2100=LINE('',#214,#2103);
#2101=LINE('',#90,#2104);
#2102=VECTOR('',#2105,1.0);
#2103=VECTOR('',#2106,1.0);
#2104=VECTOR('',#2107,1.0);
#2105=DIRECTION('',(-0.44249173006282944,-0.8967725847872492,0));
#2106=DIRECTION('',(-0.10121561908346888,0.9948645126114158,0));
#2107=DIRECTION('',(0.10447957240636305,-0.99452703278985,0));
#2108=FACE_SURFACE('',(#2113),#2109,.T.);
#2109=PLANE('',#2110);
#2110=AXIS2_PLACEMENT_3D('',#216,#2111,#2112);
#2111=DIRECTION('',(0,0,-1));
#2112=DIRECTION('',(-0.09868025434322583,0.9951191925607487,0));
#2113=FACE_BOUND('',#2114,.T.);
#2114=EDGE_LOOP('',(#2115,#2116,#2117));
#2115=ORIENTED_EDGE('',*,*,#2118,.T.);
#2116=ORIENTED_EDGE('',*,*,#2119,.T.);
#2117=ORIENTED_EDGE('',*,*,#2120,.T.);
#2118=EDGE_CURVE('',#217,#91,#2121,.F.);
#2119=EDGE_CURVE('',#91,#215,#2122,.T.);
#2120=EDGE_CURVE('',#215,#217,#2123,.T.);
#2121=LINE('',#216,#2124);
#2122=LINE('',#90,#2125);
#2123=LINE('',#214,#2126);
#2124=VECTOR('',#2127,1.0);
#2125=VECTOR('',#2128,1.0);
#2126=VECTOR('',#2129,1.0);
#2127=DIRECTION('',(-0.09868025434322583,0.9951191925607487,0));
#2128=DIRECTION('',(0.10121561908346888,-0.9948645126114158,0));
#2129=DIRECTION('',(-0.3218628873605388,-0.946786291482897,0));
#2130=FACE_SURFACE('',(#2135),#2131,.T.);
#2131=PLANE('',#2132);
#2132=AXIS2_PLACEMENT_3D('',#120,#2133,#2134);
#2133=DIRECTION('',(0,0,1));
#2134=DIRECTION('',(-0.24835336075417377,-0.9686695041148489,0));
#2135=FACE_BOUND('',#2136,.T.);
#2136=EDGE_LOOP('',(#2137,#2138,#2139));
#2137=ORIENTED_EDGE('',*,*,#2140,.T.);
#2138=ORIENTED_EDGE('',*,*,#2141,.T.);
#2139=ORIENTED_EDGE('',*,*,#2142,.T.);
#2140=EDGE_CURVE('',#121,#37,#2143,.F.);
#2141=EDGE_CURVE('',#37,#117,#2144,.T.);
#2142=EDGE_CURVE('',#117,#121,#2145,.T.);
#2143=LINE('',#120,#2146);
#2144=LINE('',#36,#2147);
#2145=LINE('',#116,#2148);
#2146=VECTOR('',#2149,1.0);
#2147=VECTOR('',#2150,1.0);
#2148=VECTOR('',#2151,1.0);
#2149=DIRECTION('',(-0.24835336075417377,-0.9686695041148489,0));
#2150=DIRECTION('',(0.2511805563015016,0.9679402502923763,0));
#2151=DIRECTION('',(0.06573966819275853,0.9978368083138175,0));
#2152=FACE_SURFACE('',(#2157),#2153,.T.);
#2153=PLANE('',#2154);
#2154=AXIS2_PLACEMENT_3D('',#84,#2155,#2156);
#2155=DIRECTION('',(0,0,1));
#2156=DIRECTION('',(0.09126776175721706,-0.995826388314664,0));
#2157=FACE_BOUND('',#2158,.T.);
#2158=EDGE_LOOP('',(#2159,#2160,#2161));
#2159=ORIENTED_EDGE('',*,*,#2162,.T.);
#2160=ORIENTED_EDGE('',*,*,#2163,.T.);
#2161=ORIENTED_EDGE('',*,*,#2164,.T.);
#2162=EDGE_CURVE('',#85,#125,#2165,.F.);
#2163=EDGE_CURVE('',#125,#129,#2166,.T.);
#2164=EDGE_CURVE('',#129,#85,#2167,.T.);
#2165=LINE('',#84,#2168);
#2166=LINE('',#124,#2169);
#2167=LINE('',#128,#2170);
#2168=VECTOR('',#2171,1.0);
#2169=VECTOR('',#2172,1.0);
#2170=VECTOR('',#2173,1.0);
#2171=DIRECTION('',(0.09126776175721706,-0.995826388314664,0));
#2172=DIRECTION('',(-0.006376519464492511,0.9999796697931008,0));
#2173=DIRECTION('',(-0.559302089970866,0.8289639148685674,0));
#2174=FACE_SURFACE('',(#2179),#2175,.T.);
#2175=PLANE('',#2176);
#2176=AXIS2_PLACEMENT_3D('',#208,#2177,#2178);
#2177=DIRECTION('',(0.7525778062110414,0.6585033375758821,0));
#2178=DIRECTION('',(0,0,-1));
#2179=FACE_BOUND('',#2180,.T.);
#2180=EDGE_LOOP('',(#2181,#2182,#2183));
#2181=ORIENTED_EDGE('',*,*,#2184,.T.);
#2182=ORIENTED_EDGE('',*,*,#2185,.T.);
#2183=ORIENTED_EDGE('',*,*,#2186,.T.);
#2184=EDGE_CURVE('',#209,#165,#2187,.F.);
#2185=EDGE_CURVE('',#165,#167,#2188,.T.);
#2186=EDGE_CURVE('',#167,#209,#2189,.T.);
#2187=LINE('',#208,#2190);
#2188=LINE('',#164,#2191);
#2189=LINE('',#166,#2192);
#2190=VECTOR('',#2193,1.0);
#2191=VECTOR('',#2194,1.0);
#2192=VECTOR('',#2195,1.0);
#2193=DIRECTION('',(0,0,-1));
#2194=DIRECTION('',(-0.6585033375758821,0.7525778062110414,0));
#2195=DIRECTION('',(0.016465366847208354,-0.018817626203609265,0.999687345442888));
#2196=FACE_SURFACE('',(#2201),#2197,.T.);
#2197=PLANE('',#2198);
#2198=AXIS2_PLACEMENT_3D('',#210,#2199,#2200);
#2199=DIRECTION('',(-0.9470667809932922,-0.3210366214920088,0));
#2200=DIRECTION('',(0,0,1));
#2201=FACE_BOUND('',#2202,.T.);
#2202=EDGE_LOOP('',(#2203,#2204,#2205));
#2203=ORIENTED_EDGE('',*,*,#2206,.T.);
#2204=ORIENTED_EDGE('',*,*,#2207,.T.);
#2205=ORIENTED_EDGE('',*,*,#2208,.T.);
#2206=EDGE_CURVE('',#211,#187,#2209,.F.);
#2207=EDGE_CURVE('',#187,#181,#2210,.T.);
#2208=EDGE_CURVE('',#181,#211,#2211,.T.);
#2209=LINE('',#210,#2212);
#2210=LINE('',#186,#2213);
#2211=LINE('',#180,#2214);
#2212=VECTOR('',#2215,1.0);
#2213=VECTOR('',#2216,1.0);
#2214=VECTOR('',#2217,1.0);
#2215=DIRECTION('',(0,0,1));
#2216=DIRECTION('',(-0.32103662149200884,0.9470667809932923,0));
#2217=DIRECTION('',(0.024632940924235458,-0.072667846923795,-0.9970519556396663));
#2218=FACE_SURFACE('',(#2223),#2219,.T.);
#2219=PLANE('',#2220);
#2220=AXIS2_PLACEMENT_3D('',#210,#2221,#2222);
#2221=DIRECTION('',(-0.8967098746805312,-0.44261879834732065,0));
#2222=DIRECTION('',(0.44261879834732065,-0.8967098746805312,0));
#2223=FACE_BOUND('',#2224,.T.);
#2224=EDGE_LOOP('',(#2225,#2226,#2227));
#2225=ORIENTED_EDGE('',*,*,#2228,.T.);
#2226=ORIENTED_EDGE('',*,*,#2229,.T.);
#2227=ORIENTED_EDGE('',*,*,#2230,.T.);
#2228=EDGE_CURVE('',#211,#219,#2231,.F.);
#2229=EDGE_CURVE('',#219,#189,#2232,.T.);
#2230=EDGE_CURVE('',#189,#211,#2233,.T.);
#2231=LINE('',#210,#2234);
#2232=LINE('',#218,#2235);
#2233=LINE('',#188,#2236);
#2234=VECTOR('',#2237,1.0);
#2235=VECTOR('',#2238,1.0);
#2236=VECTOR('',#2239,1.0);
#2237=DIRECTION('',(0.44261879834732065,-0.8967098746805312,0));
#2238=DIRECTION('',(0,0,1));
#2239=DIRECTION('',(-0.03395813086757143,0.06879642570162742,-0.9970526050107191));
#2240=FACE_SURFACE('',(#2245),#2241,.T.);
#2241=PLANE('',#2242);
#2242=AXIS2_PLACEMENT_3D('',#210,#2243,#2244);
#2243=DIRECTION('',(-0.8967098746805312,-0.44261879834732065,0));
#2244=DIRECTION('',(0.03395813086757143,-0.06879642570162742,0.9970526050107191));
#2245=FACE_BOUND('',#2246,.T.);
#2246=EDGE_LOOP('',(#2247,#2248,#2249));
#2247=ORIENTED_EDGE('',*,*,#2250,.T.);
#2248=ORIENTED_EDGE('',*,*,#2251,.T.);
#2249=ORIENTED_EDGE('',*,*,#2252,.T.);
#2250=EDGE_CURVE('',#211,#189,#2253,.F.);
#2251=EDGE_CURVE('',#189,#187,#2254,.T.);
#2252=EDGE_CURVE('',#187,#211,#2255,.T.);
#2253=LINE('',#210,#2256);
#2254=LINE('',#188,#2257);
#2255=LINE('',#186,#2258);
#2256=VECTOR('',#2259,1.0);
#2257=VECTOR('',#2260,1.0);
#2258=VECTOR('',#2261,1.0);
#2259=DIRECTION('',(0.03395813086757143,-0.06879642570162742,0.9970526050107191));
#2260=DIRECTION('',(-0.44261879834732065,0.8967098746805312,0));
#2261=DIRECTION('',(0,0,-1));
#2262=FACE_SURFACE('',(#2267),#2263,.T.);
#2263=PLANE('',#2264);
#2264=AXIS2_PLACEMENT_3D('',#218,#2265,#2266);
#2265=DIRECTION('',(-0.8318124133502635,-0.5550568520398702,0));
#2266=DIRECTION('',(0.5550568520398701,-0.8318124133502635,0));
#2267=FACE_BOUND('',#2268,.T.);
#2268=EDGE_LOOP('',(#2269,#2270,#2271));
#2269=ORIENTED_EDGE('',*,*,#2272,.T.);
#2270=ORIENTED_EDGE('',*,*,#2273,.T.);
#2271=ORIENTED_EDGE('',*,*,#2274,.T.);
#2272=EDGE_CURVE('',#219,#221,#2275,.F.);
#2273=EDGE_CURVE('',#221,#191,#2276,.T.);
#2274=EDGE_CURVE('',#191,#219,#2277,.T.);
#2275=LINE('',#218,#2278);
#2276=LINE('',#220,#2279);
#2277=LINE('',#190,#2280);
#2278=VECTOR('',#2281,1.0);
#2279=VECTOR('',#2282,1.0);
#2280=VECTOR('',#2283,1.0);
#2281=DIRECTION('',(0.5550568520398701,-0.8318124133502635,0));
#2282=DIRECTION('',(0,0,1));
#2283=DIRECTION('',(-0.04258036141113678,0.06381125294923834,-0.997053176525277));
#2284=FACE_SURFACE('',(#2289),#2285,.T.);
#2285=PLANE('',#2286);
#2286=AXIS2_PLACEMENT_3D('',#218,#2287,#2288);
#2287=DIRECTION('',(-0.8318124133502635,-0.5550568520398702,0));
#2288=DIRECTION('',(0.04258036141113678,-0.06381125294923834,0.997053176525277));
#2289=FACE_BOUND('',#2290,.T.);
#2290=EDGE_LOOP('',(#2291,#2292,#2293));
#2291=ORIENTED_EDGE('',*,*,#2294,.T.);
#2292=ORIENTED_EDGE('',*,*,#2295,.T.);
#2293=ORIENTED_EDGE('',*,*,#2296,.T.);
#2294=EDGE_CURVE('',#219,#191,#2297,.F.);
#2295=EDGE_CURVE('',#191,#189,#2298,.T.);
#2296=EDGE_CURVE('',#189,#219,#2299,.T.);
#2297=LINE('',#218,#2300);
#2298=LINE('',#190,#2301);
#2299=LINE('',#188,#2302);
#2300=VECTOR('',#2303,1.0);
#2301=VECTOR('',#2304,1.0);
#2302=VECTOR('',#2305,1.0);
#2303=DIRECTION('',(0.04258036141113678,-0.06381125294923834,0.997053176525277));
#2304=DIRECTION('',(-0.5550568520398701,0.8318124133502635,0));
#2305=DIRECTION('',(0,0,-1));
#2306=FACE_SURFACE('',(#2311),#2307,.T.);
#2307=PLANE('',#2308);
#2308=AXIS2_PLACEMENT_3D('',#222,#2309,#2310);
#2309=DIRECTION('',(-0,0,-1));
#2310=DIRECTION('',(-0.9978368470200267,-0.06573908068365164,0));
#2311=FACE_BOUND('',#2312,.T.);
#2312=EDGE_LOOP('',(#2313,#2314,#2315));
#2313=ORIENTED_EDGE('',*,*,#2316,.T.);
#2314=ORIENTED_EDGE('',*,*,#2317,.T.);
#2315=ORIENTED_EDGE('',*,*,#2318,.T.);
#2316=EDGE_CURVE('',#223,#225,#2319,.F.);
#2317=EDGE_CURVE('',#225,#227,#2320,.T.);
#2318=EDGE_CURVE('',#227,#223,#2321,.T.);
#2319=LINE('',#222,#2322);
#2320=LINE('',#224,#2323);
#2321=LINE('',#226,#2324);
#2322=VECTOR('',#2325,1.0);
#2323=VECTOR('',#2326,1.0);
#2324=VECTOR('',#2327,1.0);
#2325=DIRECTION('',(-0.9978368470200267,-0.06573908068365164,0));
#2326=DIRECTION('',(-0.13043492061871625,0.9914568732341257,0));
#2327=DIRECTION('',(0.192261468676386,-0.9813437357329994,0));
#2328=FACE_SURFACE('',(#2333),#2329,.T.);
#2329=PLANE('',#2330);
#2330=AXIS2_PLACEMENT_3D('',#226,#2331,#2332);
#2331=DIRECTION('',(0,0,-1));
#2332=DIRECTION('',(0.9978356914167446,0.06575661894339951,0));
#2333=FACE_BOUND('',#2334,.T.);
#2334=EDGE_LOOP('',(#2335,#2336,#2337));
#2335=ORIENTED_EDGE('',*,*,#2338,.T.);
#2336=ORIENTED_EDGE('',*,*,#2339,.T.);
#2337=ORIENTED_EDGE('',*,*,#2340,.T.);
#2338=EDGE_CURVE('',#227,#229,#2341,.F.);
#2339=EDGE_CURVE('',#229,#223,#2342,.T.);
#2340=EDGE_CURVE('',#223,#227,#2343,.T.);
#2341=LINE('',#226,#2344);
#2342=LINE('',#228,#2345);
#2343=LINE('',#222,#2346);
#2344=VECTOR('',#2347,1.0);
#2345=VECTOR('',#2348,1.0);
#2346=VECTOR('',#2349,1.0);
#2347=DIRECTION('',(0.9978356914167446,0.06575661894339951,0));
#2348=DIRECTION('',(0,-1,0));
#2349=DIRECTION('',(-0.192261468676386,0.9813437357329994,0));
#2350=FACE_SURFACE('',(#2355),#2351,.T.);
#2351=PLANE('',#2352);
#2352=AXIS2_PLACEMENT_3D('',#228,#2353,#2354);
#2353=DIRECTION('',(0,0,-1));
#2354=DIRECTION('',(0.9978356914167446,-0.06575661894339951,0));
#2355=FACE_BOUND('',#2356,.T.);
#2356=EDGE_LOOP('',(#2357,#2358,#2359));
#2357=ORIENTED_EDGE('',*,*,#2360,.T.);
#2358=ORIENTED_EDGE('',*,*,#2361,.T.);
#2359=ORIENTED_EDGE('',*,*,#2362,.T.);
#2360=EDGE_CURVE('',#229,#231,#2363,.F.);
#2361=EDGE_CURVE('',#231,#223,#2364,.T.);
#2362=EDGE_CURVE('',#223,#229,#2365,.T.);
#2363=LINE('',#228,#2366);
#2364=LINE('',#230,#2367);
#2365=LINE('',#222,#2368);
#2366=VECTOR('',#2369,1.0);
#2367=VECTOR('',#2370,1.0);
#2368=VECTOR('',#2371,1.0);
#2369=DIRECTION('',(0.9978356914167446,-0.06575661894339951,0));
#2370=DIRECTION('',(-0.192261468676386,-0.9813437357329994,0));
#2371=DIRECTION('',(0,1,0));
#2372=FACE_SURFACE('',(#2377),#2373,.T.);
#2373=PLANE('',#2374);
#2374=AXIS2_PLACEMENT_3D('',#104,#2375,#2376);
#2375=DIRECTION('',(0,0,-1));
#2376=DIRECTION('',(-0.9978368470200267,0.06573908068365164,0));
#2377=FACE_BOUND('',#2378,.T.);
#2378=EDGE_LOOP('',(#2379,#2380,#2381));
#2379=ORIENTED_EDGE('',*,*,#2382,.T.);
#2380=ORIENTED_EDGE('',*,*,#2383,.T.);
#2381=ORIENTED_EDGE('',*,*,#2384,.T.);
#2382=EDGE_CURVE('',#105,#223,#2385,.F.);
#2383=EDGE_CURVE('',#223,#231,#2386,.T.);
#2384=EDGE_CURVE('',#231,#105,#2387,.T.);
#2385=LINE('',#104,#2388);
#2386=LINE('',#222,#2389);
#2387=LINE('',#230,#2390);
#2388=VECTOR('',#2391,1.0);
#2389=VECTOR('',#2392,1.0);
#2390=VECTOR('',#2393,1.0);
#2391=DIRECTION('',(-0.9978368470200267,0.06573908068365164,0));
#2392=DIRECTION('',(0.192261468676386,0.9813437357329994,0));
#2393=DIRECTION('',(-0.13043492061871625,-0.9914568732341257,0));
#2394=FACE_SURFACE('',(#2399),#2395,.T.);
#2395=PLANE('',#2396);
#2396=AXIS2_PLACEMENT_3D('',#230,#2397,#2398);
#2397=DIRECTION('',(0,-0,-1));
#2398=DIRECTION('',(0.9808150633218159,-0.19494053339678302,0));
#2399=FACE_BOUND('',#2400,.T.);
#2400=EDGE_LOOP('',(#2401,#2402,#2403));
#2401=ORIENTED_EDGE('',*,*,#2404,.T.);
#2402=ORIENTED_EDGE('',*,*,#2405,.T.);
#2403=ORIENTED_EDGE('',*,*,#2406,.T.);
#2404=EDGE_CURVE('',#231,#101,#2407,.F.);
#2405=EDGE_CURVE('',#101,#105,#2408,.T.);
#2406=EDGE_CURVE('',#105,#231,#2409,.T.);
#2407=LINE('',#230,#2410);
#2408=LINE('',#100,#2411);
#2409=LINE('',#104,#2412);
#2410=VECTOR('',#2413,1.0);
#2411=VECTOR('',#2414,1.0);
#2412=VECTOR('',#2415,1.0);
#2413=DIRECTION('',(0.9808150633218159,-0.19494053339678302,0));
#2414=DIRECTION('',(-0.3186573023548868,-0.9478699930137604,0));
#2415=DIRECTION('',(0.13043492061871625,0.9914568732341257,0));
#2416=FACE_SURFACE('',(#2421),#2417,.T.);
#2417=PLANE('',#2418);
#2418=AXIS2_PLACEMENT_3D('',#220,#2419,#2420);
#2419=DIRECTION('',(-0.7514874084911511,-0.6597474326431697,0));
#2420=DIRECTION('',(0.6597474326431697,-0.7514874084911511,0));
#2421=FACE_BOUND('',#2422,.T.);
#2422=EDGE_LOOP('',(#2423,#2424,#2425));
#2423=ORIENTED_EDGE('',*,*,#2426,.T.);
#2424=ORIENTED_EDGE('',*,*,#2427,.T.);
#2425=ORIENTED_EDGE('',*,*,#2428,.T.);
#2426=EDGE_CURVE('',#221,#233,#2429,.F.);
#2427=EDGE_CURVE('',#233,#193,#2430,.T.);
#2428=EDGE_CURVE('',#193,#221,#2431,.T.);
#2429=LINE('',#220,#2432);
#2430=LINE('',#232,#2433);
#2431=LINE('',#192,#2434);
#2432=VECTOR('',#2435,1.0);
#2433=VECTOR('',#2436,1.0);
#2434=VECTOR('',#2437,1.0);
#2435=DIRECTION('',(0.6597474326431697,-0.7514874084911511,0));
#2436=DIRECTION('',(0,0,1));
#2437=DIRECTION('',(-0.05061502976113153,0.0576532104013016,-0.9970527699639088));
#2438=FACE_SURFACE('',(#2443),#2439,.T.);
#2439=PLANE('',#2440);
#2440=AXIS2_PLACEMENT_3D('',#220,#2441,#2442);
#2441=DIRECTION('',(-0.7514874084911511,-0.6597474326431697,0));
#2442=DIRECTION('',(0.05061502976113153,-0.0576532104013016,0.9970527699639088));
#2443=FACE_BOUND('',#2444,.T.);
#2444=EDGE_LOOP('',(#2445,#2446,#2447));
#2445=ORIENTED_EDGE('',*,*,#2448,.T.);
#2446=ORIENTED_EDGE('',*,*,#2449,.T.);
#2447=ORIENTED_EDGE('',*,*,#2450,.T.);
#2448=EDGE_CURVE('',#221,#193,#2451,.F.);
#2449=EDGE_CURVE('',#193,#191,#2452,.T.);
#2450=EDGE_CURVE('',#191,#221,#2453,.T.);
#2451=LINE('',#220,#2454);
#2452=LINE('',#192,#2455);
#2453=LINE('',#190,#2456);
#2454=VECTOR('',#2457,1.0);
#2455=VECTOR('',#2458,1.0);
#2456=VECTOR('',#2459,1.0);
#2457=DIRECTION('',(0.05061502976113153,-0.0576532104013016,0.9970527699639088));
#2458=DIRECTION('',(-0.6597474326431697,0.7514874084911511,0));
#2459=DIRECTION('',(0,0,-1));
#2460=FACE_SURFACE('',(#2465),#2461,.T.);
#2461=PLANE('',#2462);
#2462=AXIS2_PLACEMENT_3D('',#234,#2463,#2464);
#2463=DIRECTION('',(-0.6597474326431697,-0.7514874084911511,0));
#2464=DIRECTION('',(0,0,1));
#2465=FACE_BOUND('',#2466,.T.);
#2466=EDGE_LOOP('',(#2467,#2468,#2469));
#2467=ORIENTED_EDGE('',*,*,#2470,.T.);
#2468=ORIENTED_EDGE('',*,*,#2471,.T.);
#2469=ORIENTED_EDGE('',*,*,#2472,.T.);
#2470=EDGE_CURVE('',#235,#195,#2473,.F.);
#2471=EDGE_CURVE('',#195,#193,#2474,.T.);
#2472=EDGE_CURVE('',#193,#235,#2475,.T.);
#2473=LINE('',#234,#2476);
#2474=LINE('',#194,#2477);
#2475=LINE('',#192,#2478);
#2476=VECTOR('',#2479,1.0);
#2477=VECTOR('',#2480,1.0);
#2478=VECTOR('',#2481,1.0);
#2479=DIRECTION('',(0,0,1));
#2480=DIRECTION('',(-0.7514874084911511,0.6597474326431697,0));
#2481=DIRECTION('',(0.0576532104013016,-0.05061502976113153,-0.9970527699639088));
#2482=FACE_SURFACE('',(#2487),#2483,.T.);
#2483=PLANE('',#2484);
#2484=AXIS2_PLACEMENT_3D('',#234,#2485,#2486);
#2485=DIRECTION('',(-0.6597474326431697,-0.7514874084911511,0));
#2486=DIRECTION('',(-0.0576532104013016,0.05061502976113153,0.9970527699639088));
#2487=FACE_BOUND('',#2488,.T.);
#2488=EDGE_LOOP('',(#2489,#2490,#2491));
#2489=ORIENTED_EDGE('',*,*,#2492,.T.);
#2490=ORIENTED_EDGE('',*,*,#2493,.T.);
#2491=ORIENTED_EDGE('',*,*,#2494,.T.);
#2492=EDGE_CURVE('',#235,#193,#2495,.F.);
#2493=EDGE_CURVE('',#193,#233,#2496,.T.);
#2494=EDGE_CURVE('',#233,#235,#2497,.T.);
#2495=LINE('',#234,#2498);
#2496=LINE('',#192,#2499);
#2497=LINE('',#232,#2500);
#2498=VECTOR('',#2501,1.0);
#2499=VECTOR('',#2502,1.0);
#2500=VECTOR('',#2503,1.0);
#2501=DIRECTION('',(-0.0576532104013016,0.05061502976113153,0.9970527699639088));
#2502=DIRECTION('',(0,0,-1));
#2503=DIRECTION('',(0.7514874084911511,-0.6597474326431697,0));
#2504=FACE_SURFACE('',(#2509),#2505,.T.);
#2505=PLANE('',#2506);
#2506=AXIS2_PLACEMENT_3D('',#236,#2507,#2508);
#2507=DIRECTION('',(-0,0,-1));
#2508=DIRECTION('',(-0.5563233425683655,-0.8309659069501956,0));
#2509=FACE_BOUND('',#2510,.T.);
#2510=EDGE_LOOP('',(#2511,#2512,#2513));
#2511=ORIENTED_EDGE('',*,*,#2514,.T.);
#2512=ORIENTED_EDGE('',*,*,#2515,.T.);
#2513=ORIENTED_EDGE('',*,*,#2516,.T.);
#2514=EDGE_CURVE('',#237,#213,#2517,.F.);
#2515=EDGE_CURVE('',#213,#91,#2518,.T.);
#2516=EDGE_CURVE('',#91,#237,#2519,.T.);
#2517=LINE('',#236,#2520);
#2518=LINE('',#212,#2521);
#2519=LINE('',#90,#2522);
#2520=VECTOR('',#2523,1.0);
#2521=VECTOR('',#2524,1.0);
#2522=VECTOR('',#2525,1.0);
#2523=DIRECTION('',(-0.5563233425683655,-0.8309659069501956,0));
#2524=DIRECTION('',(-0.10447957240636305,0.99452703278985,0));
#2525=DIRECTION('',(0.10844223101541771,-0.994102752502174,0));
#2526=FACE_SURFACE('',(#2531),#2527,.T.);
#2527=PLANE('',#2528);
#2528=AXIS2_PLACEMENT_3D('',#96,#2529,#2530);
#2529=DIRECTION('',(0,0,-1));
#2530=DIRECTION('',(0.5531695071410787,0.8330687224769011,0));
#2531=FACE_BOUND('',#2532,.T.);
#2532=EDGE_LOOP('',(#2533,#2534,#2535));
#2533=ORIENTED_EDGE('',*,*,#2536,.T.);
#2534=ORIENTED_EDGE('',*,*,#2537,.T.);
#2535=ORIENTED_EDGE('',*,*,#2538,.T.);
#2536=EDGE_CURVE('',#97,#95,#2539,.F.);
#2537=EDGE_CURVE('',#95,#109,#2540,.T.);
#2538=EDGE_CURVE('',#109,#97,#2541,.T.);
#2539=LINE('',#96,#2542);
#2540=LINE('',#94,#2543);
#2541=LINE('',#108,#2544);
#2542=VECTOR('',#2545,1.0);
#2543=VECTOR('',#2546,1.0);
#2544=VECTOR('',#2547,1.0);
#2545=DIRECTION('',(0.5531695071410787,0.8330687224769011,0));
#2546=DIRECTION('',(-0.5000603226568506,-0.8659905736809879,0));
#2547=DIRECTION('',(-0.8967690218667381,0.4424989507560144,0));
#2548=FACE_SURFACE('',(#2553),#2549,.T.);
#2549=PLANE('',#2550);
#2550=AXIS2_PLACEMENT_3D('',#238,#2551,#2552);
#2551=DIRECTION('',(-0.5550568520398702,-0.8318124133502635,0));
#2552=DIRECTION('',(0,0,1));
#2553=FACE_BOUND('',#2554,.T.);
#2554=EDGE_LOOP('',(#2555,#2556,#2557));
#2555=ORIENTED_EDGE('',*,*,#2558,.T.);
#2556=ORIENTED_EDGE('',*,*,#2559,.T.);
#2557=ORIENTED_EDGE('',*,*,#2560,.T.);
#2558=EDGE_CURVE('',#239,#197,#2561,.F.);
#2559=EDGE_CURVE('',#197,#195,#2562,.T.);
#2560=EDGE_CURVE('',#195,#239,#2563,.T.);
#2561=LINE('',#238,#2564);
#2562=LINE('',#196,#2565);
#2563=LINE('',#194,#2566);
#2564=VECTOR('',#2567,1.0);
#2565=VECTOR('',#2568,1.0);
#2566=VECTOR('',#2569,1.0);
#2567=DIRECTION('',(0,0,1));
#2568=DIRECTION('',(-0.8318124133502635,0.5550568520398701,0));
#2569=DIRECTION('',(0.06381125294923834,-0.04258036141113678,-0.997053176525277));
#2570=FACE_SURFACE('',(#2575),#2571,.T.);
#2571=PLANE('',#2572);
#2572=AXIS2_PLACEMENT_3D('',#238,#2573,#2574);
#2573=DIRECTION('',(-0.5550568520398702,-0.8318124133502635,0));
#2574=DIRECTION('',(-0.06381125294923834,0.04258036141113678,0.997053176525277));
#2575=FACE_BOUND('',#2576,.T.);
#2576=EDGE_LOOP('',(#2577,#2578,#2579));
#2577=ORIENTED_EDGE('',*,*,#2580,.T.);
#2578=ORIENTED_EDGE('',*,*,#2581,.T.);
#2579=ORIENTED_EDGE('',*,*,#2582,.T.);
#2580=EDGE_CURVE('',#239,#195,#2583,.F.);
#2581=EDGE_CURVE('',#195,#235,#2584,.T.);
#2582=EDGE_CURVE('',#235,#239,#2585,.T.);
#2583=LINE('',#238,#2586);
#2584=LINE('',#194,#2587);
#2585=LINE('',#234,#2588);
#2586=VECTOR('',#2589,1.0);
#2587=VECTOR('',#2590,1.0);
#2588=VECTOR('',#2591,1.0);
#2589=DIRECTION('',(-0.06381125294923834,0.04258036141113678,0.997053176525277));
#2590=DIRECTION('',(0,0,-1));
#2591=DIRECTION('',(0.8318124133502635,-0.5550568520398701,0));
#2592=FACE_SURFACE('',(#2597),#2593,.T.);
#2593=PLANE('',#2594);
#2594=AXIS2_PLACEMENT_3D('',#240,#2595,#2596);
#2595=DIRECTION('',(-0.44261879834732065,-0.8967098746805312,0));
#2596=DIRECTION('',(0,0,1));
#2597=FACE_BOUND('',#2598,.T.);
#2598=EDGE_LOOP('',(#2599,#2600,#2601));
#2599=ORIENTED_EDGE('',*,*,#2602,.T.);
#2600=ORIENTED_EDGE('',*,*,#2603,.T.);
#2601=ORIENTED_EDGE('',*,*,#2604,.T.);
#2602=EDGE_CURVE('',#241,#199,#2605,.F.);
#2603=EDGE_CURVE('',#199,#197,#2606,.T.);
#2604=EDGE_CURVE('',#197,#241,#2607,.T.);
#2605=LINE('',#240,#2608);
#2606=LINE('',#198,#2609);
#2607=LINE('',#196,#2610);
#2608=VECTOR('',#2611,1.0);
#2609=VECTOR('',#2612,1.0);
#2610=VECTOR('',#2613,1.0);
#2611=DIRECTION('',(0,0,1));
#2612=DIRECTION('',(-0.8967098746805312,0.44261879834732065,0));
#2613=DIRECTION('',(0.06879642570162742,-0.03395813086757143,-0.9970526050107191));
#2614=FACE_SURFACE('',(#2619),#2615,.T.);
#2615=PLANE('',#2616);
#2616=AXIS2_PLACEMENT_3D('',#240,#2617,#2618);
#2617=DIRECTION('',(-0.44261879834732065,-0.8967098746805312,0));
#2618=DIRECTION('',(-0.06879642570162742,0.03395813086757143,0.9970526050107191));
#2619=FACE_BOUND('',#2620,.T.);
#2620=EDGE_LOOP('',(#2621,#2622,#2623));
#2621=ORIENTED_EDGE('',*,*,#2624,.T.);
#2622=ORIENTED_EDGE('',*,*,#2625,.T.);
#2623=ORIENTED_EDGE('',*,*,#2626,.T.);
#2624=EDGE_CURVE('',#241,#197,#2627,.F.);
#2625=EDGE_CURVE('',#197,#239,#2628,.T.);
#2626=EDGE_CURVE('',#239,#241,#2629,.T.);
#2627=LINE('',#240,#2630);
#2628=LINE('',#196,#2631);
#2629=LINE('',#238,#2632);
#2630=VECTOR('',#2633,1.0);
#2631=VECTOR('',#2634,1.0);
#2632=VECTOR('',#2635,1.0);
#2633=DIRECTION('',(-0.06879642570162742,0.03395813086757143,0.9970526050107191));
#2634=DIRECTION('',(0,0,-1));
#2635=DIRECTION('',(0.8967098746805312,-0.44261879834732065,0));
#2636=FACE_SURFACE('',(#2641),#2637,.T.);
#2637=PLANE('',#2638);
#2638=AXIS2_PLACEMENT_3D('',#242,#2639,#2640);
#2639=DIRECTION('',(-0,0,-1));
#2640=DIRECTION('',(-0.946786291482897,-0.3218628873605388,0));
#2641=FACE_BOUND('',#2642,.T.);
#2642=EDGE_LOOP('',(#2643,#2644,#2645));
#2643=ORIENTED_EDGE('',*,*,#2646,.T.);
#2644=ORIENTED_EDGE('',*,*,#2647,.T.);
#2645=ORIENTED_EDGE('',*,*,#2648,.T.);
#2646=EDGE_CURVE('',#243,#245,#2649,.F.);
#2647=EDGE_CURVE('',#245,#247,#2650,.T.);
#2648=EDGE_CURVE('',#247,#243,#2651,.T.);
#2649=LINE('',#242,#2652);
#2650=LINE('',#244,#2653);
#2651=LINE('',#246,#2654);
#2652=VECTOR('',#2655,1.0);
#2653=VECTOR('',#2656,1.0);
#2654=VECTOR('',#2657,1.0);
#2655=DIRECTION('',(-0.946786291482897,-0.3218628873605388,0));
#2656=DIRECTION('',(-0.38265733490948367,0.9238903419995098,0));
#2657=DIRECTION('',(0.43971486770128937,-0.8981374255215275,0));
#2658=FACE_SURFACE('',(#2663),#2659,.T.);
#2659=PLANE('',#2660);
#2660=AXIS2_PLACEMENT_3D('',#248,#2661,#2662);
#2661=DIRECTION('',(0,0,-1));
#2662=DIRECTION('',(0.9808149524997117,0.19494109098132262,0));
#2663=FACE_BOUND('',#2664,.T.);
#2664=EDGE_LOOP('',(#2665,#2666,#2667));
#2665=ORIENTED_EDGE('',*,*,#2668,.T.);
#2666=ORIENTED_EDGE('',*,*,#2669,.T.);
#2667=ORIENTED_EDGE('',*,*,#2670,.T.);
#2668=EDGE_CURVE('',#249,#227,#2671,.F.);
#2669=EDGE_CURVE('',#227,#225,#2672,.T.);
#2670=EDGE_CURVE('',#225,#249,#2673,.T.);
#2671=LINE('',#248,#2674);
#2672=LINE('',#226,#2675);
#2673=LINE('',#224,#2676);
#2674=VECTOR('',#2677,1.0);
#2675=VECTOR('',#2678,1.0);
#2676=VECTOR('',#2679,1.0);
#2677=DIRECTION('',(0.9808149524997117,0.19494109098132262,0));
#2678=DIRECTION('',(0.13043492061871625,-0.9914568732341257,0));
#2679=DIRECTION('',(-0.31865679743152886,0.9478701627600067,0));
#2680=FACE_SURFACE('',(#2685),#2681,.T.);
#2681=PLANE('',#2682);
#2682=AXIS2_PLACEMENT_3D('',#250,#2683,#2684);
#2683=DIRECTION('',(-0.3210366214920088,-0.9470667809932922,0));
#2684=DIRECTION('',(0,0,1));
#2685=FACE_BOUND('',#2686,.T.);
#2686=EDGE_LOOP('',(#2687,#2688,#2689));
#2687=ORIENTED_EDGE('',*,*,#2690,.T.);
#2688=ORIENTED_EDGE('',*,*,#2691,.T.);
#2689=ORIENTED_EDGE('',*,*,#2692,.T.);
#2690=EDGE_CURVE('',#251,#201,#2693,.F.);
#2691=EDGE_CURVE('',#201,#199,#2694,.T.);
#2692=EDGE_CURVE('',#199,#251,#2695,.T.);
#2693=LINE('',#250,#2696);
#2694=LINE('',#200,#2697);
#2695=LINE('',#198,#2698);
#2696=VECTOR('',#2699,1.0);
#2697=VECTOR('',#2700,1.0);
#2698=VECTOR('',#2701,1.0);
#2699=DIRECTION('',(0,0,1));
#2700=DIRECTION('',(-0.9470667809932923,0.32103662149200884,0));
#2701=DIRECTION('',(0.072667846923795,-0.024632940924235458,-0.9970519556396663));
#2702=FACE_SURFACE('',(#2707),#2703,.T.);
#2703=PLANE('',#2704);
#2704=AXIS2_PLACEMENT_3D('',#250,#2705,#2706);
#2705=DIRECTION('',(-0.3210366214920088,-0.9470667809932922,0));
#2706=DIRECTION('',(-0.072667846923795,0.024632940924235458,0.9970519556396663));
#2707=FACE_BOUND('',#2708,.T.);
#2708=EDGE_LOOP('',(#2709,#2710,#2711));
#2709=ORIENTED_EDGE('',*,*,#2712,.T.);
#2710=ORIENTED_EDGE('',*,*,#2713,.T.);
#2711=ORIENTED_EDGE('',*,*,#2714,.T.);
#2712=EDGE_CURVE('',#251,#199,#2715,.F.);
#2713=EDGE_CURVE('',#199,#241,#2716,.T.);
#2714=EDGE_CURVE('',#241,#251,#2717,.T.);
#2715=LINE('',#250,#2718);
#2716=LINE('',#198,#2719);
#2717=LINE('',#240,#2720);
#2718=VECTOR('',#2721,1.0);
#2719=VECTOR('',#2722,1.0);
#2720=VECTOR('',#2723,1.0);
#2721=DIRECTION('',(-0.072667846923795,0.024632940924235458,0.9970519556396663));
#2722=DIRECTION('',(0,0,-1));
#2723=DIRECTION('',(0.9470667809932923,-0.32103662149200884,0));
#2724=FACE_SURFACE('',(#2729),#2725,.T.);
#2725=PLANE('',#2726);
#2726=AXIS2_PLACEMENT_3D('',#252,#2727,#2728);
#2727=DIRECTION('',(-0.1949438963843187,-0.9808143949099135,0));
#2728=DIRECTION('',(0,0,1));
#2729=FACE_BOUND('',#2730,.T.);
#2730=EDGE_LOOP('',(#2731,#2732,#2733));
#2731=ORIENTED_EDGE('',*,*,#2734,.T.);
#2732=ORIENTED_EDGE('',*,*,#2735,.T.);
#2733=ORIENTED_EDGE('',*,*,#2736,.T.);
#2734=EDGE_CURVE('',#253,#177,#2737,.F.);
#2735=EDGE_CURVE('',#177,#201,#2738,.T.);
#2736=EDGE_CURVE('',#201,#253,#2739,.T.);
#2737=LINE('',#252,#2740);
#2738=LINE('',#176,#2741);
#2739=LINE('',#200,#2742);
#2740=VECTOR('',#2743,1.0);
#2741=VECTOR('',#2744,1.0);
#2742=VECTOR('',#2745,1.0);
#2743=DIRECTION('',(0,0,1));
#2744=DIRECTION('',(-0.9808143949099136,0.1949438963843187,0));
#2745=DIRECTION('',(0.07524798438975201,-0.014956076652353767,-0.9970526849752969));
#2746=FACE_SURFACE('',(#2751),#2747,.T.);
#2747=PLANE('',#2748);
#2748=AXIS2_PLACEMENT_3D('',#252,#2749,#2750);
#2749=DIRECTION('',(-0.1949438963843187,-0.9808143949099135,0));
#2750=DIRECTION('',(-0.07524798438975201,0.014956076652353767,0.9970526849752969));
#2751=FACE_BOUND('',#2752,.T.);
#2752=EDGE_LOOP('',(#2753,#2754,#2755));
#2753=ORIENTED_EDGE('',*,*,#2756,.T.);
#2754=ORIENTED_EDGE('',*,*,#2757,.T.);
#2755=ORIENTED_EDGE('',*,*,#2758,.T.);
#2756=EDGE_CURVE('',#253,#201,#2759,.F.);
#2757=EDGE_CURVE('',#201,#251,#2760,.T.);
#2758=EDGE_CURVE('',#251,#253,#2761,.T.);
#2759=LINE('',#252,#2762);
#2760=LINE('',#200,#2763);
#2761=LINE('',#250,#2764);
#2762=VECTOR('',#2765,1.0);
#2763=VECTOR('',#2766,1.0);
#2764=VECTOR('',#2767,1.0);
#2765=DIRECTION('',(-0.07524798438975201,0.014956076652353767,0.9970526849752969));
#2766=DIRECTION('',(0,0,-1));
#2767=DIRECTION('',(0.9808143949099136,-0.1949438963843187,0));
#2768=FACE_SURFACE('',(#2773),#2769,.T.);
#2769=PLANE('',#2770);
#2770=AXIS2_PLACEMENT_3D('',#252,#2771,#2772);
#2771=DIRECTION('',(-0.06575661894339951,-0.9978356914167446,0));
#2772=DIRECTION('',(0.9978356914167446,-0.06575661894339951,0));
#2773=FACE_BOUND('',#2774,.T.);
#2774=EDGE_LOOP('',(#2775,#2776,#2777));
#2775=ORIENTED_EDGE('',*,*,#2778,.T.);
#2776=ORIENTED_EDGE('',*,*,#2779,.T.);
#2777=ORIENTED_EDGE('',*,*,#2780,.T.);
#2778=EDGE_CURVE('',#253,#83,#2781,.F.);
#2779=EDGE_CURVE('',#83,#177,#2782,.T.);
#2780=EDGE_CURVE('',#177,#253,#2783,.T.);
#2781=LINE('',#252,#2784);
#2782=LINE('',#82,#2785);
#2783=LINE('',#176,#2786);
#2784=VECTOR('',#2787,1.0);
#2785=VECTOR('',#2788,1.0);
#2786=VECTOR('',#2789,1.0);
#2787=DIRECTION('',(0.9978356914167446,-0.06575661894339951,0));
#2788=DIRECTION('',(-0.07653856452382625,0.005043833634295258,0.9970538640830302));
#2789=DIRECTION('',(0,0,-1));
#2790=FACE_SURFACE('',(#2795),#2791,.T.);
#2791=PLANE('',#2792);
#2792=AXIS2_PLACEMENT_3D('',#80,#2793,#2794);
#2793=DIRECTION('',(-0.06575661894339951,-0.9978356914167446,-0));
#2794=DIRECTION('',(-0.9978356914167446,0.06575661894339951,0));
#2795=FACE_BOUND('',#2796,.T.);
#2796=EDGE_LOOP('',(#2797,#2798,#2799));
#2797=ORIENTED_EDGE('',*,*,#2800,.T.);
#2798=ORIENTED_EDGE('',*,*,#2801,.T.);
#2799=ORIENTED_EDGE('',*,*,#2802,.T.);
#2800=EDGE_CURVE('',#81,#177,#2803,.F.);
#2801=EDGE_CURVE('',#177,#83,#2804,.T.);
#2802=EDGE_CURVE('',#83,#81,#2805,.T.);
#2803=LINE('',#80,#2806);
#2804=LINE('',#176,#2807);
#2805=LINE('',#82,#2808);
#2806=VECTOR('',#2809,1.0);
#2807=VECTOR('',#2810,1.0);
#2808=VECTOR('',#2811,1.0);
#2809=DIRECTION('',(-0.9978356914167446,0.06575661894339951,0));
#2810=DIRECTION('',(0.07653856452382625,-0.005043833634295258,-0.9970538640830302));
#2811=DIRECTION('',(0,0,1));
#2812=FACE_SURFACE('',(#2817),#2813,.T.);
#2813=PLANE('',#2814);
#2814=AXIS2_PLACEMENT_3D('',#254,#2815,#2816);
#2815=DIRECTION('',(0.9807610784470354,-0.19521195404843475,0));
#2816=DIRECTION('',(-0.008292526168644636,-0.04166234054597021,-0.999097334292297));
#2817=FACE_BOUND('',#2818,.T.);
#2818=EDGE_LOOP('',(#2819,#2820,#2821));
#2819=ORIENTED_EDGE('',*,*,#2822,.T.);
#2820=ORIENTED_EDGE('',*,*,#2823,.T.);
#2821=ORIENTED_EDGE('',*,*,#2824,.T.);
#2822=EDGE_CURVE('',#255,#257,#2825,.F.);
#2823=EDGE_CURVE('',#257,#259,#2826,.T.);
#2824=EDGE_CURVE('',#259,#255,#2827,.T.);
#2825=LINE('',#254,#2828);
#2826=LINE('',#256,#2829);
#2827=LINE('',#258,#2830);
#2828=VECTOR('',#2831,1.0);
#2829=VECTOR('',#2832,1.0);
#2830=VECTOR('',#2833,1.0);
#2831=DIRECTION('',(-0.008292526168644636,-0.04166234054597021,-0.999097334292297));
#2832=DIRECTION('',(0.19521195404843472,0.9807610784470353,0));
#2833=DIRECTION('',(0,0,1));
#2834=FACE_SURFACE('',(#2839),#2835,.T.);
#2835=PLANE('',#2836);
#2836=AXIS2_PLACEMENT_3D('',#260,#2837,#2838);
#2837=DIRECTION('',(0,0,-1));
#2838=DIRECTION('',(0.60873665756772,0.7933723474720306,0));
#2839=FACE_BOUND('',#2840,.T.);
#2840=EDGE_LOOP('',(#2841,#2842,#2843));
#2841=ORIENTED_EDGE('',*,*,#2844,.T.);
#2842=ORIENTED_EDGE('',*,*,#2845,.T.);
#2843=ORIENTED_EDGE('',*,*,#2846,.T.);
#2844=EDGE_CURVE('',#261,#107,#2847,.F.);
#2845=EDGE_CURVE('',#107,#113,#2848,.T.);
#2846=EDGE_CURVE('',#113,#261,#2849,.T.);
#2847=LINE('',#260,#2850);
#2848=LINE('',#106,#2851);
#2849=LINE('',#112,#2852);
#2850=VECTOR('',#2853,1.0);
#2851=VECTOR('',#2854,1.0);
#2852=VECTOR('',#2855,1.0);
#2853=DIRECTION('',(0.60873665756772,0.7933723474720306,0));
#2854=DIRECTION('',(-0.5579593954590173,-0.8298682503982232,0));
#2855=DIRECTION('',(-0.7525755832038533,0.6585058781555257,0));
#2856=FACE_SURFACE('',(#2861),#2857,.T.);
#2857=PLANE('',#2858);
#2858=AXIS2_PLACEMENT_3D('',#254,#2859,#2860);
#2859=DIRECTION('',(0.9467867556946918,-0.3218615218399364,0));
#2860=DIRECTION('',(0,0,-1));
#2861=FACE_BOUND('',#2862,.T.);
#2862=EDGE_LOOP('',(#2863,#2864,#2865));
#2863=ORIENTED_EDGE('',*,*,#2866,.T.);
#2864=ORIENTED_EDGE('',*,*,#2867,.T.);
#2865=ORIENTED_EDGE('',*,*,#2868,.T.);
#2866=EDGE_CURVE('',#255,#259,#2869,.F.);
#2867=EDGE_CURVE('',#259,#263,#2870,.T.);
#2868=EDGE_CURVE('',#263,#255,#2871,.T.);
#2869=LINE('',#254,#2872);
#2870=LINE('',#258,#2873);
#2871=LINE('',#262,#2874);
#2872=VECTOR('',#2875,1.0);
#2873=VECTOR('',#2876,1.0);
#2874=VECTOR('',#2877,1.0);
#2875=DIRECTION('',(0,0,-1));
#2876=DIRECTION('',(0.32186152183993644,0.9467867556946918,0));
#2877=DIRECTION('',(-0.013687709693838089,-0.04026372018574032,0.9990953305066248));
#2878=FACE_SURFACE('',(#2883),#2879,.T.);
#2879=PLANE('',#2880);
#2880=AXIS2_PLACEMENT_3D('',#264,#2881,#2882);
#2881=DIRECTION('',(0,0,-1));
#2882=DIRECTION('',(-0.6585084187126559,0.7525733602012215,0));
#2883=FACE_BOUND('',#2884,.T.);
#2884=EDGE_LOOP('',(#2885,#2886,#2887));
#2885=ORIENTED_EDGE('',*,*,#2888,.T.);
#2886=ORIENTED_EDGE('',*,*,#2889,.T.);
#2887=ORIENTED_EDGE('',*,*,#2890,.T.);
#2888=EDGE_CURVE('',#265,#113,#2891,.F.);
#2889=EDGE_CURVE('',#113,#115,#2892,.T.);
#2890=EDGE_CURVE('',#115,#265,#2893,.T.);
#2891=LINE('',#264,#2894);
#2892=LINE('',#112,#2895);
#2893=LINE('',#114,#2896);
#2894=VECTOR('',#2897,1.0);
#2895=VECTOR('',#2898,1.0);
#2896=VECTOR('',#2899,1.0);
#2897=DIRECTION('',(-0.6585084187126559,0.7525733602012215,0));
#2898=DIRECTION('',(0.8298682503982232,0.5579593954590173,0));
#2899=DIRECTION('',(-0.793372242737961,-0.6087367940686171,0));
#2900=FACE_SURFACE('',(#2905),#2901,.T.);
#2901=PLANE('',#2902);
#2902=AXIS2_PLACEMENT_3D('',#266,#2903,#2904);
#2903=DIRECTION('',(0,0,-1));
#2904=DIRECTION('',(-0.5563233425683655,0.8309659069501956,0));
#2905=FACE_BOUND('',#2906,.T.);
#2906=EDGE_LOOP('',(#2907,#2908,#2909));
#2907=ORIENTED_EDGE('',*,*,#2910,.T.);
#2908=ORIENTED_EDGE('',*,*,#2911,.T.);
#2909=ORIENTED_EDGE('',*,*,#2912,.T.);
#2910=EDGE_CURVE('',#267,#265,#2913,.F.);
#2911=EDGE_CURVE('',#265,#115,#2914,.T.);
#2912=EDGE_CURVE('',#115,#267,#2915,.T.);
#2913=LINE('',#266,#2916);
#2914=LINE('',#264,#2917);
#2915=LINE('',#114,#2918);
#2916=VECTOR('',#2919,1.0);
#2917=VECTOR('',#2920,1.0);
#2918=VECTOR('',#2921,1.0);
#2919=DIRECTION('',(-0.5563233425683655,0.8309659069501956,0));
#2920=DIRECTION('',(0.793372242737961,0.6087367940686171,0));
#2921=DIRECTION('',(-0.7536975584168083,-0.6572214165991108,0));
#2922=FACE_SURFACE('',(#2927),#2923,.T.);
#2923=PLANE('',#2924);
#2924=AXIS2_PLACEMENT_3D('',#268,#2925,#2926);
#2925=DIRECTION('',(-0,0,-1));
#2926=DIRECTION('',(-0.6585033375758821,-0.7525778062110414,0));
#2927=FACE_BOUND('',#2928,.T.);
#2928=EDGE_LOOP('',(#2929,#2930,#2931));
#2929=ORIENTED_EDGE('',*,*,#2932,.T.);
#2930=ORIENTED_EDGE('',*,*,#2933,.T.);
#2931=ORIENTED_EDGE('',*,*,#2934,.T.);
#2932=EDGE_CURVE('',#269,#237,#2935,.F.);
#2933=EDGE_CURVE('',#237,#91,#2936,.T.);
#2934=EDGE_CURVE('',#91,#269,#2937,.T.);
#2935=LINE('',#268,#2938);
#2936=LINE('',#236,#2939);
#2937=LINE('',#90,#2940);
#2938=VECTOR('',#2941,1.0);
#2939=VECTOR('',#2942,1.0);
#2940=VECTOR('',#2943,1.0);
#2941=DIRECTION('',(-0.6585033375758821,-0.7525778062110414,0));
#2942=DIRECTION('',(-0.10844223101541771,0.994102752502174,0));
#2943=DIRECTION('',(0.11300843284321083,-0.9935940288197799,0));
#2944=FACE_SURFACE('',(#2949),#2945,.T.);
#2945=PLANE('',#2946);
#2946=AXIS2_PLACEMENT_3D('',#56,#2947,#2948);
#2947=DIRECTION('',(0,1,0));
#2948=DIRECTION('',(0,0,-1));
#2949=FACE_BOUND('',#2950,.T.);
#2950=EDGE_LOOP('',(#2951,#2952,#2953));
#2951=ORIENTED_EDGE('',*,*,#2954,.T.);
#2952=ORIENTED_EDGE('',*,*,#2955,.T.);
#2953=ORIENTED_EDGE('',*,*,#2956,.T.);
#2954=EDGE_CURVE('',#57,#55,#2957,.F.);
#2955=EDGE_CURVE('',#55,#271,#2958,.T.);
#2956=EDGE_CURVE('',#271,#57,#2959,.T.);
#2957=LINE('',#56,#2960);
#2958=LINE('',#54,#2961);
#2959=LINE('',#270,#2962);
#2960=VECTOR('',#2963,1.0);
#2961=VECTOR('',#2964,1.0);
#2962=VECTOR('',#2965,1.0);
#2963=DIRECTION('',(0,0,-1));
#2964=DIRECTION('',(-1,0,0));
#2965=DIRECTION('',(0.6689647316224497,0,0.7432941462471664));
#2966=FACE_SURFACE('',(#2971),#2967,.T.);
#2967=PLANE('',#2968);
#2968=AXIS2_PLACEMENT_3D('',#56,#2969,#2970);
#2969=DIRECTION('',(0,1,0));
#2970=DIRECTION('',(-0.6689647316224497,0,-0.7432941462471664));
#2971=FACE_BOUND('',#2972,.T.);
#2972=EDGE_LOOP('',(#2973,#2974,#2975));
#2973=ORIENTED_EDGE('',*,*,#2976,.T.);
#2974=ORIENTED_EDGE('',*,*,#2977,.T.);
#2975=ORIENTED_EDGE('',*,*,#2978,.T.);
#2976=EDGE_CURVE('',#57,#271,#2979,.F.);
#2977=EDGE_CURVE('',#271,#273,#2980,.T.);
#2978=EDGE_CURVE('',#273,#57,#2981,.T.);
#2979=LINE('',#56,#2982);
#2980=LINE('',#270,#2983);
#2981=LINE('',#272,#2984);
#2982=VECTOR('',#2985,1.0);
#2983=VECTOR('',#2986,1.0);
#2984=VECTOR('',#2987,1.0);
#2985=DIRECTION('',(-0.6689647316224497,0,-0.7432941462471664));
#2986=DIRECTION('',(0,0,1));
#2987=DIRECTION('',(1,0,0));
#2988=FACE_SURFACE('',(#2993),#2989,.T.);
#2989=PLANE('',#2990);
#2990=AXIS2_PLACEMENT_3D('',#274,#2991,#2992);
#2991=DIRECTION('',(-0,0,-1));
#2992=DIRECTION('',(-0.8967672637615953,-0.4425025137166356,0));
#2993=FACE_BOUND('',#2994,.T.);
#2994=EDGE_LOOP('',(#2995,#2996,#2997));
#2995=ORIENTED_EDGE('',*,*,#2998,.T.);
#2996=ORIENTED_EDGE('',*,*,#2999,.T.);
#2997=ORIENTED_EDGE('',*,*,#3000,.T.);
#2998=EDGE_CURVE('',#275,#277,#3001,.F.);
#2999=EDGE_CURVE('',#277,#91,#3002,.T.);
#3000=EDGE_CURVE('',#91,#275,#3003,.T.);
#3001=LINE('',#274,#3004);
#3002=LINE('',#276,#3005);
#3003=LINE('',#90,#3006);
#3004=VECTOR('',#3007,1.0);
#3005=VECTOR('',#3008,1.0);
#3006=VECTOR('',#3009,1.0);
#3007=DIRECTION('',(-0.8967672637615953,-0.4425025137166356,0));
#3008=DIRECTION('',(-0.12368751889872731,0.9923212169800044,0));
#3009=DIRECTION('',(0.12957958398662184,-0.991569025037518,0));
#3010=FACE_SURFACE('',(#3015),#3011,.T.);
#3011=PLANE('',#3012);
#3012=AXIS2_PLACEMENT_3D('',#278,#3013,#3014);
#3013=DIRECTION('',(0,0,-1));
#3014=DIRECTION('',(-0.11812294109095493,0.9929989782411777,0));
#3015=FACE_BOUND('',#3016,.T.);
#3016=EDGE_LOOP('',(#3017,#3018,#3019));
#3017=ORIENTED_EDGE('',*,*,#3020,.T.);
#3018=ORIENTED_EDGE('',*,*,#3021,.T.);
#3019=ORIENTED_EDGE('',*,*,#3022,.T.);
#3020=EDGE_CURVE('',#279,#91,#3023,.F.);
#3021=EDGE_CURVE('',#91,#277,#3024,.T.);
#3022=EDGE_CURVE('',#277,#279,#3025,.T.);
#3023=LINE('',#278,#3026);
#3024=LINE('',#90,#3027);
#3025=LINE('',#276,#3028);
#3026=VECTOR('',#3029,1.0);
#3027=VECTOR('',#3030,1.0);
#3028=VECTOR('',#3031,1.0);
#3029=DIRECTION('',(-0.11812294109095493,0.9929989782411777,0));
#3030=DIRECTION('',(0.12368751889872731,-0.9923212169800044,0));
#3031=DIRECTION('',(-0.8309686782890312,-0.5563192030683289,0));
#3032=FACE_SURFACE('',(#3037),#3033,.T.);
#3033=PLANE('',#3034);
#3034=AXIS2_PLACEMENT_3D('',#280,#3035,#3036);
#3035=DIRECTION('',(0,0,-1));
#3036=DIRECTION('',(-0.793372242737961,0.6087367940686171,0));
#3037=FACE_BOUND('',#3038,.T.);
#3038=EDGE_LOOP('',(#3039,#3040,#3041));
#3039=ORIENTED_EDGE('',*,*,#3042,.T.);
#3040=ORIENTED_EDGE('',*,*,#3043,.T.);
#3041=ORIENTED_EDGE('',*,*,#3044,.T.);
#3042=EDGE_CURVE('',#281,#283,#3045,.F.);
#3043=EDGE_CURVE('',#283,#285,#3046,.T.);
#3044=EDGE_CURVE('',#285,#281,#3047,.T.);
#3045=LINE('',#280,#3048);
#3046=LINE('',#282,#3049);
#3047=LINE('',#284,#3050);
#3048=VECTOR('',#3051,1.0);
#3049=VECTOR('',#3052,1.0);
#3050=VECTOR('',#3053,1.0);
#3051=DIRECTION('',(-0.793372242737961,0.6087367940686171,0));
#3052=DIRECTION('',(0.8298680754707729,-0.5579596556333043,0));
#3053=DIRECTION('',(-0.6585033375758821,-0.7525778062110414,0));
#3054=FACE_SURFACE('',(#3059),#3055,.T.);
#3055=PLANE('',#3056);
#3056=AXIS2_PLACEMENT_3D('',#274,#3057,#3058);
#3057=DIRECTION('',(0,0,-1));
#3058=DIRECTION('',(-0.12957958398662184,0.991569025037518,0));
#3059=FACE_BOUND('',#3060,.T.);
#3060=EDGE_LOOP('',(#3061,#3062,#3063));
#3061=ORIENTED_EDGE('',*,*,#3064,.T.);
#3062=ORIENTED_EDGE('',*,*,#3065,.T.);
#3063=ORIENTED_EDGE('',*,*,#3066,.T.);
#3064=EDGE_CURVE('',#275,#91,#3067,.F.);
#3065=EDGE_CURVE('',#91,#287,#3068,.T.);
#3066=EDGE_CURVE('',#287,#275,#3069,.T.);
#3067=LINE('',#274,#3070);
#3068=LINE('',#90,#3071);
#3069=LINE('',#286,#3072);
#3070=VECTOR('',#3073,1.0);
#3071=VECTOR('',#3074,1.0);
#3072=VECTOR('',#3075,1.0);
#3073=DIRECTION('',(-0.12957958398662184,0.991569025037518,0));
#3074=DIRECTION('',(0.13570961034156706,-0.9907486571582824,0));
#3075=DIRECTION('',(-0.9467890225088132,-0.3218548537101871,0));
#3076=FACE_SURFACE('',(#3081),#3077,.T.);
#3077=PLANE('',#3078);
#3078=AXIS2_PLACEMENT_3D('',#108,#3079,#3080);
#3079=DIRECTION('',(0,0,-1));
#3080=DIRECTION('',(0.6572212774370642,0.7536976797655631,0));
#3081=FACE_BOUND('',#3082,.T.);
#3082=EDGE_LOOP('',(#3083,#3084,#3085));
#3083=ORIENTED_EDGE('',*,*,#3086,.T.);
#3084=ORIENTED_EDGE('',*,*,#3087,.T.);
#3085=ORIENTED_EDGE('',*,*,#3088,.T.);
#3086=EDGE_CURVE('',#109,#107,#3089,.F.);
#3087=EDGE_CURVE('',#107,#261,#3090,.T.);
#3088=EDGE_CURVE('',#261,#109,#3091,.T.);
#3089=LINE('',#108,#3092);
#3090=LINE('',#106,#3093);
#3091=LINE('',#260,#3094);
#3092=VECTOR('',#3095,1.0);
#3093=VECTOR('',#3096,1.0);
#3094=VECTOR('',#3097,1.0);
#3095=DIRECTION('',(0.6572212774370642,0.7536976797655631,0));
#3096=DIRECTION('',(-0.60873665756772,-0.7933723474720306,0));
#3097=DIRECTION('',(-0.8309659069501956,0.5563233425683655,0));
#3098=FACE_SURFACE('',(#3103),#3099,.T.);
#3099=PLANE('',#3100);
#3100=AXIS2_PLACEMENT_3D('',#102,#3101,#3102);
#3101=DIRECTION('',(0,0,-1));
#3102=DIRECTION('',(0.43971441441503156,0.8981376474436676,0));
#3103=FACE_BOUND('',#3104,.T.);
#3104=EDGE_LOOP('',(#3105,#3106,#3107));
#3105=ORIENTED_EDGE('',*,*,#3108,.T.);
#3106=ORIENTED_EDGE('',*,*,#3109,.T.);
#3107=ORIENTED_EDGE('',*,*,#3110,.T.);
#3108=EDGE_CURVE('',#103,#99,#3111,.F.);
#3109=EDGE_CURVE('',#99,#97,#3112,.T.);
#3110=EDGE_CURVE('',#97,#103,#3113,.T.);
#3111=LINE('',#102,#3114);
#3112=LINE('',#98,#3115);
#3113=LINE('',#96,#3116);
#3114=VECTOR('',#3117,1.0);
#3115=VECTOR('',#3118,1.0);
#3116=VECTOR('',#3119,1.0);
#3117=DIRECTION('',(0.43971441441503156,0.8981376474436676,0));
#3118=DIRECTION('',(-0.38265733490948367,-0.9238903419995098,0));
#3119=DIRECTION('',(-0.9467853630415819,0.3218656184344952,0));
#3120=FACE_SURFACE('',(#3125),#3121,.T.);
#3121=PLANE('',#3122);
#3122=AXIS2_PLACEMENT_3D('',#224,#3123,#3124);
#3123=DIRECTION('',(-0,0,-1));
#3124=DIRECTION('',(-0.9807610784470353,-0.19521195404843472,0));
#3125=FACE_BOUND('',#3126,.T.);
#3126=EDGE_LOOP('',(#3127,#3128,#3129));
#3127=ORIENTED_EDGE('',*,*,#3130,.T.);
#3128=ORIENTED_EDGE('',*,*,#3131,.T.);
#3129=ORIENTED_EDGE('',*,*,#3132,.T.);
#3130=EDGE_CURVE('',#225,#243,#3133,.F.);
#3131=EDGE_CURVE('',#243,#249,#3134,.T.);
#3132=EDGE_CURVE('',#249,#225,#3135,.T.);
#3133=LINE('',#224,#3136);
#3134=LINE('',#242,#3137);
#3135=LINE('',#248,#3138);
#3136=VECTOR('',#3139,1.0);
#3137=VECTOR('',#3140,1.0);
#3138=VECTOR('',#3141,1.0);
#3139=DIRECTION('',(-0.9807610784470353,-0.19521195404843472,0));
#3140=DIRECTION('',(-0.25878718701382014,0.9659343620751225,0));
#3141=DIRECTION('',(0.31865679743152886,-0.9478701627600067,0));
#3142=FACE_SURFACE('',(#3147),#3143,.T.);
#3143=PLANE('',#3144);
#3144=AXIS2_PLACEMENT_3D('',#246,#3145,#3146);
#3145=DIRECTION('',(0,0,-1));
#3146=DIRECTION('',(0.9470658944421375,0.3210392368301953,0));
#3147=FACE_BOUND('',#3148,.T.);
#3148=EDGE_LOOP('',(#3149,#3150,#3151));
#3149=ORIENTED_EDGE('',*,*,#3152,.T.);
#3150=ORIENTED_EDGE('',*,*,#3153,.T.);
#3151=ORIENTED_EDGE('',*,*,#3154,.T.);
#3152=EDGE_CURVE('',#247,#249,#3155,.F.);
#3153=EDGE_CURVE('',#249,#243,#3156,.T.);
#3154=EDGE_CURVE('',#243,#247,#3157,.T.);
#3155=LINE('',#246,#3158);
#3156=LINE('',#248,#3159);
#3157=LINE('',#242,#3160);
#3158=VECTOR('',#3161,1.0);
#3159=VECTOR('',#3162,1.0);
#3160=VECTOR('',#3163,1.0);
#3161=DIRECTION('',(0.9470658944421375,0.3210392368301953,0));
#3162=DIRECTION('',(0.25878718701382014,-0.9659343620751225,0));
#3163=DIRECTION('',(-0.43971486770128937,0.8981374255215275,0));
#3164=FACE_SURFACE('',(#3169),#3165,.T.);
#3165=PLANE('',#3166);
#3166=AXIS2_PLACEMENT_3D('',#288,#3167,#3168);
#3167=DIRECTION('',(-0,0,-1));
#3168=DIRECTION('',(-0.9807610784470353,-0.19521195404843472,0));
#3169=FACE_BOUND('',#3170,.T.);
#3170=EDGE_LOOP('',(#3171,#3172,#3173));
#3171=ORIENTED_EDGE('',*,*,#3174,.T.);
#3172=ORIENTED_EDGE('',*,*,#3175,.T.);
#3173=ORIENTED_EDGE('',*,*,#3176,.T.);
#3174=EDGE_CURVE('',#289,#287,#3177,.F.);
#3175=EDGE_CURVE('',#287,#91,#3178,.T.);
#3176=EDGE_CURVE('',#91,#289,#3179,.T.);
#3177=LINE('',#288,#3180);
#3178=LINE('',#286,#3181);
#3179=LINE('',#90,#3182);
#3180=VECTOR('',#3183,1.0);
#3181=VECTOR('',#3184,1.0);
#3182=VECTOR('',#3185,1.0);
#3183=DIRECTION('',(-0.9807610784470353,-0.19521195404843472,0));
#3184=DIRECTION('',(-0.13570961034156706,0.9907486571582824,0));
#3185=DIRECTION('',(0.1419401306901444,-0.989875244310951,0));
#3186=FACE_SURFACE('',(#3191),#3187,.T.);
#3187=PLANE('',#3188);
#3188=AXIS2_PLACEMENT_3D('',#290,#3189,#3190);
#3189=DIRECTION('',(0.9978368083138174,-0.06573966819275852,0));
#3190=DIRECTION('',(0,0,1));
#3191=FACE_BOUND('',#3192,.T.);
#3192=EDGE_LOOP('',(#3193,#3194,#3195));
#3193=ORIENTED_EDGE('',*,*,#3196,.T.);
#3194=ORIENTED_EDGE('',*,*,#3197,.T.);
#3195=ORIENTED_EDGE('',*,*,#3198,.T.);
#3196=EDGE_CURVE('',#291,#121,#3199,.F.);
#3197=EDGE_CURVE('',#121,#293,#3200,.T.);
#3198=EDGE_CURVE('',#293,#291,#3201,.T.);
#3199=LINE('',#290,#3202);
#3200=LINE('',#120,#3203);
#3201=LINE('',#292,#3204);
#3202=VECTOR('',#3205,1.0);
#3203=VECTOR('',#3206,1.0);
#3204=VECTOR('',#3207,1.0);
#3205=DIRECTION('',(0,0,1));
#3206=DIRECTION('',(-0.001646534950325992,-0.02499211244560887,-0.9996862924128564));
#3207=DIRECTION('',(0.06573966819275853,0.9978368083138175,0));
#3208=FACE_SURFACE('',(#3213),#3209,.T.);
#3209=PLANE('',#3210);
#3210=AXIS2_PLACEMENT_3D('',#294,#3211,#3212);
#3211=DIRECTION('',(0,0,-1));
#3212=DIRECTION('',(0.7514874084911511,0.6597474326431697,0));
#3213=FACE_BOUND('',#3214,.T.);
#3214=EDGE_LOOP('',(#3215,#3216,#3217));
#3215=ORIENTED_EDGE('',*,*,#3218,.T.);
#3216=ORIENTED_EDGE('',*,*,#3219,.T.);
#3217=ORIENTED_EDGE('',*,*,#3220,.T.);
#3218=EDGE_CURVE('',#295,#297,#3221,.F.);
#3219=EDGE_CURVE('',#297,#285,#3222,.T.);
#3220=EDGE_CURVE('',#285,#295,#3223,.T.);
#3221=LINE('',#294,#3224);
#3222=LINE('',#296,#3225);
#3223=LINE('',#284,#3226);
#3224=VECTOR('',#3227,1.0);
#3225=VECTOR('',#3228,1.0);
#3226=VECTOR('',#3229,1.0);
#3227=DIRECTION('',(0.7514874084911511,0.6597474326431697,0));
#3228=DIRECTION('',(0.5579586215299205,-0.8298687707465747,0));
#3229=DIRECTION('',(-0.7071064984994826,0.7071070638734995,0));
#3230=FACE_SURFACE('',(#3235),#3231,.T.);
#3231=PLANE('',#3232);
#3232=AXIS2_PLACEMENT_3D('',#290,#3233,#3234);
#3233=DIRECTION('',(0.9807610784470354,-0.19521195404843475,0));
#3234=DIRECTION('',(0.19521195404843472,0.9807610784470353,0));
#3235=FACE_BOUND('',#3236,.T.);
#3236=EDGE_LOOP('',(#3237,#3238,#3239));
#3237=ORIENTED_EDGE('',*,*,#3240,.T.);
#3238=ORIENTED_EDGE('',*,*,#3241,.T.);
#3239=ORIENTED_EDGE('',*,*,#3242,.T.);
#3240=EDGE_CURVE('',#291,#217,#3243,.F.);
#3241=EDGE_CURVE('',#217,#121,#3244,.T.);
#3242=EDGE_CURVE('',#121,#291,#3245,.T.);
#3243=LINE('',#290,#3246);
#3244=LINE('',#216,#3247);
#3245=LINE('',#120,#3248);
#3246=VECTOR('',#3249,1.0);
#3247=VECTOR('',#3250,1.0);
#3248=VECTOR('',#3251,1.0);
#3249=DIRECTION('',(0.19521195404843472,0.9807610784470353,0));
#3250=DIRECTION('',(-0.004880837398097084,-0.024521732665483253,0.9996873821617315));
#3251=DIRECTION('',(0,0,-1));
#3252=FACE_SURFACE('',(#3257),#3253,.T.);
#3253=PLANE('',#3254);
#3254=AXIS2_PLACEMENT_3D('',#118,#3255,#3256);
#3255=DIRECTION('',(0.9807610784470354,-0.19521195404843475,0));
#3256=DIRECTION('',(-0.19521195404843472,-0.9807610784470353,0));
#3257=FACE_BOUND('',#3258,.T.);
#3258=EDGE_LOOP('',(#3259,#3260,#3261));
#3259=ORIENTED_EDGE('',*,*,#3262,.T.);
#3260=ORIENTED_EDGE('',*,*,#3263,.T.);
#3261=ORIENTED_EDGE('',*,*,#3264,.T.);
#3262=EDGE_CURVE('',#119,#121,#3265,.F.);
#3263=EDGE_CURVE('',#121,#217,#3266,.T.);
#3264=EDGE_CURVE('',#217,#119,#3267,.T.);
#3265=LINE('',#118,#3268);
#3266=LINE('',#120,#3269);
#3267=LINE('',#216,#3270);
#3268=VECTOR('',#3271,1.0);
#3269=VECTOR('',#3272,1.0);
#3270=VECTOR('',#3273,1.0);
#3271=DIRECTION('',(-0.19521195404843472,-0.9807610784470353,0));
#3272=DIRECTION('',(0.004880837398097084,0.024521732665483253,-0.9996873821617315));
#3273=DIRECTION('',(0,0,1));
#3274=FACE_SURFACE('',(#3279),#3275,.T.);
#3275=PLANE('',#3276);
#3276=AXIS2_PLACEMENT_3D('',#298,#3277,#3278);
#3277=DIRECTION('',(0,0,1));
#3278=DIRECTION('',(-0.7514861391324662,0.6597488785074056,0));
#3279=FACE_BOUND('',#3280,.T.);
#3280=EDGE_LOOP('',(#3281,#3282,#3283));
#3281=ORIENTED_EDGE('',*,*,#3284,.T.);
#3282=ORIENTED_EDGE('',*,*,#3285,.T.);
#3283=ORIENTED_EDGE('',*,*,#3286,.T.);
#3284=EDGE_CURVE('',#299,#301,#3287,.F.);
#3285=EDGE_CURVE('',#301,#303,#3288,.T.);
#3286=EDGE_CURVE('',#303,#299,#3289,.T.);
#3287=LINE('',#298,#3290);
#3288=LINE('',#300,#3291);
#3289=LINE('',#302,#3292);
#3290=VECTOR('',#3293,1.0);
#3291=VECTOR('',#3294,1.0);
#3292=VECTOR('',#3295,1.0);
#3293=DIRECTION('',(-0.7514861391324662,0.6597488785074056,0));
#3294=DIRECTION('',(-0.5579593954590173,-0.8298682503982232,0));
#3295=DIRECTION('',(0.7071067811865476,0.7071067811865476,0));
#3296=FACE_SURFACE('',(#3301),#3297,.T.);
#3297=PLANE('',#3298);
#3298=AXIS2_PLACEMENT_3D('',#304,#3299,#3300);
#3299=DIRECTION('',(-0,0,1));
#3300=DIRECTION('',(0.7525755832038533,-0.6585058781555257,0));
#3301=FACE_BOUND('',#3302,.T.);
#3302=EDGE_LOOP('',(#3303,#3304,#3305));
#3303=ORIENTED_EDGE('',*,*,#3306,.T.);
#3304=ORIENTED_EDGE('',*,*,#3307,.T.);
#3305=ORIENTED_EDGE('',*,*,#3308,.T.);
#3306=EDGE_CURVE('',#305,#303,#3309,.F.);
#3307=EDGE_CURVE('',#303,#301,#3310,.T.);
#3308=EDGE_CURVE('',#301,#305,#3311,.T.);
#3309=LINE('',#304,#3312);
#3310=LINE('',#302,#3313);
#3311=LINE('',#300,#3314);
#3312=VECTOR('',#3315,1.0);
#3313=VECTOR('',#3316,1.0);
#3314=VECTOR('',#3317,1.0);
#3315=DIRECTION('',(0.7525755832038533,-0.6585058781555257,0));
#3316=DIRECTION('',(0.5579593954590173,0.8298682503982232,0));
#3317=DIRECTION('',(-0.60873665756772,-0.7933723474720306,0));
#3318=FACE_SURFACE('',(#3323),#3319,.T.);
#3319=PLANE('',#3320);
#3320=AXIS2_PLACEMENT_3D('',#306,#3321,#3322);
#3321=DIRECTION('',(0,0,1));
#3322=DIRECTION('',(-0.5000603226568506,-0.8659905736809879,0));
#3323=FACE_BOUND('',#3324,.T.);
#3324=EDGE_LOOP('',(#3325,#3326,#3327));
#3325=ORIENTED_EDGE('',*,*,#3328,.T.);
#3326=ORIENTED_EDGE('',*,*,#3329,.T.);
#3327=ORIENTED_EDGE('',*,*,#3330,.T.);
#3328=EDGE_CURVE('',#307,#309,#3331,.F.);
#3329=EDGE_CURVE('',#309,#301,#3332,.T.);
#3330=EDGE_CURVE('',#301,#307,#3333,.T.);
#3331=LINE('',#306,#3334);
#3332=LINE('',#308,#3335);
#3333=LINE('',#300,#3336);
#3334=VECTOR('',#3337,1.0);
#3335=VECTOR('',#3338,1.0);
#3336=VECTOR('',#3339,1.0);
#3337=DIRECTION('',(-0.5000603226568506,-0.8659905736809879,0));
#3338=DIRECTION('',(0.6572212774370642,0.7536976797655631,0));
#3339=DIRECTION('',(-0.8318146584153101,0.5550534875536058,0));
#3340=FACE_SURFACE('',(#3345),#3341,.T.);
#3341=PLANE('',#3342);
#3342=AXIS2_PLACEMENT_3D('',#310,#3343,#3344);
#3343=DIRECTION('',(0,0,1));
#3344=DIRECTION('',(-0.38265733490948367,-0.9238903419995098,0));
#3345=FACE_BOUND('',#3346,.T.);
#3346=EDGE_LOOP('',(#3347,#3348,#3349));
#3347=ORIENTED_EDGE('',*,*,#3350,.T.);
#3348=ORIENTED_EDGE('',*,*,#3351,.T.);
#3349=ORIENTED_EDGE('',*,*,#3352,.T.);
#3350=EDGE_CURVE('',#311,#313,#3353,.F.);
#3351=EDGE_CURVE('',#313,#307,#3354,.T.);
#3352=EDGE_CURVE('',#307,#311,#3355,.T.);
#3353=LINE('',#310,#3356);
#3354=LINE('',#312,#3357);
#3355=LINE('',#306,#3358);
#3356=VECTOR('',#3359,1.0);
#3357=VECTOR('',#3360,1.0);
#3358=VECTOR('',#3361,1.0);
#3359=DIRECTION('',(-0.38265733490948367,-0.9238903419995098,0));
#3360=DIRECTION('',(0.5531695071410787,0.8330687224769011,0));
#3361=DIRECTION('',(-0.8967092885598917,0.4426199857783344,0));
#3362=FACE_SURFACE('',(#3367),#3363,.T.);
#3363=PLANE('',#3364);
#3364=AXIS2_PLACEMENT_3D('',#118,#3365,#3366);
#3365=DIRECTION('',(0.9467862914828971,-0.3218628873605388,0));
#3366=DIRECTION('',(0,0,-1));
#3367=FACE_BOUND('',#3368,.T.);
#3368=EDGE_LOOP('',(#3369,#3370,#3371));
#3369=ORIENTED_EDGE('',*,*,#3372,.T.);
#3370=ORIENTED_EDGE('',*,*,#3373,.T.);
#3371=ORIENTED_EDGE('',*,*,#3374,.T.);
#3372=EDGE_CURVE('',#119,#217,#3375,.F.);
#3373=EDGE_CURVE('',#217,#215,#3376,.T.);
#3374=EDGE_CURVE('',#215,#119,#3377,.T.);
#3375=LINE('',#118,#3378);
#3376=LINE('',#216,#3379);
#3377=LINE('',#214,#3380);
#3378=VECTOR('',#3381,1.0);
#3379=VECTOR('',#3382,1.0);
#3380=VECTOR('',#3383,1.0);
#3381=DIRECTION('',(0,0,-1));
#3382=DIRECTION('',(0.3218628873605388,0.946786291482897,0));
#3383=DIRECTION('',(-0.008056359637354972,-0.02369844789020239,0.9996866902369907));
#3384=FACE_SURFACE('',(#3389),#3385,.T.);
#3385=PLANE('',#3386);
#3386=AXIS2_PLACEMENT_3D('',#314,#3387,#3388);
#3387=DIRECTION('',(-0,0,-1));
#3388=DIRECTION('',(-0.7525755832038533,-0.6585058781555257,0));
#3389=FACE_BOUND('',#3390,.T.);
#3390=EDGE_LOOP('',(#3391,#3392,#3393));
#3391=ORIENTED_EDGE('',*,*,#3394,.T.);
#3392=ORIENTED_EDGE('',*,*,#3395,.T.);
#3393=ORIENTED_EDGE('',*,*,#3396,.T.);
#3394=EDGE_CURVE('',#315,#285,#3397,.F.);
#3395=EDGE_CURVE('',#285,#297,#3398,.T.);
#3396=EDGE_CURVE('',#297,#315,#3399,.T.);
#3397=LINE('',#314,#3400);
#3398=LINE('',#284,#3401);
#3399=LINE('',#296,#3402);
#3400=VECTOR('',#3403,1.0);
#3401=VECTOR('',#3404,1.0);
#3402=VECTOR('',#3405,1.0);
#3403=DIRECTION('',(-0.7525755832038533,-0.6585058781555257,0));
#3404=DIRECTION('',(-0.5579586215299205,0.8298687707465747,0));
#3405=DIRECTION('',(0.6087359459553637,-0.793372893475589,0));
#3406=FACE_SURFACE('',(#3411),#3407,.T.);
#3407=PLANE('',#3408);
#3408=AXIS2_PLACEMENT_3D('',#236,#3409,#3410);
#3409=DIRECTION('',(0.8309659069501956,-0.5563233425683656,0));
#3410=DIRECTION('',(0,0,1));
#3411=FACE_BOUND('',#3412,.T.);
#3412=EDGE_LOOP('',(#3413,#3414,#3415));
#3413=ORIENTED_EDGE('',*,*,#3416,.T.);
#3414=ORIENTED_EDGE('',*,*,#3417,.T.);
#3415=ORIENTED_EDGE('',*,*,#3418,.T.);
#3416=EDGE_CURVE('',#237,#127,#3419,.F.);
#3417=EDGE_CURVE('',#127,#213,#3420,.T.);
#3418=EDGE_CURVE('',#213,#237,#3421,.T.);
#3419=LINE('',#236,#3422);
#3420=LINE('',#126,#3423);
#3421=LINE('',#212,#3424);
#3422=VECTOR('',#3425,1.0);
#3423=VECTOR('',#3426,1.0);
#3424=VECTOR('',#3427,1.0);
#3425=DIRECTION('',(0,0,1));
#3426=DIRECTION('',(-0.013936772461196206,-0.020816999543306507,-0.9996861602039807));
#3427=DIRECTION('',(0.5563233425683655,0.8309659069501956,0));
#3428=FACE_SURFACE('',(#3433),#3429,.T.);
#3429=PLANE('',#3430);
#3430=AXIS2_PLACEMENT_3D('',#316,#3431,#3432);
#3431=DIRECTION('',(0,0,-1));
#3432=DIRECTION('',(0.8967087172426204,0.44262114321515916,0));
#3433=FACE_BOUND('',#3434,.T.);
#3434=EDGE_LOOP('',(#3435,#3436,#3437));
#3435=ORIENTED_EDGE('',*,*,#3438,.T.);
#3436=ORIENTED_EDGE('',*,*,#3439,.T.);
#3437=ORIENTED_EDGE('',*,*,#3440,.T.);
#3438=EDGE_CURVE('',#317,#247,#3441,.F.);
#3439=EDGE_CURVE('',#247,#245,#3442,.T.);
#3440=EDGE_CURVE('',#245,#317,#3443,.T.);
#3441=LINE('',#316,#3444);
#3442=LINE('',#246,#3445);
#3443=LINE('',#244,#3446);
#3444=VECTOR('',#3447,1.0);
#3445=VECTOR('',#3448,1.0);
#3446=VECTOR('',#3449,1.0);
#3447=DIRECTION('',(0.8967087172426204,0.44262114321515916,0));
#3448=DIRECTION('',(0.38265733490948367,-0.9238903419995098,0));
#3449=DIRECTION('',(-0.5531691171361404,0.8330689814456081,0));
#3450=FACE_SURFACE('',(#3455),#3451,.T.);
#3451=PLANE('',#3452);
#3452=AXIS2_PLACEMENT_3D('',#244,#3453,#3454);
#3453=DIRECTION('',(-0,0,-1));
#3454=DIRECTION('',(-0.8967672637615953,-0.4425025137166356,0));
#3455=FACE_BOUND('',#3456,.T.);
#3456=EDGE_LOOP('',(#3457,#3458,#3459));
#3457=ORIENTED_EDGE('',*,*,#3460,.T.);
#3458=ORIENTED_EDGE('',*,*,#3461,.T.);
#3459=ORIENTED_EDGE('',*,*,#3462,.T.);
#3460=EDGE_CURVE('',#245,#319,#3463,.F.);
#3461=EDGE_CURVE('',#319,#317,#3464,.T.);
#3462=EDGE_CURVE('',#317,#245,#3465,.T.);
#3463=LINE('',#244,#3466);
#3464=LINE('',#318,#3467);
#3465=LINE('',#316,#3468);
#3466=VECTOR('',#3469,1.0);
#3467=VECTOR('',#3470,1.0);
#3468=VECTOR('',#3471,1.0);
#3469=DIRECTION('',(-0.8967672637615953,-0.4425025137166356,0));
#3470=DIRECTION('',(-0.5000603226568506,0.8659905736809879,0));
#3471=DIRECTION('',(0.5531691171361404,-0.8330689814456081,0));
#3472=FACE_SURFACE('',(#3477),#3473,.T.);
#3473=PLANE('',#3474);
#3474=AXIS2_PLACEMENT_3D('',#320,#3475,#3476);
#3475=DIRECTION('',(0.9978368083138175,-0.06573966819275852,0));
#3476=DIRECTION('',(0,0,-1));
#3477=FACE_BOUND('',#3478,.T.);
#3478=EDGE_LOOP('',(#3479,#3480,#3481));
#3479=ORIENTED_EDGE('',*,*,#3482,.T.);
#3480=ORIENTED_EDGE('',*,*,#3483,.T.);
#3481=ORIENTED_EDGE('',*,*,#3484,.T.);
#3482=EDGE_CURVE('',#321,#323,#3485,.F.);
#3483=EDGE_CURVE('',#323,#325,#3486,.T.);
#3484=EDGE_CURVE('',#325,#321,#3487,.T.);
#3485=LINE('',#320,#3488);
#3486=LINE('',#322,#3489);
#3487=LINE('',#324,#3490);
#3488=VECTOR('',#3491,1.0);
#3489=VECTOR('',#3492,1.0);
#3490=VECTOR('',#3493,1.0);
#3491=DIRECTION('',(0,0,-1));
#3492=DIRECTION('',(0.002797451537428917,0.04246142687145683,0.9990941905010436));
#3493=DIRECTION('',(-0.06573966819275853,-0.9978368083138175,0));
#3494=FACE_SURFACE('',(#3499),#3495,.T.);
#3495=PLANE('',#3496);
#3496=AXIS2_PLACEMENT_3D('',#256,#3497,#3498);
#3497=DIRECTION('',(0.9978368083138175,-0.06573966819275852,0));
#3498=DIRECTION('',(0,0,1));
#3499=FACE_BOUND('',#3500,.T.);
#3500=EDGE_LOOP('',(#3501,#3502,#3503));
#3501=ORIENTED_EDGE('',*,*,#3504,.T.);
#3502=ORIENTED_EDGE('',*,*,#3505,.T.);
#3503=ORIENTED_EDGE('',*,*,#3506,.T.);
#3504=EDGE_CURVE('',#257,#325,#3507,.F.);
#3505=EDGE_CURVE('',#325,#323,#3508,.T.);
#3506=EDGE_CURVE('',#323,#257,#3509,.T.);
#3507=LINE('',#256,#3510);
#3508=LINE('',#324,#3511);
#3509=LINE('',#322,#3512);
#3510=VECTOR('',#3513,1.0);
#3511=VECTOR('',#3514,1.0);
#3512=VECTOR('',#3515,1.0);
#3513=DIRECTION('',(0,0,1));
#3514=DIRECTION('',(-0.002797451537428917,-0.04246142687145683,-0.9990941905010436));
#3515=DIRECTION('',(0.06573966819275853,0.9978368083138175,0));
#3516=FACE_SURFACE('',(#3521),#3517,.T.);
#3517=PLANE('',#3518);
#3518=AXIS2_PLACEMENT_3D('',#126,#3519,#3520);
#3519=DIRECTION('',(0.7525778062110414,-0.6585033375758821,0));
#3520=DIRECTION('',(0,0,-1));
#3521=FACE_BOUND('',#3522,.T.);
#3522=EDGE_LOOP('',(#3523,#3524,#3525));
#3523=ORIENTED_EDGE('',*,*,#3526,.T.);
#3524=ORIENTED_EDGE('',*,*,#3527,.T.);
#3525=ORIENTED_EDGE('',*,*,#3528,.T.);
#3526=EDGE_CURVE('',#127,#237,#3529,.F.);
#3527=EDGE_CURVE('',#237,#269,#3530,.T.);
#3528=EDGE_CURVE('',#269,#127,#3531,.T.);
#3529=LINE('',#126,#3532);
#3530=LINE('',#236,#3533);
#3531=LINE('',#268,#3534);
#3532=VECTOR('',#3535,1.0);
#3533=VECTOR('',#3536,1.0);
#3534=VECTOR('',#3537,1.0);
#3535=DIRECTION('',(0,0,-1));
#3536=DIRECTION('',(0.6585033375758821,0.7525778062110414,0));
#3537=DIRECTION('',(-0.016465366847208354,-0.018817626203609265,0.999687345442888));
#3538=FACE_SURFACE('',(#3543),#3539,.T.);
#3539=PLANE('',#3540);
#3540=AXIS2_PLACEMENT_3D('',#296,#3541,#3542);
#3541=DIRECTION('',(0,0,-1));
#3542=DIRECTION('',(0.8318137598937458,0.5550548340942809,0));
#3543=FACE_BOUND('',#3544,.T.);
#3544=EDGE_LOOP('',(#3545,#3546,#3547));
#3545=ORIENTED_EDGE('',*,*,#3548,.T.);
#3546=ORIENTED_EDGE('',*,*,#3549,.T.);
#3547=ORIENTED_EDGE('',*,*,#3550,.T.);
#3548=EDGE_CURVE('',#297,#317,#3551,.F.);
#3549=EDGE_CURVE('',#317,#319,#3552,.T.);
#3550=EDGE_CURVE('',#319,#297,#3553,.T.);
#3551=LINE('',#296,#3554);
#3552=LINE('',#316,#3555);
#3553=LINE('',#318,#3556);
#3554=VECTOR('',#3557,1.0);
#3555=VECTOR('',#3558,1.0);
#3556=VECTOR('',#3559,1.0);
#3557=DIRECTION('',(0.8318137598937458,0.5550548340942809,0));
#3558=DIRECTION('',(0.5000603226568506,-0.8659905736809879,0));
#3559=DIRECTION('',(-0.6572209582564184,0.7536979580896549,0));
#3560=FACE_SURFACE('',(#3565),#3561,.T.);
#3561=PLANE('',#3562);
#3562=AXIS2_PLACEMENT_3D('',#254,#3563,#3564);
#3563=DIRECTION('',(0.9807610784470354,-0.19521195404843475,0));
#3564=DIRECTION('',(-0.19521195404843472,-0.9807610784470353,0));
#3565=FACE_BOUND('',#3566,.T.);
#3566=EDGE_LOOP('',(#3567,#3568,#3569));
#3567=ORIENTED_EDGE('',*,*,#3570,.T.);
#3568=ORIENTED_EDGE('',*,*,#3571,.T.);
#3569=ORIENTED_EDGE('',*,*,#3572,.T.);
#3570=EDGE_CURVE('',#255,#325,#3573,.F.);
#3571=EDGE_CURVE('',#325,#257,#3574,.T.);
#3572=EDGE_CURVE('',#257,#255,#3575,.T.);
#3573=LINE('',#254,#3576);
#3574=LINE('',#324,#3577);
#3575=LINE('',#256,#3578);
#3576=VECTOR('',#3579,1.0);
#3577=VECTOR('',#3580,1.0);
#3578=VECTOR('',#3581,1.0);
#3579=DIRECTION('',(-0.19521195404843472,-0.9807610784470353,0));
#3580=DIRECTION('',(0,0,-1));
#3581=DIRECTION('',(0.008292526168644636,0.04166234054597021,0.999097334292297));
#3582=FACE_SURFACE('',(#3587),#3583,.T.);
#3583=PLANE('',#3584);
#3584=AXIS2_PLACEMENT_3D('',#278,#3585,#3586);
#3585=DIRECTION('',(0.6585084187126559,-0.7525733602012215,0));
#3586=DIRECTION('',(0,0,1));
#3587=FACE_BOUND('',#3588,.T.);
#3588=EDGE_LOOP('',(#3589,#3590,#3591));
#3589=ORIENTED_EDGE('',*,*,#3592,.T.);
#3590=ORIENTED_EDGE('',*,*,#3593,.T.);
#3591=ORIENTED_EDGE('',*,*,#3594,.T.);
#3592=EDGE_CURVE('',#279,#133,#3595,.F.);
#3593=EDGE_CURVE('',#133,#269,#3596,.T.);
#3594=EDGE_CURVE('',#269,#279,#3597,.T.);
#3595=LINE('',#278,#3598);
#3596=LINE('',#132,#3599);
#3597=LINE('',#268,#3600);
#3598=VECTOR('',#3601,1.0);
#3599=VECTOR('',#3602,1.0);
#3600=VECTOR('',#3603,1.0);
#3601=DIRECTION('',(0,0,1));
#3602=DIRECTION('',(-0.018817626134104506,-0.016465591110190077,-0.9996873417504442));
#3603=DIRECTION('',(0.7525733602012215,0.6585084187126559,0));
#3604=FACE_SURFACE('',(#3609),#3605,.T.);
#3605=PLANE('',#3606);
#3606=AXIS2_PLACEMENT_3D('',#262,#3607,#3608);
#3607=DIRECTION('',(0.9467867556946918,-0.3218615218399364,0));
#3608=DIRECTION('',(0,0,1));
#3609=FACE_BOUND('',#3610,.T.);
#3610=EDGE_LOOP('',(#3611,#3612,#3613));
#3611=ORIENTED_EDGE('',*,*,#3614,.T.);
#3612=ORIENTED_EDGE('',*,*,#3615,.T.);
#3613=ORIENTED_EDGE('',*,*,#3616,.T.);
#3614=EDGE_CURVE('',#263,#327,#3617,.F.);
#3615=EDGE_CURVE('',#327,#255,#3618,.T.);
#3616=EDGE_CURVE('',#255,#263,#3619,.T.);
#3617=LINE('',#262,#3620);
#3618=LINE('',#326,#3621);
#3619=LINE('',#254,#3622);
#3620=VECTOR('',#3623,1.0);
#3621=VECTOR('',#3624,1.0);
#3622=VECTOR('',#3625,1.0);
#3623=DIRECTION('',(0,0,1));
#3624=DIRECTION('',(-0.32186152183993644,-0.9467867556946918,0));
#3625=DIRECTION('',(0.013687709693838089,0.04026372018574032,-0.9990953305066248));
#3626=FACE_SURFACE('',(#3631),#3627,.T.);
#3627=PLANE('',#3628);
#3628=AXIS2_PLACEMENT_3D('',#136,#3629,#3630);
#3629=DIRECTION('',(0.4425025137166356,-0.8967672637615953,0));
#3630=DIRECTION('',(-0.022404575244709218,-0.011055355458618731,-0.9996878583456877));
#3631=FACE_BOUND('',#3632,.T.);
#3632=EDGE_LOOP('',(#3633,#3634,#3635));
#3633=ORIENTED_EDGE('',*,*,#3636,.T.);
#3634=ORIENTED_EDGE('',*,*,#3637,.T.);
#3635=ORIENTED_EDGE('',*,*,#3638,.T.);
#3636=EDGE_CURVE('',#137,#277,#3639,.F.);
#3637=EDGE_CURVE('',#277,#275,#3640,.T.);
#3638=EDGE_CURVE('',#275,#137,#3641,.T.);
#3639=LINE('',#136,#3642);
#3640=LINE('',#276,#3643);
#3641=LINE('',#274,#3644);
#3642=VECTOR('',#3645,1.0);
#3643=VECTOR('',#3646,1.0);
#3644=VECTOR('',#3647,1.0);
#3645=DIRECTION('',(-0.022404575244709218,-0.011055355458618731,-0.9996878583456877));
#3646=DIRECTION('',(0.8967672637615953,0.4425025137166356,0));
#3647=DIRECTION('',(0,0,1));
#3648=FACE_SURFACE('',(#3653),#3649,.T.);
#3649=PLANE('',#3650);
#3650=AXIS2_PLACEMENT_3D('',#258,#3651,#3652);
#3651=DIRECTION('',(-0,0,-1));
#3652=DIRECTION('',(-0.19521195404843472,-0.9807610784470353,0));
#3653=FACE_BOUND('',#3654,.T.);
#3654=EDGE_LOOP('',(#3655,#3656,#3657));
#3655=ORIENTED_EDGE('',*,*,#3658,.T.);
#3656=ORIENTED_EDGE('',*,*,#3659,.T.);
#3657=ORIENTED_EDGE('',*,*,#3660,.T.);
#3658=EDGE_CURVE('',#259,#257,#3661,.F.);
#3659=EDGE_CURVE('',#257,#329,#3662,.T.);
#3660=EDGE_CURVE('',#329,#259,#3663,.T.);
#3661=LINE('',#258,#3664);
#3662=LINE('',#256,#3665);
#3663=LINE('',#328,#3666);
#3664=VECTOR('',#3667,1.0);
#3665=VECTOR('',#3668,1.0);
#3666=VECTOR('',#3669,1.0);
#3667=DIRECTION('',(-0.19521195404843472,-0.9807610784470353,0));
#3668=DIRECTION('',(-0.9478698796076291,0.31865763968971267,0));
#3669=DIRECTION('',(0.9659341311390932,-0.25878804899099384,0));
#3670=FACE_SURFACE('',(#3675),#3671,.T.);
#3671=PLANE('',#3672);
#3672=AXIS2_PLACEMENT_3D('',#330,#3673,#3674);
#3673=DIRECTION('',(0,0,-1));
#3674=DIRECTION('',(0.19494361758796297,0.980814450322648,0));
#3675=FACE_BOUND('',#3676,.T.);
#3676=EDGE_LOOP('',(#3677,#3678,#3679));
#3677=ORIENTED_EDGE('',*,*,#3680,.T.);
#3678=ORIENTED_EDGE('',*,*,#3681,.T.);
#3679=ORIENTED_EDGE('',*,*,#3682,.T.);
#3680=EDGE_CURVE('',#331,#329,#3683,.F.);
#3681=EDGE_CURVE('',#329,#257,#3684,.T.);
#3682=EDGE_CURVE('',#257,#331,#3685,.T.);
#3683=LINE('',#330,#3686);
#3684=LINE('',#328,#3687);
#3685=LINE('',#256,#3688);
#3686=VECTOR('',#3689,1.0);
#3687=VECTOR('',#3690,1.0);
#3688=VECTOR('',#3691,1.0);
#3689=DIRECTION('',(0.19494361758796297,0.980814450322648,0));
#3690=DIRECTION('',(0.9478698796076291,-0.31865763968971267,0));
#3691=DIRECTION('',(-0.9914568049231505,0.13043543986040734,0));
#3692=FACE_SURFACE('',(#3697),#3693,.T.);
#3693=PLANE('',#3694);
#3694=AXIS2_PLACEMENT_3D('',#114,#3695,#3696);
#3695=DIRECTION('',(0,-0,-1));
#3696=DIRECTION('',(0.5550534875536058,-0.8318146584153101,0));
#3697=FACE_BOUND('',#3698,.T.);
#3698=EDGE_LOOP('',(#3699,#3700,#3701));
#3699=ORIENTED_EDGE('',*,*,#3702,.T.);
#3700=ORIENTED_EDGE('',*,*,#3703,.T.);
#3701=ORIENTED_EDGE('',*,*,#3704,.T.);
#3702=EDGE_CURVE('',#115,#333,#3705,.F.);
#3703=EDGE_CURVE('',#333,#267,#3706,.T.);
#3704=EDGE_CURVE('',#267,#115,#3707,.T.);
#3705=LINE('',#114,#3708);
#3706=LINE('',#332,#3709);
#3707=LINE('',#266,#3710);
#3708=VECTOR('',#3711,1.0);
#3709=VECTOR('',#3712,1.0);
#3710=VECTOR('',#3713,1.0);
#3711=DIRECTION('',(0.5550534875536058,-0.8318146584153101,0));
#3712=DIRECTION('',(-0.8659905029919154,-0.5000604450742024,0));
#3713=DIRECTION('',(0.7536975584168083,0.6572214165991108,0));
#3714=FACE_SURFACE('',(#3719),#3715,.T.);
#3715=PLANE('',#3716);
#3716=AXIS2_PLACEMENT_3D('',#288,#3717,#3718);
#3717=DIRECTION('',(0,0,-1));
#3718=DIRECTION('',(-0.1419401306901444,0.989875244310951,0));
#3719=FACE_BOUND('',#3720,.T.);
#3720=EDGE_LOOP('',(#3721,#3722,#3723));
#3721=ORIENTED_EDGE('',*,*,#3724,.T.);
#3722=ORIENTED_EDGE('',*,*,#3725,.T.);
#3723=ORIENTED_EDGE('',*,*,#3726,.T.);
#3724=EDGE_CURVE('',#289,#91,#3727,.F.);
#3725=EDGE_CURVE('',#91,#335,#3728,.T.);
#3726=EDGE_CURVE('',#335,#289,#3729,.T.);
#3727=LINE('',#288,#3730);
#3728=LINE('',#90,#3731);
#3729=LINE('',#334,#3732);
#3730=VECTOR('',#3733,1.0);
#3731=VECTOR('',#3734,1.0);
#3732=VECTOR('',#3735,1.0);
#3733=DIRECTION('',(-0.1419401306901444,0.989875244310951,0));
#3734=DIRECTION('',(0.14816366609620335,-0.9889628547366845,0));
#3735=DIRECTION('',(-0.997988060218045,-0.06340214241036264,0));
#3736=FACE_SURFACE('',(#3741),#3737,.T.);
#3737=PLANE('',#3738);
#3738=AXIS2_PLACEMENT_3D('',#154,#3739,#3740);
#3739=DIRECTION('',(0,0,-1));
#3740=DIRECTION('',(-0.44250073223002606,0.8967681428194753,0));
#3741=FACE_BOUND('',#3742,.T.);
#3742=EDGE_LOOP('',(#3743,#3744,#3745));
#3743=ORIENTED_EDGE('',*,*,#3746,.T.);
#3744=ORIENTED_EDGE('',*,*,#3747,.T.);
#3745=ORIENTED_EDGE('',*,*,#3748,.T.);
#3746=EDGE_CURVE('',#155,#267,#3749,.F.);
#3747=EDGE_CURVE('',#267,#333,#3750,.T.);
#3748=EDGE_CURVE('',#333,#155,#3751,.T.);
#3749=LINE('',#154,#3752);
#3750=LINE('',#266,#3753);
#3751=LINE('',#332,#3754);
#3752=VECTOR('',#3755,1.0);
#3753=VECTOR('',#3756,1.0);
#3754=VECTOR('',#3757,1.0);
#3755=DIRECTION('',(-0.44250073223002606,0.8967681428194753,0));
#3756=DIRECTION('',(0.8659905029919154,0.5000604450742024,0));
#3757=DIRECTION('',(-0.8330687659818142,-0.5531694416230322,0));
#3758=FACE_SURFACE('',(#3763),#3759,.T.);
#3759=PLANE('',#3760);
#3760=AXIS2_PLACEMENT_3D('',#332,#3761,#3762);
#3761=DIRECTION('',(0,-0,-1));
#3762=DIRECTION('',(0.4426199857783344,-0.8967092885598917,0));
#3763=FACE_BOUND('',#3764,.T.);
#3764=EDGE_LOOP('',(#3765,#3766,#3767));
#3765=ORIENTED_EDGE('',*,*,#3768,.T.);
#3766=ORIENTED_EDGE('',*,*,#3769,.T.);
#3767=ORIENTED_EDGE('',*,*,#3770,.T.);
#3768=EDGE_CURVE('',#333,#337,#3771,.F.);
#3769=EDGE_CURVE('',#337,#155,#3772,.T.);
#3770=EDGE_CURVE('',#155,#333,#3773,.T.);
#3771=LINE('',#332,#3774);
#3772=LINE('',#336,#3775);
#3773=LINE('',#154,#3776);
#3774=VECTOR('',#3777,1.0);
#3775=VECTOR('',#3778,1.0);
#3776=VECTOR('',#3779,1.0);
#3777=DIRECTION('',(0.4426199857783344,-0.8967092885598917,0));
#3778=DIRECTION('',(-0.9238904005429395,-0.3826571935618185,0));
#3779=DIRECTION('',(0.8330687659818142,0.5531694416230322,0));
#3780=FACE_SURFACE('',(#3785),#3781,.T.);
#3781=PLANE('',#3782);
#3782=AXIS2_PLACEMENT_3D('',#156,#3783,#3784);
#3783=DIRECTION('',(0,0,-1));
#3784=DIRECTION('',(-0.32185348821579046,0.946789486698774,0));
#3785=FACE_BOUND('',#3786,.T.);
#3786=EDGE_LOOP('',(#3787,#3788,#3789));
#3787=ORIENTED_EDGE('',*,*,#3790,.T.);
#3788=ORIENTED_EDGE('',*,*,#3791,.T.);
#3789=ORIENTED_EDGE('',*,*,#3792,.T.);
#3790=EDGE_CURVE('',#157,#155,#3793,.F.);
#3791=EDGE_CURVE('',#155,#337,#3794,.T.);
#3792=EDGE_CURVE('',#337,#157,#3795,.T.);
#3793=LINE('',#156,#3796);
#3794=LINE('',#154,#3797);
#3795=LINE('',#336,#3798);
#3796=VECTOR('',#3799,1.0);
#3797=VECTOR('',#3800,1.0);
#3798=VECTOR('',#3801,1.0);
#3799=DIRECTION('',(-0.32185348821579046,0.946789486698774,0));
#3800=DIRECTION('',(0.9238904005429395,0.3826571935618185,0));
#3801=DIRECTION('',(-0.8981374798464288,-0.4397147567402142,0));
#3802=FACE_SURFACE('',(#3807),#3803,.T.);
#3803=PLANE('',#3804);
#3804=AXIS2_PLACEMENT_3D('',#318,#3805,#3806);
#3805=DIRECTION('',(-0,0,-1));
#3806=DIRECTION('',(-0.8309686782890312,-0.5563192030683289,0));
#3807=FACE_BOUND('',#3808,.T.);
#3808=EDGE_LOOP('',(#3809,#3810,#3811));
#3809=ORIENTED_EDGE('',*,*,#3812,.T.);
#3810=ORIENTED_EDGE('',*,*,#3813,.T.);
#3811=ORIENTED_EDGE('',*,*,#3814,.T.);
#3812=EDGE_CURVE('',#319,#315,#3815,.F.);
#3813=EDGE_CURVE('',#315,#297,#3816,.T.);
#3814=EDGE_CURVE('',#297,#319,#3817,.T.);
#3815=LINE('',#318,#3818);
#3816=LINE('',#314,#3819);
#3817=LINE('',#296,#3820);
#3818=VECTOR('',#3821,1.0);
#3819=VECTOR('',#3822,1.0);
#3820=VECTOR('',#3823,1.0);
#3821=DIRECTION('',(-0.8309686782890312,-0.5563192030683289,0));
#3822=DIRECTION('',(-0.6087359459553637,0.793372893475589,0));
#3823=DIRECTION('',(0.6572209582564184,-0.7536979580896549,0));
#3824=FACE_SURFACE('',(#3829),#3825,.T.);
#3825=PLANE('',#3826);
#3826=AXIS2_PLACEMENT_3D('',#282,#3827,#3828);
#3827=DIRECTION('',(0,0,-1));
#3828=DIRECTION('',(0.793372242737961,-0.6087367940686171,0));
#3829=FACE_BOUND('',#3830,.T.);
#3830=EDGE_LOOP('',(#3831,#3832,#3833));
#3831=ORIENTED_EDGE('',*,*,#3834,.T.);
#3832=ORIENTED_EDGE('',*,*,#3835,.T.);
#3833=ORIENTED_EDGE('',*,*,#3836,.T.);
#3834=EDGE_CURVE('',#283,#281,#3837,.F.);
#3835=EDGE_CURVE('',#281,#339,#3838,.T.);
#3836=EDGE_CURVE('',#339,#283,#3839,.T.);
#3837=LINE('',#282,#3840);
#3838=LINE('',#280,#3841);
#3839=LINE('',#338,#3842);
#3840=VECTOR('',#3843,1.0);
#3841=VECTOR('',#3844,1.0);
#3842=VECTOR('',#3845,1.0);
#3843=DIRECTION('',(0.793372242737961,-0.6087367940686171,0));
#3844=DIRECTION('',(-0.5563233425683655,-0.8309659069501956,0));
#3845=DIRECTION('',(-0.7536975584168083,0.6572214165991108,0));
#3846=FACE_SURFACE('',(#3851),#3847,.T.);
#3847=PLANE('',#3848);
#3848=AXIS2_PLACEMENT_3D('',#262,#3849,#3850);
#3849=DIRECTION('',(0,0,-1));
#3850=DIRECTION('',(-0.8330691098992242,0.5531689236858071,0));
#3851=FACE_BOUND('',#3852,.T.);
#3852=EDGE_LOOP('',(#3853,#3854,#3855));
#3853=ORIENTED_EDGE('',*,*,#3856,.T.);
#3854=ORIENTED_EDGE('',*,*,#3857,.T.);
#3855=ORIENTED_EDGE('',*,*,#3858,.T.);
#3856=EDGE_CURVE('',#263,#341,#3859,.F.);
#3857=EDGE_CURVE('',#341,#339,#3860,.T.);
#3858=EDGE_CURVE('',#339,#263,#3861,.T.);
#3859=LINE('',#262,#3862);
#3860=LINE('',#340,#3863);
#3861=LINE('',#338,#3864);
#3862=VECTOR('',#3865,1.0);
#3863=VECTOR('',#3866,1.0);
#3864=VECTOR('',#3867,1.0);
#3865=DIRECTION('',(-0.8330691098992242,0.5531689236858071,0));
#3866=DIRECTION('',(0.8659906443700084,-0.5000602002395488,0));
#3867=DIRECTION('',(-0.4424935115219267,-0.8967717057651822,0));
#3868=FACE_SURFACE('',(#3873),#3869,.T.);
#3869=PLANE('',#3870);
#3870=AXIS2_PLACEMENT_3D('',#294,#3871,#3872);
#3871=DIRECTION('',(0,-0,-1));
#3872=DIRECTION('',(0.7071064984994826,-0.7071070638734995,0));
#3873=FACE_BOUND('',#3874,.T.);
#3874=EDGE_LOOP('',(#3875,#3876,#3877));
#3875=ORIENTED_EDGE('',*,*,#3878,.T.);
#3876=ORIENTED_EDGE('',*,*,#3879,.T.);
#3877=ORIENTED_EDGE('',*,*,#3880,.T.);
#3878=EDGE_CURVE('',#295,#285,#3881,.F.);
#3879=EDGE_CURVE('',#285,#283,#3882,.T.);
#3880=EDGE_CURVE('',#283,#295,#3883,.T.);
#3881=LINE('',#294,#3884);
#3882=LINE('',#284,#3885);
#3883=LINE('',#282,#3886);
#3884=VECTOR('',#3887,1.0);
#3885=VECTOR('',#3888,1.0);
#3886=VECTOR('',#3889,1.0);
#3887=DIRECTION('',(0.7071064984994826,-0.7071070638734995,0));
#3888=DIRECTION('',(-0.8298680754707729,0.5579596556333043,0));
#3889=DIRECTION('',(0.6597488785074056,0.7514861391324662,0));
#3890=FACE_SURFACE('',(#3895),#3891,.T.);
#3891=PLANE('',#3892);
#3892=AXIS2_PLACEMENT_3D('',#256,#3893,#3894);
#3893=DIRECTION('',(-0,0,-1));
#3894=DIRECTION('',(-0.06573966819275853,-0.9978368083138175,0));
#3895=FACE_BOUND('',#3896,.T.);
#3896=EDGE_LOOP('',(#3897,#3898,#3899));
#3897=ORIENTED_EDGE('',*,*,#3900,.T.);
#3898=ORIENTED_EDGE('',*,*,#3901,.T.);
#3899=ORIENTED_EDGE('',*,*,#3902,.T.);
#3900=EDGE_CURVE('',#257,#323,#3903,.F.);
#3901=EDGE_CURVE('',#323,#331,#3904,.T.);
#3902=EDGE_CURVE('',#331,#257,#3905,.T.);
#3903=LINE('',#256,#3906);
#3904=LINE('',#322,#3907);
#3905=LINE('',#330,#3908);
#3906=VECTOR('',#3909,1.0);
#3907=VECTOR('',#3910,1.0);
#3908=VECTOR('',#3911,1.0);
#3909=DIRECTION('',(-0.06573966819275853,-0.9978368083138175,0));
#3910=DIRECTION('',(-0.9813437461201412,0.19226141565818133,0));
#3911=DIRECTION('',(0.9914568049231505,-0.13043543986040734,0));
#3912=FACE_SURFACE('',(#3917),#3913,.T.);
#3913=PLANE('',#3914);
#3914=AXIS2_PLACEMENT_3D('',#86,#3915,#3916);
#3915=DIRECTION('',(0,0,-1));
#3916=DIRECTION('',(0.06575661894339951,0.9978356914167446,0));
#3917=FACE_BOUND('',#3918,.T.);
#3918=EDGE_LOOP('',(#3919,#3920,#3921));
#3919=ORIENTED_EDGE('',*,*,#3922,.T.);
#3920=ORIENTED_EDGE('',*,*,#3923,.T.);
#3921=ORIENTED_EDGE('',*,*,#3924,.T.);
#3922=EDGE_CURVE('',#87,#331,#3925,.F.);
#3923=EDGE_CURVE('',#331,#323,#3926,.T.);
#3924=EDGE_CURVE('',#323,#87,#3927,.T.);
#3925=LINE('',#86,#3928);
#3926=LINE('',#330,#3929);
#3927=LINE('',#322,#3930);
#3928=VECTOR('',#3931,1.0);
#3929=VECTOR('',#3932,1.0);
#3930=VECTOR('',#3933,1.0);
#3931=DIRECTION('',(0.06575661894339951,0.9978356914167446,0));
#3932=DIRECTION('',(0.9813437461201412,-0.19226141565818133,0));
#3933=DIRECTION('',(-1,0,0));
#3934=FACE_SURFACE('',(#3939),#3935,.T.);
#3935=PLANE('',#3936);
#3936=AXIS2_PLACEMENT_3D('',#262,#3937,#3938);
#3937=DIRECTION('',(-0,0,-1));
#3938=DIRECTION('',(-0.32186152183993644,-0.9467867556946918,0));
#3939=FACE_BOUND('',#3940,.T.);
#3940=EDGE_LOOP('',(#3941,#3942,#3943));
#3941=ORIENTED_EDGE('',*,*,#3944,.T.);
#3942=ORIENTED_EDGE('',*,*,#3945,.T.);
#3943=ORIENTED_EDGE('',*,*,#3946,.T.);
#3944=EDGE_CURVE('',#263,#259,#3947,.F.);
#3945=EDGE_CURVE('',#259,#343,#3948,.T.);
#3946=EDGE_CURVE('',#343,#263,#3949,.T.);
#3947=LINE('',#262,#3950);
#3948=LINE('',#258,#3951);
#3949=LINE('',#342,#3952);
#3950=VECTOR('',#3953,1.0);
#3951=VECTOR('',#3954,1.0);
#3952=VECTOR('',#3955,1.0);
#3953=DIRECTION('',(-0.32186152183993644,-0.9467867556946918,0));
#3954=DIRECTION('',(-0.8981374798464288,0.4397147567402142,0));
#3955=DIRECTION('',(0.9238904833244493,-0.3826569936934584,0));
#3956=FACE_SURFACE('',(#3961),#3957,.T.);
#3957=PLANE('',#3958);
#3958=AXIS2_PLACEMENT_3D('',#328,#3959,#3960);
#3959=DIRECTION('',(0,0,-1));
#3960=DIRECTION('',(0.32103795131976126,0.9470663302073464,0));
#3961=FACE_BOUND('',#3962,.T.);
#3962=EDGE_LOOP('',(#3963,#3964,#3965));
#3963=ORIENTED_EDGE('',*,*,#3966,.T.);
#3964=ORIENTED_EDGE('',*,*,#3967,.T.);
#3965=ORIENTED_EDGE('',*,*,#3968,.T.);
#3966=EDGE_CURVE('',#329,#343,#3969,.F.);
#3967=EDGE_CURVE('',#343,#259,#3970,.T.);
#3968=EDGE_CURVE('',#259,#329,#3971,.T.);
#3969=LINE('',#328,#3972);
#3970=LINE('',#342,#3973);
#3971=LINE('',#258,#3974);
#3972=VECTOR('',#3975,1.0);
#3973=VECTOR('',#3976,1.0);
#3974=VECTOR('',#3977,1.0);
#3975=DIRECTION('',(0.32103795131976126,0.9470663302073464,0));
#3976=DIRECTION('',(0.8981374798464288,-0.4397147567402142,0));
#3977=DIRECTION('',(-0.9659341311390932,0.25878804899099384,0));
#3978=FACE_SURFACE('',(#3983),#3979,.T.);
#3979=PLANE('',#3980);
#3980=AXIS2_PLACEMENT_3D('',#340,#3981,#3982);
#3981=DIRECTION('',(0,-0,-1));
#3982=DIRECTION('',(0.8330691098992242,-0.5531689236858071,0));
#3983=FACE_BOUND('',#3984,.T.);
#3984=EDGE_LOOP('',(#3985,#3986,#3987));
#3985=ORIENTED_EDGE('',*,*,#3988,.T.);
#3986=ORIENTED_EDGE('',*,*,#3989,.T.);
#3987=ORIENTED_EDGE('',*,*,#3990,.T.);
#3988=EDGE_CURVE('',#341,#263,#3991,.F.);
#3989=EDGE_CURVE('',#263,#343,#3992,.T.);
#3990=EDGE_CURVE('',#343,#341,#3993,.T.);
#3991=LINE('',#340,#3994);
#3992=LINE('',#262,#3995);
#3993=LINE('',#342,#3996);
#3994=VECTOR('',#3997,1.0);
#3995=VECTOR('',#3998,1.0);
#3996=VECTOR('',#3999,1.0);
#3997=DIRECTION('',(0.8330691098992242,-0.5531689236858071,0));
#3998=DIRECTION('',(-0.9238904833244493,0.3826569936934584,0));
#3999=DIRECTION('',(0.44261764091363964,0.8967104459924866,0));
#4000=FACE_SURFACE('',(#4005),#4001,.T.);
#4001=PLANE('',#4002);
#4002=AXIS2_PLACEMENT_3D('',#282,#4003,#4004);
#4003=DIRECTION('',(0,-0,-1));
#4004=DIRECTION('',(0.7536975584168083,-0.6572214165991108,0));
#4005=FACE_BOUND('',#4006,.T.);
#4006=EDGE_LOOP('',(#4007,#4008,#4009));
#4007=ORIENTED_EDGE('',*,*,#4010,.T.);
#4008=ORIENTED_EDGE('',*,*,#4011,.T.);
#4009=ORIENTED_EDGE('',*,*,#4012,.T.);
#4010=EDGE_CURVE('',#283,#339,#4013,.F.);
#4011=EDGE_CURVE('',#339,#341,#4014,.T.);
#4012=EDGE_CURVE('',#341,#283,#4015,.T.);
#4013=LINE('',#282,#4016);
#4014=LINE('',#338,#4017);
#4015=LINE('',#340,#4018);
#4016=VECTOR('',#4019,1.0);
#4017=VECTOR('',#4020,1.0);
#4018=VECTOR('',#4021,1.0);
#4019=DIRECTION('',(0.7536975584168083,-0.6572214165991108,0));
#4020=DIRECTION('',(-0.8659906443700084,0.5000602002395488,0));
#4021=DIRECTION('',(0.5550555054986592,0.8318133118769065,0));
#4022=FACE_SURFACE('',(#4027),#4023,.T.);
#4023=PLANE('',#4024);
#4024=AXIS2_PLACEMENT_3D('',#344,#4025,#4026);
#4025=DIRECTION('',(-0,0,-1));
#4026=DIRECTION('',(-0.8289255749276699,-0.559358910924669,0));
#4027=FACE_BOUND('',#4028,.T.);
#4028=EDGE_LOOP('',(#4029,#4030,#4031));
#4029=ORIENTED_EDGE('',*,*,#4032,.T.);
#4030=ORIENTED_EDGE('',*,*,#4033,.T.);
#4031=ORIENTED_EDGE('',*,*,#4034,.T.);
#4032=EDGE_CURVE('',#345,#89,#4035,.F.);
#4033=EDGE_CURVE('',#89,#347,#4036,.T.);
#4034=EDGE_CURVE('',#347,#345,#4037,.T.);
#4035=LINE('',#344,#4038);
#4036=LINE('',#88,#4039);
#4037=LINE('',#346,#4040);
#4038=VECTOR('',#4041,1.0);
#4039=VECTOR('',#4042,1.0);
#4040=VECTOR('',#4043,1.0);
#4041=DIRECTION('',(-0.8289255749276699,-0.559358910924669,0));
#4042=DIRECTION('',(0.8163175230496489,0.5776034120069633,0));
#4043=DIRECTION('',(0.997988060218045,-0.06340214241036264,0));
#4044=FACE_SURFACE('',(#4049),#4045,.T.);
#4045=PLANE('',#4046);
#4046=AXIS2_PLACEMENT_3D('',#164,#4047,#4048);
#4047=DIRECTION('',(0,-0,-1));
#4048=DIRECTION('',(0.7525733602012215,-0.6585084187126559,0));
#4049=FACE_BOUND('',#4050,.T.);
#4050=EDGE_LOOP('',(#4051,#4052,#4053));
#4051=ORIENTED_EDGE('',*,*,#4054,.T.);
#4052=ORIENTED_EDGE('',*,*,#4055,.T.);
#4053=ORIENTED_EDGE('',*,*,#4056,.T.);
#4054=EDGE_CURVE('',#165,#349,#4057,.F.);
#4055=EDGE_CURVE('',#349,#93,#4058,.T.);
#4056=EDGE_CURVE('',#93,#165,#4059,.T.);
#4057=LINE('',#164,#4060);
#4058=LINE('',#348,#4061);
#4059=LINE('',#92,#4062);
#4060=VECTOR('',#4063,1.0);
#4061=VECTOR('',#4064,1.0);
#4062=VECTOR('',#4065,1.0);
#4063=DIRECTION('',(0.7525733602012215,-0.6585084187126559,0));
#4064=DIRECTION('',(-0.3239730649943144,-0.9460663048424195,0));
#4065=DIRECTION('',(0.3089952122943789,0.9510635934463856,0));
#4066=FACE_SURFACE('',(#4071),#4067,.T.);
#4067=PLANE('',#4068);
#4068=AXIS2_PLACEMENT_3D('',#350,#4069,#4070);
#4069=DIRECTION('',(0,-0,-1));
#4070=DIRECTION('',(0.9467890225088132,-0.3218548537101871,0));
#4071=FACE_BOUND('',#4072,.T.);
#4072=EDGE_LOOP('',(#4073,#4074,#4075));
#4073=ORIENTED_EDGE('',*,*,#4076,.T.);
#4074=ORIENTED_EDGE('',*,*,#4077,.T.);
#4075=ORIENTED_EDGE('',*,*,#4078,.T.);
#4076=EDGE_CURVE('',#351,#353,#4079,.F.);
#4077=EDGE_CURVE('',#353,#93,#4080,.T.);
#4078=EDGE_CURVE('',#93,#351,#4081,.T.);
#4079=LINE('',#350,#4082);
#4080=LINE('',#352,#4083);
#4081=LINE('',#92,#4084);
#4082=VECTOR('',#4085,1.0);
#4083=VECTOR('',#4086,1.0);
#4084=VECTOR('',#4087,1.0);
#4085=DIRECTION('',(0.9467890225088132,-0.3218548537101871,0));
#4086=DIRECTION('',(-0.371908625070124,-0.9282693437782215,0));
#4087=DIRECTION('',(0.3558177828802701,0.9345553516973562,0));
#4088=FACE_SURFACE('',(#4093),#4089,.T.);
#4089=PLANE('',#4090);
#4090=AXIS2_PLACEMENT_3D('',#352,#4091,#4092);
#4091=DIRECTION('',(0,-0,-1));
#4092=DIRECTION('',(0.9807610784470353,-0.19521195404843472,0));
#4093=FACE_BOUND('',#4094,.T.);
#4094=EDGE_LOOP('',(#4095,#4096,#4097));
#4095=ORIENTED_EDGE('',*,*,#4098,.T.);
#4096=ORIENTED_EDGE('',*,*,#4099,.T.);
#4097=ORIENTED_EDGE('',*,*,#4100,.T.);
#4098=EDGE_CURVE('',#353,#149,#4101,.F.);
#4099=EDGE_CURVE('',#149,#93,#4102,.T.);
#4100=EDGE_CURVE('',#93,#353,#4103,.T.);
#4101=LINE('',#352,#4104);
#4102=LINE('',#148,#4105);
#4103=LINE('',#92,#4106);
#4104=VECTOR('',#4107,1.0);
#4105=VECTOR('',#4108,1.0);
#4106=VECTOR('',#4109,1.0);
#4107=DIRECTION('',(0.9807610784470353,-0.19521195404843472,0));
#4108=DIRECTION('',(-0.38755919766651525,-0.9218448179081373,0));
#4109=DIRECTION('',(0.371908625070124,0.9282693437782215,0));
#4110=FACE_SURFACE('',(#4115),#4111,.T.);
#4111=PLANE('',#4112);
#4112=AXIS2_PLACEMENT_3D('',#150,#4113,#4114);
#4113=DIRECTION('',(0,0,-1));
#4114=DIRECTION('',(0.9978368470200267,0.06573908068365164,0));
#4115=FACE_BOUND('',#4116,.T.);
#4116=EDGE_LOOP('',(#4117,#4118,#4119));
#4117=ORIENTED_EDGE('',*,*,#4120,.T.);
#4118=ORIENTED_EDGE('',*,*,#4121,.T.);
#4119=ORIENTED_EDGE('',*,*,#4122,.T.);
#4120=EDGE_CURVE('',#151,#355,#4123,.F.);
#4121=EDGE_CURVE('',#355,#83,#4124,.T.);
#4122=EDGE_CURVE('',#83,#151,#4125,.T.);
#4123=LINE('',#150,#4126);
#4124=LINE('',#354,#4127);
#4125=LINE('',#82,#4128);
#4126=VECTOR('',#4129,1.0);
#4127=VECTOR('',#4130,1.0);
#4128=VECTOR('',#4131,1.0);
#4129=DIRECTION('',(0.9978368470200267,0.06573908068365164,0));
#4130=DIRECTION('',(-0.012966203026704858,-0.9999159352560945,0));
#4131=DIRECTION('',(0,1,0));
#4132=FACE_SURFACE('',(#4137),#4133,.T.);
#4133=PLANE('',#4134);
#4134=AXIS2_PLACEMENT_3D('',#312,#4135,#4136);
#4135=DIRECTION('',(0,-0,1));
#4136=DIRECTION('',(0.38265733490948367,0.9238903419995098,0));
#4137=FACE_BOUND('',#4138,.T.);
#4138=EDGE_LOOP('',(#4139,#4140,#4141));
#4139=ORIENTED_EDGE('',*,*,#4142,.T.);
#4140=ORIENTED_EDGE('',*,*,#4143,.T.);
#4141=ORIENTED_EDGE('',*,*,#4144,.T.);
#4142=EDGE_CURVE('',#313,#311,#4145,.F.);
#4143=EDGE_CURVE('',#311,#357,#4146,.T.);
#4144=EDGE_CURVE('',#357,#313,#4147,.T.);
#4145=LINE('',#312,#4148);
#4146=LINE('',#310,#4149);
#4147=LINE('',#356,#4150);
#4148=VECTOR('',#4151,1.0);
#4149=VECTOR('',#4152,1.0);
#4150=VECTOR('',#4153,1.0);
#4151=DIRECTION('',(0.38265733490948367,0.9238903419995098,0));
#4152=DIRECTION('',(-0.43971441441503156,-0.8981376474436676,0));
#4153=DIRECTION('',(0.9467853630415819,-0.3218656184344952,0));
#4154=FACE_SURFACE('',(#4159),#4155,.T.);
#4155=PLANE('',#4156);
#4156=AXIS2_PLACEMENT_3D('',#358,#4157,#4158);
#4157=DIRECTION('',(-0.3218656184344951,0.9467853630415819,0));
#4158=DIRECTION('',(0.9467853630415819,0.3218656184344952,0));
#4159=FACE_BOUND('',#4160,.T.);
#4160=EDGE_LOOP('',(#4161,#4162,#4163));
#4161=ORIENTED_EDGE('',*,*,#4164,.T.);
#4162=ORIENTED_EDGE('',*,*,#4165,.T.);
#4163=ORIENTED_EDGE('',*,*,#4166,.T.);
#4164=EDGE_CURVE('',#359,#361,#4167,.F.);
#4165=EDGE_CURVE('',#361,#363,#4168,.T.);
#4166=EDGE_CURVE('',#363,#359,#4169,.T.);
#4167=LINE('',#358,#4170);
#4168=LINE('',#360,#4171);
#4169=LINE('',#362,#4172);
#4170=VECTOR('',#4173,1.0);
#4171=VECTOR('',#4174,1.0);
#4172=VECTOR('',#4175,1.0);
#4173=DIRECTION('',(0.9467853630415819,0.3218656184344952,0));
#4174=DIRECTION('',(-0.04026314942558689,-0.013687710008902886,-0.999095353503881));
#4175=DIRECTION('',(0,0,1));
#4176=FACE_SURFACE('',(#4181),#4177,.T.);
#4177=PLANE('',#4178);
#4178=AXIS2_PLACEMENT_3D('',#48,#4179,#4180);
#4179=DIRECTION('',(-0,0,-1));
#4180=DIRECTION('',(-0.2737770450537497,-0.9617931844225334,0));
#4181=FACE_BOUND('',#4182,.T.);
#4182=EDGE_LOOP('',(#4183,#4184,#4185));
#4183=ORIENTED_EDGE('',*,*,#4186,.T.);
#4184=ORIENTED_EDGE('',*,*,#4187,.T.);
#4185=ORIENTED_EDGE('',*,*,#4188,.T.);
#4186=EDGE_CURVE('',#49,#335,#4189,.F.);
#4187=EDGE_CURVE('',#335,#91,#4190,.T.);
#4188=EDGE_CURVE('',#91,#49,#4191,.T.);
#4189=LINE('',#48,#4192);
#4190=LINE('',#334,#4193);
#4191=LINE('',#90,#4194);
#4192=VECTOR('',#4195,1.0);
#4193=VECTOR('',#4196,1.0);
#4194=VECTOR('',#4197,1.0);
#4195=DIRECTION('',(-0.2737770450537497,-0.9617931844225334,0));
#4196=DIRECTION('',(-0.14816366609620335,0.9889628547366845,0));
#4197=DIRECTION('',(1,0,0));
#4198=FACE_SURFACE('',(#4203),#4199,.T.);
#4199=PLANE('',#4200);
#4200=AXIS2_PLACEMENT_3D('',#278,#4201,#4202);
#4201=DIRECTION('',(-0,0,-1));
#4202=DIRECTION('',(-0.7525733602012215,-0.6585084187126559,0));
#4203=FACE_BOUND('',#4204,.T.);
#4204=EDGE_LOOP('',(#4205,#4206,#4207));
#4205=ORIENTED_EDGE('',*,*,#4208,.T.);
#4206=ORIENTED_EDGE('',*,*,#4209,.T.);
#4207=ORIENTED_EDGE('',*,*,#4210,.T.);
#4208=EDGE_CURVE('',#279,#269,#4211,.F.);
#4209=EDGE_CURVE('',#269,#91,#4212,.T.);
#4210=EDGE_CURVE('',#91,#279,#4213,.T.);
#4211=LINE('',#278,#4214);
#4212=LINE('',#268,#4215);
#4213=LINE('',#90,#4216);
#4214=VECTOR('',#4217,1.0);
#4215=VECTOR('',#4218,1.0);
#4216=VECTOR('',#4219,1.0);
#4217=DIRECTION('',(-0.7525733602012215,-0.6585084187126559,0));
#4218=DIRECTION('',(-0.11300843284321083,0.9935940288197799,0));
#4219=DIRECTION('',(0.11812294109095493,-0.9929989782411777,0));
#4220=FACE_SURFACE('',(#4225),#4221,.T.);
#4221=PLANE('',#4222);
#4222=AXIS2_PLACEMENT_3D('',#216,#4223,#4224);
#4223=DIRECTION('',(-0,0,-1));
#4224=DIRECTION('',(-0.19521195404843472,-0.9807610784470353,0));
#4225=FACE_BOUND('',#4226,.T.);
#4226=EDGE_LOOP('',(#4227,#4228,#4229));
#4227=ORIENTED_EDGE('',*,*,#4230,.T.);
#4228=ORIENTED_EDGE('',*,*,#4231,.T.);
#4229=ORIENTED_EDGE('',*,*,#4232,.T.);
#4230=EDGE_CURVE('',#217,#291,#4233,.F.);
#4231=EDGE_CURVE('',#291,#91,#4234,.T.);
#4232=EDGE_CURVE('',#91,#217,#4235,.T.);
#4233=LINE('',#216,#4236);
#4234=LINE('',#290,#4237);
#4235=LINE('',#90,#4238);
#4236=VECTOR('',#4239,1.0);
#4237=VECTOR('',#4240,1.0);
#4238=VECTOR('',#4241,1.0);
#4239=DIRECTION('',(-0.19521195404843472,-0.9807610784470353,0));
#4240=DIRECTION('',(-0.09691853249707165,0.9952923178939009,0));
#4241=DIRECTION('',(0.09868025434322583,-0.9951191925607487,0));
#4242=FACE_SURFACE('',(#4247),#4243,.T.);
#4243=PLANE('',#4244);
#4244=AXIS2_PLACEMENT_3D('',#92,#4245,#4246);
#4245=DIRECTION('',(0,0,-1));
#4246=DIRECTION('',(0,1,0));
#4247=FACE_BOUND('',#4248,.T.);
#4248=EDGE_LOOP('',(#4249,#4250,#4251));
#4249=ORIENTED_EDGE('',*,*,#4252,.T.);
#4250=ORIENTED_EDGE('',*,*,#4253,.T.);
#4251=ORIENTED_EDGE('',*,*,#4254,.T.);
#4252=EDGE_CURVE('',#93,#91,#4255,.F.);
#4253=EDGE_CURVE('',#91,#291,#4256,.T.);
#4254=EDGE_CURVE('',#291,#93,#4257,.T.);
#4255=LINE('',#92,#4258);
#4256=LINE('',#90,#4259);
#4257=LINE('',#290,#4260);
#4258=VECTOR('',#4261,1.0);
#4259=VECTOR('',#4262,1.0);
#4260=VECTOR('',#4263,1.0);
#4261=DIRECTION('',(0,1,0));
#4262=DIRECTION('',(0.09691853249707165,-0.9952923178939009,0));
#4263=DIRECTION('',(-0.24835336075417377,-0.9686695041148489,0));
#4264=FACE_SURFACE('',(#4269),#4265,.T.);
#4265=PLANE('',#4266);
#4266=AXIS2_PLACEMENT_3D('',#292,#4267,#4268);
#4267=DIRECTION('',(-0,0,-1));
#4268=DIRECTION('',(-0.2511805563015016,-0.9679402502923763,0));
#4269=FACE_BOUND('',#4270,.T.);
#4270=EDGE_LOOP('',(#4271,#4272,#4273));
#4271=ORIENTED_EDGE('',*,*,#4274,.T.);
#4272=ORIENTED_EDGE('',*,*,#4275,.T.);
#4273=ORIENTED_EDGE('',*,*,#4276,.T.);
#4274=EDGE_CURVE('',#293,#93,#4277,.F.);
#4275=EDGE_CURVE('',#93,#291,#4278,.T.);
#4276=EDGE_CURVE('',#291,#293,#4279,.T.);
#4277=LINE('',#292,#4280);
#4278=LINE('',#92,#4281);
#4279=LINE('',#290,#4282);
#4280=VECTOR('',#4283,1.0);
#4281=VECTOR('',#4284,1.0);
#4282=VECTOR('',#4285,1.0);
#4283=DIRECTION('',(-0.2511805563015016,-0.9679402502923763,0));
#4284=DIRECTION('',(0.24835336075417377,0.9686695041148489,0));
#4285=DIRECTION('',(-0.06573966819275853,-0.9978368083138175,0));
#4286=FACE_SURFACE('',(#4291),#4287,.T.);
#4287=PLANE('',#4288);
#4288=AXIS2_PLACEMENT_3D('',#182,#4289,#4290);
#4289=DIRECTION('',(-0,0,-1));
#4290=DIRECTION('',(-0.2560744068075745,-0.9666570737227079,0));
#4291=FACE_BOUND('',#4292,.T.);
#4292=EDGE_LOOP('',(#4293,#4294,#4295));
#4293=ORIENTED_EDGE('',*,*,#4296,.T.);
#4294=ORIENTED_EDGE('',*,*,#4297,.T.);
#4295=ORIENTED_EDGE('',*,*,#4298,.T.);
#4296=EDGE_CURVE('',#183,#93,#4299,.F.);
#4297=EDGE_CURVE('',#93,#293,#4300,.T.);
#4298=EDGE_CURVE('',#293,#183,#4301,.T.);
#4299=LINE('',#182,#4302);
#4300=LINE('',#92,#4303);
#4301=LINE('',#292,#4304);
#4302=VECTOR('',#4305,1.0);
#4303=VECTOR('',#4306,1.0);
#4304=VECTOR('',#4307,1.0);
#4305=DIRECTION('',(-0.2560744068075745,-0.9666570737227079,0));
#4306=DIRECTION('',(0.2511805563015016,0.9679402502923763,0));
#4307=DIRECTION('',(0.06573966819275853,-0.9978368083138175,0));
#4308=FACE_SURFACE('',(#4313),#4309,.T.);
#4309=PLANE('',#4310);
#4310=AXIS2_PLACEMENT_3D('',#308,#4311,#4312);
#4311=DIRECTION('',(0,-0,1));
#4312=DIRECTION('',(0.5000603226568506,0.8659905736809879,0));
#4313=FACE_BOUND('',#4314,.T.);
#4314=EDGE_LOOP('',(#4315,#4316,#4317));
#4315=ORIENTED_EDGE('',*,*,#4318,.T.);
#4316=ORIENTED_EDGE('',*,*,#4319,.T.);
#4317=ORIENTED_EDGE('',*,*,#4320,.T.);
#4318=EDGE_CURVE('',#309,#307,#4321,.F.);
#4319=EDGE_CURVE('',#307,#313,#4322,.T.);
#4320=EDGE_CURVE('',#313,#309,#4323,.T.);
#4321=LINE('',#308,#4324);
#4322=LINE('',#306,#4325);
#4323=LINE('',#312,#4326);
#4324=VECTOR('',#4327,1.0);
#4325=VECTOR('',#4328,1.0);
#4326=VECTOR('',#4329,1.0);
#4327=DIRECTION('',(0.5000603226568506,0.8659905736809879,0));
#4328=DIRECTION('',(-0.5531695071410787,-0.8330687224769011,0));
#4329=DIRECTION('',(0.8967690218667381,-0.4424989507560144,0));
#4330=FACE_SURFACE('',(#4335),#4331,.T.);
#4331=PLANE('',#4332);
#4332=AXIS2_PLACEMENT_3D('',#358,#4333,#4334);
#4333=DIRECTION('',(-0.19521195404843475,0.9807610784470354,0));
#4334=DIRECTION('',(0,0,-1));
#4335=FACE_BOUND('',#4336,.T.);
#4336=EDGE_LOOP('',(#4337,#4338,#4339));
#4337=ORIENTED_EDGE('',*,*,#4340,.T.);
#4338=ORIENTED_EDGE('',*,*,#4341,.T.);
#4339=ORIENTED_EDGE('',*,*,#4342,.T.);
#4340=EDGE_CURVE('',#359,#363,#4343,.F.);
#4341=EDGE_CURVE('',#363,#365,#4344,.T.);
#4342=EDGE_CURVE('',#365,#359,#4345,.T.);
#4343=LINE('',#358,#4346);
#4344=LINE('',#362,#4347);
#4345=LINE('',#364,#4348);
#4346=VECTOR('',#4349,1.0);
#4347=VECTOR('',#4350,1.0);
#4348=VECTOR('',#4351,1.0);
#4349=DIRECTION('',(0,0,-1));
#4350=DIRECTION('',(-0.9807610784470353,-0.19521195404843472,0));
#4351=DIRECTION('',(0.04166234054597021,0.008292526168644636,0.999097334292297));
#4352=FACE_SURFACE('',(#4357),#4353,.T.);
#4353=PLANE('',#4354);
#4354=AXIS2_PLACEMENT_3D('',#168,#4355,#4356);
#4355=DIRECTION('',(0.8309659069501956,0.5563233425683656,-0));
#4356=DIRECTION('',(0,0,1));
#4357=FACE_BOUND('',#4358,.T.);
#4358=EDGE_LOOP('',(#4359,#4360,#4361));
#4359=ORIENTED_EDGE('',*,*,#4362,.T.);
#4360=ORIENTED_EDGE('',*,*,#4363,.T.);
#4361=ORIENTED_EDGE('',*,*,#4364,.T.);
#4362=EDGE_CURVE('',#169,#367,#4365,.F.);
#4363=EDGE_CURVE('',#367,#167,#4366,.T.);
#4364=EDGE_CURVE('',#167,#169,#4367,.T.);
#4365=LINE('',#168,#4368);
#4366=LINE('',#366,#4369);
#4367=LINE('',#166,#4370);
#4368=VECTOR('',#4371,1.0);
#4369=VECTOR('',#4372,1.0);
#4370=VECTOR('',#4373,1.0);
#4371=DIRECTION('',(0,0,1));
#4372=DIRECTION('',(0.013936772461196206,-0.020816999543306507,-0.9996861602039807));
#4373=DIRECTION('',(-0.5563233425683655,0.8309659069501956,0));
#4374=FACE_SURFACE('',(#4379),#4375,.T.);
#4375=PLANE('',#4376);
#4376=AXIS2_PLACEMENT_3D('',#368,#4377,#4378);
#4377=DIRECTION('',(-0.06340214241036263,0.9979880602180449,0));
#4378=DIRECTION('',(0.04246181895799734,0.002697597696699684,-0.9990944484369059));
#4379=FACE_BOUND('',#4380,.T.);
#4380=EDGE_LOOP('',(#4381,#4382,#4383));
#4381=ORIENTED_EDGE('',*,*,#4384,.T.);
#4382=ORIENTED_EDGE('',*,*,#4385,.T.);
#4383=ORIENTED_EDGE('',*,*,#4386,.T.);
#4384=EDGE_CURVE('',#369,#365,#4387,.F.);
#4385=EDGE_CURVE('',#365,#345,#4388,.T.);
#4386=EDGE_CURVE('',#345,#369,#4389,.T.);
#4387=LINE('',#368,#4390);
#4388=LINE('',#364,#4391);
#4389=LINE('',#344,#4392);
#4390=VECTOR('',#4393,1.0);
#4391=VECTOR('',#4394,1.0);
#4392=VECTOR('',#4395,1.0);
#4393=DIRECTION('',(0.04246181895799734,0.002697597696699684,-0.9990944484369059));
#4394=DIRECTION('',(-0.997988060218045,-0.06340214241036264,0));
#4395=DIRECTION('',(0,0,1));
#4396=FACE_SURFACE('',(#4401),#4397,.T.);
#4397=PLANE('',#4398);
#4398=AXIS2_PLACEMENT_3D('',#370,#4399,#4400);
#4399=DIRECTION('',(0,-0,-1));
#4400=DIRECTION('',(0.8967672637615953,-0.4425025137166356,0));
#4401=FACE_BOUND('',#4402,.T.);
#4402=EDGE_LOOP('',(#4403,#4404,#4405));
#4403=ORIENTED_EDGE('',*,*,#4406,.T.);
#4404=ORIENTED_EDGE('',*,*,#4407,.T.);
#4405=ORIENTED_EDGE('',*,*,#4408,.T.);
#4406=EDGE_CURVE('',#371,#373,#4409,.F.);
#4407=EDGE_CURVE('',#373,#89,#4410,.T.);
#4408=EDGE_CURVE('',#89,#371,#4411,.T.);
#4409=LINE('',#370,#4412);
#4410=LINE('',#372,#4413);
#4411=LINE('',#88,#4414);
#4412=VECTOR('',#4415,1.0);
#4413=VECTOR('',#4416,1.0);
#4414=VECTOR('',#4417,1.0);
#4415=DIRECTION('',(0.8967672637615953,-0.4425025137166356,0));
#4416=DIRECTION('',(-0.7812602912941125,-0.6242053806617165,0));
#4417=DIRECTION('',(0.7590198174531055,0.6510675208559049,0));
#4418=FACE_SURFACE('',(#4423),#4419,.T.);
#4419=PLANE('',#4420);
#4420=AXIS2_PLACEMENT_3D('',#92,#4421,#4422);
#4421=DIRECTION('',(0,0,-1));
#4422=DIRECTION('',(0.3239730649943144,0.9460663048424195,0));
#4423=FACE_BOUND('',#4424,.T.);
#4424=EDGE_LOOP('',(#4425,#4426,#4427));
#4425=ORIENTED_EDGE('',*,*,#4428,.T.);
#4426=ORIENTED_EDGE('',*,*,#4429,.T.);
#4427=ORIENTED_EDGE('',*,*,#4430,.T.);
#4428=EDGE_CURVE('',#93,#349,#4431,.F.);
#4429=EDGE_CURVE('',#349,#375,#4432,.T.);
#4430=EDGE_CURVE('',#375,#93,#4433,.T.);
#4431=LINE('',#92,#4434);
#4432=LINE('',#348,#4435);
#4433=LINE('',#374,#4436);
#4434=VECTOR('',#4437,1.0);
#4435=VECTOR('',#4438,1.0);
#4436=VECTOR('',#4439,1.0);
#4437=DIRECTION('',(0.3239730649943144,0.9460663048424195,0));
#4438=DIRECTION('',(0.8309686782890312,-0.5563192030683289,0));
#4439=DIRECTION('',(-0.3397292385946361,-0.9405232822444689,0));
#4440=FACE_SURFACE('',(#4445),#4441,.T.);
#4441=PLANE('',#4442);
#4442=AXIS2_PLACEMENT_3D('',#38,#4443,#4444);
#4443=DIRECTION('',(0.8967725847872492,0.44249173006282944,0));
#4444=DIRECTION('',(0.44249173006282944,-0.8967725847872492,0));
#4445=FACE_BOUND('',#4446,.T.);
#4446=EDGE_LOOP('',(#4447,#4448,#4449));
#4447=ORIENTED_EDGE('',*,*,#4450,.T.);
#4448=ORIENTED_EDGE('',*,*,#4451,.T.);
#4449=ORIENTED_EDGE('',*,*,#4452,.T.);
#4450=EDGE_CURVE('',#39,#367,#4453,.F.);
#4451=EDGE_CURVE('',#367,#173,#4454,.T.);
#4452=EDGE_CURVE('',#173,#39,#4455,.T.);
#4453=LINE('',#38,#4456);
#4454=LINE('',#366,#4457);
#4455=LINE('',#172,#4458);
#4456=VECTOR('',#4459,1.0);
#4457=VECTOR('',#4460,1.0);
#4458=VECTOR('',#4461,1.0);
#4459=DIRECTION('',(0.44249173006282944,-0.8967725847872492,0));
#4460=DIRECTION('',(-0.011055131106558801,0.02240479951158178,-0.9996878558005307));
#4461=DIRECTION('',(0,0,1));
#4462=FACE_SURFACE('',(#4467),#4463,.T.);
#4463=PLANE('',#4464);
#4464=AXIS2_PLACEMENT_3D('',#376,#4465,#4466);
#4465=DIRECTION('',(0,-0,-1));
#4466=DIRECTION('',(0.8309686782890312,-0.5563192030683289,0));
#4467=FACE_BOUND('',#4468,.T.);
#4468=EDGE_LOOP('',(#4469,#4470,#4471));
#4469=ORIENTED_EDGE('',*,*,#4472,.T.);
#4470=ORIENTED_EDGE('',*,*,#4473,.T.);
#4471=ORIENTED_EDGE('',*,*,#4474,.T.);
#4472=EDGE_CURVE('',#377,#371,#4475,.F.);
#4473=EDGE_CURVE('',#371,#89,#4476,.T.);
#4474=EDGE_CURVE('',#89,#377,#4477,.T.);
#4475=LINE('',#376,#4478);
#4476=LINE('',#370,#4479);
#4477=LINE('',#88,#4480);
#4478=VECTOR('',#4481,1.0);
#4479=VECTOR('',#4482,1.0);
#4480=VECTOR('',#4483,1.0);
#4481=DIRECTION('',(0.8309686782890312,-0.5563192030683289,0));
#4482=DIRECTION('',(-0.7590198174531055,-0.6510675208559049,0));
#4483=DIRECTION('',(0.7340308549618307,0.6791161196467095,0));
#4484=FACE_SURFACE('',(#4489),#4485,.T.);
#4485=PLANE('',#4486);
#4486=AXIS2_PLACEMENT_3D('',#174,#4487,#4488);
#4487=DIRECTION('',(0.9467862914828971,0.3218628873605388,-0));
#4488=DIRECTION('',(0,0,1));
#4489=FACE_BOUND('',#4490,.T.);
#4490=EDGE_LOOP('',(#4491,#4492,#4493));
#4491=ORIENTED_EDGE('',*,*,#4494,.T.);
#4492=ORIENTED_EDGE('',*,*,#4495,.T.);
#4493=ORIENTED_EDGE('',*,*,#4496,.T.);
#4494=EDGE_CURVE('',#175,#35,#4497,.F.);
#4495=EDGE_CURVE('',#35,#173,#4498,.T.);
#4496=EDGE_CURVE('',#173,#175,#4499,.T.);
#4497=LINE('',#174,#4500);
#4498=LINE('',#34,#4501);
#4499=LINE('',#172,#4502);
#4500=VECTOR('',#4503,1.0);
#4501=VECTOR('',#4504,1.0);
#4502=VECTOR('',#4505,1.0);
#4503=DIRECTION('',(0,0,1));
#4504=DIRECTION('',(0.008056359637354972,-0.02369844789020239,-0.9996866902369907));
#4505=DIRECTION('',(-0.3218628873605388,0.946786291482897,0));
#4506=FACE_SURFACE('',(#4511),#4507,.T.);
#4507=PLANE('',#4508);
#4508=AXIS2_PLACEMENT_3D('',#38,#4509,#4510);
#4509=DIRECTION('',(0.9467862914828971,0.3218628873605388,0));
#4510=DIRECTION('',(0,0,-1));
#4511=FACE_BOUND('',#4512,.T.);
#4512=EDGE_LOOP('',(#4513,#4514,#4515));
#4513=ORIENTED_EDGE('',*,*,#4516,.T.);
#4514=ORIENTED_EDGE('',*,*,#4517,.T.);
#4515=ORIENTED_EDGE('',*,*,#4518,.T.);
#4516=EDGE_CURVE('',#39,#173,#4519,.F.);
#4517=EDGE_CURVE('',#173,#35,#4520,.T.);
#4518=EDGE_CURVE('',#35,#39,#4521,.T.);
#4519=LINE('',#38,#4522);
#4520=LINE('',#172,#4523);
#4521=LINE('',#34,#4524);
#4522=VECTOR('',#4525,1.0);
#4523=VECTOR('',#4526,1.0);
#4524=VECTOR('',#4527,1.0);
#4525=DIRECTION('',(0,0,-1));
#4526=DIRECTION('',(-0.008056359637354972,0.02369844789020239,0.9996866902369907));
#4527=DIRECTION('',(0.3218628873605388,-0.946786291482897,0));
#4528=FACE_SURFACE('',(#4533),#4529,.T.);
#4529=PLANE('',#4530);
#4530=AXIS2_PLACEMENT_3D('',#182,#4531,#4532);
#4531=DIRECTION('',(0.9807610784470354,0.19521195404843475,0));
#4532=DIRECTION('',(0.004880837398097084,-0.024521732665483253,0.9996873821617315));
#4533=FACE_BOUND('',#4534,.T.);
#4534=EDGE_LOOP('',(#4535,#4536,#4537));
#4535=ORIENTED_EDGE('',*,*,#4538,.T.);
#4536=ORIENTED_EDGE('',*,*,#4539,.T.);
#4537=ORIENTED_EDGE('',*,*,#4540,.T.);
#4538=EDGE_CURVE('',#183,#35,#4541,.F.);
#4539=EDGE_CURVE('',#35,#175,#4542,.T.);
#4540=EDGE_CURVE('',#175,#183,#4543,.T.);
#4541=LINE('',#182,#4544);
#4542=LINE('',#34,#4545);
#4543=LINE('',#174,#4546);
#4544=VECTOR('',#4547,1.0);
#4545=VECTOR('',#4548,1.0);
#4546=VECTOR('',#4549,1.0);
#4547=DIRECTION('',(0.004880837398097084,-0.024521732665483253,0.9996873821617315));
#4548=DIRECTION('',(0,0,-1));
#4549=DIRECTION('',(-0.19521195404843472,0.9807610784470353,0));
#4550=FACE_SURFACE('',(#4555),#4551,.T.);
#4551=PLANE('',#4552);
#4552=AXIS2_PLACEMENT_3D('',#336,#4553,#4554);
#4553=DIRECTION('',(0,-0,-1));
#4554=DIRECTION('',(0.3210405666662915,-0.9470654436492689,0));
#4555=FACE_BOUND('',#4556,.T.);
#4556=EDGE_LOOP('',(#4557,#4558,#4559));
#4557=ORIENTED_EDGE('',*,*,#4560,.T.);
#4558=ORIENTED_EDGE('',*,*,#4561,.T.);
#4559=ORIENTED_EDGE('',*,*,#4562,.T.);
#4560=EDGE_CURVE('',#337,#379,#4563,.F.);
#4561=EDGE_CURVE('',#379,#157,#4564,.T.);
#4562=EDGE_CURVE('',#157,#337,#4565,.T.);
#4563=LINE('',#336,#4566);
#4564=LINE('',#378,#4567);
#4565=LINE('',#156,#4568);
#4566=VECTOR('',#4569,1.0);
#4567=VECTOR('',#4570,1.0);
#4568=VECTOR('',#4571,1.0);
#4569=DIRECTION('',(0.3210405666662915,-0.9470654436492689,0));
#4570=DIRECTION('',(-0.9659341690049738,-0.2587879076554212,0));
#4571=DIRECTION('',(0.8981374798464288,0.4397147567402142,0));
#4572=FACE_SURFACE('',(#4577),#4573,.T.);
#4573=PLANE('',#4574);
#4574=AXIS2_PLACEMENT_3D('',#162,#4575,#4576);
#4575=DIRECTION('',(0,0,-1));
#4576=DIRECTION('',(-0.19521195404843472,0.9807610784470353,0));
#4577=FACE_BOUND('',#4578,.T.);
#4578=EDGE_LOOP('',(#4579,#4580,#4581));
#4579=ORIENTED_EDGE('',*,*,#4582,.T.);
#4580=ORIENTED_EDGE('',*,*,#4583,.T.);
#4581=ORIENTED_EDGE('',*,*,#4584,.T.);
#4582=EDGE_CURVE('',#163,#157,#4585,.F.);
#4583=EDGE_CURVE('',#157,#379,#4586,.T.);
#4584=EDGE_CURVE('',#379,#163,#4587,.T.);
#4585=LINE('',#162,#4588);
#4586=LINE('',#156,#4589);
#4587=LINE('',#378,#4590);
#4588=VECTOR('',#4591,1.0);
#4589=VECTOR('',#4592,1.0);
#4590=VECTOR('',#4593,1.0);
#4591=DIRECTION('',(-0.19521195404843472,0.9807610784470353,0));
#4592=DIRECTION('',(0.9659341690049738,0.2587879076554212,0));
#4593=DIRECTION('',(-0.9478699366734665,-0.3186574699432582,0));
#4594=FACE_SURFACE('',(#4599),#4595,.T.);
#4595=PLANE('',#4596);
#4596=AXIS2_PLACEMENT_3D('',#378,#4597,#4598);
#4597=DIRECTION('',(0,-0,-1));
#4598=DIRECTION('',(0.19494081218866197,-0.9808150079108827,0));
#4599=FACE_BOUND('',#4600,.T.);
#4600=EDGE_LOOP('',(#4601,#4602,#4603));
#4601=ORIENTED_EDGE('',*,*,#4604,.T.);
#4602=ORIENTED_EDGE('',*,*,#4605,.T.);
#4603=ORIENTED_EDGE('',*,*,#4606,.T.);
#4604=EDGE_CURVE('',#379,#381,#4607,.F.);
#4605=EDGE_CURVE('',#381,#163,#4608,.T.);
#4606=EDGE_CURVE('',#163,#379,#4609,.T.);
#4607=LINE('',#378,#4610);
#4608=LINE('',#380,#4611);
#4609=LINE('',#162,#4612);
#4610=VECTOR('',#4613,1.0);
#4611=VECTOR('',#4614,1.0);
#4612=VECTOR('',#4615,1.0);
#4613=DIRECTION('',(0.19494081218866197,-0.9808150079108827,0));
#4614=DIRECTION('',(-0.9914568049231505,-0.13043543986040734,0));
#4615=DIRECTION('',(0.9478699366734665,0.3186574699432582,0));
#4616=FACE_SURFACE('',(#4621),#4617,.T.);
#4617=PLANE('',#4618);
#4618=AXIS2_PLACEMENT_3D('',#380,#4619,#4620);
#4619=DIRECTION('',(0,-0,-1));
#4620=DIRECTION('',(0.06575661894339951,-0.9978356914167446,0));
#4621=FACE_BOUND('',#4622,.T.);
#4622=EDGE_LOOP('',(#4623,#4624,#4625));
#4623=ORIENTED_EDGE('',*,*,#4626,.T.);
#4624=ORIENTED_EDGE('',*,*,#4627,.T.);
#4625=ORIENTED_EDGE('',*,*,#4628,.T.);
#4626=EDGE_CURVE('',#381,#271,#4629,.F.);
#4627=EDGE_CURVE('',#271,#163,#4630,.T.);
#4628=EDGE_CURVE('',#163,#381,#4631,.T.);
#4629=LINE('',#380,#4632);
#4630=LINE('',#270,#4633);
#4631=LINE('',#162,#4634);
#4632=VECTOR('',#4635,1.0);
#4633=VECTOR('',#4636,1.0);
#4634=VECTOR('',#4637,1.0);
#4635=DIRECTION('',(0.06575661894339951,-0.9978356914167446,0));
#4636=DIRECTION('',(-0.9980382300980493,0.06260743775904958,0));
#4637=DIRECTION('',(0.9914568049231505,0.13043543986040734,0));
#4638=FACE_SURFACE('',(#4643),#4639,.T.);
#4639=PLANE('',#4640);
#4640=AXIS2_PLACEMENT_3D('',#170,#4641,#4642);
#4641=DIRECTION('',(0,0,-1));
#4642=DIRECTION('',(-0.06340270920603859,0.9979880242093763,0));
#4643=FACE_BOUND('',#4644,.T.);
#4644=EDGE_LOOP('',(#4645,#4646,#4647));
#4645=ORIENTED_EDGE('',*,*,#4648,.T.);
#4646=ORIENTED_EDGE('',*,*,#4649,.T.);
#4647=ORIENTED_EDGE('',*,*,#4650,.T.);
#4648=EDGE_CURVE('',#171,#163,#4651,.F.);
#4649=EDGE_CURVE('',#163,#271,#4652,.T.);
#4650=EDGE_CURVE('',#271,#171,#4653,.T.);
#4651=LINE('',#170,#4654);
#4652=LINE('',#162,#4655);
#4653=LINE('',#270,#4656);
#4654=VECTOR('',#4657,1.0);
#4655=VECTOR('',#4658,1.0);
#4656=VECTOR('',#4659,1.0);
#4657=DIRECTION('',(-0.06340270920603859,0.9979880242093763,0));
#4658=DIRECTION('',(0.9980382300980493,-0.06260743775904958,0));
#4659=DIRECTION('',(-1,0,0));
#4660=FACE_SURFACE('',(#4665),#4661,.T.);
#4661=PLANE('',#4662);
#4662=AXIS2_PLACEMENT_3D('',#382,#4663,#4664);
#4663=DIRECTION('',(-0.9467890225088132,0.3218548537101871,0));
#4664=DIRECTION('',(0,0,-1));
#4665=FACE_BOUND('',#4666,.T.);
#4666=EDGE_LOOP('',(#4667,#4668,#4669));
#4667=ORIENTED_EDGE('',*,*,#4670,.T.);
#4668=ORIENTED_EDGE('',*,*,#4671,.T.);
#4669=ORIENTED_EDGE('',*,*,#4672,.T.);
#4670=EDGE_CURVE('',#383,#73,#4673,.F.);
#4671=EDGE_CURVE('',#73,#71,#4674,.T.);
#4672=EDGE_CURVE('',#71,#383,#4675,.T.);
#4673=LINE('',#382,#4676);
#4674=LINE('',#72,#4677);
#4675=LINE('',#70,#4678);
#4676=VECTOR('',#4679,1.0);
#4677=VECTOR('',#4680,1.0);
#4678=VECTOR('',#4681,1.0);
#4679=DIRECTION('',(0,0,-1));
#4680=DIRECTION('',(-0.3218548537101871,-0.9467890225088132,0));
#4681=DIRECTION('',(0.008056135328262088,0.023698447933030383,0.9996866920436313));
#4682=FACE_SURFACE('',(#4687),#4683,.T.);
#4683=PLANE('',#4684);
#4684=AXIS2_PLACEMENT_3D('',#384,#4685,#4686);
#4685=DIRECTION('',(0.7525778062110414,0.6585033375758821,0));
#4686=DIRECTION('',(0,0,-1));
#4687=FACE_BOUND('',#4688,.T.);
#4688=EDGE_LOOP('',(#4689,#4690,#4691));
#4689=ORIENTED_EDGE('',*,*,#4692,.T.);
#4690=ORIENTED_EDGE('',*,*,#4693,.T.);
#4691=ORIENTED_EDGE('',*,*,#4694,.T.);
#4692=EDGE_CURVE('',#385,#387,#4695,.F.);
#4693=EDGE_CURVE('',#387,#389,#4696,.T.);
#4694=EDGE_CURVE('',#389,#385,#4697,.T.);
#4695=LINE('',#384,#4698);
#4696=LINE('',#386,#4699);
#4697=LINE('',#388,#4700);
#4698=VECTOR('',#4701,1.0);
#4699=VECTOR('',#4702,1.0);
#4700=VECTOR('',#4703,1.0);
#4701=DIRECTION('',(0,0,-1));
#4702=DIRECTION('',(-0.6585033375758821,0.7525778062110414,0));
#4703=DIRECTION('',(0.027974600434043068,-0.0319710808175768,0.9990972283626411));
#4704=FACE_SURFACE('',(#4709),#4705,.T.);
#4705=PLANE('',#4706);
#4706=AXIS2_PLACEMENT_3D('',#390,#4707,#4708);
#4707=DIRECTION('',(-0.6585058781555257,0.7525755832038533,0));
#4708=DIRECTION('',(0.03197108064714112,0.0279747908475846,0.9990972230365212));
#4709=FACE_BOUND('',#4710,.T.);
#4710=EDGE_LOOP('',(#4711,#4712,#4713));
#4711=ORIENTED_EDGE('',*,*,#4714,.T.);
#4712=ORIENTED_EDGE('',*,*,#4715,.T.);
#4713=ORIENTED_EDGE('',*,*,#4716,.T.);
#4714=EDGE_CURVE('',#391,#393,#4717,.F.);
#4715=EDGE_CURVE('',#393,#395,#4718,.T.);
#4716=EDGE_CURVE('',#395,#391,#4719,.T.);
#4717=LINE('',#390,#4720);
#4718=LINE('',#392,#4721);
#4719=LINE('',#394,#4722);
#4720=VECTOR('',#4723,1.0);
#4721=VECTOR('',#4724,1.0);
#4722=VECTOR('',#4725,1.0);
#4723=DIRECTION('',(0.03197108064714112,0.0279747908475846,0.9990972230365212));
#4724=DIRECTION('',(0,0,-1));
#4725=DIRECTION('',(-0.7525755832038533,-0.6585058781555257,0));
#4726=FACE_SURFACE('',(#4731),#4727,.T.);
#4727=PLANE('',#4728);
#4728=AXIS2_PLACEMENT_3D('',#388,#4729,#4730);
#4729=DIRECTION('',(-0,0,-1));
#4730=DIRECTION('',(-0.6791158515442268,-0.7340311030067866,0));
#4731=FACE_BOUND('',#4732,.T.);
#4732=EDGE_LOOP('',(#4733,#4734,#4735));
#4733=ORIENTED_EDGE('',*,*,#4736,.T.);
#4734=ORIENTED_EDGE('',*,*,#4737,.T.);
#4735=ORIENTED_EDGE('',*,*,#4738,.T.);
#4736=EDGE_CURVE('',#389,#89,#4739,.F.);
#4737=EDGE_CURVE('',#89,#397,#4740,.T.);
#4738=EDGE_CURVE('',#397,#389,#4741,.T.);
#4739=LINE('',#388,#4742);
#4740=LINE('',#88,#4743);
#4741=LINE('',#396,#4744);
#4742=VECTOR('',#4745,1.0);
#4743=VECTOR('',#4746,1.0);
#4744=VECTOR('',#4747,1.0);
#4745=DIRECTION('',(-0.6791158515442268,-0.7340311030067866,0));
#4746=DIRECTION('',(0.6510674212565521,0.7590199028868367,0));
#4747=DIRECTION('',(0.5563233425683655,-0.8309659069501956,0));
#4748=FACE_SURFACE('',(#4753),#4749,.T.);
#4749=PLANE('',#4750);
#4750=AXIS2_PLACEMENT_3D('',#398,#4751,#4752);
#4751=DIRECTION('',(-0.5563233425683655,0.8309659069501955,0));
#4752=DIRECTION('',(0.8309659069501956,0.5563233425683655,0));
#4753=FACE_BOUND('',#4754,.T.);
#4754=EDGE_LOOP('',(#4755,#4756,#4757));
#4755=ORIENTED_EDGE('',*,*,#4758,.T.);
#4756=ORIENTED_EDGE('',*,*,#4759,.T.);
#4757=ORIENTED_EDGE('',*,*,#4760,.T.);
#4758=EDGE_CURVE('',#399,#401,#4761,.F.);
#4759=EDGE_CURVE('',#401,#403,#4762,.T.);
#4760=EDGE_CURVE('',#403,#399,#4763,.T.);
#4761=LINE('',#398,#4764);
#4762=LINE('',#400,#4765);
#4763=LINE('',#402,#4766);
#4764=VECTOR('',#4767,1.0);
#4765=VECTOR('',#4768,1.0);
#4766=VECTOR('',#4769,1.0);
#4767=DIRECTION('',(0.8309659069501956,0.5563233425683655,0));
#4768=DIRECTION('',(-0.03536792998897694,-0.02367847449169883,-0.9990938090960432));
#4769=DIRECTION('',(0,0,1));
#4770=FACE_SURFACE('',(#4775),#4771,.T.);
#4771=PLANE('',#4772);
#4772=AXIS2_PLACEMENT_3D('',#202,#4773,#4774);
#4773=DIRECTION('',(0,0,-1));
#4774=DIRECTION('',(0.7518152306593663,-0.6593738385382029,0));
#4775=FACE_BOUND('',#4776,.T.);
#4776=EDGE_LOOP('',(#4777,#4778,#4779));
#4777=ORIENTED_EDGE('',*,*,#4780,.T.);
#4778=ORIENTED_EDGE('',*,*,#4781,.T.);
#4779=ORIENTED_EDGE('',*,*,#4782,.T.);
#4780=EDGE_CURVE('',#203,#83,#4783,.F.);
#4781=EDGE_CURVE('',#83,#205,#4784,.T.);
#4782=EDGE_CURVE('',#205,#203,#4785,.T.);
#4783=LINE('',#202,#4786);
#4784=LINE('',#82,#4787);
#4785=LINE('',#204,#4788);
#4786=VECTOR('',#4789,1.0);
#4787=VECTOR('',#4790,1.0);
#4788=VECTOR('',#4791,1.0);
#4789=DIRECTION('',(0.7518152306593663,-0.6593738385382029,0));
#4790=DIRECTION('',(-0.7933377184187346,0.6087817872884804,0));
#4791=DIRECTION('',(-0.1949438963843187,0.9808143949099136,0));
#4792=FACE_SURFACE('',(#4797),#4793,.T.);
#4793=PLANE('',#4794);
#4794=AXIS2_PLACEMENT_3D('',#202,#4795,#4796);
#4795=DIRECTION('',(0,0,-1));
#4796=DIRECTION('',(-0.06575661894339951,0.9978356914167446,0));
#4797=FACE_BOUND('',#4798,.T.);
#4798=EDGE_LOOP('',(#4799,#4800,#4801));
#4799=ORIENTED_EDGE('',*,*,#4802,.T.);
#4800=ORIENTED_EDGE('',*,*,#4803,.T.);
#4801=ORIENTED_EDGE('',*,*,#4804,.T.);
#4802=EDGE_CURVE('',#203,#93,#4805,.F.);
#4803=EDGE_CURVE('',#93,#83,#4806,.T.);
#4804=EDGE_CURVE('',#83,#203,#4807,.T.);
#4805=LINE('',#202,#4808);
#4806=LINE('',#92,#4809);
#4807=LINE('',#82,#4810);
#4808=VECTOR('',#4811,1.0);
#4809=VECTOR('',#4812,1.0);
#4810=VECTOR('',#4813,1.0);
#4811=DIRECTION('',(-0.06575661894339951,0.9978356914167446,0));
#4812=DIRECTION('',(0.7071067811865475,-0.7071067811865475,0));
#4813=DIRECTION('',(-0.7518152306593663,0.6593738385382029,0));
#4814=FACE_SURFACE('',(#4819),#4815,.T.);
#4815=PLANE('',#4816);
#4816=AXIS2_PLACEMENT_3D('',#374,#4817,#4818);
#4817=DIRECTION('',(0,-0,-1));
#4818=DIRECTION('',(0.8967672637615953,-0.4425025137166356,0));
#4819=FACE_BOUND('',#4820,.T.);
#4820=EDGE_LOOP('',(#4821,#4822,#4823));
#4821=ORIENTED_EDGE('',*,*,#4824,.T.);
#4822=ORIENTED_EDGE('',*,*,#4825,.T.);
#4823=ORIENTED_EDGE('',*,*,#4826,.T.);
#4824=EDGE_CURVE('',#375,#351,#4827,.F.);
#4825=EDGE_CURVE('',#351,#93,#4828,.T.);
#4826=EDGE_CURVE('',#93,#375,#4829,.T.);
#4827=LINE('',#374,#4830);
#4828=LINE('',#350,#4831);
#4829=LINE('',#92,#4832);
#4830=VECTOR('',#4833,1.0);
#4831=VECTOR('',#4834,1.0);
#4832=VECTOR('',#4835,1.0);
#4833=DIRECTION('',(0.8967672637615953,-0.4425025137166356,0));
#4834=DIRECTION('',(-0.3558177828802701,-0.9345553516973562,0));
#4835=DIRECTION('',(0.3397292385946361,0.9405232822444689,0));
#4836=FACE_SURFACE('',(#4841),#4837,.T.);
#4837=PLANE('',#4838);
#4838=AXIS2_PLACEMENT_3D('',#354,#4839,#4840);
#4839=DIRECTION('',(0,-0,-1));
#4840=DIRECTION('',(0.9807610784470353,0.19521195404843472,0));
#4841=FACE_BOUND('',#4842,.T.);
#4842=EDGE_LOOP('',(#4843,#4844,#4845));
#4843=ORIENTED_EDGE('',*,*,#4846,.T.);
#4844=ORIENTED_EDGE('',*,*,#4847,.T.);
#4845=ORIENTED_EDGE('',*,*,#4848,.T.);
#4846=EDGE_CURVE('',#355,#405,#4849,.F.);
#4847=EDGE_CURVE('',#405,#83,#4850,.T.);
#4848=EDGE_CURVE('',#83,#355,#4851,.T.);
#4849=LINE('',#354,#4852);
#4850=LINE('',#404,#4853);
#4851=LINE('',#82,#4854);
#4852=VECTOR('',#4855,1.0);
#4853=VECTOR('',#4856,1.0);
#4854=VECTOR('',#4857,1.0);
#4855=DIRECTION('',(0.9807610784470353,0.19521195404843472,0));
#4856=DIRECTION('',(-0.0256170948756756,-0.999671828376758,0));
#4857=DIRECTION('',(0.012966203026704858,0.9999159352560945,0));
#4858=FACE_SURFACE('',(#4863),#4859,.T.);
#4859=PLANE('',#4860);
#4860=AXIS2_PLACEMENT_3D('',#210,#4861,#4862);
#4861=DIRECTION('',(0,0,-1));
#4862=DIRECTION('',(-0.32103662149200884,0.9470667809932923,0));
#4863=FACE_BOUND('',#4864,.T.);
#4864=EDGE_LOOP('',(#4865,#4866,#4867));
#4865=ORIENTED_EDGE('',*,*,#4868,.T.);
#4866=ORIENTED_EDGE('',*,*,#4869,.T.);
#4867=ORIENTED_EDGE('',*,*,#4870,.T.);
#4868=EDGE_CURVE('',#211,#205,#4871,.F.);
#4869=EDGE_CURVE('',#205,#83,#4872,.T.);
#4870=EDGE_CURVE('',#83,#211,#4873,.T.);
#4871=LINE('',#210,#4874);
#4872=LINE('',#204,#4875);
#4873=LINE('',#82,#4876);
#4874=VECTOR('',#4877,1.0);
#4875=VECTOR('',#4878,1.0);
#4876=VECTOR('',#4879,1.0);
#4877=DIRECTION('',(-0.32103662149200884,0.9470667809932923,0));
#4878=DIRECTION('',(0.7933377184187346,-0.6087817872884804,0));
#4879=DIRECTION('',(-0.8314822858591974,0.5555512652333391,0));
#4880=FACE_SURFACE('',(#4885),#4881,.T.);
#4881=PLANE('',#4882);
#4882=AXIS2_PLACEMENT_3D('',#402,#4883,#4884);
#4883=DIRECTION('',(-0.4424989507560145,0.8967690218667381,0));
#4884=DIRECTION('',(-0.8967690218667381,-0.4424989507560144,0));
#4885=FACE_BOUND('',#4886,.T.);
#4886=EDGE_LOOP('',(#4887,#4888,#4889));
#4887=ORIENTED_EDGE('',*,*,#4890,.T.);
#4888=ORIENTED_EDGE('',*,*,#4891,.T.);
#4889=ORIENTED_EDGE('',*,*,#4892,.T.);
#4890=EDGE_CURVE('',#403,#407,#4893,.F.);
#4891=EDGE_CURVE('',#407,#361,#4894,.T.);
#4892=EDGE_CURVE('',#361,#403,#4895,.T.);
#4893=LINE('',#402,#4896);
#4894=LINE('',#406,#4897);
#4895=LINE('',#360,#4898);
#4896=VECTOR('',#4899,1.0);
#4897=VECTOR('',#4900,1.0);
#4898=VECTOR('',#4901,1.0);
#4899=DIRECTION('',(-0.8967690218667381,-0.4424989507560144,0));
#4900=DIRECTION('',(0,0,1));
#4901=DIRECTION('',(0.03806571205683545,0.018783027997407022,-0.9990986935357561));
#4902=FACE_SURFACE('',(#4907),#4903,.T.);
#4903=PLANE('',#4904);
#4904=AXIS2_PLACEMENT_3D('',#346,#4905,#4906);
#4905=DIRECTION('',(0.06340214241036263,0.9979880602180449,-0));
#4906=DIRECTION('',(0,0,1));
#4907=FACE_BOUND('',#4908,.T.);
#4908=EDGE_LOOP('',(#4909,#4910,#4911));
#4909=ORIENTED_EDGE('',*,*,#4912,.T.);
#4910=ORIENTED_EDGE('',*,*,#4913,.T.);
#4911=ORIENTED_EDGE('',*,*,#4914,.T.);
#4912=EDGE_CURVE('',#347,#409,#4915,.F.);
#4913=EDGE_CURVE('',#409,#345,#4916,.T.);
#4914=EDGE_CURVE('',#345,#347,#4917,.T.);
#4915=LINE('',#346,#4918);
#4916=LINE('',#408,#4919);
#4917=LINE('',#344,#4920);
#4918=VECTOR('',#4921,1.0);
#4919=VECTOR('',#4922,1.0);
#4920=VECTOR('',#4923,1.0);
#4921=DIRECTION('',(0,0,1));
#4922=DIRECTION('',(0.04246181895799734,-0.002697597696699684,-0.9990944484369059));
#4923=DIRECTION('',(-0.997988060218045,0.06340214241036264,0));
#4924=FACE_SURFACE('',(#4929),#4925,.T.);
#4925=PLANE('',#4926);
#4926=AXIS2_PLACEMENT_3D('',#344,#4927,#4928);
#4927=DIRECTION('',(0.06340214241036263,0.9979880602180449,-0));
#4928=DIRECTION('',(-0.04246181895799734,0.002697597696699684,0.9990944484369059));
#4929=FACE_BOUND('',#4930,.T.);
#4930=EDGE_LOOP('',(#4931,#4932,#4933));
#4931=ORIENTED_EDGE('',*,*,#4934,.T.);
#4932=ORIENTED_EDGE('',*,*,#4935,.T.);
#4933=ORIENTED_EDGE('',*,*,#4936,.T.);
#4934=EDGE_CURVE('',#345,#409,#4937,.F.);
#4935=EDGE_CURVE('',#409,#369,#4938,.T.);
#4936=EDGE_CURVE('',#369,#345,#4939,.T.);
#4937=LINE('',#344,#4940);
#4938=LINE('',#408,#4941);
#4939=LINE('',#368,#4942);
#4940=VECTOR('',#4943,1.0);
#4941=VECTOR('',#4944,1.0);
#4942=VECTOR('',#4945,1.0);
#4943=DIRECTION('',(-0.04246181895799734,0.002697597696699684,0.9990944484369059));
#4944=DIRECTION('',(0.997988060218045,-0.06340214241036264,0));
#4945=DIRECTION('',(0,0,-1));
#4946=FACE_SURFACE('',(#4951),#4947,.T.);
#4947=PLANE('',#4948);
#4948=AXIS2_PLACEMENT_3D('',#406,#4949,#4950);
#4949=DIRECTION('',(-0.3218656184344951,0.9467853630415819,0));
#4950=DIRECTION('',(-0.9467853630415819,-0.3218656184344952,0));
#4951=FACE_BOUND('',#4952,.T.);
#4952=EDGE_LOOP('',(#4953,#4954,#4955));
#4953=ORIENTED_EDGE('',*,*,#4956,.T.);
#4954=ORIENTED_EDGE('',*,*,#4957,.T.);
#4955=ORIENTED_EDGE('',*,*,#4958,.T.);
#4956=EDGE_CURVE('',#407,#363,#4959,.F.);
#4957=EDGE_CURVE('',#363,#361,#4960,.T.);
#4958=EDGE_CURVE('',#361,#407,#4961,.T.);
#4959=LINE('',#406,#4962);
#4960=LINE('',#362,#4963);
#4961=LINE('',#360,#4964);
#4962=VECTOR('',#4965,1.0);
#4963=VECTOR('',#4966,1.0);
#4964=VECTOR('',#4967,1.0);
#4965=DIRECTION('',(-0.9467853630415819,-0.3218656184344952,0));
#4966=DIRECTION('',(0.04026314942558689,0.013687710008902886,0.999095353503881));
#4967=DIRECTION('',(0,0,-1));
#4968=FACE_SURFACE('',(#4973),#4969,.T.);
#4969=PLANE('',#4970);
#4970=AXIS2_PLACEMENT_3D('',#386,#4971,#4972);
#4971=DIRECTION('',(0,-0,-1));
#4972=DIRECTION('',(0.7525755832038533,-0.6585058781555257,0));
#4973=FACE_BOUND('',#4974,.T.);
#4974=EDGE_LOOP('',(#4975,#4976,#4977));
#4975=ORIENTED_EDGE('',*,*,#4978,.T.);
#4976=ORIENTED_EDGE('',*,*,#4979,.T.);
#4977=ORIENTED_EDGE('',*,*,#4980,.T.);
#4978=EDGE_CURVE('',#387,#377,#4981,.F.);
#4979=EDGE_CURVE('',#377,#89,#4982,.T.);
#4980=EDGE_CURVE('',#89,#387,#4983,.T.);
#4981=LINE('',#386,#4984);
#4982=LINE('',#376,#4985);
#4983=LINE('',#88,#4986);
#4984=VECTOR('',#4987,1.0);
#4985=VECTOR('',#4988,1.0);
#4986=VECTOR('',#4989,1.0);
#4987=DIRECTION('',(0.7525755832038533,-0.6585058781555257,0));
#4988=DIRECTION('',(-0.7340308549618307,-0.6791161196467095,0));
#4989=DIRECTION('',(0.7071066060307657,0.7071069563422859,0));
#4990=FACE_SURFACE('',(#4995),#4991,.T.);
#4991=PLANE('',#4992);
#4992=AXIS2_PLACEMENT_3D('',#372,#4993,#4994);
#4993=DIRECTION('',(0,-0,-1));
#4994=DIRECTION('',(0.946786291482897,-0.3218628873605388,0));
#4995=FACE_BOUND('',#4996,.T.);
#4996=EDGE_LOOP('',(#4997,#4998,#4999));
#4997=ORIENTED_EDGE('',*,*,#5000,.T.);
#4998=ORIENTED_EDGE('',*,*,#5001,.T.);
#4999=ORIENTED_EDGE('',*,*,#5002,.T.);
#5000=EDGE_CURVE('',#373,#411,#5003,.F.);
#5001=EDGE_CURVE('',#411,#89,#5004,.T.);
#5002=EDGE_CURVE('',#89,#373,#5005,.T.);
#5003=LINE('',#372,#5006);
#5004=LINE('',#410,#5007);
#5005=LINE('',#88,#5008);
#5006=VECTOR('',#5009,1.0);
#5007=VECTOR('',#5010,1.0);
#5008=VECTOR('',#5011,1.0);
#5009=DIRECTION('',(0.946786291482897,-0.3218628873605388,0));
#5010=DIRECTION('',(-0.8004402157334084,-0.599412596661644,0));
#5011=DIRECTION('',(0.7812602912941125,0.6242053806617165,0));
#5012=FACE_SURFACE('',(#5017),#5013,.T.);
#5013=PLANE('',#5014);
#5014=AXIS2_PLACEMENT_3D('',#410,#5015,#5016);
#5015=DIRECTION('',(0,-0,-1));
#5016=DIRECTION('',(0.9807610784470353,-0.19521195404843472,0));
#5017=FACE_BOUND('',#5018,.T.);
#5018=EDGE_LOOP('',(#5019,#5020,#5021));
#5019=ORIENTED_EDGE('',*,*,#5022,.T.);
#5020=ORIENTED_EDGE('',*,*,#5023,.T.);
#5021=ORIENTED_EDGE('',*,*,#5024,.T.);
#5022=EDGE_CURVE('',#411,#347,#5025,.F.);
#5023=EDGE_CURVE('',#347,#89,#5026,.T.);
#5024=EDGE_CURVE('',#89,#411,#5027,.T.);
#5025=LINE('',#410,#5028);
#5026=LINE('',#346,#5029);
#5027=LINE('',#88,#5030);
#5028=VECTOR('',#5031,1.0);
#5029=VECTOR('',#5032,1.0);
#5030=VECTOR('',#5033,1.0);
#5031=DIRECTION('',(0.9807610784470353,-0.19521195404843472,0));
#5032=DIRECTION('',(-0.8163175230496489,-0.5776034120069633,0));
#5033=DIRECTION('',(0.8004402157334084,0.599412596661644,0));
#5034=FACE_SURFACE('',(#5039),#5035,.T.);
#5035=PLANE('',#5036);
#5036=AXIS2_PLACEMENT_3D('',#412,#5037,#5038);
#5037=DIRECTION('',(-0,-0,-1));
#5038=DIRECTION('',(0.32186152183993644,-0.9467867556946918,0));
#5039=FACE_BOUND('',#5040,.T.);
#5040=EDGE_LOOP('',(#5041,#5042,#5043));
#5041=ORIENTED_EDGE('',*,*,#5044,.T.);
#5042=ORIENTED_EDGE('',*,*,#5045,.T.);
#5043=ORIENTED_EDGE('',*,*,#5046,.T.);
#5044=EDGE_CURVE('',#413,#415,#5047,.F.);
#5045=EDGE_CURVE('',#415,#87,#5048,.T.);
#5046=EDGE_CURVE('',#87,#413,#5049,.T.);
#5047=LINE('',#412,#5050);
#5048=LINE('',#414,#5051);
#5049=LINE('',#86,#5052);
#5050=VECTOR('',#5053,1.0);
#5051=VECTOR('',#5054,1.0);
#5052=VECTOR('',#5055,1.0);
#5053=DIRECTION('',(0.32186152183993644,-0.9467867556946918,0));
#5054=DIRECTION('',(-0.9845274443211655,0.17523045220062225,0));
#5055=DIRECTION('',(0.9925471612854778,-0.12186112023176149,0));
#5056=FACE_SURFACE('',(#5061),#5057,.T.);
#5057=PLANE('',#5058);
#5058=AXIS2_PLACEMENT_3D('',#346,#5059,#5060);
#5059=DIRECTION('',(0.19521195404843475,0.9807610784470354,-0));
#5060=DIRECTION('',(-0.9807610784470353,0.19521195404843472,0));
#5061=FACE_BOUND('',#5062,.T.);
#5062=EDGE_LOOP('',(#5063,#5064,#5065));
#5063=ORIENTED_EDGE('',*,*,#5066,.T.);
#5064=ORIENTED_EDGE('',*,*,#5067,.T.);
#5065=ORIENTED_EDGE('',*,*,#5068,.T.);
#5066=EDGE_CURVE('',#347,#411,#5069,.F.);
#5067=EDGE_CURVE('',#411,#409,#5070,.T.);
#5068=EDGE_CURVE('',#409,#347,#5071,.T.);
#5069=LINE('',#346,#5072);
#5070=LINE('',#410,#5073);
#5071=LINE('',#408,#5074);
#5072=VECTOR('',#5075,1.0);
#5073=VECTOR('',#5076,1.0);
#5074=VECTOR('',#5077,1.0);
#5075=DIRECTION('',(-0.9807610784470353,0.19521195404843472,0));
#5076=DIRECTION('',(0.04166234054597021,-0.008292526168644636,0.999097334292297));
#5077=DIRECTION('',(0,0,-1));
#5078=FACE_SURFACE('',(#5083),#5079,.T.);
#5079=PLANE('',#5080);
#5080=AXIS2_PLACEMENT_3D('',#132,#5081,#5082);
#5081=DIRECTION('',(0.5563192030683289,-0.8309686782890312,0));
#5082=DIRECTION('',(0,0,-1));
#5083=FACE_BOUND('',#5084,.T.);
#5084=EDGE_LOOP('',(#5085,#5086,#5087));
#5085=ORIENTED_EDGE('',*,*,#5088,.T.);
#5086=ORIENTED_EDGE('',*,*,#5089,.T.);
#5087=ORIENTED_EDGE('',*,*,#5090,.T.);
#5088=EDGE_CURVE('',#133,#279,#5091,.F.);
#5089=EDGE_CURVE('',#279,#277,#5092,.T.);
#5090=EDGE_CURVE('',#277,#133,#5093,.T.);
#5091=LINE('',#132,#5094);
#5092=LINE('',#278,#5095);
#5093=LINE('',#276,#5096);
#5094=VECTOR('',#5097,1.0);
#5095=VECTOR('',#5098,1.0);
#5096=VECTOR('',#5099,1.0);
#5097=DIRECTION('',(0,0,-1));
#5098=DIRECTION('',(0.8309686782890312,0.5563192030683289,0));
#5099=DIRECTION('',(-0.020817223769627947,-0.01393677239611471,0.9996861555356781));
#5100=FACE_SURFACE('',(#5105),#5101,.T.);
#5101=PLANE('',#5102);
#5102=AXIS2_PLACEMENT_3D('',#396,#5103,#5104);
#5103=DIRECTION('',(-0,0,-1));
#5104=DIRECTION('',(-0.6510674212565521,-0.7590199028868367,0));
#5105=FACE_BOUND('',#5106,.T.);
#5106=EDGE_LOOP('',(#5107,#5108,#5109));
#5107=ORIENTED_EDGE('',*,*,#5110,.T.);
#5108=ORIENTED_EDGE('',*,*,#5111,.T.);
#5109=ORIENTED_EDGE('',*,*,#5112,.T.);
#5110=EDGE_CURVE('',#397,#89,#5113,.F.);
#5111=EDGE_CURVE('',#89,#415,#5114,.T.);
#5112=EDGE_CURVE('',#415,#397,#5115,.T.);
#5113=LINE('',#396,#5116);
#5114=LINE('',#88,#5117);
#5115=LINE('',#414,#5118);
#5116=VECTOR('',#5119,1.0);
#5117=VECTOR('',#5120,1.0);
#5118=VECTOR('',#5121,1.0);
#5119=DIRECTION('',(-0.6510674212565521,-0.7590199028868367,0));
#5120=DIRECTION('',(0.6242054015458751,0.7812602746082465,0));
#5121=DIRECTION('',(0.4424935115219267,-0.8967717057651822,0));
#5122=FACE_SURFACE('',(#5127),#5123,.T.);
#5123=PLANE('',#5124);
#5124=AXIS2_PLACEMENT_3D('',#416,#5125,#5126);
#5125=DIRECTION('',(-0.06573908068365164,0.9978368470200267,0));
#5126=DIRECTION('',(0,0,-1));
#5127=FACE_BOUND('',#5128,.T.);
#5128=EDGE_LOOP('',(#5129,#5130,#5131));
#5129=ORIENTED_EDGE('',*,*,#5132,.T.);
#5130=ORIENTED_EDGE('',*,*,#5133,.T.);
#5131=ORIENTED_EDGE('',*,*,#5134,.T.);
#5132=EDGE_CURVE('',#417,#355,#5135,.F.);
#5133=EDGE_CURVE('',#355,#151,#5136,.T.);
#5134=EDGE_CURVE('',#151,#417,#5137,.T.);
#5135=LINE('',#416,#5138);
#5136=LINE('',#354,#5139);
#5137=LINE('',#150,#5140);
#5138=VECTOR('',#5141,1.0);
#5139=VECTOR('',#5142,1.0);
#5140=VECTOR('',#5143,1.0);
#5141=DIRECTION('',(0,0,-1));
#5142=DIRECTION('',(-0.9978368470200267,-0.06573908068365164,0));
#5143=DIRECTION('',(0.02499233662905593,0.0016465349410949496,0.9996862868082705));
#5144=FACE_SURFACE('',(#5149),#5145,.T.);
#5145=PLANE('',#5146);
#5146=AXIS2_PLACEMENT_3D('',#388,#5147,#5148);
#5147=DIRECTION('',(0,-0,-1));
#5148=DIRECTION('',(0.6585033375758821,-0.7525778062110414,0));
#5149=FACE_BOUND('',#5150,.T.);
#5150=EDGE_LOOP('',(#5151,#5152,#5153));
#5151=ORIENTED_EDGE('',*,*,#5154,.T.);
#5152=ORIENTED_EDGE('',*,*,#5155,.T.);
#5153=ORIENTED_EDGE('',*,*,#5156,.T.);
#5154=EDGE_CURVE('',#389,#387,#5157,.F.);
#5155=EDGE_CURVE('',#387,#89,#5158,.T.);
#5156=EDGE_CURVE('',#89,#389,#5159,.T.);
#5157=LINE('',#388,#5160);
#5158=LINE('',#386,#5161);
#5159=LINE('',#88,#5162);
#5160=VECTOR('',#5163,1.0);
#5161=VECTOR('',#5164,1.0);
#5162=VECTOR('',#5165,1.0);
#5163=DIRECTION('',(0.6585033375758821,-0.7525778062110414,0));
#5164=DIRECTION('',(-0.7071066060307657,-0.7071069563422859,0));
#5165=DIRECTION('',(0.6791158515442268,0.7340311030067866,0));
#5166=FACE_SURFACE('',(#5171),#5167,.T.);
#5167=PLANE('',#5168);
#5168=AXIS2_PLACEMENT_3D('',#86,#5169,#5170);
#5169=DIRECTION('',(0,0,-1));
#5170=DIRECTION('',(0.9845274443211655,-0.17523045220062225,0));
#5171=FACE_BOUND('',#5172,.T.);
#5172=EDGE_LOOP('',(#5173,#5174,#5175));
#5173=ORIENTED_EDGE('',*,*,#5176,.T.);
#5174=ORIENTED_EDGE('',*,*,#5177,.T.);
#5175=ORIENTED_EDGE('',*,*,#5178,.T.);
#5176=EDGE_CURVE('',#87,#415,#5179,.F.);
#5177=EDGE_CURVE('',#415,#89,#5180,.T.);
#5178=EDGE_CURVE('',#89,#87,#5181,.T.);
#5179=LINE('',#86,#5182);
#5180=LINE('',#414,#5183);
#5181=LINE('',#88,#5184);
#5182=VECTOR('',#5185,1.0);
#5183=VECTOR('',#5186,1.0);
#5184=VECTOR('',#5187,1.0);
#5185=DIRECTION('',(0.9845274443211655,-0.17523045220062225,0));
#5186=DIRECTION('',(-0.6242054015458751,-0.7812602746082465,0));
#5187=DIRECTION('',(0,1,0));
#5188=FACE_SURFACE('',(#5193),#5189,.T.);
#5189=PLANE('',#5190);
#5190=AXIS2_PLACEMENT_3D('',#286,#5191,#5192);
#5191=DIRECTION('',(0.3218548537101871,-0.9467890225088132,0));
#5192=DIRECTION('',(0,0,1));
#5193=FACE_BOUND('',#5194,.T.);
#5194=EDGE_LOOP('',(#5195,#5196,#5197));
#5195=ORIENTED_EDGE('',*,*,#5198,.T.);
#5196=ORIENTED_EDGE('',*,*,#5199,.T.);
#5197=ORIENTED_EDGE('',*,*,#5200,.T.);
#5198=EDGE_CURVE('',#287,#139,#5201,.F.);
#5199=EDGE_CURVE('',#139,#275,#5202,.T.);
#5200=EDGE_CURVE('',#275,#287,#5203,.T.);
#5201=LINE('',#286,#5204);
#5202=LINE('',#138,#5205);
#5203=LINE('',#274,#5206);
#5204=VECTOR('',#5207,1.0);
#5205=VECTOR('',#5208,1.0);
#5206=VECTOR('',#5209,1.0);
#5207=DIRECTION('',(0,0,1));
#5208=DIRECTION('',(-0.023698447933030383,-0.008056135328262088,-0.9996866920436313));
#5209=DIRECTION('',(0.9467890225088132,0.3218548537101871,0));
#5210=FACE_SURFACE('',(#5215),#5211,.T.);
#5211=PLANE('',#5212);
#5212=AXIS2_PLACEMENT_3D('',#418,#5213,#5214);
#5213=DIRECTION('',(-0,-0,-1));
#5214=DIRECTION('',(0.19521195404843472,-0.9807610784470353,0));
#5215=FACE_BOUND('',#5216,.T.);
#5216=EDGE_LOOP('',(#5217,#5218,#5219));
#5217=ORIENTED_EDGE('',*,*,#5220,.T.);
#5218=ORIENTED_EDGE('',*,*,#5221,.T.);
#5219=ORIENTED_EDGE('',*,*,#5222,.T.);
#5220=EDGE_CURVE('',#419,#413,#5223,.F.);
#5221=EDGE_CURVE('',#413,#87,#5224,.T.);
#5222=EDGE_CURVE('',#87,#419,#5225,.T.);
#5223=LINE('',#418,#5226);
#5224=LINE('',#412,#5227);
#5225=LINE('',#86,#5228);
#5226=VECTOR('',#5229,1.0);
#5227=VECTOR('',#5230,1.0);
#5228=VECTOR('',#5231,1.0);
#5229=DIRECTION('',(0.19521195404843472,-0.9807610784470353,0));
#5230=DIRECTION('',(-0.9925471612854778,0.12186112023176149,0));
#5231=DIRECTION('',(0.9980382300980493,-0.06260743775904958,0));
#5232=FACE_SURFACE('',(#5237),#5233,.T.);
#5233=PLANE('',#5234);
#5234=AXIS2_PLACEMENT_3D('',#322,#5235,#5236);
#5235=DIRECTION('',(-0,-0,-1));
#5236=DIRECTION('',(0.06573966819275853,-0.9978368083138175,0));
#5237=FACE_BOUND('',#5238,.T.);
#5238=EDGE_LOOP('',(#5239,#5240,#5241));
#5239=ORIENTED_EDGE('',*,*,#5242,.T.);
#5240=ORIENTED_EDGE('',*,*,#5243,.T.);
#5241=ORIENTED_EDGE('',*,*,#5244,.T.);
#5242=EDGE_CURVE('',#323,#419,#5245,.F.);
#5243=EDGE_CURVE('',#419,#87,#5246,.T.);
#5244=EDGE_CURVE('',#87,#323,#5247,.T.);
#5245=LINE('',#322,#5248);
#5246=LINE('',#418,#5249);
#5247=LINE('',#86,#5250);
#5248=VECTOR('',#5251,1.0);
#5249=VECTOR('',#5252,1.0);
#5250=VECTOR('',#5253,1.0);
#5251=DIRECTION('',(0.06573966819275853,-0.9978368083138175,0));
#5252=DIRECTION('',(-0.9980382300980493,0.06260743775904958,0));
#5253=DIRECTION('',(1,0,0));
#5254=FACE_SURFACE('',(#5259),#5255,.T.);
#5255=PLANE('',#5256);
#5256=AXIS2_PLACEMENT_3D('',#302,#5257,#5258);
#5257=DIRECTION('',(-0,0,1));
#5258=DIRECTION('',(0.6585084187126559,-0.7525733602012215,0));
#5259=FACE_BOUND('',#5260,.T.);
#5260=EDGE_LOOP('',(#5261,#5262,#5263));
#5261=ORIENTED_EDGE('',*,*,#5264,.T.);
#5262=ORIENTED_EDGE('',*,*,#5265,.T.);
#5263=ORIENTED_EDGE('',*,*,#5266,.T.);
#5264=EDGE_CURVE('',#303,#421,#5267,.F.);
#5265=EDGE_CURVE('',#421,#423,#5268,.T.);
#5266=EDGE_CURVE('',#423,#303,#5269,.T.);
#5267=LINE('',#302,#5270);
#5268=LINE('',#420,#5271);
#5269=LINE('',#422,#5272);
#5270=VECTOR('',#5273,1.0);
#5271=VECTOR('',#5274,1.0);
#5272=VECTOR('',#5275,1.0);
#5273=DIRECTION('',(0.6585084187126559,-0.7525733602012215,0));
#5274=DIRECTION('',(0.793372242737961,0.6087367940686171,0));
#5275=DIRECTION('',(-0.8298682503982232,-0.5579593954590173,0));
#5276=FACE_SURFACE('',(#5281),#5277,.T.);
#5277=PLANE('',#5278);
#5278=AXIS2_PLACEMENT_3D('',#390,#5279,#5280);
#5279=DIRECTION('',(0,0,-1));
#5280=DIRECTION('',(0.7525755832038533,0.6585058781555257,0));
#5281=FACE_BOUND('',#5282,.T.);
#5282=EDGE_LOOP('',(#5283,#5284,#5285));
#5283=ORIENTED_EDGE('',*,*,#5286,.T.);
#5284=ORIENTED_EDGE('',*,*,#5287,.T.);
#5285=ORIENTED_EDGE('',*,*,#5288,.T.);
#5286=EDGE_CURVE('',#391,#395,#5289,.F.);
#5287=EDGE_CURVE('',#395,#59,#5290,.T.);
#5288=EDGE_CURVE('',#59,#391,#5291,.T.);
#5289=LINE('',#390,#5292);
#5290=LINE('',#394,#5293);
#5291=LINE('',#58,#5294);
#5292=VECTOR('',#5295,1.0);
#5293=VECTOR('',#5296,1.0);
#5294=VECTOR('',#5297,1.0);
#5295=DIRECTION('',(0.7525755832038533,0.6585058781555257,0));
#5296=DIRECTION('',(0.908118466666547,-0.4187133273484372,0));
#5297=DIRECTION('',(-0.9166757317430998,0.39963183410891145,0));
#5298=FACE_SURFACE('',(#5303),#5299,.T.);
#5299=PLANE('',#5300);
#5300=AXIS2_PLACEMENT_3D('',#88,#5301,#5302);
#5301=DIRECTION('',(0,0,-1));
#5302=DIRECTION('',(0.8384896404041431,0.5449175377384463,0));
#5303=FACE_BOUND('',#5304,.T.);
#5304=EDGE_LOOP('',(#5305,#5306,#5307));
#5305=ORIENTED_EDGE('',*,*,#5308,.T.);
#5306=ORIENTED_EDGE('',*,*,#5309,.T.);
#5307=ORIENTED_EDGE('',*,*,#5310,.T.);
#5308=EDGE_CURVE('',#89,#365,#5311,.F.);
#5309=EDGE_CURVE('',#365,#59,#5312,.T.);
#5310=EDGE_CURVE('',#59,#89,#5313,.T.);
#5311=LINE('',#88,#5314);
#5312=LINE('',#364,#5315);
#5313=LINE('',#58,#5316);
#5314=VECTOR('',#5317,1.0);
#5315=VECTOR('',#5318,1.0);
#5316=VECTOR('',#5319,1.0);
#5317=DIRECTION('',(0.8384896404041431,0.5449175377384463,0));
#5318=DIRECTION('',(0.9394607122388405,-0.3426566359487154,0));
#5319=DIRECTION('',(-1,0,0));
#5320=FACE_SURFACE('',(#5325),#5321,.T.);
#5321=PLANE('',#5322);
#5322=AXIS2_PLACEMENT_3D('',#402,#5323,#5324);
#5323=DIRECTION('',(0,0,-1));
#5324=DIRECTION('',(0.8309659069501956,0.5563233425683655,0));
#5325=FACE_BOUND('',#5326,.T.);
#5326=EDGE_LOOP('',(#5327,#5328,#5329));
#5327=ORIENTED_EDGE('',*,*,#5330,.T.);
#5328=ORIENTED_EDGE('',*,*,#5331,.T.);
#5329=ORIENTED_EDGE('',*,*,#5332,.T.);
#5330=EDGE_CURVE('',#403,#391,#5333,.F.);
#5331=EDGE_CURVE('',#391,#59,#5334,.T.);
#5332=EDGE_CURVE('',#59,#403,#5335,.T.);
#5333=LINE('',#402,#5336);
#5334=LINE('',#390,#5337);
#5335=LINE('',#58,#5338);
#5336=VECTOR('',#5339,1.0);
#5337=VECTOR('',#5340,1.0);
#5338=VECTOR('',#5341,1.0);
#5339=DIRECTION('',(0.8309659069501956,0.5563233425683655,0));
#5340=DIRECTION('',(0.9166757317430998,-0.39963183410891145,0));
#5341=DIRECTION('',(-0.9241340720072637,0.3820683406869426,0));
#5342=FACE_SURFACE('',(#5347),#5343,.T.);
#5343=PLANE('',#5344);
#5344=AXIS2_PLACEMENT_3D('',#424,#5345,#5346);
#5345=DIRECTION('',(-0.8309659069501955,0.5563233425683655,0));
#5346=DIRECTION('',(-0.5563233425683655,-0.8309659069501956,0));
#5347=FACE_BOUND('',#5348,.T.);
#5348=EDGE_LOOP('',(#5349,#5350,#5351));
#5349=ORIENTED_EDGE('',*,*,#5352,.T.);
#5350=ORIENTED_EDGE('',*,*,#5353,.T.);
#5351=ORIENTED_EDGE('',*,*,#5354,.T.);
#5352=EDGE_CURVE('',#425,#427,#5355,.F.);
#5353=EDGE_CURVE('',#427,#429,#5356,.T.);
#5354=EDGE_CURVE('',#429,#425,#5357,.T.);
#5355=LINE('',#424,#5358);
#5356=LINE('',#426,#5359);
#5357=LINE('',#428,#5360);
#5358=VECTOR('',#5361,1.0);
#5359=VECTOR('',#5362,1.0);
#5360=VECTOR('',#5363,1.0);
#5361=DIRECTION('',(-0.5563233425683655,-0.8309659069501956,0));
#5362=DIRECTION('',(0,0,1));
#5363=DIRECTION('',(0.02367847449169883,0.03536792998897694,-0.9990938090960432));
#5364=FACE_SURFACE('',(#5369),#5365,.T.);
#5365=PLANE('',#5366);
#5366=AXIS2_PLACEMENT_3D('',#422,#5367,#5368);
#5367=DIRECTION('',(0,0,1));
#5368=DIRECTION('',(-0.6597488785074056,0.7514861391324662,0));
#5369=FACE_BOUND('',#5370,.T.);
#5370=EDGE_LOOP('',(#5371,#5372,#5373));
#5371=ORIENTED_EDGE('',*,*,#5374,.T.);
#5372=ORIENTED_EDGE('',*,*,#5375,.T.);
#5373=ORIENTED_EDGE('',*,*,#5376,.T.);
#5374=EDGE_CURVE('',#423,#299,#5377,.F.);
#5375=EDGE_CURVE('',#299,#303,#5378,.T.);
#5376=EDGE_CURVE('',#303,#423,#5379,.T.);
#5377=LINE('',#422,#5380);
#5378=LINE('',#298,#5381);
#5379=LINE('',#302,#5382);
#5380=VECTOR('',#5383,1.0);
#5381=VECTOR('',#5384,1.0);
#5382=VECTOR('',#5385,1.0);
#5383=DIRECTION('',(-0.6597488785074056,0.7514861391324662,0));
#5384=DIRECTION('',(-0.7071067811865476,-0.7071067811865476,0));
#5385=DIRECTION('',(0.8298682503982232,0.5579593954590173,0));
#5386=FACE_SURFACE('',(#5391),#5387,.T.);
#5387=PLANE('',#5388);
#5388=AXIS2_PLACEMENT_3D('',#420,#5389,#5390);
#5389=DIRECTION('',(-0,0,1));
#5390=DIRECTION('',(0.5563233425683655,-0.8309659069501956,0));
#5391=FACE_BOUND('',#5392,.T.);
#5392=EDGE_LOOP('',(#5393,#5394,#5395));
#5393=ORIENTED_EDGE('',*,*,#5396,.T.);
#5394=ORIENTED_EDGE('',*,*,#5397,.T.);
#5395=ORIENTED_EDGE('',*,*,#5398,.T.);
#5396=EDGE_CURVE('',#421,#431,#5399,.F.);
#5397=EDGE_CURVE('',#431,#423,#5400,.T.);
#5398=EDGE_CURVE('',#423,#421,#5401,.T.);
#5399=LINE('',#420,#5402);
#5400=LINE('',#430,#5403);
#5401=LINE('',#422,#5404);
#5402=VECTOR('',#5405,1.0);
#5403=VECTOR('',#5406,1.0);
#5404=VECTOR('',#5407,1.0);
#5405=DIRECTION('',(0.5563233425683655,-0.8309659069501956,0));
#5406=DIRECTION('',(0.7536975584168083,0.6572214165991108,0));
#5407=DIRECTION('',(-0.793372242737961,-0.6087367940686171,0));
#5408=FACE_SURFACE('',(#5413),#5409,.T.);
#5409=PLANE('',#5410);
#5410=AXIS2_PLACEMENT_3D('',#392,#5411,#5412);
#5411=DIRECTION('',(-0.7525733602012215,0.6585084187126559,0));
#5412=DIRECTION('',(0.6585084187126559,0.7525733602012215,0));
#5413=FACE_BOUND('',#5414,.T.);
#5414=EDGE_LOOP('',(#5415,#5416,#5417));
#5415=ORIENTED_EDGE('',*,*,#5418,.T.);
#5416=ORIENTED_EDGE('',*,*,#5419,.T.);
#5417=ORIENTED_EDGE('',*,*,#5420,.T.);
#5418=EDGE_CURVE('',#393,#429,#5421,.F.);
#5419=EDGE_CURVE('',#429,#395,#5422,.T.);
#5420=EDGE_CURVE('',#395,#393,#5423,.T.);
#5421=LINE('',#392,#5424);
#5422=LINE('',#428,#5425);
#5423=LINE('',#394,#5426);
#5424=VECTOR('',#5427,1.0);
#5425=VECTOR('',#5428,1.0);
#5426=VECTOR('',#5429,1.0);
#5427=DIRECTION('',(0.6585084187126559,0.7525733602012215,0));
#5428=DIRECTION('',(-0.02797498126112308,-0.03197108047670428,-0.9990972177103647));
#5429=DIRECTION('',(0,0,1));
#5430=FACE_SURFACE('',(#5435),#5431,.T.);
#5431=PLANE('',#5432);
#5432=AXIS2_PLACEMENT_3D('',#426,#5433,#5434);
#5433=DIRECTION('',(-0.7525733602012215,0.6585084187126559,0));
#5434=DIRECTION('',(-0.6585084187126559,-0.7525733602012215,0));
#5435=FACE_BOUND('',#5436,.T.);
#5436=EDGE_LOOP('',(#5437,#5438,#5439));
#5437=ORIENTED_EDGE('',*,*,#5440,.T.);
#5438=ORIENTED_EDGE('',*,*,#5441,.T.);
#5439=ORIENTED_EDGE('',*,*,#5442,.T.);
#5440=EDGE_CURVE('',#427,#395,#5443,.F.);
#5441=EDGE_CURVE('',#395,#429,#5444,.T.);
#5442=EDGE_CURVE('',#429,#427,#5445,.T.);
#5443=LINE('',#426,#5446);
#5444=LINE('',#394,#5447);
#5445=LINE('',#428,#5448);
#5446=VECTOR('',#5449,1.0);
#5447=VECTOR('',#5450,1.0);
#5448=VECTOR('',#5451,1.0);
#5449=DIRECTION('',(-0.6585084187126559,-0.7525733602012215,0));
#5450=DIRECTION('',(0.02797498126112308,0.03197108047670428,0.9990972177103647));
#5451=DIRECTION('',(0,0,-1));
#5452=FACE_SURFACE('',(#5457),#5453,.T.);
#5453=PLANE('',#5454);
#5454=AXIS2_PLACEMENT_3D('',#406,#5455,#5456);
#5455=DIRECTION('',(0,0,-1));
#5456=DIRECTION('',(0.8967690218667381,0.4424989507560144,0));
#5457=FACE_BOUND('',#5458,.T.);
#5458=EDGE_LOOP('',(#5459,#5460,#5461));
#5459=ORIENTED_EDGE('',*,*,#5462,.T.);
#5460=ORIENTED_EDGE('',*,*,#5463,.T.);
#5461=ORIENTED_EDGE('',*,*,#5464,.T.);
#5462=EDGE_CURVE('',#407,#403,#5465,.F.);
#5463=EDGE_CURVE('',#403,#59,#5466,.T.);
#5464=EDGE_CURVE('',#59,#407,#5467,.T.);
#5465=LINE('',#406,#5468);
#5466=LINE('',#402,#5469);
#5467=LINE('',#58,#5470);
#5468=VECTOR('',#5471,1.0);
#5469=VECTOR('',#5472,1.0);
#5470=VECTOR('',#5473,1.0);
#5471=DIRECTION('',(0.8967690218667381,0.4424989507560144,0));
#5472=DIRECTION('',(0.9241340720072637,-0.3820683406869426,0));
#5473=DIRECTION('',(-0.9303975546305231,0.36655202950951304,0));
#5474=FACE_SURFACE('',(#5479),#5475,.T.);
#5475=PLANE('',#5476);
#5476=AXIS2_PLACEMENT_3D('',#406,#5477,#5478);
#5477=DIRECTION('',(0,-0,-1));
#5478=DIRECTION('',(0.9303975546305231,-0.36655202950951304,0));
#5479=FACE_BOUND('',#5480,.T.);
#5480=EDGE_LOOP('',(#5481,#5482,#5483));
#5481=ORIENTED_EDGE('',*,*,#5484,.T.);
#5482=ORIENTED_EDGE('',*,*,#5485,.T.);
#5483=ORIENTED_EDGE('',*,*,#5486,.T.);
#5484=EDGE_CURVE('',#407,#59,#5487,.F.);
#5485=EDGE_CURVE('',#59,#363,#5488,.T.);
#5486=EDGE_CURVE('',#363,#407,#5489,.T.);
#5487=LINE('',#406,#5490);
#5488=LINE('',#58,#5491);
#5489=LINE('',#362,#5492);
#5490=VECTOR('',#5493,1.0);
#5491=VECTOR('',#5494,1.0);
#5492=VECTOR('',#5495,1.0);
#5493=DIRECTION('',(0.9303975546305231,-0.36655202950951304,0));
#5494=DIRECTION('',(-0.9355008412214378,0.3533244628864269,0));
#5495=DIRECTION('',(0.9467853630415819,0.3218656184344952,0));
#5496=FACE_SURFACE('',(#5501),#5497,.T.);
#5497=PLANE('',#5498);
#5498=AXIS2_PLACEMENT_3D('',#432,#5499,#5500);
#5499=DIRECTION('',(0,-0,-1));
#5500=DIRECTION('',(0.9925471612854778,0.12186112023176149,0));
#5501=FACE_BOUND('',#5502,.T.);
#5502=EDGE_LOOP('',(#5503,#5504,#5505));
#5503=ORIENTED_EDGE('',*,*,#5506,.T.);
#5504=ORIENTED_EDGE('',*,*,#5507,.T.);
#5505=ORIENTED_EDGE('',*,*,#5508,.T.);
#5506=EDGE_CURVE('',#433,#271,#5509,.F.);
#5507=EDGE_CURVE('',#271,#435,#5510,.T.);
#5508=EDGE_CURVE('',#435,#433,#5511,.T.);
#5509=LINE('',#432,#5512);
#5510=LINE('',#270,#5513);
#5511=LINE('',#434,#5514);
#5512=VECTOR('',#5515,1.0);
#5513=VECTOR('',#5516,1.0);
#5514=VECTOR('',#5517,1.0);
#5515=DIRECTION('',(0.9925471612854778,0.12186112023176149,0));
#5516=DIRECTION('',(-0.984527427835005,-0.17523054482763328,0));
#5517=DIRECTION('',(0.32185348821579046,0.946789486698774,0));
#5518=FACE_SURFACE('',(#5523),#5519,.T.);
#5519=PLANE('',#5520);
#5520=AXIS2_PLACEMENT_3D('',#436,#5521,#5522);
#5521=DIRECTION('',(0.3218548537101871,0.9467890225088132,0));
#5522=DIRECTION('',(0,0,-1));
#5523=FACE_BOUND('',#5524,.T.);
#5524=EDGE_LOOP('',(#5525,#5526,#5527));
#5525=ORIENTED_EDGE('',*,*,#5528,.T.);
#5526=ORIENTED_EDGE('',*,*,#5529,.T.);
#5527=ORIENTED_EDGE('',*,*,#5530,.T.);
#5528=EDGE_CURVE('',#437,#353,#5531,.F.);
#5529=EDGE_CURVE('',#353,#351,#5532,.T.);
#5530=EDGE_CURVE('',#351,#437,#5533,.T.);
#5531=LINE('',#436,#5534);
#5532=LINE('',#352,#5535);
#5533=LINE('',#350,#5536);
#5534=VECTOR('',#5537,1.0);
#5535=VECTOR('',#5538,1.0);
#5536=VECTOR('',#5539,1.0);
#5537=DIRECTION('',(0,0,-1));
#5538=DIRECTION('',(-0.9467890225088132,0.3218548537101871,0));
#5539=DIRECTION('',(0.023698447933030383,-0.008056135328262088,0.9996866920436313));
#5540=FACE_SURFACE('',(#5545),#5541,.T.);
#5541=PLANE('',#5542);
#5542=AXIS2_PLACEMENT_3D('',#372,#5543,#5544);
#5543=DIRECTION('',(0.4425025137166357,0.8967672637615953,0));
#5544=DIRECTION('',(-0.8967672637615953,0.4425025137166356,0));
#5545=FACE_BOUND('',#5546,.T.);
#5546=EDGE_LOOP('',(#5547,#5548,#5549));
#5547=ORIENTED_EDGE('',*,*,#5550,.T.);
#5548=ORIENTED_EDGE('',*,*,#5551,.T.);
#5549=ORIENTED_EDGE('',*,*,#5552,.T.);
#5550=EDGE_CURVE('',#373,#371,#5553,.F.);
#5551=EDGE_CURVE('',#371,#439,#5554,.T.);
#5552=EDGE_CURVE('',#439,#373,#5555,.T.);
#5553=LINE('',#372,#5556);
#5554=LINE('',#370,#5557);
#5555=LINE('',#438,#5558);
#5556=VECTOR('',#5559,1.0);
#5557=VECTOR('',#5560,1.0);
#5558=VECTOR('',#5561,1.0);
#5559=DIRECTION('',(-0.8967672637615953,0.4425025137166356,0));
#5560=DIRECTION('',(0,0,1));
#5561=DIRECTION('',(0.03806533148317257,-0.018783028269906625,-0.9990987080304369));
#5562=FACE_SURFACE('',(#5567),#5563,.T.);
#5563=PLANE('',#5564);
#5564=AXIS2_PLACEMENT_3D('',#440,#5565,#5566);
#5565=DIRECTION('',(0,0,1));
#5566=DIRECTION('',(-0.3210405666662915,0.9470654436492689,0));
#5567=FACE_BOUND('',#5568,.T.);
#5568=EDGE_LOOP('',(#5569,#5570,#5571));
#5569=ORIENTED_EDGE('',*,*,#5572,.T.);
#5570=ORIENTED_EDGE('',*,*,#5573,.T.);
#5571=ORIENTED_EDGE('',*,*,#5574,.T.);
#5572=EDGE_CURVE('',#441,#443,#5575,.F.);
#5573=EDGE_CURVE('',#443,#161,#5576,.T.);
#5574=EDGE_CURVE('',#161,#441,#5577,.T.);
#5575=LINE('',#440,#5578);
#5576=LINE('',#442,#5579);
#5577=LINE('',#160,#5580);
#5578=VECTOR('',#5581,1.0);
#5579=VECTOR('',#5582,1.0);
#5580=VECTOR('',#5583,1.0);
#5581=DIRECTION('',(-0.3210405666662915,0.9470654436492689,0));
#5582=DIRECTION('',(-0.8981374798464288,-0.4397147567402142,0));
#5583=DIRECTION('',(0.9659341690049738,0.2587879076554212,0));
#5584=FACE_SURFACE('',(#5589),#5585,.T.);
#5585=PLANE('',#5586);
#5586=AXIS2_PLACEMENT_3D('',#444,#5587,#5588);
#5587=DIRECTION('',(0,0,1));
#5588=DIRECTION('',(-0.5550534875536058,0.8318146584153101,0));
#5589=FACE_BOUND('',#5590,.T.);
#5590=EDGE_LOOP('',(#5591,#5592,#5593));
#5591=ORIENTED_EDGE('',*,*,#5594,.T.);
#5592=ORIENTED_EDGE('',*,*,#5595,.T.);
#5593=ORIENTED_EDGE('',*,*,#5596,.T.);
#5594=EDGE_CURVE('',#445,#423,#5597,.F.);
#5595=EDGE_CURVE('',#423,#431,#5598,.T.);
#5596=EDGE_CURVE('',#431,#445,#5599,.T.);
#5597=LINE('',#444,#5600);
#5598=LINE('',#422,#5601);
#5599=LINE('',#430,#5602);
#5600=VECTOR('',#5603,1.0);
#5601=VECTOR('',#5604,1.0);
#5602=VECTOR('',#5605,1.0);
#5603=DIRECTION('',(-0.5550534875536058,0.8318146584153101,0));
#5604=DIRECTION('',(-0.7536975584168083,-0.6572214165991108,0));
#5605=DIRECTION('',(0.8659905029919154,0.5000604450742024,0));
#5606=FACE_SURFACE('',(#5611),#5607,.T.);
#5607=PLANE('',#5608);
#5608=AXIS2_PLACEMENT_3D('',#446,#5609,#5610);
#5609=DIRECTION('',(0.4425025137166356,0.8967672637615953,0));
#5610=DIRECTION('',(0.022404575244709218,-0.011055355458618731,-0.9996878583456877));
#5611=FACE_BOUND('',#5612,.T.);
#5612=EDGE_LOOP('',(#5613,#5614,#5615));
#5613=ORIENTED_EDGE('',*,*,#5616,.T.);
#5614=ORIENTED_EDGE('',*,*,#5617,.T.);
#5615=ORIENTED_EDGE('',*,*,#5618,.T.);
#5616=EDGE_CURVE('',#447,#351,#5619,.F.);
#5617=EDGE_CURVE('',#351,#375,#5620,.T.);
#5618=EDGE_CURVE('',#375,#447,#5621,.T.);
#5619=LINE('',#446,#5622);
#5620=LINE('',#350,#5623);
#5621=LINE('',#374,#5624);
#5622=VECTOR('',#5625,1.0);
#5623=VECTOR('',#5626,1.0);
#5624=VECTOR('',#5627,1.0);
#5625=DIRECTION('',(0.022404575244709218,-0.011055355458618731,-0.9996878583456877));
#5626=DIRECTION('',(-0.8967672637615953,0.4425025137166356,0));
#5627=DIRECTION('',(0,0,1));
#5628=FACE_SURFACE('',(#5633),#5629,.T.);
#5629=PLANE('',#5630);
#5630=AXIS2_PLACEMENT_3D('',#370,#5631,#5632);
#5631=DIRECTION('',(0.556319203068329,0.8309686782890312,-0));
#5632=DIRECTION('',(-0.8309686782890312,0.5563192030683289,0));
#5633=FACE_BOUND('',#5634,.T.);
#5634=EDGE_LOOP('',(#5635,#5636,#5637));
#5635=ORIENTED_EDGE('',*,*,#5638,.T.);
#5636=ORIENTED_EDGE('',*,*,#5639,.T.);
#5637=ORIENTED_EDGE('',*,*,#5640,.T.);
#5638=EDGE_CURVE('',#371,#377,#5641,.F.);
#5639=EDGE_CURVE('',#377,#439,#5642,.T.);
#5640=EDGE_CURVE('',#439,#371,#5643,.T.);
#5641=LINE('',#370,#5644);
#5642=LINE('',#376,#5645);
#5643=LINE('',#438,#5646);
#5644=VECTOR('',#5647,1.0);
#5645=VECTOR('',#5648,1.0);
#5646=VECTOR('',#5649,1.0);
#5647=DIRECTION('',(-0.8309686782890312,0.5563192030683289,0));
#5648=DIRECTION('',(0.03536831063626698,-0.023678474172521495,0.9990937956286176));
#5649=DIRECTION('',(0,0,-1));
#5650=FACE_SURFACE('',(#5655),#5651,.T.);
#5651=PLANE('',#5652);
#5652=AXIS2_PLACEMENT_3D('',#374,#5653,#5654);
#5653=DIRECTION('',(0.5563192030683289,0.8309686782890312,-0));
#5654=DIRECTION('',(-0.020817223769627947,0.01393677239611471,0.9996861555356781));
#5655=FACE_BOUND('',#5656,.T.);
#5656=EDGE_LOOP('',(#5657,#5658,#5659));
#5657=ORIENTED_EDGE('',*,*,#5660,.T.);
#5658=ORIENTED_EDGE('',*,*,#5661,.T.);
#5659=ORIENTED_EDGE('',*,*,#5662,.T.);
#5660=EDGE_CURVE('',#375,#207,#5663,.F.);
#5661=EDGE_CURVE('',#207,#447,#5664,.T.);
#5662=EDGE_CURVE('',#447,#375,#5665,.T.);
#5663=LINE('',#374,#5666);
#5664=LINE('',#206,#5667);
#5665=LINE('',#446,#5668);
#5666=VECTOR('',#5669,1.0);
#5667=VECTOR('',#5670,1.0);
#5668=VECTOR('',#5671,1.0);
#5669=DIRECTION('',(-0.020817223769627947,0.01393677239611471,0.9996861555356781));
#5670=DIRECTION('',(0.8309686782890312,-0.5563192030683289,0));
#5671=DIRECTION('',(0,0,-1));
#5672=FACE_SURFACE('',(#5677),#5673,.T.);
#5673=PLANE('',#5674);
#5674=AXIS2_PLACEMENT_3D('',#270,#5675,#5676);
#5675=DIRECTION('',(0,-0,-1));
#5676=DIRECTION('',(0.6689647316224497,-0.7432941462471664,0));
#5677=FACE_BOUND('',#5678,.T.);
#5678=EDGE_LOOP('',(#5679,#5680,#5681));
#5679=ORIENTED_EDGE('',*,*,#5682,.T.);
#5680=ORIENTED_EDGE('',*,*,#5683,.T.);
#5681=ORIENTED_EDGE('',*,*,#5684,.T.);
#5682=EDGE_CURVE('',#271,#59,#5685,.F.);
#5683=EDGE_CURVE('',#59,#435,#5686,.T.);
#5684=EDGE_CURVE('',#435,#271,#5687,.T.);
#5685=LINE('',#270,#5688);
#5686=LINE('',#58,#5689);
#5687=LINE('',#434,#5690);
#5688=VECTOR('',#5691,1.0);
#5689=VECTOR('',#5692,1.0);
#5690=VECTOR('',#5693,1.0);
#5691=DIRECTION('',(0.6689647316224497,-0.7432941462471664,0));
#5692=DIRECTION('',(-0.8771925220120744,0.48013881255955176,0));
#5693=DIRECTION('',(0.984527427835005,0.17523054482763328,0));
#5694=FACE_SURFACE('',(#5699),#5695,.T.);
#5695=PLANE('',#5696);
#5696=AXIS2_PLACEMENT_3D('',#392,#5697,#5698);
#5697=DIRECTION('',(-0.6585058781555257,0.7525755832038533,0));
#5698=DIRECTION('',(-0.03197108064714112,-0.0279747908475846,-0.9990972230365212));
#5699=FACE_BOUND('',#5700,.T.);
#5700=EDGE_LOOP('',(#5701,#5702,#5703));
#5701=ORIENTED_EDGE('',*,*,#5704,.T.);
#5702=ORIENTED_EDGE('',*,*,#5705,.T.);
#5703=ORIENTED_EDGE('',*,*,#5706,.T.);
#5704=EDGE_CURVE('',#393,#391,#5707,.F.);
#5705=EDGE_CURVE('',#391,#401,#5708,.T.);
#5706=EDGE_CURVE('',#401,#393,#5709,.T.);
#5707=LINE('',#392,#5710);
#5708=LINE('',#390,#5711);
#5709=LINE('',#400,#5712);
#5710=VECTOR('',#5713,1.0);
#5711=VECTOR('',#5714,1.0);
#5712=VECTOR('',#5715,1.0);
#5713=DIRECTION('',(-0.03197108064714112,-0.0279747908475846,-0.9990972230365212));
#5714=DIRECTION('',(0,0,1));
#5715=DIRECTION('',(0.7525755832038533,0.6585058781555257,0));
#5716=FACE_SURFACE('',(#5721),#5717,.T.);
#5717=PLANE('',#5718);
#5718=AXIS2_PLACEMENT_3D('',#390,#5719,#5720);
#5719=DIRECTION('',(-0.5563233425683655,0.8309659069501955,0));
#5720=DIRECTION('',(-0.8309659069501956,-0.5563233425683655,0));
#5721=FACE_BOUND('',#5722,.T.);
#5722=EDGE_LOOP('',(#5723,#5724,#5725));
#5723=ORIENTED_EDGE('',*,*,#5726,.T.);
#5724=ORIENTED_EDGE('',*,*,#5727,.T.);
#5725=ORIENTED_EDGE('',*,*,#5728,.T.);
#5726=EDGE_CURVE('',#391,#403,#5729,.F.);
#5727=EDGE_CURVE('',#403,#401,#5730,.T.);
#5728=EDGE_CURVE('',#401,#391,#5731,.T.);
#5729=LINE('',#390,#5732);
#5730=LINE('',#402,#5733);
#5731=LINE('',#400,#5734);
#5732=VECTOR('',#5735,1.0);
#5733=VECTOR('',#5736,1.0);
#5734=VECTOR('',#5737,1.0);
#5735=DIRECTION('',(-0.8309659069501956,-0.5563233425683655,0));
#5736=DIRECTION('',(0.03536792998897694,0.02367847449169883,0.9990938090960432));
#5737=DIRECTION('',(0,0,-1));
#5738=FACE_SURFACE('',(#5743),#5739,.T.);
#5739=PLANE('',#5740);
#5740=AXIS2_PLACEMENT_3D('',#424,#5741,#5742);
#5741=DIRECTION('',(0,0,-1));
#5742=DIRECTION('',(0.44250073223002606,0.8967681428194753,0));
#5743=FACE_BOUND('',#5744,.T.);
#5744=EDGE_LOOP('',(#5745,#5746,#5747));
#5745=ORIENTED_EDGE('',*,*,#5748,.T.);
#5746=ORIENTED_EDGE('',*,*,#5749,.T.);
#5747=ORIENTED_EDGE('',*,*,#5750,.T.);
#5748=EDGE_CURVE('',#425,#435,#5751,.F.);
#5749=EDGE_CURVE('',#435,#59,#5752,.T.);
#5750=EDGE_CURVE('',#59,#425,#5753,.T.);
#5751=LINE('',#424,#5754);
#5752=LINE('',#434,#5755);
#5753=LINE('',#58,#5756);
#5754=VECTOR('',#5757,1.0);
#5755=VECTOR('',#5758,1.0);
#5756=VECTOR('',#5759,1.0);
#5757=DIRECTION('',(0.44250073223002606,0.8967681428194753,0));
#5758=DIRECTION('',(0.8771925220120744,-0.48013881255955176,0));
#5759=DIRECTION('',(-0.8881396055317471,0.4595737602234409,0));
#5760=FACE_SURFACE('',(#5765),#5761,.T.);
#5761=PLANE('',#5762);
#5762=AXIS2_PLACEMENT_3D('',#426,#5763,#5764);
#5763=DIRECTION('',(0,0,-1));
#5764=DIRECTION('',(0.5563233425683655,0.8309659069501956,0));
#5765=FACE_BOUND('',#5766,.T.);
#5766=EDGE_LOOP('',(#5767,#5768,#5769));
#5767=ORIENTED_EDGE('',*,*,#5770,.T.);
#5768=ORIENTED_EDGE('',*,*,#5771,.T.);
#5769=ORIENTED_EDGE('',*,*,#5772,.T.);
#5770=EDGE_CURVE('',#427,#425,#5773,.F.);
#5771=EDGE_CURVE('',#425,#59,#5774,.T.);
#5772=EDGE_CURVE('',#59,#427,#5775,.T.);
#5773=LINE('',#426,#5776);
#5774=LINE('',#424,#5777);
#5775=LINE('',#58,#5778);
#5776=VECTOR('',#5779,1.0);
#5777=VECTOR('',#5780,1.0);
#5778=VECTOR('',#5781,1.0);
#5779=DIRECTION('',(0.5563233425683655,0.8309659069501956,0));
#5780=DIRECTION('',(0.8881396055317471,-0.4595737602234409,0));
#5781=DIRECTION('',(-0.8985474128967538,0.43887645958350346,0));
#5782=FACE_SURFACE('',(#5787),#5783,.T.);
#5783=PLANE('',#5784);
#5784=AXIS2_PLACEMENT_3D('',#394,#5785,#5786);
#5785=DIRECTION('',(0,0,-1));
#5786=DIRECTION('',(0.6585084187126559,0.7525733602012215,0));
#5787=FACE_BOUND('',#5788,.T.);
#5788=EDGE_LOOP('',(#5789,#5790,#5791));
#5789=ORIENTED_EDGE('',*,*,#5792,.T.);
#5790=ORIENTED_EDGE('',*,*,#5793,.T.);
#5791=ORIENTED_EDGE('',*,*,#5794,.T.);
#5792=EDGE_CURVE('',#395,#427,#5795,.F.);
#5793=EDGE_CURVE('',#427,#59,#5796,.T.);
#5794=EDGE_CURVE('',#59,#395,#5797,.T.);
#5795=LINE('',#394,#5798);
#5796=LINE('',#426,#5799);
#5797=LINE('',#58,#5800);
#5798=VECTOR('',#5801,1.0);
#5799=VECTOR('',#5802,1.0);
#5800=VECTOR('',#5803,1.0);
#5801=DIRECTION('',(0.6585084187126559,0.7525733602012215,0));
#5802=DIRECTION('',(0.8985474128967538,-0.43887645958350346,0));
#5803=DIRECTION('',(-0.908118466666547,0.4187133273484372,0));
#5804=FACE_SURFACE('',(#5809),#5805,.T.);
#5805=PLANE('',#5806);
#5806=AXIS2_PLACEMENT_3D('',#356,#5807,#5808);
#5807=DIRECTION('',(0,-0,1));
#5808=DIRECTION('',(0.2587877145534572,0.9659342207397967,0));
#5809=FACE_BOUND('',#5810,.T.);
#5810=EDGE_LOOP('',(#5811,#5812,#5813));
#5811=ORIENTED_EDGE('',*,*,#5814,.T.);
#5812=ORIENTED_EDGE('',*,*,#5815,.T.);
#5813=ORIENTED_EDGE('',*,*,#5816,.T.);
#5814=EDGE_CURVE('',#357,#449,#5817,.F.);
#5815=EDGE_CURVE('',#449,#451,#5818,.T.);
#5816=EDGE_CURVE('',#451,#357,#5819,.T.);
#5817=LINE('',#356,#5820);
#5818=LINE('',#448,#5821);
#5819=LINE('',#450,#5822);
#5820=VECTOR('',#5823,1.0);
#5821=VECTOR('',#5824,1.0);
#5822=VECTOR('',#5825,1.0);
#5823=DIRECTION('',(0.2587877145534572,0.9659342207397967,0));
#5824=DIRECTION('',(-0.3186573023548868,-0.9478699930137604,0));
#5825=DIRECTION('',(0.9807610784470353,-0.19521195404843472,0));
#5826=FACE_SURFACE('',(#5831),#5827,.T.);
#5827=PLANE('',#5828);
#5828=AXIS2_PLACEMENT_3D('',#452,#5829,#5830);
#5829=DIRECTION('',(0,0,1));
#5830=DIRECTION('',(-0.13043492061871625,-0.9914568732341257,0));
#5831=FACE_BOUND('',#5832,.T.);
#5832=EDGE_LOOP('',(#5833,#5834,#5835));
#5833=ORIENTED_EDGE('',*,*,#5836,.T.);
#5834=ORIENTED_EDGE('',*,*,#5837,.T.);
#5835=ORIENTED_EDGE('',*,*,#5838,.T.);
#5836=EDGE_CURVE('',#453,#451,#5839,.F.);
#5837=EDGE_CURVE('',#451,#449,#5840,.T.);
#5838=EDGE_CURVE('',#449,#453,#5841,.T.);
#5839=LINE('',#452,#5842);
#5840=LINE('',#450,#5843);
#5841=LINE('',#448,#5844);
#5842=VECTOR('',#5845,1.0);
#5843=VECTOR('',#5846,1.0);
#5844=VECTOR('',#5847,1.0);
#5845=DIRECTION('',(-0.13043492061871625,-0.9914568732341257,0));
#5846=DIRECTION('',(0.3186573023548868,0.9478699930137604,0));
#5847=DIRECTION('',(-0.9808150633218159,0.19494053339678302,0));
#5848=FACE_SURFACE('',(#5853),#5849,.T.);
#5849=PLANE('',#5850);
#5850=AXIS2_PLACEMENT_3D('',#450,#5851,#5852);
#5851=DIRECTION('',(0,-0,1));
#5852=DIRECTION('',(0.13043492061871625,0.9914568732341257,0));
#5853=FACE_BOUND('',#5854,.T.);
#5854=EDGE_LOOP('',(#5855,#5856,#5857));
#5855=ORIENTED_EDGE('',*,*,#5858,.T.);
#5856=ORIENTED_EDGE('',*,*,#5859,.T.);
#5857=ORIENTED_EDGE('',*,*,#5860,.T.);
#5858=EDGE_CURVE('',#451,#453,#5861,.F.);
#5859=EDGE_CURVE('',#453,#455,#5862,.T.);
#5860=EDGE_CURVE('',#455,#451,#5863,.T.);
#5861=LINE('',#450,#5864);
#5862=LINE('',#452,#5865);
#5863=LINE('',#454,#5866);
#5864=VECTOR('',#5867,1.0);
#5865=VECTOR('',#5868,1.0);
#5866=VECTOR('',#5869,1.0);
#5867=DIRECTION('',(0.13043492061871625,0.9914568732341257,0));
#5868=DIRECTION('',(-0.192261468676386,-0.9813437357329994,0));
#5869=DIRECTION('',(0.9978368470200267,-0.06573908068365164,0));
#5870=FACE_SURFACE('',(#5875),#5871,.T.);
#5871=PLANE('',#5872);
#5872=AXIS2_PLACEMENT_3D('',#456,#5873,#5874);
#5873=DIRECTION('',(0,0,1));
#5874=DIRECTION('',(0,-1,0));
#5875=FACE_BOUND('',#5876,.T.);
#5876=EDGE_LOOP('',(#5877,#5878,#5879));
#5877=ORIENTED_EDGE('',*,*,#5880,.T.);
#5878=ORIENTED_EDGE('',*,*,#5881,.T.);
#5879=ORIENTED_EDGE('',*,*,#5882,.T.);
#5880=EDGE_CURVE('',#457,#455,#5883,.F.);
#5881=EDGE_CURVE('',#455,#453,#5884,.T.);
#5882=EDGE_CURVE('',#453,#457,#5885,.T.);
#5883=LINE('',#456,#5886);
#5884=LINE('',#454,#5887);
#5885=LINE('',#452,#5888);
#5886=VECTOR('',#5889,1.0);
#5887=VECTOR('',#5890,1.0);
#5888=VECTOR('',#5891,1.0);
#5889=DIRECTION('',(0,-1,0));
#5890=DIRECTION('',(0.192261468676386,0.9813437357329994,0));
#5891=DIRECTION('',(-0.9978356914167446,0.06575661894339951,0));
#5892=FACE_SURFACE('',(#5897),#5893,.T.);
#5893=PLANE('',#5894);
#5894=AXIS2_PLACEMENT_3D('',#304,#5895,#5896);
#5895=DIRECTION('',(0,-0,1));
#5896=DIRECTION('',(0.60873665756772,0.7933723474720306,0));
#5897=FACE_BOUND('',#5898,.T.);
#5898=EDGE_LOOP('',(#5899,#5900,#5901));
#5899=ORIENTED_EDGE('',*,*,#5902,.T.);
#5900=ORIENTED_EDGE('',*,*,#5903,.T.);
#5901=ORIENTED_EDGE('',*,*,#5904,.T.);
#5902=EDGE_CURVE('',#305,#301,#5905,.F.);
#5903=EDGE_CURVE('',#301,#309,#5906,.T.);
#5904=EDGE_CURVE('',#309,#305,#5907,.T.);
#5905=LINE('',#304,#5908);
#5906=LINE('',#300,#5909);
#5907=LINE('',#308,#5910);
#5908=VECTOR('',#5911,1.0);
#5909=VECTOR('',#5912,1.0);
#5910=VECTOR('',#5913,1.0);
#5911=DIRECTION('',(0.60873665756772,0.7933723474720306,0));
#5912=DIRECTION('',(-0.6572212774370642,-0.7536976797655631,0));
#5913=DIRECTION('',(0.8309659069501956,-0.5563233425683655,0));
#5914=FACE_SURFACE('',(#5919),#5915,.T.);
#5915=PLANE('',#5916);
#5916=AXIS2_PLACEMENT_3D('',#458,#5917,#5918);
#5917=DIRECTION('',(-0.7525733602012215,-0.6585084187126559,0));
#5918=DIRECTION('',(0,0,1));
#5919=FACE_BOUND('',#5920,.T.);
#5920=EDGE_LOOP('',(#5921,#5922,#5923));
#5921=ORIENTED_EDGE('',*,*,#5924,.T.);
#5922=ORIENTED_EDGE('',*,*,#5925,.T.);
#5923=ORIENTED_EDGE('',*,*,#5926,.T.);
#5924=EDGE_CURVE('',#459,#461,#5927,.F.);
#5925=EDGE_CURVE('',#461,#463,#5928,.T.);
#5926=EDGE_CURVE('',#463,#459,#5929,.T.);
#5927=LINE('',#458,#5930);
#5928=LINE('',#460,#5931);
#5929=LINE('',#462,#5932);
#5930=VECTOR('',#5933,1.0);
#5931=VECTOR('',#5934,1.0);
#5932=VECTOR('',#5935,1.0);
#5933=DIRECTION('',(0,0,1));
#5934=DIRECTION('',(-0.016465591110190077,0.018817626134104506,-0.9996873417504442));
#5935=DIRECTION('',(0.6585084187126559,-0.7525733602012215,0));
#5936=FACE_SURFACE('',(#5941),#5937,.T.);
#5937=PLANE('',#5938);
#5938=AXIS2_PLACEMENT_3D('',#402,#5939,#5940);
#5939=DIRECTION('',(-0.4424989507560145,0.8967690218667381,0));
#5940=DIRECTION('',(-0.03806571205683545,-0.018783027997407022,0.9990986935357561));
#5941=FACE_BOUND('',#5942,.T.);
#5942=EDGE_LOOP('',(#5943,#5944,#5945));
#5943=ORIENTED_EDGE('',*,*,#5946,.T.);
#5944=ORIENTED_EDGE('',*,*,#5947,.T.);
#5945=ORIENTED_EDGE('',*,*,#5948,.T.);
#5946=EDGE_CURVE('',#403,#361,#5949,.F.);
#5947=EDGE_CURVE('',#361,#399,#5950,.T.);
#5948=EDGE_CURVE('',#399,#403,#5951,.T.);
#5949=LINE('',#402,#5952);
#5950=LINE('',#360,#5953);
#5951=LINE('',#398,#5954);
#5952=VECTOR('',#5955,1.0);
#5953=VECTOR('',#5956,1.0);
#5954=VECTOR('',#5957,1.0);
#5955=DIRECTION('',(-0.03806571205683545,-0.018783027997407022,0.9990986935357561));
#5956=DIRECTION('',(0.8967690218667381,0.4424989507560144,0));
#5957=DIRECTION('',(0,0,-1));
#5958=FACE_SURFACE('',(#5963),#5959,.T.);
#5959=PLANE('',#5960);
#5960=AXIS2_PLACEMENT_3D('',#384,#5961,#5962);
#5961=DIRECTION('',(0.6585058781555257,0.7525755832038533,0));
#5962=DIRECTION('',(0.03197108064714112,-0.0279747908475846,-0.9990972230365212));
#5963=FACE_BOUND('',#5964,.T.);
#5964=EDGE_LOOP('',(#5965,#5966,#5967));
#5965=ORIENTED_EDGE('',*,*,#5968,.T.);
#5966=ORIENTED_EDGE('',*,*,#5969,.T.);
#5967=ORIENTED_EDGE('',*,*,#5970,.T.);
#5968=EDGE_CURVE('',#385,#377,#5971,.F.);
#5969=EDGE_CURVE('',#377,#387,#5972,.T.);
#5970=EDGE_CURVE('',#387,#385,#5973,.T.);
#5971=LINE('',#384,#5974);
#5972=LINE('',#376,#5975);
#5973=LINE('',#386,#5976);
#5974=VECTOR('',#5977,1.0);
#5975=VECTOR('',#5978,1.0);
#5976=VECTOR('',#5979,1.0);
#5977=DIRECTION('',(0.03197108064714112,-0.0279747908475846,-0.9990972230365212));
#5978=DIRECTION('',(-0.7525755832038533,0.6585058781555257,0));
#5979=DIRECTION('',(0,0,1));
#5980=FACE_SURFACE('',(#5985),#5981,.T.);
#5981=PLANE('',#5982);
#5982=AXIS2_PLACEMENT_3D('',#464,#5983,#5984);
#5983=DIRECTION('',(0,0,1));
#5984=DIRECTION('',(-0.19494081218866197,0.9808150079108827,0));
#5985=FACE_BOUND('',#5986,.T.);
#5986=EDGE_LOOP('',(#5987,#5988,#5989));
#5987=ORIENTED_EDGE('',*,*,#5990,.T.);
#5988=ORIENTED_EDGE('',*,*,#5991,.T.);
#5989=ORIENTED_EDGE('',*,*,#5992,.T.);
#5990=EDGE_CURVE('',#465,#441,#5993,.F.);
#5991=EDGE_CURVE('',#441,#159,#5994,.T.);
#5992=EDGE_CURVE('',#159,#465,#5995,.T.);
#5993=LINE('',#464,#5996);
#5994=LINE('',#440,#5997);
#5995=LINE('',#158,#5998);
#5996=VECTOR('',#5999,1.0);
#5997=VECTOR('',#6000,1.0);
#5998=VECTOR('',#6001,1.0);
#5999=DIRECTION('',(-0.19494081218866197,0.9808150079108827,0));
#6000=DIRECTION('',(-0.9478699366734665,-0.3186574699432582,0));
#6001=DIRECTION('',(0.9914568049231505,0.13043543986040734,0));
#6002=FACE_SURFACE('',(#6007),#6003,.T.);
#6003=PLANE('',#6004);
#6004=AXIS2_PLACEMENT_3D('',#160,#6005,#6006);
#6005=DIRECTION('',(-0,0,1));
#6006=DIRECTION('',(0.19521195404843472,-0.9807610784470353,0));
#6007=FACE_BOUND('',#6008,.T.);
#6008=EDGE_LOOP('',(#6009,#6010,#6011));
#6009=ORIENTED_EDGE('',*,*,#6012,.T.);
#6010=ORIENTED_EDGE('',*,*,#6013,.T.);
#6011=ORIENTED_EDGE('',*,*,#6014,.T.);
#6012=EDGE_CURVE('',#161,#159,#6015,.F.);
#6013=EDGE_CURVE('',#159,#441,#6016,.T.);
#6014=EDGE_CURVE('',#441,#161,#6017,.T.);
#6015=LINE('',#160,#6018);
#6016=LINE('',#158,#6019);
#6017=LINE('',#440,#6020);
#6018=VECTOR('',#6021,1.0);
#6019=VECTOR('',#6022,1.0);
#6020=VECTOR('',#6023,1.0);
#6021=DIRECTION('',(0.19521195404843472,-0.9807610784470353,0));
#6022=DIRECTION('',(0.9478699366734665,0.3186574699432582,0));
#6023=DIRECTION('',(-0.9659341690049738,-0.2587879076554212,0));
#6024=FACE_SURFACE('',(#6029),#6025,.T.);
#6025=PLANE('',#6026);
#6026=AXIS2_PLACEMENT_3D('',#458,#6027,#6028);
#6027=DIRECTION('',(-0.8309659069501956,-0.5563233425683656,0));
#6028=DIRECTION('',(0.5563233425683655,-0.8309659069501956,0));
#6029=FACE_BOUND('',#6030,.T.);
#6030=EDGE_LOOP('',(#6031,#6032,#6033));
#6031=ORIENTED_EDGE('',*,*,#6034,.T.);
#6032=ORIENTED_EDGE('',*,*,#6035,.T.);
#6033=ORIENTED_EDGE('',*,*,#6036,.T.);
#6034=EDGE_CURVE('',#459,#45,#6037,.F.);
#6035=EDGE_CURVE('',#45,#461,#6038,.T.);
#6036=EDGE_CURVE('',#461,#459,#6039,.T.);
#6037=LINE('',#458,#6040);
#6038=LINE('',#44,#6041);
#6039=LINE('',#460,#6042);
#6040=VECTOR('',#6043,1.0);
#6041=VECTOR('',#6044,1.0);
#6042=VECTOR('',#6045,1.0);
#6043=DIRECTION('',(0.5563233425683655,-0.8309659069501956,0));
#6044=DIRECTION('',(-0.013936772461196206,0.020816999543306507,0.9996861602039807));
#6045=DIRECTION('',(0,0,-1));
#6046=FACE_SURFACE('',(#6051),#6047,.T.);
#6047=PLANE('',#6048);
#6048=AXIS2_PLACEMENT_3D('',#384,#6049,#6050);
#6049=DIRECTION('',(0.7525778062110414,0.6585033375758821,0));
#6050=DIRECTION('',(-0.027974600434043068,0.0319710808175768,-0.9990972283626411));
#6051=FACE_BOUND('',#6052,.T.);
#6052=EDGE_LOOP('',(#6053,#6054,#6055));
#6053=ORIENTED_EDGE('',*,*,#6056,.T.);
#6054=ORIENTED_EDGE('',*,*,#6057,.T.);
#6055=ORIENTED_EDGE('',*,*,#6058,.T.);
#6056=EDGE_CURVE('',#385,#389,#6059,.F.);
#6057=EDGE_CURVE('',#389,#467,#6060,.T.);
#6058=EDGE_CURVE('',#467,#385,#6061,.T.);
#6059=LINE('',#384,#6062);
#6060=LINE('',#388,#6063);
#6061=LINE('',#466,#6064);
#6062=VECTOR('',#6065,1.0);
#6063=VECTOR('',#6066,1.0);
#6064=VECTOR('',#6067,1.0);
#6065=DIRECTION('',(-0.027974600434043068,0.0319710808175768,-0.9990972283626411));
#6066=DIRECTION('',(0,0,1));
#6067=DIRECTION('',(0.6585033375758821,-0.7525778062110414,0));
#6068=FACE_SURFACE('',(#6073),#6069,.T.);
#6069=PLANE('',#6070);
#6070=AXIS2_PLACEMENT_3D('',#168,#6071,#6072);
#6071=DIRECTION('',(0.8967725847872492,0.44249173006282944,-0));
#6072=DIRECTION('',(-0.44249173006282944,0.8967725847872492,0));
#6073=FACE_BOUND('',#6074,.T.);
#6074=EDGE_LOOP('',(#6075,#6076,#6077));
#6075=ORIENTED_EDGE('',*,*,#6078,.T.);
#6076=ORIENTED_EDGE('',*,*,#6079,.T.);
#6077=ORIENTED_EDGE('',*,*,#6080,.T.);
#6078=EDGE_CURVE('',#169,#173,#6081,.F.);
#6079=EDGE_CURVE('',#173,#367,#6082,.T.);
#6080=EDGE_CURVE('',#367,#169,#6083,.T.);
#6081=LINE('',#168,#6084);
#6082=LINE('',#172,#6085);
#6083=LINE('',#366,#6086);
#6084=VECTOR('',#6087,1.0);
#6085=VECTOR('',#6088,1.0);
#6086=VECTOR('',#6089,1.0);
#6087=DIRECTION('',(-0.44249173006282944,0.8967725847872492,0));
#6088=DIRECTION('',(0.011055131106558801,-0.02240479951158178,0.9996878558005307));
#6089=DIRECTION('',(0,0,-1));
#6090=FACE_SURFACE('',(#6095),#6091,.T.);
#6091=PLANE('',#6092);
#6092=AXIS2_PLACEMENT_3D('',#272,#6093,#6094);
#6093=DIRECTION('',(0,0,1));
#6094=DIRECTION('',(-0.06575661894339951,0.9978356914167446,0));
#6095=FACE_BOUND('',#6096,.T.);
#6096=EDGE_LOOP('',(#6097,#6098,#6099));
#6097=ORIENTED_EDGE('',*,*,#6100,.T.);
#6098=ORIENTED_EDGE('',*,*,#6101,.T.);
#6099=ORIENTED_EDGE('',*,*,#6102,.T.);
#6100=EDGE_CURVE('',#273,#465,#6103,.F.);
#6101=EDGE_CURVE('',#465,#159,#6104,.T.);
#6102=EDGE_CURVE('',#159,#273,#6105,.T.);
#6103=LINE('',#272,#6106);
#6104=LINE('',#464,#6107);
#6105=LINE('',#158,#6108);
#6106=VECTOR('',#6109,1.0);
#6107=VECTOR('',#6110,1.0);
#6108=VECTOR('',#6111,1.0);
#6109=DIRECTION('',(-0.06575661894339951,0.9978356914167446,0));
#6110=DIRECTION('',(-0.9914568049231505,-0.13043543986040734,0));
#6111=DIRECTION('',(0.9980382300980493,-0.06260743775904958,0));
#6112=FACE_SURFACE('',(#6117),#6113,.T.);
#6113=PLANE('',#6114);
#6114=AXIS2_PLACEMENT_3D('',#184,#6115,#6116);
#6115=DIRECTION('',(0,-0,1));
#6116=DIRECTION('',(1,0,0));
#6117=FACE_BOUND('',#6118,.T.);
#6118=EDGE_LOOP('',(#6119,#6120,#6121));
#6119=ORIENTED_EDGE('',*,*,#6122,.T.);
#6120=ORIENTED_EDGE('',*,*,#6123,.T.);
#6121=ORIENTED_EDGE('',*,*,#6124,.T.);
#6122=EDGE_CURVE('',#185,#273,#6125,.F.);
#6123=EDGE_CURVE('',#273,#159,#6126,.T.);
#6124=EDGE_CURVE('',#159,#185,#6127,.T.);
#6125=LINE('',#184,#6128);
#6126=LINE('',#272,#6129);
#6127=LINE('',#158,#6130);
#6128=VECTOR('',#6131,1.0);
#6129=VECTOR('',#6132,1.0);
#6130=VECTOR('',#6133,1.0);
#6131=DIRECTION('',(1,0,0));
#6132=DIRECTION('',(-0.9980382300980493,0.06260743775904958,0));
#6133=DIRECTION('',(0.06340270920603859,-0.9979880242093763,0));
#6134=FACE_SURFACE('',(#6139),#6135,.T.);
#6135=PLANE('',#6136);
#6136=AXIS2_PLACEMENT_3D('',#396,#6137,#6138);
#6137=DIRECTION('',(0.8309659069501955,0.5563233425683655,-0));
#6138=DIRECTION('',(0,0,1));
#6139=FACE_BOUND('',#6140,.T.);
#6140=EDGE_LOOP('',(#6141,#6142,#6143));
#6141=ORIENTED_EDGE('',*,*,#6144,.T.);
#6142=ORIENTED_EDGE('',*,*,#6145,.T.);
#6143=ORIENTED_EDGE('',*,*,#6146,.T.);
#6144=EDGE_CURVE('',#397,#469,#6147,.F.);
#6145=EDGE_CURVE('',#469,#389,#6148,.T.);
#6146=EDGE_CURVE('',#389,#397,#6149,.T.);
#6147=LINE('',#396,#6150);
#6148=LINE('',#468,#6151);
#6149=LINE('',#388,#6152);
#6150=VECTOR('',#6153,1.0);
#6151=VECTOR('',#6154,1.0);
#6152=VECTOR('',#6155,1.0);
#6153=DIRECTION('',(0,0,1));
#6154=DIRECTION('',(0.02367847449169883,-0.03536792998897694,-0.9990938090960432));
#6155=DIRECTION('',(-0.5563233425683655,0.8309659069501956,0));
#6156=FACE_SURFACE('',(#6161),#6157,.T.);
#6157=PLANE('',#6158);
#6158=AXIS2_PLACEMENT_3D('',#358,#6159,#6160);
#6159=DIRECTION('',(-0.19521195404843475,0.9807610784470354,0));
#6160=DIRECTION('',(-0.04166234054597021,-0.008292526168644636,-0.999097334292297));
#6161=FACE_BOUND('',#6162,.T.);
#6162=EDGE_LOOP('',(#6163,#6164,#6165));
#6163=ORIENTED_EDGE('',*,*,#6166,.T.);
#6164=ORIENTED_EDGE('',*,*,#6167,.T.);
#6165=ORIENTED_EDGE('',*,*,#6168,.T.);
#6166=EDGE_CURVE('',#359,#365,#6169,.F.);
#6167=EDGE_CURVE('',#365,#471,#6170,.T.);
#6168=EDGE_CURVE('',#471,#359,#6171,.T.);
#6169=LINE('',#358,#6172);
#6170=LINE('',#364,#6173);
#6171=LINE('',#470,#6174);
#6172=VECTOR('',#6175,1.0);
#6173=VECTOR('',#6176,1.0);
#6174=VECTOR('',#6177,1.0);
#6175=DIRECTION('',(-0.04166234054597021,-0.008292526168644636,-0.999097334292297));
#6176=DIRECTION('',(0,0,1));
#6177=DIRECTION('',(0.9807610784470353,0.19521195404843472,0));
#6178=FACE_SURFACE('',(#6183),#6179,.T.);
#6179=PLANE('',#6180);
#6180=AXIS2_PLACEMENT_3D('',#470,#6181,#6182);
#6181=DIRECTION('',(-0.06340214241036263,0.9979880602180449,0));
#6182=DIRECTION('',(0,0,-1));
#6183=FACE_BOUND('',#6184,.T.);
#6184=EDGE_LOOP('',(#6185,#6186,#6187));
#6185=ORIENTED_EDGE('',*,*,#6188,.T.);
#6186=ORIENTED_EDGE('',*,*,#6189,.T.);
#6187=ORIENTED_EDGE('',*,*,#6190,.T.);
#6188=EDGE_CURVE('',#471,#365,#6191,.F.);
#6189=EDGE_CURVE('',#365,#369,#6192,.T.);
#6190=EDGE_CURVE('',#369,#471,#6193,.T.);
#6191=LINE('',#470,#6194);
#6192=LINE('',#364,#6195);
#6193=LINE('',#368,#6196);
#6194=VECTOR('',#6197,1.0);
#6195=VECTOR('',#6198,1.0);
#6196=VECTOR('',#6199,1.0);
#6197=DIRECTION('',(0,0,-1));
#6198=DIRECTION('',(-0.04246181895799734,-0.002697597696699684,0.9990944484369059));
#6199=DIRECTION('',(0.997988060218045,0.06340214241036264,0));
#6200=FACE_SURFACE('',(#6205),#6201,.T.);
#6201=PLANE('',#6202);
#6202=AXIS2_PLACEMENT_3D('',#240,#6203,#6204);
#6203=DIRECTION('',(0,0,-1));
#6204=DIRECTION('',(-0.8967098746805312,0.44261879834732065,0));
#6205=FACE_BOUND('',#6206,.T.);
#6206=EDGE_LOOP('',(#6207,#6208,#6209));
#6207=ORIENTED_EDGE('',*,*,#6210,.T.);
#6208=ORIENTED_EDGE('',*,*,#6211,.T.);
#6209=ORIENTED_EDGE('',*,*,#6212,.T.);
#6210=EDGE_CURVE('',#241,#239,#6213,.F.);
#6211=EDGE_CURVE('',#239,#251,#6214,.T.);
#6212=EDGE_CURVE('',#251,#241,#6215,.T.);
#6213=LINE('',#240,#6216);
#6214=LINE('',#238,#6217);
#6215=LINE('',#250,#6218);
#6216=VECTOR('',#6219,1.0);
#6217=VECTOR('',#6220,1.0);
#6218=VECTOR('',#6221,1.0);
#6219=DIRECTION('',(-0.8967098746805312,0.44261879834732065,0));
#6220=DIRECTION('',(0.92389189013699,-0.38265359705496027,0));
#6221=DIRECTION('',(-0.9470667809932923,0.32103662149200884,0));
#6222=FACE_SURFACE('',(#6227),#6223,.T.);
#6223=PLANE('',#6224);
#6224=AXIS2_PLACEMENT_3D('',#252,#6225,#6226);
#6225=DIRECTION('',(0,0,-1));
#6226=DIRECTION('',(-0.9808143949099136,0.1949438963843187,0));
#6227=FACE_BOUND('',#6228,.T.);
#6228=EDGE_LOOP('',(#6229,#6230,#6231));
#6229=ORIENTED_EDGE('',*,*,#6232,.T.);
#6230=ORIENTED_EDGE('',*,*,#6233,.T.);
#6231=ORIENTED_EDGE('',*,*,#6234,.T.);
#6232=EDGE_CURVE('',#253,#251,#6235,.F.);
#6233=EDGE_CURVE('',#251,#239,#6236,.T.);
#6234=EDGE_CURVE('',#239,#253,#6237,.T.);
#6235=LINE('',#252,#6238);
#6236=LINE('',#250,#6239);
#6237=LINE('',#238,#6240);
#6238=VECTOR('',#6241,1.0);
#6239=VECTOR('',#6242,1.0);
#6240=VECTOR('',#6243,1.0);
#6241=DIRECTION('',(-0.9808143949099136,0.1949438963843187,0));
#6242=DIRECTION('',(-0.92389189013699,0.38265359705496027,0));
#6243=DIRECTION('',(0.9469524043350572,-0.32137383826947424,0));
#6244=FACE_SURFACE('',(#6249),#6245,.T.);
#6245=PLANE('',#6246);
#6246=AXIS2_PLACEMENT_3D('',#82,#6247,#6248);
#6247=DIRECTION('',(0,0,-1));
#6248=DIRECTION('',(-0.9978356914167446,0.06575661894339951,0));
#6249=FACE_BOUND('',#6250,.T.);
#6250=EDGE_LOOP('',(#6251,#6252,#6253));
#6251=ORIENTED_EDGE('',*,*,#6254,.T.);
#6252=ORIENTED_EDGE('',*,*,#6255,.T.);
#6253=ORIENTED_EDGE('',*,*,#6256,.T.);
#6254=EDGE_CURVE('',#83,#253,#6257,.F.);
#6255=EDGE_CURVE('',#253,#239,#6258,.T.);
#6256=EDGE_CURVE('',#239,#83,#6259,.T.);
#6257=LINE('',#82,#6260);
#6258=LINE('',#252,#6261);
#6259=LINE('',#238,#6262);
#6260=VECTOR('',#6263,1.0);
#6261=VECTOR('',#6264,1.0);
#6262=VECTOR('',#6265,1.0);
#6263=DIRECTION('',(-0.9978356914167446,0.06575661894339951,0));
#6264=DIRECTION('',(-0.9469524043350572,0.32137383826947424,0));
#6265=DIRECTION('',(0.9659137331668246,-0.2588641730323615,0));
#6266=FACE_SURFACE('',(#6271),#6267,.T.);
#6267=PLANE('',#6268);
#6268=AXIS2_PLACEMENT_3D('',#82,#6269,#6270);
#6269=DIRECTION('',(0,0,-1));
#6270=DIRECTION('',(-0.9659137331668246,0.2588641730323615,0));
#6271=FACE_BOUND('',#6272,.T.);
#6272=EDGE_LOOP('',(#6273,#6274,#6275));
#6273=ORIENTED_EDGE('',*,*,#6276,.T.);
#6274=ORIENTED_EDGE('',*,*,#6277,.T.);
#6275=ORIENTED_EDGE('',*,*,#6278,.T.);
#6276=EDGE_CURVE('',#83,#239,#6279,.F.);
#6277=EDGE_CURVE('',#239,#235,#6280,.T.);
#6278=EDGE_CURVE('',#235,#83,#6281,.T.);
#6279=LINE('',#82,#6282);
#6280=LINE('',#238,#6283);
#6281=LINE('',#234,#6284);
#6282=VECTOR('',#6285,1.0);
#6283=VECTOR('',#6286,1.0);
#6284=VECTOR('',#6287,1.0);
#6285=DIRECTION('',(-0.9659137331668246,0.2588641730323615,0));
#6286=DIRECTION('',(-0.8318124133502635,0.5550568520398701,0));
#6287=DIRECTION('',(0.9469582850040429,-0.32135650991103604,0));
#6288=FACE_SURFACE('',(#6293),#6289,.T.);
#6289=PLANE('',#6290);
#6290=AXIS2_PLACEMENT_3D('',#82,#6291,#6292);
#6291=DIRECTION('',(0,0,-1));
#6292=DIRECTION('',(-0.9469582850040429,0.32135650991103604,0));
#6293=FACE_BOUND('',#6294,.T.);
#6294=EDGE_LOOP('',(#6295,#6296,#6297));
#6295=ORIENTED_EDGE('',*,*,#6298,.T.);
#6296=ORIENTED_EDGE('',*,*,#6299,.T.);
#6297=ORIENTED_EDGE('',*,*,#6300,.T.);
#6298=EDGE_CURVE('',#83,#235,#6301,.F.);
#6299=EDGE_CURVE('',#235,#233,#6302,.T.);
#6300=EDGE_CURVE('',#233,#83,#6303,.T.);
#6301=LINE('',#82,#6304);
#6302=LINE('',#234,#6305);
#6303=LINE('',#232,#6306);
#6304=VECTOR('',#6307,1.0);
#6305=VECTOR('',#6308,1.0);
#6306=VECTOR('',#6309,1.0);
#6307=DIRECTION('',(-0.9469582850040429,0.32135650991103604,0));
#6308=DIRECTION('',(-0.7514874084911511,0.6597474326431697,0));
#6309=DIRECTION('',(0.923875046580039,-0.3826942621816152,0));
#6310=FACE_SURFACE('',(#6315),#6311,.T.);
#6311=PLANE('',#6312);
#6312=AXIS2_PLACEMENT_3D('',#82,#6313,#6314);
#6313=DIRECTION('',(0,0,-1));
#6314=DIRECTION('',(-0.923875046580039,0.3826942621816152,0));
#6315=FACE_BOUND('',#6316,.T.);
#6316=EDGE_LOOP('',(#6317,#6318,#6319));
#6317=ORIENTED_EDGE('',*,*,#6320,.T.);
#6318=ORIENTED_EDGE('',*,*,#6321,.T.);
#6319=ORIENTED_EDGE('',*,*,#6322,.T.);
#6320=EDGE_CURVE('',#83,#233,#6323,.F.);
#6321=EDGE_CURVE('',#233,#221,#6324,.T.);
#6322=EDGE_CURVE('',#221,#83,#6325,.T.);
#6323=LINE('',#82,#6326);
#6324=LINE('',#232,#6327);
#6325=LINE('',#220,#6328);
#6326=VECTOR('',#6329,1.0);
#6327=VECTOR('',#6330,1.0);
#6328=VECTOR('',#6331,1.0);
#6329=DIRECTION('',(-0.923875046580039,0.3826942621816152,0));
#6330=DIRECTION('',(-0.6597474326431697,0.7514874084911511,0));
#6331=DIRECTION('',(0.896900197404639,-0.4422330108613778,0));
#6332=FACE_SURFACE('',(#6337),#6333,.T.);
#6333=PLANE('',#6334);
#6334=AXIS2_PLACEMENT_3D('',#218,#6335,#6336);
#6335=DIRECTION('',(0,0,-1));
#6336=DIRECTION('',(-0.44261879834732065,0.8967098746805312,0));
#6337=FACE_BOUND('',#6338,.T.);
#6338=EDGE_LOOP('',(#6339,#6340,#6341));
#6339=ORIENTED_EDGE('',*,*,#6342,.T.);
#6340=ORIENTED_EDGE('',*,*,#6343,.T.);
#6341=ORIENTED_EDGE('',*,*,#6344,.T.);
#6342=EDGE_CURVE('',#219,#211,#6345,.F.);
#6343=EDGE_CURVE('',#211,#83,#6346,.T.);
#6344=EDGE_CURVE('',#83,#219,#6347,.T.);
#6345=LINE('',#218,#6348);
#6346=LINE('',#210,#6349);
#6347=LINE('',#82,#6350);
#6348=VECTOR('',#6351,1.0);
#6349=VECTOR('',#6352,1.0);
#6350=VECTOR('',#6353,1.0);
#6351=DIRECTION('',(-0.44261879834732065,0.8967098746805312,0));
#6352=DIRECTION('',(0.8314822858591974,-0.5555512652333391,0));
#6353=DIRECTION('',(-0.8660191441874727,0.5000108417832532,0));
#6354=FACE_SURFACE('',(#6359),#6355,.T.);
#6355=PLANE('',#6356);
#6356=AXIS2_PLACEMENT_3D('',#220,#6357,#6358);
#6357=DIRECTION('',(0,0,-1));
#6358=DIRECTION('',(-0.5550568520398701,0.8318124133502635,0));
#6359=FACE_BOUND('',#6360,.T.);
#6360=EDGE_LOOP('',(#6361,#6362,#6363));
#6361=ORIENTED_EDGE('',*,*,#6364,.T.);
#6362=ORIENTED_EDGE('',*,*,#6365,.T.);
#6363=ORIENTED_EDGE('',*,*,#6366,.T.);
#6364=EDGE_CURVE('',#221,#219,#6367,.F.);
#6365=EDGE_CURVE('',#219,#83,#6368,.T.);
#6366=EDGE_CURVE('',#83,#221,#6369,.T.);
#6367=LINE('',#220,#6370);
#6368=LINE('',#218,#6371);
#6369=LINE('',#82,#6372);
#6370=VECTOR('',#6373,1.0);
#6371=VECTOR('',#6374,1.0);
#6372=VECTOR('',#6375,1.0);
#6373=DIRECTION('',(-0.5550568520398701,0.8318124133502635,0));
#6374=DIRECTION('',(0.8660191441874727,-0.5000108417832532,0));
#6375=DIRECTION('',(-0.896900197404639,0.4422330108613778,0));
#6376=FACE_SURFACE('',(#6381),#6377,.T.);
#6377=PLANE('',#6378);
#6378=AXIS2_PLACEMENT_3D('',#472,#6379,#6380);
#6379=DIRECTION('',(-0.9807610784470354,-0.19521195404843475,0));
#6380=DIRECTION('',(0.19521195404843472,-0.9807610784470353,0));
#6381=FACE_BOUND('',#6382,.T.);
#6382=EDGE_LOOP('',(#6383,#6384,#6385));
#6383=ORIENTED_EDGE('',*,*,#6386,.T.);
#6384=ORIENTED_EDGE('',*,*,#6387,.T.);
#6385=ORIENTED_EDGE('',*,*,#6388,.T.);
#6386=EDGE_CURVE('',#473,#79,#6389,.F.);
#6387=EDGE_CURVE('',#79,#475,#6390,.T.);
#6388=EDGE_CURVE('',#475,#473,#6391,.T.);
#6389=LINE('',#472,#6392);
#6390=LINE('',#78,#6393);
#6391=LINE('',#474,#6394);
#6392=VECTOR('',#6395,1.0);
#6393=VECTOR('',#6396,1.0);
#6394=VECTOR('',#6397,1.0);
#6395=DIRECTION('',(0.19521195404843472,-0.9807610784470353,0));
#6396=DIRECTION('',(-0.004880837398097084,0.024521732665483253,0.9996873821617315));
#6397=DIRECTION('',(0,0,-1));
#6398=FACE_SURFACE('',(#6403),#6399,.T.);
#6399=PLANE('',#6400);
#6400=AXIS2_PLACEMENT_3D('',#430,#6401,#6402);
#6401=DIRECTION('',(-0,0,1));
#6402=DIRECTION('',(0.44250073223002606,-0.8967681428194753,0));
#6403=FACE_BOUND('',#6404,.T.);
#6404=EDGE_LOOP('',(#6405,#6406,#6407));
#6405=ORIENTED_EDGE('',*,*,#6408,.T.);
#6406=ORIENTED_EDGE('',*,*,#6409,.T.);
#6407=ORIENTED_EDGE('',*,*,#6410,.T.);
#6408=EDGE_CURVE('',#431,#153,#6411,.F.);
#6409=EDGE_CURVE('',#153,#445,#6412,.T.);
#6410=EDGE_CURVE('',#445,#431,#6413,.T.);
#6411=LINE('',#430,#6414);
#6412=LINE('',#152,#6415);
#6413=LINE('',#444,#6416);
#6414=VECTOR('',#6417,1.0);
#6415=VECTOR('',#6418,1.0);
#6416=VECTOR('',#6419,1.0);
#6417=DIRECTION('',(0.44250073223002606,-0.8967681428194753,0));
#6418=DIRECTION('',(0.8330687659818142,0.5531694416230322,0));
#6419=DIRECTION('',(-0.8659905029919154,-0.5000604450742024,0));
#6420=FACE_SURFACE('',(#6425),#6421,.T.);
#6421=PLANE('',#6422);
#6422=AXIS2_PLACEMENT_3D('',#152,#6423,#6424);
#6423=DIRECTION('',(-0,0,1));
#6424=DIRECTION('',(0.32185348821579046,-0.946789486698774,0));
#6425=FACE_BOUND('',#6426,.T.);
#6426=EDGE_LOOP('',(#6427,#6428,#6429));
#6427=ORIENTED_EDGE('',*,*,#6430,.T.);
#6428=ORIENTED_EDGE('',*,*,#6431,.T.);
#6429=ORIENTED_EDGE('',*,*,#6432,.T.);
#6430=EDGE_CURVE('',#153,#161,#6433,.F.);
#6431=EDGE_CURVE('',#161,#443,#6434,.T.);
#6432=EDGE_CURVE('',#443,#153,#6435,.T.);
#6433=LINE('',#152,#6436);
#6434=LINE('',#160,#6437);
#6435=LINE('',#442,#6438);
#6436=VECTOR('',#6439,1.0);
#6437=VECTOR('',#6440,1.0);
#6438=VECTOR('',#6441,1.0);
#6439=DIRECTION('',(0.32185348821579046,-0.946789486698774,0));
#6440=DIRECTION('',(0.8981374798464288,0.4397147567402142,0));
#6441=DIRECTION('',(-0.9238904005429395,-0.3826571935618185,0));
#6442=FACE_SURFACE('',(#6447),#6443,.T.);
#6443=PLANE('',#6444);
#6444=AXIS2_PLACEMENT_3D('',#448,#6445,#6446);
#6445=DIRECTION('',(0,0,1));
#6446=DIRECTION('',(-0.2587877145534572,-0.9659342207397967,0));
#6447=FACE_BOUND('',#6448,.T.);
#6448=EDGE_LOOP('',(#6449,#6450,#6451));
#6449=ORIENTED_EDGE('',*,*,#6452,.T.);
#6450=ORIENTED_EDGE('',*,*,#6453,.T.);
#6451=ORIENTED_EDGE('',*,*,#6454,.T.);
#6452=EDGE_CURVE('',#449,#357,#6455,.F.);
#6453=EDGE_CURVE('',#357,#311,#6456,.T.);
#6454=EDGE_CURVE('',#311,#449,#6457,.T.);
#6455=LINE('',#448,#6458);
#6456=LINE('',#356,#6459);
#6457=LINE('',#310,#6460);
#6458=VECTOR('',#6461,1.0);
#6459=VECTOR('',#6462,1.0);
#6460=VECTOR('',#6463,1.0);
#6461=DIRECTION('',(-0.2587877145534572,-0.9659342207397967,0));
#6462=DIRECTION('',(0.43971441441503156,0.8981376474436676,0));
#6463=DIRECTION('',(-0.9470652933837345,0.32104100994729784,0));
#6464=FACE_SURFACE('',(#6469),#6465,.T.);
#6465=PLANE('',#6466);
#6466=AXIS2_PLACEMENT_3D('',#442,#6467,#6468);
#6467=DIRECTION('',(0,0,1));
#6468=DIRECTION('',(-0.4426199857783344,0.8967092885598917,0));
#6469=FACE_BOUND('',#6470,.T.);
#6470=EDGE_LOOP('',(#6471,#6472,#6473));
#6471=ORIENTED_EDGE('',*,*,#6474,.T.);
#6472=ORIENTED_EDGE('',*,*,#6475,.T.);
#6473=ORIENTED_EDGE('',*,*,#6476,.T.);
#6474=EDGE_CURVE('',#443,#445,#6477,.F.);
#6475=EDGE_CURVE('',#445,#153,#6478,.T.);
#6476=EDGE_CURVE('',#153,#443,#6479,.T.);
#6477=LINE('',#442,#6480);
#6478=LINE('',#444,#6481);
#6479=LINE('',#152,#6482);
#6480=VECTOR('',#6483,1.0);
#6481=VECTOR('',#6484,1.0);
#6482=VECTOR('',#6485,1.0);
#6483=DIRECTION('',(-0.4426199857783344,0.8967092885598917,0));
#6484=DIRECTION('',(-0.8330687659818142,-0.5531694416230322,0));
#6485=DIRECTION('',(0.9238904005429395,0.3826571935618185,0));
#6486=FACE_SURFACE('',(#6491),#6487,.T.);
#6487=PLANE('',#6488);
#6488=AXIS2_PLACEMENT_3D('',#476,#6489,#6490);
#6489=DIRECTION('',(-0.8309659069501955,0.5563233425683655,0));
#6490=DIRECTION('',(0,0,-1));
#6491=FACE_BOUND('',#6492,.T.);
#6492=EDGE_LOOP('',(#6493,#6494,#6495));
#6493=ORIENTED_EDGE('',*,*,#6496,.T.);
#6494=ORIENTED_EDGE('',*,*,#6497,.T.);
#6495=ORIENTED_EDGE('',*,*,#6498,.T.);
#6496=EDGE_CURVE('',#477,#425,#6499,.F.);
#6497=EDGE_CURVE('',#425,#429,#6500,.T.);
#6498=EDGE_CURVE('',#429,#477,#6501,.T.);
#6499=LINE('',#476,#6502);
#6500=LINE('',#424,#6503);
#6501=LINE('',#428,#6504);
#6502=VECTOR('',#6505,1.0);
#6503=VECTOR('',#6506,1.0);
#6504=VECTOR('',#6507,1.0);
#6505=DIRECTION('',(0,0,-1));
#6506=DIRECTION('',(-0.02367847449169883,-0.03536792998897694,0.9990938090960432));
#6507=DIRECTION('',(0.5563233425683655,0.8309659069501956,0));
#6508=FACE_SURFACE('',(#6513),#6509,.T.);
#6509=PLANE('',#6510);
#6510=AXIS2_PLACEMENT_3D('',#478,#6511,#6512);
#6511=DIRECTION('',(-0,0,1));
#6512=DIRECTION('',(0.5531691171361404,-0.8330689814456081,0));
#6513=FACE_BOUND('',#6514,.T.);
#6514=EDGE_LOOP('',(#6515,#6516,#6517));
#6515=ORIENTED_EDGE('',*,*,#6518,.T.);
#6516=ORIENTED_EDGE('',*,*,#6519,.T.);
#6517=ORIENTED_EDGE('',*,*,#6520,.T.);
#6518=EDGE_CURVE('',#479,#481,#6521,.F.);
#6519=EDGE_CURVE('',#481,#483,#6522,.T.);
#6520=EDGE_CURVE('',#483,#479,#6523,.T.);
#6521=LINE('',#478,#6524);
#6522=LINE('',#480,#6525);
#6523=LINE('',#482,#6526);
#6524=VECTOR('',#6527,1.0);
#6525=VECTOR('',#6528,1.0);
#6526=VECTOR('',#6529,1.0);
#6527=DIRECTION('',(0.5531691171361404,-0.8330689814456081,0));
#6528=DIRECTION('',(-0.38265733490948367,0.9238903419995098,0));
#6529=DIRECTION('',(-0.8967087172426204,-0.44262114321515916,0));
#6530=FACE_SURFACE('',(#6535),#6531,.T.);
#6531=PLANE('',#6532);
#6532=AXIS2_PLACEMENT_3D('',#482,#6533,#6534);
#6533=DIRECTION('',(-0,0,1));
#6534=DIRECTION('',(0.43971486770128937,-0.8981374255215275,0));
#6535=FACE_BOUND('',#6536,.T.);
#6536=EDGE_LOOP('',(#6537,#6538,#6539));
#6537=ORIENTED_EDGE('',*,*,#6540,.T.);
#6538=ORIENTED_EDGE('',*,*,#6541,.T.);
#6539=ORIENTED_EDGE('',*,*,#6542,.T.);
#6540=EDGE_CURVE('',#483,#485,#6543,.F.);
#6541=EDGE_CURVE('',#485,#487,#6544,.T.);
#6542=EDGE_CURVE('',#487,#483,#6545,.T.);
#6543=LINE('',#482,#6546);
#6544=LINE('',#484,#6547);
#6545=LINE('',#486,#6548);
#6546=VECTOR('',#6549,1.0);
#6547=VECTOR('',#6550,1.0);
#6548=VECTOR('',#6551,1.0);
#6549=DIRECTION('',(0.43971486770128937,-0.8981374255215275,0));
#6550=DIRECTION('',(-0.25878718701382014,0.9659343620751225,0));
#6551=DIRECTION('',(-0.9470658944421375,-0.3210392368301953,0));
#6552=FACE_SURFACE('',(#6557),#6553,.T.);
#6553=PLANE('',#6554);
#6554=AXIS2_PLACEMENT_3D('',#488,#6555,#6556);
#6555=DIRECTION('',(0,0,1));
#6556=DIRECTION('',(-0.9808149524997117,-0.19494109098132262,0));
#6557=FACE_BOUND('',#6558,.T.);
#6558=EDGE_LOOP('',(#6559,#6560,#6561));
#6559=ORIENTED_EDGE('',*,*,#6562,.T.);
#6560=ORIENTED_EDGE('',*,*,#6563,.T.);
#6561=ORIENTED_EDGE('',*,*,#6564,.T.);
#6562=EDGE_CURVE('',#489,#487,#6565,.F.);
#6563=EDGE_CURVE('',#487,#491,#6566,.T.);
#6564=EDGE_CURVE('',#491,#489,#6567,.T.);
#6565=LINE('',#488,#6568);
#6566=LINE('',#486,#6569);
#6567=LINE('',#490,#6570);
#6568=VECTOR('',#6571,1.0);
#6569=VECTOR('',#6572,1.0);
#6570=VECTOR('',#6573,1.0);
#6571=DIRECTION('',(-0.9808149524997117,-0.19494109098132262,0));
#6572=DIRECTION('',(0.31865679743152886,-0.9478701627600067,0));
#6573=DIRECTION('',(-0.13043492061871625,0.9914568732341257,0));
#6574=FACE_SURFACE('',(#6579),#6575,.T.);
#6575=PLANE('',#6576);
#6576=AXIS2_PLACEMENT_3D('',#492,#6577,#6578);
#6577=DIRECTION('',(-0,0,1));
#6578=DIRECTION('',(0.8659906443700084,-0.5000602002395488,0));
#6579=FACE_BOUND('',#6580,.T.);
#6580=EDGE_LOOP('',(#6581,#6582,#6583));
#6581=ORIENTED_EDGE('',*,*,#6584,.T.);
#6582=ORIENTED_EDGE('',*,*,#6585,.T.);
#6583=ORIENTED_EDGE('',*,*,#6586,.T.);
#6584=EDGE_CURVE('',#493,#495,#6587,.F.);
#6585=EDGE_CURVE('',#495,#497,#6588,.T.);
#6586=EDGE_CURVE('',#497,#493,#6589,.T.);
#6587=LINE('',#492,#6590);
#6588=LINE('',#494,#6591);
#6589=LINE('',#496,#6592);
#6590=VECTOR('',#6593,1.0);
#6591=VECTOR('',#6594,1.0);
#6592=VECTOR('',#6595,1.0);
#6593=DIRECTION('',(0.8659906443700084,-0.5000602002395488,0));
#6594=DIRECTION('',(-0.7536975584168083,0.6572214165991108,0));
#6595=DIRECTION('',(-0.5550555054986592,-0.8318133118769065,0));
#6596=FACE_SURFACE('',(#6601),#6597,.T.);
#6597=PLANE('',#6598);
#6598=AXIS2_PLACEMENT_3D('',#116,#6599,#6600);
#6599=DIRECTION('',(0.9978368083138174,0.06573966819275852,0));
#6600=DIRECTION('',(0.06573966819275853,-0.9978368083138175,0));
#6601=FACE_BOUND('',#6602,.T.);
#6602=EDGE_LOOP('',(#6603,#6604,#6605));
#6603=ORIENTED_EDGE('',*,*,#6606,.T.);
#6604=ORIENTED_EDGE('',*,*,#6607,.T.);
#6605=ORIENTED_EDGE('',*,*,#6608,.T.);
#6606=EDGE_CURVE('',#117,#41,#6609,.F.);
#6607=EDGE_CURVE('',#41,#293,#6610,.T.);
#6608=EDGE_CURVE('',#293,#117,#6611,.T.);
#6609=LINE('',#116,#6612);
#6610=LINE('',#40,#6613);
#6611=LINE('',#292,#6614);
#6612=VECTOR('',#6615,1.0);
#6613=VECTOR('',#6616,1.0);
#6614=VECTOR('',#6617,1.0);
#6615=DIRECTION('',(0.06573966819275853,-0.9978368083138175,0));
#6616=DIRECTION('',(-0.001646534950325992,0.02499211244560887,-0.9996862924128564));
#6617=DIRECTION('',(0,0,1));
#6618=FACE_SURFACE('',(#6623),#6619,.T.);
#6619=PLANE('',#6620);
#6620=AXIS2_PLACEMENT_3D('',#292,#6621,#6622);
#6621=DIRECTION('',(0.9978368083138174,-0.06573966819275852,0));
#6622=DIRECTION('',(0.001646534950325992,0.02499211244560887,0.9996862924128564));
#6623=FACE_BOUND('',#6624,.T.);
#6624=EDGE_LOOP('',(#6625,#6626,#6627));
#6625=ORIENTED_EDGE('',*,*,#6628,.T.);
#6626=ORIENTED_EDGE('',*,*,#6629,.T.);
#6627=ORIENTED_EDGE('',*,*,#6630,.T.);
#6628=EDGE_CURVE('',#293,#121,#6631,.F.);
#6629=EDGE_CURVE('',#121,#117,#6632,.T.);
#6630=EDGE_CURVE('',#117,#293,#6633,.T.);
#6631=LINE('',#292,#6634);
#6632=LINE('',#120,#6635);
#6633=LINE('',#116,#6636);
#6634=VECTOR('',#6637,1.0);
#6635=VECTOR('',#6638,1.0);
#6636=VECTOR('',#6639,1.0);
#6637=DIRECTION('',(0.001646534950325992,0.02499211244560887,0.9996862924128564));
#6638=DIRECTION('',(-0.06573966819275853,-0.9978368083138175,0));
#6639=DIRECTION('',(0,0,-1));
#6640=FACE_SURFACE('',(#6645),#6641,.T.);
#6641=PLANE('',#6642);
#6642=AXIS2_PLACEMENT_3D('',#498,#6643,#6644);
#6643=DIRECTION('',(-0,-0,1));
#6644=DIRECTION('',(0.9467880941111669,-0.32185758473173176,0));
#6645=FACE_BOUND('',#6646,.T.);
#6646=EDGE_LOOP('',(#6647,#6648,#6649));
#6647=ORIENTED_EDGE('',*,*,#6650,.T.);
#6648=ORIENTED_EDGE('',*,*,#6651,.T.);
#6649=ORIENTED_EDGE('',*,*,#6652,.T.);
#6650=EDGE_CURVE('',#499,#501,#6653,.F.);
#6651=EDGE_CURVE('',#501,#129,#6654,.T.);
#6652=EDGE_CURVE('',#129,#499,#6655,.T.);
#6653=LINE('',#498,#6656);
#6654=LINE('',#500,#6657);
#6655=LINE('',#128,#6658);
#6656=VECTOR('',#6659,1.0);
#6657=VECTOR('',#6660,1.0);
#6658=VECTOR('',#6661,1.0);
#6659=DIRECTION('',(0.9467880941111669,-0.32185758473173176,0));
#6660=DIRECTION('',(-0.06698848753039516,0.9977537484461736,0));
#6661=DIRECTION('',(0.06113466640923698,-0.9981295269467944,0));
#6662=FACE_SURFACE('',(#6667),#6663,.T.);
#6663=PLANE('',#6664);
#6664=AXIS2_PLACEMENT_3D('',#456,#6665,#6666);
#6665=DIRECTION('',(0,0,1));
#6666=DIRECTION('',(-0.9978356914167446,-0.06575661894339951,0));
#6667=FACE_BOUND('',#6668,.T.);
#6668=EDGE_LOOP('',(#6669,#6670,#6671));
#6669=ORIENTED_EDGE('',*,*,#6672,.T.);
#6670=ORIENTED_EDGE('',*,*,#6673,.T.);
#6671=ORIENTED_EDGE('',*,*,#6674,.T.);
#6672=EDGE_CURVE('',#457,#489,#6675,.F.);
#6673=EDGE_CURVE('',#489,#455,#6676,.T.);
#6674=EDGE_CURVE('',#455,#457,#6677,.T.);
#6675=LINE('',#456,#6678);
#6676=LINE('',#488,#6679);
#6677=LINE('',#454,#6680);
#6678=VECTOR('',#6681,1.0);
#6679=VECTOR('',#6682,1.0);
#6680=VECTOR('',#6683,1.0);
#6681=DIRECTION('',(-0.9978356914167446,-0.06575661894339951,0));
#6682=DIRECTION('',(0.192261468676386,-0.9813437357329994,0));
#6683=DIRECTION('',(0,1,0));
#6684=FACE_SURFACE('',(#6689),#6685,.T.);
#6685=PLANE('',#6686);
#6686=AXIS2_PLACEMENT_3D('',#410,#6687,#6688);
#6687=DIRECTION('',(0.19521195404843475,0.9807610784470354,-0));
#6688=DIRECTION('',(0,0,1));
#6689=FACE_BOUND('',#6690,.T.);
#6690=EDGE_LOOP('',(#6691,#6692,#6693));
#6691=ORIENTED_EDGE('',*,*,#6694,.T.);
#6692=ORIENTED_EDGE('',*,*,#6695,.T.);
#6693=ORIENTED_EDGE('',*,*,#6696,.T.);
#6694=EDGE_CURVE('',#411,#503,#6697,.F.);
#6695=EDGE_CURVE('',#503,#409,#6698,.T.);
#6696=EDGE_CURVE('',#409,#411,#6699,.T.);
#6697=LINE('',#410,#6700);
#6698=LINE('',#502,#6701);
#6699=LINE('',#408,#6702);
#6700=VECTOR('',#6703,1.0);
#6701=VECTOR('',#6704,1.0);
#6702=VECTOR('',#6705,1.0);
#6703=DIRECTION('',(0,0,1));
#6704=DIRECTION('',(0.9807610784470353,-0.19521195404843472,0));
#6705=DIRECTION('',(-0.04166234054597021,0.008292526168644636,-0.999097334292297));
#6706=FACE_SURFACE('',(#6711),#6707,.T.);
#6707=PLANE('',#6708);
#6708=AXIS2_PLACEMENT_3D('',#504,#6709,#6710);
#6709=DIRECTION('',(-0,-0,1));
#6710=DIRECTION('',(0.9807610784470353,-0.19521195404843472,0));
#6711=FACE_BOUND('',#6712,.T.);
#6712=EDGE_LOOP('',(#6713,#6714,#6715));
#6713=ORIENTED_EDGE('',*,*,#6716,.T.);
#6714=ORIENTED_EDGE('',*,*,#6717,.T.);
#6715=ORIENTED_EDGE('',*,*,#6718,.T.);
#6716=EDGE_CURVE('',#505,#499,#6719,.F.);
#6717=EDGE_CURVE('',#499,#129,#6720,.T.);
#6718=EDGE_CURVE('',#129,#505,#6721,.T.);
#6719=LINE('',#504,#6722);
#6720=LINE('',#498,#6723);
#6721=LINE('',#128,#6724);
#6722=VECTOR('',#6725,1.0);
#6723=VECTOR('',#6726,1.0);
#6724=VECTOR('',#6727,1.0);
#6725=DIRECTION('',(0.9807610784470353,-0.19521195404843472,0));
#6726=DIRECTION('',(-0.06113466640923698,0.9981295269467944,0));
#6727=DIRECTION('',(0.05499715023180056,-0.9984865114093334,0));
#6728=FACE_SURFACE('',(#6733),#6729,.T.);
#6729=PLANE('',#6730);
#6730=AXIS2_PLACEMENT_3D('',#456,#6731,#6732);
#6731=DIRECTION('',(-0.06575661894339951,0.9978356914167446,0));
#6732=DIRECTION('',(0,0,-1));
#6733=FACE_BOUND('',#6734,.T.);
#6734=EDGE_LOOP('',(#6735,#6736,#6737));
#6735=ORIENTED_EDGE('',*,*,#6738,.T.);
#6736=ORIENTED_EDGE('',*,*,#6739,.T.);
#6737=ORIENTED_EDGE('',*,*,#6740,.T.);
#6738=EDGE_CURVE('',#457,#229,#6741,.F.);
#6739=EDGE_CURVE('',#229,#227,#6742,.T.);
#6740=EDGE_CURVE('',#227,#457,#6743,.T.);
#6741=LINE('',#456,#6744);
#6742=LINE('',#228,#6745);
#6743=LINE('',#226,#6746);
#6744=VECTOR('',#6747,1.0);
#6745=VECTOR('',#6748,1.0);
#6746=VECTOR('',#6749,1.0);
#6747=DIRECTION('',(0,0,-1));
#6748=DIRECTION('',(-0.9978356914167446,-0.06575661894339951,0));
#6749=DIRECTION('',(0.12939809601464297,0.008527236863571583,0.9915560594233982));
#6750=FACE_SURFACE('',(#6755),#6751,.T.);
#6751=PLANE('',#6752);
#6752=AXIS2_PLACEMENT_3D('',#456,#6753,#6754);
#6753=DIRECTION('',(-0.06575661894339951,0.9978356914167446,0));
#6754=DIRECTION('',(-0.12939809601464297,-0.008527236863571583,-0.9915560594233982));
#6755=FACE_BOUND('',#6756,.T.);
#6756=EDGE_LOOP('',(#6757,#6758,#6759));
#6757=ORIENTED_EDGE('',*,*,#6760,.T.);
#6758=ORIENTED_EDGE('',*,*,#6761,.T.);
#6759=ORIENTED_EDGE('',*,*,#6762,.T.);
#6760=EDGE_CURVE('',#457,#227,#6763,.F.);
#6761=EDGE_CURVE('',#227,#489,#6764,.T.);
#6762=EDGE_CURVE('',#489,#457,#6765,.T.);
#6763=LINE('',#456,#6766);
#6764=LINE('',#226,#6767);
#6765=LINE('',#488,#6768);
#6766=VECTOR('',#6769,1.0);
#6767=VECTOR('',#6770,1.0);
#6768=VECTOR('',#6771,1.0);
#6769=DIRECTION('',(-0.12939809601464297,-0.008527236863571583,-0.9915560594233982));
#6770=DIRECTION('',(0,0,1));
#6771=DIRECTION('',(0.9978356914167446,0.06575661894339951,0));
#6772=FACE_SURFACE('',(#6777),#6773,.T.);
#6773=PLANE('',#6774);
#6774=AXIS2_PLACEMENT_3D('',#226,#6775,#6776);
#6775=DIRECTION('',(-0.19494109098132262,0.9808149524997117,0));
#6776=DIRECTION('',(-0.9808149524997117,-0.19494109098132262,0));
#6777=FACE_BOUND('',#6778,.T.);
#6778=EDGE_LOOP('',(#6779,#6780,#6781));
#6779=ORIENTED_EDGE('',*,*,#6782,.T.);
#6780=ORIENTED_EDGE('',*,*,#6783,.T.);
#6781=ORIENTED_EDGE('',*,*,#6784,.T.);
#6782=EDGE_CURVE('',#227,#249,#6785,.F.);
#6783=EDGE_CURVE('',#249,#487,#6786,.T.);
#6784=EDGE_CURVE('',#487,#227,#6787,.T.);
#6785=LINE('',#226,#6788);
#6786=LINE('',#248,#6789);
#6787=LINE('',#486,#6790);
#6788=VECTOR('',#6791,1.0);
#6789=VECTOR('',#6792,1.0);
#6790=VECTOR('',#6793,1.0);
#6791=DIRECTION('',(-0.9808149524997117,-0.19494109098132262,0));
#6792=DIRECTION('',(0,0,1));
#6793=DIRECTION('',(0.1272159291946924,0.02528470020181846,-0.9915527173553785));
#6794=FACE_SURFACE('',(#6799),#6795,.T.);
#6795=PLANE('',#6796);
#6796=AXIS2_PLACEMENT_3D('',#226,#6797,#6798);
#6797=DIRECTION('',(-0.19494109098132262,0.9808149524997117,0));
#6798=DIRECTION('',(-0.1272159291946924,-0.02528470020181846,0.9915527173553785));
#6799=FACE_BOUND('',#6800,.T.);
#6800=EDGE_LOOP('',(#6801,#6802,#6803));
#6801=ORIENTED_EDGE('',*,*,#6804,.T.);
#6802=ORIENTED_EDGE('',*,*,#6805,.T.);
#6803=ORIENTED_EDGE('',*,*,#6806,.T.);
#6804=EDGE_CURVE('',#227,#487,#6807,.F.);
#6805=EDGE_CURVE('',#487,#489,#6808,.T.);
#6806=EDGE_CURVE('',#489,#227,#6809,.T.);
#6807=LINE('',#226,#6810);
#6808=LINE('',#486,#6811);
#6809=LINE('',#488,#6812);
#6810=VECTOR('',#6813,1.0);
#6811=VECTOR('',#6814,1.0);
#6812=VECTOR('',#6815,1.0);
#6813=DIRECTION('',(-0.1272159291946924,-0.02528470020181846,0.9915527173553785));
#6814=DIRECTION('',(0.9808149524997117,0.19494109098132262,0));
#6815=DIRECTION('',(0,0,-1));
#6816=FACE_SURFACE('',(#6821),#6817,.T.);
#6817=PLANE('',#6818);
#6818=AXIS2_PLACEMENT_3D('',#248,#6819,#6820);
#6819=DIRECTION('',(-0.3210392368301953,0.9470658944421374,0));
#6820=DIRECTION('',(-0.9470658944421375,-0.3210392368301953,0));
#6821=FACE_BOUND('',#6822,.T.);
#6822=EDGE_LOOP('',(#6823,#6824,#6825));
#6823=ORIENTED_EDGE('',*,*,#6826,.T.);
#6824=ORIENTED_EDGE('',*,*,#6827,.T.);
#6825=ORIENTED_EDGE('',*,*,#6828,.T.);
#6826=EDGE_CURVE('',#249,#247,#6829,.F.);
#6827=EDGE_CURVE('',#247,#483,#6830,.T.);
#6828=EDGE_CURVE('',#483,#249,#6831,.T.);
#6829=LINE('',#248,#6832);
#6830=LINE('',#246,#6833);
#6831=LINE('',#482,#6834);
#6832=VECTOR('',#6835,1.0);
#6833=VECTOR('',#6836,1.0);
#6834=VECTOR('',#6837,1.0);
#6835=DIRECTION('',(-0.9470658944421375,-0.3210392368301953,0));
#6836=DIRECTION('',(0,0,1));
#6837=DIRECTION('',(0.12285372085724441,0.04164532269319228,-0.9915506191664197));
#6838=FACE_SURFACE('',(#6843),#6839,.T.);
#6839=PLANE('',#6840);
#6840=AXIS2_PLACEMENT_3D('',#248,#6841,#6842);
#6841=DIRECTION('',(-0.3210392368301953,0.9470658944421374,0));
#6842=DIRECTION('',(-0.12285372085724441,-0.04164532269319228,0.9915506191664197));
#6843=FACE_BOUND('',#6844,.T.);
#6844=EDGE_LOOP('',(#6845,#6846,#6847));
#6845=ORIENTED_EDGE('',*,*,#6848,.T.);
#6846=ORIENTED_EDGE('',*,*,#6849,.T.);
#6847=ORIENTED_EDGE('',*,*,#6850,.T.);
#6848=EDGE_CURVE('',#249,#483,#6851,.F.);
#6849=EDGE_CURVE('',#483,#487,#6852,.T.);
#6850=EDGE_CURVE('',#487,#249,#6853,.T.);
#6851=LINE('',#248,#6854);
#6852=LINE('',#482,#6855);
#6853=LINE('',#486,#6856);
#6854=VECTOR('',#6857,1.0);
#6855=VECTOR('',#6858,1.0);
#6856=VECTOR('',#6859,1.0);
#6857=DIRECTION('',(-0.12285372085724441,-0.04164532269319228,0.9915506191664197));
#6858=DIRECTION('',(0.9470658944421375,0.3210392368301953,0));
#6859=DIRECTION('',(0,0,-1));
#6860=FACE_SURFACE('',(#6865),#6861,.T.);
#6861=PLANE('',#6862);
#6862=AXIS2_PLACEMENT_3D('',#358,#6863,#6864);
#6863=DIRECTION('',(-0,0,1));
#6864=DIRECTION('',(-0.5126720305661948,-0.8585845264591802,0));
#6865=FACE_BOUND('',#6866,.T.);
#6866=EDGE_LOOP('',(#6867,#6868,#6869));
#6867=ORIENTED_EDGE('',*,*,#6870,.T.);
#6868=ORIENTED_EDGE('',*,*,#6871,.T.);
#6869=ORIENTED_EDGE('',*,*,#6872,.T.);
#6870=EDGE_CURVE('',#359,#129,#6873,.F.);
#6871=EDGE_CURVE('',#129,#361,#6874,.T.);
#6872=EDGE_CURVE('',#361,#359,#6875,.T.);
#6873=LINE('',#358,#6876);
#6874=LINE('',#128,#6877);
#6875=LINE('',#360,#6878);
#6876=VECTOR('',#6879,1.0);
#6877=VECTOR('',#6880,1.0);
#6878=VECTOR('',#6881,1.0);
#6879=DIRECTION('',(-0.5126720305661948,-0.8585845264591802,0));
#6880=DIRECTION('',(0.5408606252594562,0.8411122303497613,0));
#6881=DIRECTION('',(-0.9467853630415819,-0.3218656184344952,0));
#6882=FACE_SURFACE('',(#6887),#6883,.T.);
#6883=PLANE('',#6884);
#6884=AXIS2_PLACEMENT_3D('',#246,#6885,#6886);
#6885=DIRECTION('',(-0.44262114321515916,0.8967087172426204,0));
#6886=DIRECTION('',(-0.8967087172426204,-0.44262114321515916,0));
#6887=FACE_BOUND('',#6888,.T.);
#6888=EDGE_LOOP('',(#6889,#6890,#6891));
#6889=ORIENTED_EDGE('',*,*,#6892,.T.);
#6890=ORIENTED_EDGE('',*,*,#6893,.T.);
#6891=ORIENTED_EDGE('',*,*,#6894,.T.);
#6892=EDGE_CURVE('',#247,#317,#6895,.F.);
#6893=EDGE_CURVE('',#317,#479,#6896,.T.);
#6894=EDGE_CURVE('',#479,#247,#6897,.T.);
#6895=LINE('',#246,#6898);
#6896=LINE('',#316,#6899);
#6897=LINE('',#478,#6900);
#6898=VECTOR('',#6901,1.0);
#6899=VECTOR('',#6902,1.0);
#6900=VECTOR('',#6903,1.0);
#6901=DIRECTION('',(-0.8967087172426204,-0.44262114321515916,0));
#6902=DIRECTION('',(0,0,1));
#6903=DIRECTION('',(0.11630875848460949,0.05741074515779987,-0.9915524590460129));
#6904=FACE_SURFACE('',(#6909),#6905,.T.);
#6905=PLANE('',#6906);
#6906=AXIS2_PLACEMENT_3D('',#246,#6907,#6908);
#6907=DIRECTION('',(-0.44262114321515916,0.8967087172426204,0));
#6908=DIRECTION('',(-0.11630875848460949,-0.05741074515779987,0.9915524590460129));
#6909=FACE_BOUND('',#6910,.T.);
#6910=EDGE_LOOP('',(#6911,#6912,#6913));
#6911=ORIENTED_EDGE('',*,*,#6914,.T.);
#6912=ORIENTED_EDGE('',*,*,#6915,.T.);
#6913=ORIENTED_EDGE('',*,*,#6916,.T.);
#6914=EDGE_CURVE('',#247,#479,#6917,.F.);
#6915=EDGE_CURVE('',#479,#483,#6918,.T.);
#6916=EDGE_CURVE('',#483,#247,#6919,.T.);
#6917=LINE('',#246,#6920);
#6918=LINE('',#478,#6921);
#6919=LINE('',#482,#6922);
#6920=VECTOR('',#6923,1.0);
#6921=VECTOR('',#6924,1.0);
#6922=VECTOR('',#6925,1.0);
#6923=DIRECTION('',(-0.11630875848460949,-0.05741074515779987,0.9915524590460129));
#6924=DIRECTION('',(0.8967087172426204,0.44262114321515916,0));
#6925=DIRECTION('',(0,0,-1));
#6926=FACE_SURFACE('',(#6931),#6927,.T.);
#6927=PLANE('',#6928);
#6928=AXIS2_PLACEMENT_3D('',#410,#6929,#6930);
#6929=DIRECTION('',(0.3218628873605388,0.946786291482897,0));
#6930=DIRECTION('',(-0.946786291482897,0.3218628873605388,0));
#6931=FACE_BOUND('',#6932,.T.);
#6932=EDGE_LOOP('',(#6933,#6934,#6935));
#6933=ORIENTED_EDGE('',*,*,#6936,.T.);
#6934=ORIENTED_EDGE('',*,*,#6937,.T.);
#6935=ORIENTED_EDGE('',*,*,#6938,.T.);
#6936=EDGE_CURVE('',#411,#373,#6939,.F.);
#6937=EDGE_CURVE('',#373,#507,#6940,.T.);
#6938=EDGE_CURVE('',#507,#411,#6941,.T.);
#6939=LINE('',#410,#6942);
#6940=LINE('',#372,#6943);
#6941=LINE('',#506,#6944);
#6942=VECTOR('',#6945,1.0);
#6943=VECTOR('',#6946,1.0);
#6944=VECTOR('',#6947,1.0);
#6945=DIRECTION('',(-0.946786291482897,0.3218628873605388,0));
#6946=DIRECTION('',(0,0,1));
#6947=DIRECTION('',(0.04026352993236023,-0.013687709798860182,-0.9990953381724129));
#6948=FACE_SURFACE('',(#6953),#6949,.T.);
#6949=PLANE('',#6950);
#6950=AXIS2_PLACEMENT_3D('',#490,#6951,#6952);
#6951=DIRECTION('',(0,-0,1));
#6952=DIRECTION('',(0.9978368470200267,0.06573908068365164,0));
#6953=FACE_BOUND('',#6954,.T.);
#6954=EDGE_LOOP('',(#6955,#6956,#6957));
#6955=ORIENTED_EDGE('',*,*,#6958,.T.);
#6956=ORIENTED_EDGE('',*,*,#6959,.T.);
#6957=ORIENTED_EDGE('',*,*,#6960,.T.);
#6958=EDGE_CURVE('',#491,#455,#6961,.F.);
#6959=EDGE_CURVE('',#455,#489,#6962,.T.);
#6960=EDGE_CURVE('',#489,#491,#6963,.T.);
#6961=LINE('',#490,#6964);
#6962=LINE('',#454,#6965);
#6963=LINE('',#488,#6966);
#6964=VECTOR('',#6967,1.0);
#6965=VECTOR('',#6968,1.0);
#6966=VECTOR('',#6969,1.0);
#6967=DIRECTION('',(0.9978368470200267,0.06573908068365164,0));
#6968=DIRECTION('',(-0.192261468676386,0.9813437357329994,0));
#6969=DIRECTION('',(0.13043492061871625,-0.9914568732341257,0));
#6970=FACE_SURFACE('',(#6975),#6971,.T.);
#6971=PLANE('',#6972);
#6972=AXIS2_PLACEMENT_3D('',#316,#6973,#6974);
#6973=DIRECTION('',(-0.5550548340942808,0.8318137598937458,0));
#6974=DIRECTION('',(-0.8318137598937458,-0.5550548340942809,0));
#6975=FACE_BOUND('',#6976,.T.);
#6976=EDGE_LOOP('',(#6977,#6978,#6979));
#6977=ORIENTED_EDGE('',*,*,#6980,.T.);
#6978=ORIENTED_EDGE('',*,*,#6981,.T.);
#6979=ORIENTED_EDGE('',*,*,#6982,.T.);
#6980=EDGE_CURVE('',#317,#297,#6983,.F.);
#6981=EDGE_CURVE('',#297,#509,#6984,.T.);
#6982=EDGE_CURVE('',#509,#317,#6985,.T.);
#6983=LINE('',#316,#6986);
#6984=LINE('',#296,#6987);
#6985=LINE('',#508,#6988);
#6986=VECTOR('',#6989,1.0);
#6987=VECTOR('',#6990,1.0);
#6988=VECTOR('',#6991,1.0);
#6989=DIRECTION('',(-0.8318137598937458,-0.5550548340942809,0));
#6990=DIRECTION('',(0,0,1));
#6991=DIRECTION('',(0.10788083538699812,0.07198700246955711,-0.9915541320733081));
#6992=FACE_SURFACE('',(#6997),#6993,.T.);
#6993=PLANE('',#6994);
#6994=AXIS2_PLACEMENT_3D('',#316,#6995,#6996);
#6995=DIRECTION('',(-0.5550548340942808,0.8318137598937458,0));
#6996=DIRECTION('',(-0.10788083538699812,-0.07198700246955711,0.9915541320733081));
#6997=FACE_BOUND('',#6998,.T.);
#6998=EDGE_LOOP('',(#6999,#7000,#7001));
#6999=ORIENTED_EDGE('',*,*,#7002,.T.);
#7000=ORIENTED_EDGE('',*,*,#7003,.T.);
#7001=ORIENTED_EDGE('',*,*,#7004,.T.);
#7002=EDGE_CURVE('',#317,#509,#7005,.F.);
#7003=EDGE_CURVE('',#509,#479,#7006,.T.);
#7004=EDGE_CURVE('',#479,#317,#7007,.T.);
#7005=LINE('',#316,#7008);
#7006=LINE('',#508,#7009);
#7007=LINE('',#478,#7010);
#7008=VECTOR('',#7011,1.0);
#7009=VECTOR('',#7012,1.0);
#7010=VECTOR('',#7013,1.0);
#7011=DIRECTION('',(-0.10788083538699812,-0.07198700246955711,0.9915541320733081));
#7012=DIRECTION('',(0.8318137598937458,0.5550548340942809,0));
#7013=DIRECTION('',(0,0,-1));
#7014=FACE_SURFACE('',(#7019),#7015,.T.);
#7015=PLANE('',#7016);
#7016=AXIS2_PLACEMENT_3D('',#170,#7017,#7018);
#7017=DIRECTION('',(-0.9979880242093762,0.06340270920603858,0));
#7018=DIRECTION('',(-0.06340270920603859,-0.9979880242093763,0));
#7019=FACE_BOUND('',#7020,.T.);
#7020=EDGE_LOOP('',(#7021,#7022,#7023));
#7021=ORIENTED_EDGE('',*,*,#7024,.T.);
#7022=ORIENTED_EDGE('',*,*,#7025,.T.);
#7023=ORIENTED_EDGE('',*,*,#7026,.T.);
#7024=EDGE_CURVE('',#171,#511,#7027,.F.);
#7025=EDGE_CURVE('',#511,#513,#7028,.T.);
#7026=EDGE_CURVE('',#513,#171,#7029,.T.);
#7027=LINE('',#170,#7030);
#7028=LINE('',#510,#7031);
#7029=LINE('',#512,#7032);
#7030=VECTOR('',#7033,1.0);
#7031=VECTOR('',#7034,1.0);
#7032=VECTOR('',#7035,1.0);
#7033=DIRECTION('',(-0.06340270920603859,-0.9979880242093763,0));
#7034=DIRECTION('',(0,0,1));
#7035=DIRECTION('',(0.0026975977403553343,0.04246143852087145,-0.9990944646054093));
#7036=FACE_SURFACE('',(#7041),#7037,.T.);
#7037=PLANE('',#7038);
#7038=AXIS2_PLACEMENT_3D('',#296,#7039,#7040);
#7039=DIRECTION('',(-0.6597474326431697,0.7514874084911511,0));
#7040=DIRECTION('',(-0.7514874084911511,-0.6597474326431697,0));
#7041=FACE_BOUND('',#7042,.T.);
#7042=EDGE_LOOP('',(#7043,#7044,#7045));
#7043=ORIENTED_EDGE('',*,*,#7046,.T.);
#7044=ORIENTED_EDGE('',*,*,#7047,.T.);
#7045=ORIENTED_EDGE('',*,*,#7048,.T.);
#7046=EDGE_CURVE('',#297,#295,#7049,.F.);
#7047=EDGE_CURVE('',#295,#515,#7050,.T.);
#7048=EDGE_CURVE('',#515,#297,#7051,.T.);
#7049=LINE('',#296,#7052);
#7050=LINE('',#294,#7053);
#7051=LINE('',#514,#7054);
#7052=VECTOR('',#7055,1.0);
#7053=VECTOR('',#7056,1.0);
#7054=VECTOR('',#7057,1.0);
#7055=DIRECTION('',(-0.7514874084911511,-0.6597474326431697,0));
#7056=DIRECTION('',(0,0,1));
#7057=DIRECTION('',(0.09746982438550036,0.08557091665398368,-0.9915529494471068));
#7058=FACE_SURFACE('',(#7063),#7059,.T.);
#7059=PLANE('',#7060);
#7060=AXIS2_PLACEMENT_3D('',#296,#7061,#7062);
#7061=DIRECTION('',(-0.6597474326431697,0.7514874084911511,0));
#7062=DIRECTION('',(-0.09746982438550036,-0.08557091665398368,0.9915529494471068));
#7063=FACE_BOUND('',#7064,.T.);
#7064=EDGE_LOOP('',(#7065,#7066,#7067));
#7065=ORIENTED_EDGE('',*,*,#7068,.T.);
#7066=ORIENTED_EDGE('',*,*,#7069,.T.);
#7067=ORIENTED_EDGE('',*,*,#7070,.T.);
#7068=EDGE_CURVE('',#297,#515,#7071,.F.);
#7069=EDGE_CURVE('',#515,#509,#7072,.T.);
#7070=EDGE_CURVE('',#509,#297,#7073,.T.);
#7071=LINE('',#296,#7074);
#7072=LINE('',#514,#7075);
#7073=LINE('',#508,#7076);
#7074=VECTOR('',#7077,1.0);
#7075=VECTOR('',#7078,1.0);
#7076=VECTOR('',#7079,1.0);
#7077=DIRECTION('',(-0.09746982438550036,-0.08557091665398368,0.9915529494471068));
#7078=DIRECTION('',(0.7514874084911511,0.6597474326431697,0));
#7079=DIRECTION('',(0,0,-1));
#7080=FACE_SURFACE('',(#7085),#7081,.T.);
#7081=PLANE('',#7082);
#7082=AXIS2_PLACEMENT_3D('',#510,#7083,#7084);
#7083=DIRECTION('',(-0.9807610784470354,0.19521195404843475,0));
#7084=DIRECTION('',(-0.19521195404843472,-0.9807610784470353,0));
#7085=FACE_BOUND('',#7086,.T.);
#7086=EDGE_LOOP('',(#7087,#7088,#7089));
#7087=ORIENTED_EDGE('',*,*,#7090,.T.);
#7088=ORIENTED_EDGE('',*,*,#7091,.T.);
#7089=ORIENTED_EDGE('',*,*,#7092,.T.);
#7090=EDGE_CURVE('',#511,#433,#7093,.F.);
#7091=EDGE_CURVE('',#433,#513,#7094,.T.);
#7092=EDGE_CURVE('',#513,#511,#7095,.T.);
#7093=LINE('',#510,#7096);
#7094=LINE('',#432,#7097);
#7095=LINE('',#512,#7098);
#7096=VECTOR('',#7099,1.0);
#7097=VECTOR('',#7100,1.0);
#7098=VECTOR('',#7101,1.0);
#7099=DIRECTION('',(-0.19521195404843472,-0.9807610784470353,0));
#7100=DIRECTION('',(0.008292526168644636,0.04166234054597021,0.999097334292297));
#7101=DIRECTION('',(0,0,-1));
#7102=FACE_SURFACE('',(#7107),#7103,.T.);
#7103=PLANE('',#7104);
#7104=AXIS2_PLACEMENT_3D('',#214,#7105,#7106);
#7105=DIRECTION('',(0.9467862914828971,-0.3218628873605388,0));
#7106=DIRECTION('',(0,0,1));
#7107=FACE_BOUND('',#7108,.T.);
#7108=EDGE_LOOP('',(#7109,#7110,#7111));
#7109=ORIENTED_EDGE('',*,*,#7112,.T.);
#7110=ORIENTED_EDGE('',*,*,#7113,.T.);
#7111=ORIENTED_EDGE('',*,*,#7114,.T.);
#7112=EDGE_CURVE('',#215,#123,#7115,.F.);
#7113=EDGE_CURVE('',#123,#119,#7116,.T.);
#7114=EDGE_CURVE('',#119,#215,#7117,.T.);
#7115=LINE('',#214,#7118);
#7116=LINE('',#122,#7119);
#7117=LINE('',#118,#7120);
#7118=VECTOR('',#7121,1.0);
#7119=VECTOR('',#7122,1.0);
#7120=VECTOR('',#7123,1.0);
#7121=DIRECTION('',(0,0,1));
#7122=DIRECTION('',(-0.3218628873605388,-0.946786291482897,0));
#7123=DIRECTION('',(0.008056359637354972,0.02369844789020239,-0.9996866902369907));
#7124=FACE_SURFACE('',(#7129),#7125,.T.);
#7125=PLANE('',#7126);
#7126=AXIS2_PLACEMENT_3D('',#294,#7127,#7128);
#7127=DIRECTION('',(-0.7514861391324663,0.6597488785074057,0));
#7128=DIRECTION('',(-0.6597488785074056,-0.7514861391324662,0));
#7129=FACE_BOUND('',#7130,.T.);
#7130=EDGE_LOOP('',(#7131,#7132,#7133));
#7131=ORIENTED_EDGE('',*,*,#7134,.T.);
#7132=ORIENTED_EDGE('',*,*,#7135,.T.);
#7133=ORIENTED_EDGE('',*,*,#7136,.T.);
#7134=EDGE_CURVE('',#295,#283,#7137,.F.);
#7135=EDGE_CURVE('',#283,#497,#7138,.T.);
#7136=EDGE_CURVE('',#497,#295,#7139,.T.);
#7137=LINE('',#294,#7140);
#7138=LINE('',#282,#7141);
#7139=LINE('',#496,#7142);
#7140=VECTOR('',#7143,1.0);
#7141=VECTOR('',#7144,1.0);
#7142=VECTOR('',#7145,1.0);
#7143=DIRECTION('',(-0.6597488785074056,-0.7514861391324662,0));
#7144=DIRECTION('',(0,0,1));
#7145=DIRECTION('',(0.08557091980878154,0.09746944973153643,-0.9915529860033252));
#7146=FACE_SURFACE('',(#7151),#7147,.T.);
#7147=PLANE('',#7148);
#7148=AXIS2_PLACEMENT_3D('',#294,#7149,#7150);
#7149=DIRECTION('',(-0.7514861391324663,0.6597488785074057,0));
#7150=DIRECTION('',(-0.08557091980878154,-0.09746944973153643,0.9915529860033252));
#7151=FACE_BOUND('',#7152,.T.);
#7152=EDGE_LOOP('',(#7153,#7154,#7155));
#7153=ORIENTED_EDGE('',*,*,#7156,.T.);
#7154=ORIENTED_EDGE('',*,*,#7157,.T.);
#7155=ORIENTED_EDGE('',*,*,#7158,.T.);
#7156=EDGE_CURVE('',#295,#497,#7159,.F.);
#7157=EDGE_CURVE('',#497,#515,#7160,.T.);
#7158=EDGE_CURVE('',#515,#295,#7161,.T.);
#7159=LINE('',#294,#7162);
#7160=LINE('',#496,#7163);
#7161=LINE('',#514,#7164);
#7162=VECTOR('',#7165,1.0);
#7163=VECTOR('',#7166,1.0);
#7164=VECTOR('',#7167,1.0);
#7165=DIRECTION('',(-0.08557091980878154,-0.09746944973153643,0.9915529860033252));
#7166=DIRECTION('',(0.6597488785074056,0.7514861391324662,0));
#7167=DIRECTION('',(0,0,-1));
#7168=FACE_SURFACE('',(#7173),#7169,.T.);
#7169=PLANE('',#7170);
#7170=AXIS2_PLACEMENT_3D('',#372,#7171,#7172);
#7171=DIRECTION('',(0.4425025137166357,0.8967672637615953,-0));
#7172=DIRECTION('',(-0.03806533148317257,0.018783028269906625,0.9990987080304369));
#7173=FACE_BOUND('',#7174,.T.);
#7174=EDGE_LOOP('',(#7175,#7176,#7177));
#7175=ORIENTED_EDGE('',*,*,#7178,.T.);
#7176=ORIENTED_EDGE('',*,*,#7179,.T.);
#7177=ORIENTED_EDGE('',*,*,#7180,.T.);
#7178=EDGE_CURVE('',#373,#439,#7181,.F.);
#7179=EDGE_CURVE('',#439,#507,#7182,.T.);
#7180=EDGE_CURVE('',#507,#373,#7183,.T.);
#7181=LINE('',#372,#7184);
#7182=LINE('',#438,#7185);
#7183=LINE('',#506,#7186);
#7184=VECTOR('',#7187,1.0);
#7185=VECTOR('',#7188,1.0);
#7186=VECTOR('',#7189,1.0);
#7187=DIRECTION('',(-0.03806533148317257,0.018783028269906625,0.9990987080304369));
#7188=DIRECTION('',(0.8967672637615953,-0.4425025137166356,0));
#7189=DIRECTION('',(0,0,-1));
#7190=FACE_SURFACE('',(#7195),#7191,.T.);
#7191=PLANE('',#7192);
#7192=AXIS2_PLACEMENT_3D('',#282,#7193,#7194);
#7193=DIRECTION('',(-0.8318133118769067,0.5550555054986593,0));
#7194=DIRECTION('',(-0.0719873758197962,-0.10788120629520871,0.9915540646131555));
#7195=FACE_BOUND('',#7196,.T.);
#7196=EDGE_LOOP('',(#7197,#7198,#7199));
#7197=ORIENTED_EDGE('',*,*,#7200,.T.);
#7198=ORIENTED_EDGE('',*,*,#7201,.T.);
#7199=ORIENTED_EDGE('',*,*,#7202,.T.);
#7200=EDGE_CURVE('',#283,#493,#7203,.F.);
#7201=EDGE_CURVE('',#493,#497,#7204,.T.);
#7202=EDGE_CURVE('',#497,#283,#7205,.T.);
#7203=LINE('',#282,#7206);
#7204=LINE('',#492,#7207);
#7205=LINE('',#496,#7208);
#7206=VECTOR('',#7209,1.0);
#7207=VECTOR('',#7210,1.0);
#7208=VECTOR('',#7211,1.0);
#7209=DIRECTION('',(-0.0719873758197962,-0.10788120629520871,0.9915540646131555));
#7210=DIRECTION('',(0.5550555054986592,0.8318133118769065,0));
#7211=DIRECTION('',(0,0,-1));
#7212=FACE_SURFACE('',(#7217),#7213,.T.);
#7213=PLANE('',#7214);
#7214=AXIS2_PLACEMENT_3D('',#470,#7215,#7216);
#7215=DIRECTION('',(-0,0,1));
#7216=DIRECTION('',(-0.4771063374860281,-0.8788455738812526,0));
#7217=FACE_BOUND('',#7218,.T.);
#7218=EDGE_LOOP('',(#7219,#7220,#7221));
#7219=ORIENTED_EDGE('',*,*,#7222,.T.);
#7220=ORIENTED_EDGE('',*,*,#7223,.T.);
#7221=ORIENTED_EDGE('',*,*,#7224,.T.);
#7222=EDGE_CURVE('',#471,#129,#7225,.F.);
#7223=EDGE_CURVE('',#129,#359,#7226,.T.);
#7224=EDGE_CURVE('',#359,#471,#7227,.T.);
#7225=LINE('',#470,#7228);
#7226=LINE('',#128,#7229);
#7227=LINE('',#358,#7230);
#7228=VECTOR('',#7231,1.0);
#7229=VECTOR('',#7232,1.0);
#7230=VECTOR('',#7233,1.0);
#7231=DIRECTION('',(-0.4771063374860281,-0.8788455738812526,0));
#7232=DIRECTION('',(0.5126720305661948,0.8585845264591802,0));
#7233=DIRECTION('',(-0.9807610784470353,-0.19521195404843472,0));
#7234=FACE_SURFACE('',(#7239),#7235,.T.);
#7235=PLANE('',#7236);
#7236=AXIS2_PLACEMENT_3D('',#376,#7237,#7238);
#7237=DIRECTION('',(0.556319203068329,0.8309686782890312,-0));
#7238=DIRECTION('',(0,0,1));
#7239=FACE_BOUND('',#7240,.T.);
#7240=EDGE_LOOP('',(#7241,#7242,#7243));
#7241=ORIENTED_EDGE('',*,*,#7244,.T.);
#7242=ORIENTED_EDGE('',*,*,#7245,.T.);
#7243=ORIENTED_EDGE('',*,*,#7246,.T.);
#7244=EDGE_CURVE('',#377,#517,#7247,.F.);
#7245=EDGE_CURVE('',#517,#439,#7248,.T.);
#7246=EDGE_CURVE('',#439,#377,#7249,.T.);
#7247=LINE('',#376,#7250);
#7248=LINE('',#516,#7251);
#7249=LINE('',#438,#7252);
#7250=VECTOR('',#7253,1.0);
#7251=VECTOR('',#7254,1.0);
#7252=VECTOR('',#7255,1.0);
#7253=DIRECTION('',(0,0,1));
#7254=DIRECTION('',(0.8309686782890312,-0.5563192030683289,0));
#7255=DIRECTION('',(-0.03536831063626698,0.023678474172521495,-0.9990937956286176));
#7256=FACE_SURFACE('',(#7261),#7257,.T.);
#7257=PLANE('',#7258);
#7258=AXIS2_PLACEMENT_3D('',#476,#7259,#7260);
#7259=DIRECTION('',(-0.8967681428194753,0.44250073223002606,0));
#7260=DIRECTION('',(0.018783028133657162,0.03806552177000608,-0.9990987007831146));
#7261=FACE_BOUND('',#7262,.T.);
#7262=EDGE_LOOP('',(#7263,#7264,#7265));
#7263=ORIENTED_EDGE('',*,*,#7266,.T.);
#7264=ORIENTED_EDGE('',*,*,#7267,.T.);
#7265=ORIENTED_EDGE('',*,*,#7268,.T.);
#7266=EDGE_CURVE('',#477,#435,#7269,.F.);
#7267=EDGE_CURVE('',#435,#425,#7270,.T.);
#7268=EDGE_CURVE('',#425,#477,#7271,.T.);
#7269=LINE('',#476,#7272);
#7270=LINE('',#434,#7273);
#7271=LINE('',#424,#7274);
#7272=VECTOR('',#7275,1.0);
#7273=VECTOR('',#7276,1.0);
#7274=VECTOR('',#7277,1.0);
#7275=DIRECTION('',(0.018783028133657162,0.03806552177000608,-0.9990987007831146));
#7276=DIRECTION('',(-0.44250073223002606,-0.8967681428194753,0));
#7277=DIRECTION('',(0,0,1));
#7278=FACE_SURFACE('',(#7283),#7279,.T.);
#7279=PLANE('',#7280);
#7280=AXIS2_PLACEMENT_3D('',#368,#7281,#7282);
#7281=DIRECTION('',(-0,0,1));
#7282=DIRECTION('',(-0.4342448925040394,-0.9007948564096906,0));
#7283=FACE_BOUND('',#7284,.T.);
#7284=EDGE_LOOP('',(#7285,#7286,#7287));
#7285=ORIENTED_EDGE('',*,*,#7288,.T.);
#7286=ORIENTED_EDGE('',*,*,#7289,.T.);
#7287=ORIENTED_EDGE('',*,*,#7290,.T.);
#7288=EDGE_CURVE('',#369,#129,#7291,.F.);
#7289=EDGE_CURVE('',#129,#471,#7292,.T.);
#7290=EDGE_CURVE('',#471,#369,#7293,.T.);
#7291=LINE('',#368,#7294);
#7292=LINE('',#128,#7295);
#7293=LINE('',#470,#7296);
#7294=VECTOR('',#7297,1.0);
#7295=VECTOR('',#7298,1.0);
#7296=VECTOR('',#7299,1.0);
#7297=DIRECTION('',(-0.4342448925040394,-0.9007948564096906,0));
#7298=DIRECTION('',(0.4771063374860281,0.8788455738812526,0));
#7299=DIRECTION('',(-0.997988060218045,-0.06340214241036264,0));
#7300=FACE_SURFACE('',(#7305),#7301,.T.);
#7301=PLANE('',#7302);
#7302=AXIS2_PLACEMENT_3D('',#170,#7303,#7304);
#7303=DIRECTION('',(-0.9979880242093762,0.06340270920603858,0));
#7304=DIRECTION('',(-0.0026975977403553343,-0.04246143852087145,0.9990944646054093));
#7305=FACE_BOUND('',#7306,.T.);
#7306=EDGE_LOOP('',(#7307,#7308,#7309));
#7307=ORIENTED_EDGE('',*,*,#7310,.T.);
#7308=ORIENTED_EDGE('',*,*,#7311,.T.);
#7309=ORIENTED_EDGE('',*,*,#7312,.T.);
#7310=EDGE_CURVE('',#171,#513,#7313,.F.);
#7311=EDGE_CURVE('',#513,#185,#7314,.T.);
#7312=EDGE_CURVE('',#185,#171,#7315,.T.);
#7313=LINE('',#170,#7316);
#7314=LINE('',#512,#7317);
#7315=LINE('',#184,#7318);
#7316=VECTOR('',#7319,1.0);
#7317=VECTOR('',#7320,1.0);
#7318=VECTOR('',#7321,1.0);
#7319=DIRECTION('',(-0.0026975977403553343,-0.04246143852087145,0.9990944646054093));
#7320=DIRECTION('',(0.06340270920603859,0.9979880242093763,0));
#7321=DIRECTION('',(0,0,-1));
#7322=FACE_SURFACE('',(#7327),#7323,.T.);
#7323=PLANE('',#7324);
#7324=AXIS2_PLACEMENT_3D('',#400,#7325,#7326);
#7325=DIRECTION('',(0,0,1));
#7326=DIRECTION('',(-0.8309659069501956,-0.5563233425683655,0));
#7327=FACE_BOUND('',#7328,.T.);
#7328=EDGE_LOOP('',(#7329,#7330,#7331));
#7329=ORIENTED_EDGE('',*,*,#7332,.T.);
#7330=ORIENTED_EDGE('',*,*,#7333,.T.);
#7331=ORIENTED_EDGE('',*,*,#7334,.T.);
#7332=EDGE_CURVE('',#401,#399,#7335,.F.);
#7333=EDGE_CURVE('',#399,#501,#7336,.T.);
#7334=EDGE_CURVE('',#501,#401,#7337,.T.);
#7335=LINE('',#400,#7338);
#7336=LINE('',#398,#7339);
#7337=LINE('',#500,#7340);
#7338=VECTOR('',#7341,1.0);
#7339=VECTOR('',#7342,1.0);
#7340=VECTOR('',#7343,1.0);
#7341=DIRECTION('',(-0.8309659069501956,-0.5563233425683655,0));
#7342=DIRECTION('',(-0.005136233058124896,-0.9999868094679911,0));
#7343=DIRECTION('',(0.009876567504845557,0.9999512255176861,0));
#7344=FACE_SURFACE('',(#7349),#7345,.T.);
#7345=PLANE('',#7346);
#7346=AXIS2_PLACEMENT_3D('',#360,#7347,#7348);
#7347=DIRECTION('',(0,0,1));
#7348=DIRECTION('',(-0.5408606252594562,-0.8411122303497613,0));
#7349=FACE_BOUND('',#7350,.T.);
#7350=EDGE_LOOP('',(#7351,#7352,#7353));
#7351=ORIENTED_EDGE('',*,*,#7354,.T.);
#7352=ORIENTED_EDGE('',*,*,#7355,.T.);
#7353=ORIENTED_EDGE('',*,*,#7356,.T.);
#7354=EDGE_CURVE('',#361,#129,#7357,.F.);
#7355=EDGE_CURVE('',#129,#501,#7358,.T.);
#7356=EDGE_CURVE('',#501,#361,#7359,.T.);
#7357=LINE('',#360,#7360);
#7358=LINE('',#128,#7361);
#7359=LINE('',#500,#7362);
#7360=VECTOR('',#7363,1.0);
#7361=VECTOR('',#7364,1.0);
#7362=VECTOR('',#7365,1.0);
#7363=DIRECTION('',(-0.5408606252594562,-0.8411122303497613,0));
#7364=DIRECTION('',(0.06698848753039516,-0.9977537484461736,0));
#7365=DIRECTION('',(0,1,0));
#7366=FACE_SURFACE('',(#7371),#7367,.T.);
#7367=PLANE('',#7368);
#7368=AXIS2_PLACEMENT_3D('',#122,#7369,#7370);
#7369=DIRECTION('',(0.8967725847872492,-0.44249173006282944,0));
#7370=DIRECTION('',(0,0,-1));
#7371=FACE_BOUND('',#7372,.T.);
#7372=EDGE_LOOP('',(#7373,#7374,#7375));
#7373=ORIENTED_EDGE('',*,*,#7376,.T.);
#7374=ORIENTED_EDGE('',*,*,#7377,.T.);
#7375=ORIENTED_EDGE('',*,*,#7378,.T.);
#7376=EDGE_CURVE('',#123,#215,#7379,.F.);
#7377=EDGE_CURVE('',#215,#125,#7380,.T.);
#7378=EDGE_CURVE('',#125,#123,#7381,.T.);
#7379=LINE('',#122,#7382);
#7380=LINE('',#214,#7383);
#7381=LINE('',#124,#7384);
#7382=VECTOR('',#7385,1.0);
#7383=VECTOR('',#7386,1.0);
#7384=VECTOR('',#7387,1.0);
#7385=DIRECTION('',(0,0,-1));
#7386=DIRECTION('',(0.011055131106558801,0.02240479951158178,0.9996878558005307));
#7387=DIRECTION('',(-0.44249173006282944,-0.8967725847872492,0));
#7388=FACE_SURFACE('',(#7393),#7389,.T.);
#7389=PLANE('',#7390);
#7390=AXIS2_PLACEMENT_3D('',#212,#7391,#7392);
#7391=DIRECTION('',(0.8967725847872492,-0.44249173006282944,0));
#7392=DIRECTION('',(0,0,1));
#7393=FACE_BOUND('',#7394,.T.);
#7394=EDGE_LOOP('',(#7395,#7396,#7397));
#7395=ORIENTED_EDGE('',*,*,#7398,.T.);
#7396=ORIENTED_EDGE('',*,*,#7399,.T.);
#7397=ORIENTED_EDGE('',*,*,#7400,.T.);
#7398=EDGE_CURVE('',#213,#125,#7401,.F.);
#7399=EDGE_CURVE('',#125,#215,#7402,.T.);
#7400=EDGE_CURVE('',#215,#213,#7403,.T.);
#7401=LINE('',#212,#7404);
#7402=LINE('',#124,#7405);
#7403=LINE('',#214,#7406);
#7404=VECTOR('',#7407,1.0);
#7405=VECTOR('',#7408,1.0);
#7406=VECTOR('',#7409,1.0);
#7407=DIRECTION('',(0,0,1));
#7408=DIRECTION('',(-0.011055131106558801,-0.02240479951158178,-0.9996878558005307));
#7409=DIRECTION('',(0.44249173006282944,0.8967725847872492,0));
#7410=FACE_SURFACE('',(#7415),#7411,.T.);
#7411=PLANE('',#7412);
#7412=AXIS2_PLACEMENT_3D('',#398,#7413,#7414);
#7413=DIRECTION('',(0,0,1));
#7414=DIRECTION('',(-0.8967690218667381,-0.4424989507560144,0));
#7415=FACE_BOUND('',#7416,.T.);
#7416=EDGE_LOOP('',(#7417,#7418,#7419));
#7417=ORIENTED_EDGE('',*,*,#7420,.T.);
#7418=ORIENTED_EDGE('',*,*,#7421,.T.);
#7419=ORIENTED_EDGE('',*,*,#7422,.T.);
#7420=EDGE_CURVE('',#399,#361,#7423,.F.);
#7421=EDGE_CURVE('',#361,#501,#7424,.T.);
#7422=EDGE_CURVE('',#501,#399,#7425,.T.);
#7423=LINE('',#398,#7426);
#7424=LINE('',#360,#7427);
#7425=LINE('',#500,#7428);
#7426=VECTOR('',#7429,1.0);
#7427=VECTOR('',#7430,1.0);
#7428=VECTOR('',#7431,1.0);
#7429=DIRECTION('',(-0.8967690218667381,-0.4424989507560144,0));
#7430=DIRECTION('',(0,-1,0));
#7431=DIRECTION('',(0.005136233058124896,0.9999868094679911,0));
#7432=FACE_SURFACE('',(#7437),#7433,.T.);
#7433=PLANE('',#7434);
#7434=AXIS2_PLACEMENT_3D('',#518,#7435,#7436);
#7435=DIRECTION('',(0,0,1));
#7436=DIRECTION('',(-0.6087359459553637,0.793372893475589,0));
#7437=FACE_BOUND('',#7438,.T.);
#7438=EDGE_LOOP('',(#7439,#7440,#7441));
#7439=ORIENTED_EDGE('',*,*,#7442,.T.);
#7440=ORIENTED_EDGE('',*,*,#7443,.T.);
#7441=ORIENTED_EDGE('',*,*,#7444,.T.);
#7442=EDGE_CURVE('',#519,#509,#7445,.F.);
#7443=EDGE_CURVE('',#509,#521,#7446,.T.);
#7444=EDGE_CURVE('',#521,#519,#7447,.T.);
#7445=LINE('',#518,#7448);
#7446=LINE('',#508,#7449);
#7447=LINE('',#520,#7450);
#7448=VECTOR('',#7451,1.0);
#7449=VECTOR('',#7452,1.0);
#7450=VECTOR('',#7453,1.0);
#7451=DIRECTION('',(-0.6087359459553637,0.793372893475589,0));
#7452=DIRECTION('',(0.5579586215299205,-0.8298687707465747,0));
#7453=DIRECTION('',(0.7525755832038533,0.6585058781555257,0));
#7454=FACE_SURFACE('',(#7459),#7455,.T.);
#7455=PLANE('',#7456);
#7456=AXIS2_PLACEMENT_3D('',#126,#7457,#7458);
#7457=DIRECTION('',(0.8309659069501956,-0.5563233425683656,0));
#7458=DIRECTION('',(-0.5563233425683655,-0.8309659069501956,0));
#7459=FACE_BOUND('',#7460,.T.);
#7460=EDGE_LOOP('',(#7461,#7462,#7463));
#7461=ORIENTED_EDGE('',*,*,#7464,.T.);
#7462=ORIENTED_EDGE('',*,*,#7465,.T.);
#7463=ORIENTED_EDGE('',*,*,#7466,.T.);
#7464=EDGE_CURVE('',#127,#125,#7467,.F.);
#7465=EDGE_CURVE('',#125,#213,#7468,.T.);
#7466=EDGE_CURVE('',#213,#127,#7469,.T.);
#7467=LINE('',#126,#7470);
#7468=LINE('',#124,#7471);
#7469=LINE('',#212,#7472);
#7470=VECTOR('',#7473,1.0);
#7471=VECTOR('',#7474,1.0);
#7472=VECTOR('',#7475,1.0);
#7473=DIRECTION('',(-0.5563233425683655,-0.8309659069501956,0));
#7474=DIRECTION('',(0,0,-1));
#7475=DIRECTION('',(0.013936772461196206,0.020816999543306507,0.9996861602039807));
#7476=FACE_SURFACE('',(#7481),#7477,.T.);
#7477=PLANE('',#7478);
#7478=AXIS2_PLACEMENT_3D('',#466,#7479,#7480);
#7479=DIRECTION('',(0.8309659069501955,0.5563233425683655,0));
#7480=DIRECTION('',(0,0,-1));
#7481=FACE_BOUND('',#7482,.T.);
#7482=EDGE_LOOP('',(#7483,#7484,#7485));
#7483=ORIENTED_EDGE('',*,*,#7486,.T.);
#7484=ORIENTED_EDGE('',*,*,#7487,.T.);
#7485=ORIENTED_EDGE('',*,*,#7488,.T.);
#7486=EDGE_CURVE('',#467,#389,#7489,.F.);
#7487=EDGE_CURVE('',#389,#469,#7490,.T.);
#7488=EDGE_CURVE('',#469,#467,#7491,.T.);
#7489=LINE('',#466,#7492);
#7490=LINE('',#388,#7493);
#7491=LINE('',#468,#7494);
#7492=VECTOR('',#7495,1.0);
#7493=VECTOR('',#7496,1.0);
#7494=VECTOR('',#7497,1.0);
#7495=DIRECTION('',(0,0,-1));
#7496=DIRECTION('',(-0.02367847449169883,0.03536792998897694,0.9990938090960432));
#7497=DIRECTION('',(0.5563233425683655,-0.8309659069501956,0));
#7498=FACE_SURFACE('',(#7503),#7499,.T.);
#7499=PLANE('',#7500);
#7500=AXIS2_PLACEMENT_3D('',#268,#7501,#7502);
#7501=DIRECTION('',(0.7525778062110414,-0.6585033375758821,0));
#7502=DIRECTION('',(0,0,1));
#7503=FACE_BOUND('',#7504,.T.);
#7504=EDGE_LOOP('',(#7505,#7506,#7507));
#7505=ORIENTED_EDGE('',*,*,#7508,.T.);
#7506=ORIENTED_EDGE('',*,*,#7509,.T.);
#7507=ORIENTED_EDGE('',*,*,#7510,.T.);
#7508=EDGE_CURVE('',#269,#131,#7511,.F.);
#7509=EDGE_CURVE('',#131,#127,#7512,.T.);
#7510=EDGE_CURVE('',#127,#269,#7513,.T.);
#7511=LINE('',#268,#7514);
#7512=LINE('',#130,#7515);
#7513=LINE('',#126,#7516);
#7514=VECTOR('',#7517,1.0);
#7515=VECTOR('',#7518,1.0);
#7516=VECTOR('',#7519,1.0);
#7517=DIRECTION('',(0,0,1));
#7518=DIRECTION('',(-0.6585033375758821,-0.7525778062110414,0));
#7519=DIRECTION('',(0.016465366847208354,0.018817626203609265,-0.999687345442888));
#7520=FACE_SURFACE('',(#7525),#7521,.T.);
#7521=PLANE('',#7522);
#7522=AXIS2_PLACEMENT_3D('',#334,#7523,#7524);
#7523=DIRECTION('',(-0.06340214241036263,-0.9979880602180449,0));
#7524=DIRECTION('',(0.997988060218045,-0.06340214241036264,0));
#7525=FACE_BOUND('',#7526,.T.);
#7526=EDGE_LOOP('',(#7527,#7528,#7529));
#7527=ORIENTED_EDGE('',*,*,#7530,.T.);
#7528=ORIENTED_EDGE('',*,*,#7531,.T.);
#7529=ORIENTED_EDGE('',*,*,#7532,.T.);
#7530=EDGE_CURVE('',#335,#53,#7533,.F.);
#7531=EDGE_CURVE('',#53,#143,#7534,.T.);
#7532=EDGE_CURVE('',#143,#335,#7535,.T.);
#7533=LINE('',#334,#7536);
#7534=LINE('',#52,#7537);
#7535=LINE('',#142,#7538);
#7536=VECTOR('',#7539,1.0);
#7537=VECTOR('',#7540,1.0);
#7538=VECTOR('',#7541,1.0);
#7539=DIRECTION('',(0.997988060218045,-0.06340214241036264,0));
#7540=DIRECTION('',(-0.02499233900443553,0.0015877623189009685,0.9996863818227724));
#7541=DIRECTION('',(0,0,-1));
#7542=FACE_SURFACE('',(#7547),#7543,.T.);
#7543=PLANE('',#7544);
#7544=AXIS2_PLACEMENT_3D('',#130,#7545,#7546);
#7545=DIRECTION('',(0.6585084187126559,-0.7525733602012215,0));
#7546=DIRECTION('',(0,0,-1));
#7547=FACE_BOUND('',#7548,.T.);
#7548=EDGE_LOOP('',(#7549,#7550,#7551));
#7549=ORIENTED_EDGE('',*,*,#7552,.T.);
#7550=ORIENTED_EDGE('',*,*,#7553,.T.);
#7551=ORIENTED_EDGE('',*,*,#7554,.T.);
#7552=EDGE_CURVE('',#131,#269,#7555,.F.);
#7553=EDGE_CURVE('',#269,#133,#7556,.T.);
#7554=EDGE_CURVE('',#133,#131,#7557,.T.);
#7555=LINE('',#130,#7558);
#7556=LINE('',#268,#7559);
#7557=LINE('',#132,#7560);
#7558=VECTOR('',#7561,1.0);
#7559=VECTOR('',#7562,1.0);
#7560=VECTOR('',#7563,1.0);
#7561=DIRECTION('',(0,0,-1));
#7562=DIRECTION('',(0.018817626134104506,0.016465591110190077,0.9996873417504442));
#7563=DIRECTION('',(-0.7525733602012215,-0.6585084187126559,0));
#7564=FACE_SURFACE('',(#7569),#7565,.T.);
#7565=PLANE('',#7566);
#7566=AXIS2_PLACEMENT_3D('',#522,#7567,#7568);
#7567=DIRECTION('',(0,0,1));
#7568=DIRECTION('',(-0.6572209582564184,0.7536979580896549,0));
#7569=FACE_BOUND('',#7570,.T.);
#7570=EDGE_LOOP('',(#7571,#7572,#7573));
#7571=ORIENTED_EDGE('',*,*,#7574,.T.);
#7572=ORIENTED_EDGE('',*,*,#7575,.T.);
#7573=ORIENTED_EDGE('',*,*,#7576,.T.);
#7574=EDGE_CURVE('',#523,#509,#7577,.F.);
#7575=EDGE_CURVE('',#509,#519,#7578,.T.);
#7576=EDGE_CURVE('',#519,#523,#7579,.T.);
#7577=LINE('',#522,#7580);
#7578=LINE('',#508,#7581);
#7579=LINE('',#518,#7582);
#7580=VECTOR('',#7583,1.0);
#7581=VECTOR('',#7584,1.0);
#7582=VECTOR('',#7585,1.0);
#7583=DIRECTION('',(-0.6572209582564184,0.7536979580896549,0));
#7584=DIRECTION('',(0.6087359459553637,-0.793372893475589,0));
#7585=DIRECTION('',(0.8309686782890312,0.5563192030683289,0));
#7586=FACE_SURFACE('',(#7591),#7587,.T.);
#7587=PLANE('',#7588);
#7588=AXIS2_PLACEMENT_3D('',#484,#7589,#7590);
#7589=DIRECTION('',(0.19521195404843475,-0.9807610784470354,0));
#7590=DIRECTION('',(0,0,-1));
#7591=FACE_BOUND('',#7592,.T.);
#7592=EDGE_LOOP('',(#7593,#7594,#7595));
#7593=ORIENTED_EDGE('',*,*,#7596,.T.);
#7594=ORIENTED_EDGE('',*,*,#7597,.T.);
#7595=ORIENTED_EDGE('',*,*,#7598,.T.);
#7596=EDGE_CURVE('',#485,#243,#7599,.F.);
#7597=EDGE_CURVE('',#243,#225,#7600,.T.);
#7598=EDGE_CURVE('',#225,#485,#7601,.T.);
#7599=LINE('',#484,#7602);
#7600=LINE('',#242,#7603);
#7601=LINE('',#224,#7604);
#7602=VECTOR('',#7605,1.0);
#7603=VECTOR('',#7606,1.0);
#7604=VECTOR('',#7607,1.0);
#7605=DIRECTION('',(0,0,-1));
#7606=DIRECTION('',(0.9807610784470353,0.19521195404843472,0));
#7607=DIRECTION('',(-0.04166234054597021,-0.008292526168644636,0.999097334292297));
#7608=FACE_SURFACE('',(#7613),#7609,.T.);
#7609=PLANE('',#7610);
#7610=AXIS2_PLACEMENT_3D('',#480,#7611,#7612);
#7611=DIRECTION('',(0,0,1));
#7612=DIRECTION('',(-0.5531691171361404,0.8330689814456081,0));
#7613=FACE_BOUND('',#7614,.T.);
#7614=EDGE_LOOP('',(#7615,#7616,#7617));
#7615=ORIENTED_EDGE('',*,*,#7618,.T.);
#7616=ORIENTED_EDGE('',*,*,#7619,.T.);
#7617=ORIENTED_EDGE('',*,*,#7620,.T.);
#7618=EDGE_CURVE('',#481,#479,#7621,.F.);
#7619=EDGE_CURVE('',#479,#523,#7622,.T.);
#7620=EDGE_CURVE('',#523,#481,#7623,.T.);
#7621=LINE('',#480,#7624);
#7622=LINE('',#478,#7625);
#7623=LINE('',#522,#7626);
#7624=VECTOR('',#7627,1.0);
#7625=VECTOR('',#7628,1.0);
#7626=VECTOR('',#7629,1.0);
#7627=DIRECTION('',(-0.5531691171361404,0.8330689814456081,0));
#7628=DIRECTION('',(0.5000603226568506,-0.8659905736809879,0));
#7629=DIRECTION('',(0.8967672637615953,0.4425025137166356,0));
#7630=FACE_SURFACE('',(#7635),#7631,.T.);
#7631=PLANE('',#7632);
#7632=AXIS2_PLACEMENT_3D('',#508,#7633,#7634);
#7633=DIRECTION('',(0,0,1));
#7634=DIRECTION('',(-0.7514874084911511,-0.6597474326431697,0));
#7635=FACE_BOUND('',#7636,.T.);
#7636=EDGE_LOOP('',(#7637,#7638,#7639));
#7637=ORIENTED_EDGE('',*,*,#7640,.T.);
#7638=ORIENTED_EDGE('',*,*,#7641,.T.);
#7639=ORIENTED_EDGE('',*,*,#7642,.T.);
#7640=EDGE_CURVE('',#509,#515,#7643,.F.);
#7641=EDGE_CURVE('',#515,#521,#7644,.T.);
#7642=EDGE_CURVE('',#521,#509,#7645,.T.);
#7643=LINE('',#508,#7646);
#7644=LINE('',#514,#7647);
#7645=LINE('',#520,#7648);
#7646=VECTOR('',#7649,1.0);
#7647=VECTOR('',#7650,1.0);
#7648=VECTOR('',#7651,1.0);
#7649=DIRECTION('',(-0.7514874084911511,-0.6597474326431697,0));
#7650=DIRECTION('',(0.7071064984994826,-0.7071070638734995,0));
#7651=DIRECTION('',(-0.5579586215299205,0.8298687707465747,0));
#7652=FACE_SURFACE('',(#7657),#7653,.T.);
#7653=PLANE('',#7654);
#7654=AXIS2_PLACEMENT_3D('',#490,#7655,#7656);
#7655=DIRECTION('',(0.19521195404843475,-0.9807610784470354,0));
#7656=DIRECTION('',(-0.9807610784470353,-0.19521195404843472,0));
#7657=FACE_BOUND('',#7658,.T.);
#7658=EDGE_LOOP('',(#7659,#7660,#7661));
#7659=ORIENTED_EDGE('',*,*,#7662,.T.);
#7660=ORIENTED_EDGE('',*,*,#7663,.T.);
#7661=ORIENTED_EDGE('',*,*,#7664,.T.);
#7662=EDGE_CURVE('',#491,#485,#7665,.F.);
#7663=EDGE_CURVE('',#485,#225,#7666,.T.);
#7664=EDGE_CURVE('',#225,#491,#7667,.T.);
#7665=LINE('',#490,#7668);
#7666=LINE('',#484,#7669);
#7667=LINE('',#224,#7670);
#7668=VECTOR('',#7671,1.0);
#7669=VECTOR('',#7672,1.0);
#7670=VECTOR('',#7673,1.0);
#7671=DIRECTION('',(-0.9807610784470353,-0.19521195404843472,0));
#7672=DIRECTION('',(0.04166234054597021,0.008292526168644636,-0.999097334292297));
#7673=DIRECTION('',(0,0,1));
#7674=FACE_SURFACE('',(#7679),#7675,.T.);
#7675=PLANE('',#7676);
#7676=AXIS2_PLACEMENT_3D('',#222,#7677,#7678);
#7677=DIRECTION('',(0.06573908068365164,-0.9978368470200267,0));
#7678=DIRECTION('',(0,0,1));
#7679=FACE_BOUND('',#7680,.T.);
#7680=EDGE_LOOP('',(#7681,#7682,#7683));
#7681=ORIENTED_EDGE('',*,*,#7684,.T.);
#7682=ORIENTED_EDGE('',*,*,#7685,.T.);
#7683=ORIENTED_EDGE('',*,*,#7686,.T.);
#7684=EDGE_CURVE('',#223,#455,#7687,.F.);
#7685=EDGE_CURVE('',#455,#225,#7688,.T.);
#7686=EDGE_CURVE('',#225,#223,#7689,.T.);
#7687=LINE('',#222,#7690);
#7688=LINE('',#454,#7691);
#7689=LINE('',#224,#7692);
#7690=VECTOR('',#7693,1.0);
#7691=VECTOR('',#7694,1.0);
#7692=VECTOR('',#7695,1.0);
#7693=DIRECTION('',(0,0,1));
#7694=DIRECTION('',(-0.04246180730847871,-0.0027974514921573416,-0.9990941743325533));
#7695=DIRECTION('',(0.9978368470200267,0.06573908068365164,0));
#7696=FACE_SURFACE('',(#7701),#7697,.T.);
#7697=PLANE('',#7698);
#7698=AXIS2_PLACEMENT_3D('',#490,#7699,#7700);
#7699=DIRECTION('',(0.06573908068365164,-0.9978368470200267,0));
#7700=DIRECTION('',(0,0,-1));
#7701=FACE_BOUND('',#7702,.T.);
#7702=EDGE_LOOP('',(#7703,#7704,#7705));
#7703=ORIENTED_EDGE('',*,*,#7706,.T.);
#7704=ORIENTED_EDGE('',*,*,#7707,.T.);
#7705=ORIENTED_EDGE('',*,*,#7708,.T.);
#7706=EDGE_CURVE('',#491,#225,#7709,.F.);
#7707=EDGE_CURVE('',#225,#455,#7710,.T.);
#7708=EDGE_CURVE('',#455,#491,#7711,.T.);
#7709=LINE('',#490,#7712);
#7710=LINE('',#224,#7713);
#7711=LINE('',#454,#7714);
#7712=VECTOR('',#7715,1.0);
#7713=VECTOR('',#7716,1.0);
#7714=VECTOR('',#7717,1.0);
#7715=DIRECTION('',(0,0,-1));
#7716=DIRECTION('',(0.04246180730847871,0.0027974514921573416,0.9990941743325533));
#7717=DIRECTION('',(-0.9978368470200267,-0.06573908068365164,0));
#7718=FACE_SURFACE('',(#7723),#7719,.T.);
#7719=PLANE('',#7720);
#7720=AXIS2_PLACEMENT_3D('',#484,#7721,#7722);
#7721=DIRECTION('',(0,0,1));
#7722=DIRECTION('',(-0.43971486770128937,0.8981374255215275,0));
#7723=FACE_BOUND('',#7724,.T.);
#7724=EDGE_LOOP('',(#7725,#7726,#7727));
#7725=ORIENTED_EDGE('',*,*,#7728,.T.);
#7726=ORIENTED_EDGE('',*,*,#7729,.T.);
#7727=ORIENTED_EDGE('',*,*,#7730,.T.);
#7728=EDGE_CURVE('',#485,#483,#7731,.F.);
#7729=EDGE_CURVE('',#483,#481,#7732,.T.);
#7730=EDGE_CURVE('',#481,#485,#7733,.T.);
#7731=LINE('',#484,#7734);
#7732=LINE('',#482,#7735);
#7733=LINE('',#480,#7736);
#7734=VECTOR('',#7737,1.0);
#7735=VECTOR('',#7738,1.0);
#7736=VECTOR('',#7739,1.0);
#7737=DIRECTION('',(-0.43971486770128937,0.8981374255215275,0));
#7738=DIRECTION('',(0.38265733490948367,-0.9238903419995098,0));
#7739=DIRECTION('',(0.946786291482897,0.3218628873605388,0));
#7740=FACE_SURFACE('',(#7745),#7741,.T.);
#7741=PLANE('',#7742);
#7742=AXIS2_PLACEMENT_3D('',#136,#7743,#7744);
#7743=DIRECTION('',(0.3218548537101871,-0.9467890225088132,0));
#7744=DIRECTION('',(0,0,-1));
#7745=FACE_BOUND('',#7746,.T.);
#7746=EDGE_LOOP('',(#7747,#7748,#7749));
#7747=ORIENTED_EDGE('',*,*,#7750,.T.);
#7748=ORIENTED_EDGE('',*,*,#7751,.T.);
#7749=ORIENTED_EDGE('',*,*,#7752,.T.);
#7750=EDGE_CURVE('',#137,#275,#7753,.F.);
#7751=EDGE_CURVE('',#275,#139,#7754,.T.);
#7752=EDGE_CURVE('',#139,#137,#7755,.T.);
#7753=LINE('',#136,#7756);
#7754=LINE('',#274,#7757);
#7755=LINE('',#138,#7758);
#7756=VECTOR('',#7759,1.0);
#7757=VECTOR('',#7760,1.0);
#7758=VECTOR('',#7761,1.0);
#7759=DIRECTION('',(0,0,-1));
#7760=DIRECTION('',(0.023698447933030383,0.008056135328262088,0.9996866920436313));
#7761=DIRECTION('',(-0.9467890225088132,-0.3218548537101871,0));
#7762=FACE_SURFACE('',(#7767),#7763,.T.);
#7763=PLANE('',#7764);
#7764=AXIS2_PLACEMENT_3D('',#282,#7765,#7766);
#7765=DIRECTION('',(-0.8318133118769067,0.5550555054986593,0));
#7766=DIRECTION('',(-0.5550555054986592,-0.8318133118769065,0));
#7767=FACE_BOUND('',#7768,.T.);
#7768=EDGE_LOOP('',(#7769,#7770,#7771));
#7769=ORIENTED_EDGE('',*,*,#7772,.T.);
#7770=ORIENTED_EDGE('',*,*,#7773,.T.);
#7771=ORIENTED_EDGE('',*,*,#7774,.T.);
#7772=EDGE_CURVE('',#283,#341,#7775,.F.);
#7773=EDGE_CURVE('',#341,#493,#7776,.T.);
#7774=EDGE_CURVE('',#493,#283,#7777,.T.);
#7775=LINE('',#282,#7778);
#7776=LINE('',#340,#7779);
#7777=LINE('',#492,#7780);
#7778=VECTOR('',#7781,1.0);
#7779=VECTOR('',#7782,1.0);
#7780=VECTOR('',#7783,1.0);
#7781=DIRECTION('',(-0.5550555054986592,-0.8318133118769065,0));
#7782=DIRECTION('',(0,0,1));
#7783=DIRECTION('',(0.0719873758197962,0.10788120629520871,-0.9915540646131555));
#7784=FACE_SURFACE('',(#7789),#7785,.T.);
#7785=PLANE('',#7786);
#7786=AXIS2_PLACEMENT_3D('',#340,#7787,#7788);
#7787=DIRECTION('',(-0.8967104459924867,0.44261764091363964,0));
#7788=DIRECTION('',(-0.44261764091363964,-0.8967104459924866,0));
#7789=FACE_BOUND('',#7790,.T.);
#7790=EDGE_LOOP('',(#7791,#7792,#7793));
#7791=ORIENTED_EDGE('',*,*,#7794,.T.);
#7792=ORIENTED_EDGE('',*,*,#7795,.T.);
#7793=ORIENTED_EDGE('',*,*,#7796,.T.);
#7794=EDGE_CURVE('',#341,#343,#7797,.F.);
#7795=EDGE_CURVE('',#343,#525,#7798,.T.);
#7796=EDGE_CURVE('',#525,#341,#7799,.T.);
#7797=LINE('',#340,#7800);
#7798=LINE('',#342,#7801);
#7799=LINE('',#524,#7802);
#7800=VECTOR('',#7803,1.0);
#7801=VECTOR('',#7804,1.0);
#7802=VECTOR('',#7805,1.0);
#7803=DIRECTION('',(-0.44261764091363964,-0.8967104459924866,0));
#7804=DIRECTION('',(0,0,1));
#7805=DIRECTION('',(0.057410365631557464,0.11630913414070208,-0.9915524369560548));
#7806=FACE_SURFACE('',(#7811),#7807,.T.);
#7807=PLANE('',#7808);
#7808=AXIS2_PLACEMENT_3D('',#340,#7809,#7810);
#7809=DIRECTION('',(-0.8967104459924867,0.44261764091363964,0));
#7810=DIRECTION('',(-0.057410365631557464,-0.11630913414070208,0.9915524369560548));
#7811=FACE_BOUND('',#7812,.T.);
#7812=EDGE_LOOP('',(#7813,#7814,#7815));
#7813=ORIENTED_EDGE('',*,*,#7816,.T.);
#7814=ORIENTED_EDGE('',*,*,#7817,.T.);
#7815=ORIENTED_EDGE('',*,*,#7818,.T.);
#7816=EDGE_CURVE('',#341,#525,#7819,.F.);
#7817=EDGE_CURVE('',#525,#493,#7820,.T.);
#7818=EDGE_CURVE('',#493,#341,#7821,.T.);
#7819=LINE('',#340,#7822);
#7820=LINE('',#524,#7823);
#7821=LINE('',#492,#7824);
#7822=VECTOR('',#7825,1.0);
#7823=VECTOR('',#7826,1.0);
#7824=VECTOR('',#7827,1.0);
#7825=DIRECTION('',(-0.057410365631557464,-0.11630913414070208,0.9915524369560548));
#7826=DIRECTION('',(0.44261764091363964,0.8967104459924866,0));
#7827=DIRECTION('',(0,0,-1));
#7828=FACE_SURFACE('',(#7833),#7829,.T.);
#7829=PLANE('',#7830);
#7830=AXIS2_PLACEMENT_3D('',#184,#7831,#7832);
#7831=DIRECTION('',(-0,0,1));
#7832=DIRECTION('',(-0.06340270920603859,-0.9979880242093763,0));
#7833=FACE_BOUND('',#7834,.T.);
#7834=EDGE_LOOP('',(#7835,#7836,#7837));
#7835=ORIENTED_EDGE('',*,*,#7838,.T.);
#7836=ORIENTED_EDGE('',*,*,#7839,.T.);
#7837=ORIENTED_EDGE('',*,*,#7840,.T.);
#7838=EDGE_CURVE('',#185,#513,#7841,.F.);
#7839=EDGE_CURVE('',#513,#273,#7842,.T.);
#7840=EDGE_CURVE('',#273,#185,#7843,.T.);
#7841=LINE('',#184,#7844);
#7842=LINE('',#512,#7845);
#7843=LINE('',#272,#7846);
#7844=VECTOR('',#7847,1.0);
#7845=VECTOR('',#7848,1.0);
#7846=VECTOR('',#7849,1.0);
#7847=DIRECTION('',(-0.06340270920603859,-0.9979880242093763,0));
#7848=DIRECTION('',(0.9980382300980493,0.06260743775904958,0));
#7849=DIRECTION('',(-1,0,0));
#7850=FACE_SURFACE('',(#7855),#7851,.T.);
#7851=PLANE('',#7852);
#7852=AXIS2_PLACEMENT_3D('',#512,#7853,#7854);
#7853=DIRECTION('',(-0,0,1));
#7854=DIRECTION('',(-0.19521195404843472,-0.9807610784470353,0));
#7855=FACE_BOUND('',#7856,.T.);
#7856=EDGE_LOOP('',(#7857,#7858,#7859));
#7857=ORIENTED_EDGE('',*,*,#7860,.T.);
#7858=ORIENTED_EDGE('',*,*,#7861,.T.);
#7859=ORIENTED_EDGE('',*,*,#7862,.T.);
#7860=EDGE_CURVE('',#513,#527,#7863,.F.);
#7861=EDGE_CURVE('',#527,#273,#7864,.T.);
#7862=EDGE_CURVE('',#273,#513,#7865,.T.);
#7863=LINE('',#512,#7866);
#7864=LINE('',#526,#7867);
#7865=LINE('',#272,#7868);
#7866=VECTOR('',#7869,1.0);
#7867=VECTOR('',#7870,1.0);
#7868=VECTOR('',#7871,1.0);
#7869=DIRECTION('',(-0.19521195404843472,-0.9807610784470353,0));
#7870=DIRECTION('',(0.9925471612854778,0.12186112023176149,0));
#7871=DIRECTION('',(-0.9980382300980493,-0.06260743775904958,0));
#7872=FACE_SURFACE('',(#7877),#7873,.T.);
#7873=PLANE('',#7874);
#7874=AXIS2_PLACEMENT_3D('',#272,#7875,#7876);
#7875=DIRECTION('',(0,0,1));
#7876=DIRECTION('',(-0.9925471612854778,-0.12186112023176149,0));
#7877=FACE_BOUND('',#7878,.T.);
#7878=EDGE_LOOP('',(#7879,#7880,#7881));
#7879=ORIENTED_EDGE('',*,*,#7882,.T.);
#7880=ORIENTED_EDGE('',*,*,#7883,.T.);
#7881=ORIENTED_EDGE('',*,*,#7884,.T.);
#7882=EDGE_CURVE('',#273,#527,#7885,.F.);
#7883=EDGE_CURVE('',#527,#529,#7886,.T.);
#7884=EDGE_CURVE('',#529,#273,#7887,.T.);
#7885=LINE('',#272,#7888);
#7886=LINE('',#526,#7889);
#7887=LINE('',#528,#7890);
#7888=VECTOR('',#7891,1.0);
#7889=VECTOR('',#7892,1.0);
#7890=VECTOR('',#7893,1.0);
#7891=DIRECTION('',(-0.9925471612854778,-0.12186112023176149,0));
#7892=DIRECTION('',(-0.32185348821579046,-0.946789486698774,0));
#7893=DIRECTION('',(0.984527427835005,0.17523054482763328,0));
#7894=FACE_SURFACE('',(#7899),#7895,.T.);
#7895=PLANE('',#7896);
#7896=AXIS2_PLACEMENT_3D('',#528,#7897,#7898);
#7897=DIRECTION('',(-0,0,1));
#7898=DIRECTION('',(-0.44250073223002606,-0.8967681428194753,0));
#7899=FACE_BOUND('',#7900,.T.);
#7900=EDGE_LOOP('',(#7901,#7902,#7903));
#7901=ORIENTED_EDGE('',*,*,#7904,.T.);
#7902=ORIENTED_EDGE('',*,*,#7905,.T.);
#7903=ORIENTED_EDGE('',*,*,#7906,.T.);
#7904=EDGE_CURVE('',#529,#477,#7907,.F.);
#7905=EDGE_CURVE('',#477,#273,#7908,.T.);
#7906=EDGE_CURVE('',#273,#529,#7909,.T.);
#7907=LINE('',#528,#7910);
#7908=LINE('',#476,#7911);
#7909=LINE('',#272,#7912);
#7910=VECTOR('',#7913,1.0);
#7911=VECTOR('',#7914,1.0);
#7912=VECTOR('',#7915,1.0);
#7913=DIRECTION('',(-0.44250073223002606,-0.8967681428194753,0));
#7914=DIRECTION('',(0.9753232370762278,0.22078175472431666,0));
#7915=DIRECTION('',(-0.984527427835005,-0.17523054482763328,0));
#7916=FACE_SURFACE('',(#7921),#7917,.T.);
#7917=PLANE('',#7918);
#7918=AXIS2_PLACEMENT_3D('',#476,#7919,#7920);
#7919=DIRECTION('',(-0,0,1));
#7920=DIRECTION('',(-0.5563233425683655,-0.8309659069501956,0));
#7921=FACE_BOUND('',#7922,.T.);
#7922=EDGE_LOOP('',(#7923,#7924,#7925));
#7923=ORIENTED_EDGE('',*,*,#7926,.T.);
#7924=ORIENTED_EDGE('',*,*,#7927,.T.);
#7925=ORIENTED_EDGE('',*,*,#7928,.T.);
#7926=EDGE_CURVE('',#477,#429,#7929,.F.);
#7927=EDGE_CURVE('',#429,#273,#7930,.T.);
#7928=EDGE_CURVE('',#273,#477,#7931,.T.);
#7929=LINE('',#476,#7932);
#7930=LINE('',#428,#7933);
#7931=LINE('',#272,#7934);
#7932=VECTOR('',#7935,1.0);
#7933=VECTOR('',#7936,1.0);
#7934=VECTOR('',#7937,1.0);
#7935=DIRECTION('',(-0.5563233425683655,-0.8309659069501956,0));
#7936=DIRECTION('',(0.9661917002692867,0.2578247434416351,0));
#7937=DIRECTION('',(-0.9753232370762278,-0.22078175472431666,0));
#7938=FACE_SURFACE('',(#7943),#7939,.T.);
#7939=PLANE('',#7940);
#7940=AXIS2_PLACEMENT_3D('',#342,#7941,#7942);
#7941=DIRECTION('',(-0.9470663302073465,0.3210379513197613,0));
#7942=DIRECTION('',(-0.32103795131976126,-0.9470663302073464,0));
#7943=FACE_BOUND('',#7944,.T.);
#7944=EDGE_LOOP('',(#7945,#7946,#7947));
#7945=ORIENTED_EDGE('',*,*,#7948,.T.);
#7946=ORIENTED_EDGE('',*,*,#7949,.T.);
#7947=ORIENTED_EDGE('',*,*,#7950,.T.);
#7948=EDGE_CURVE('',#343,#329,#7951,.F.);
#7949=EDGE_CURVE('',#329,#531,#7952,.T.);
#7950=EDGE_CURVE('',#531,#343,#7953,.T.);
#7951=LINE('',#342,#7954);
#7952=LINE('',#328,#7955);
#7953=LINE('',#530,#7956);
#7954=VECTOR('',#7957,1.0);
#7955=VECTOR('',#7958,1.0);
#7956=VECTOR('',#7959,1.0);
#7957=DIRECTION('',(-0.32103795131976126,-0.9470663302073464,0));
#7958=DIRECTION('',(0,0,1));
#7959=DIRECTION('',(0.04164494800543705,0.12285316398590312,-0.9915507038998446));
#7960=FACE_SURFACE('',(#7965),#7961,.T.);
#7961=PLANE('',#7962);
#7962=AXIS2_PLACEMENT_3D('',#342,#7963,#7964);
#7963=DIRECTION('',(-0.9470663302073465,0.3210379513197613,0));
#7964=DIRECTION('',(-0.04164494800543705,-0.12285316398590312,0.9915507038998446));
#7965=FACE_BOUND('',#7966,.T.);
#7966=EDGE_LOOP('',(#7967,#7968,#7969));
#7967=ORIENTED_EDGE('',*,*,#7970,.T.);
#7968=ORIENTED_EDGE('',*,*,#7971,.T.);
#7969=ORIENTED_EDGE('',*,*,#7972,.T.);
#7970=EDGE_CURVE('',#343,#531,#7973,.F.);
#7971=EDGE_CURVE('',#531,#525,#7974,.T.);
#7972=EDGE_CURVE('',#525,#343,#7975,.T.);
#7973=LINE('',#342,#7976);
#7974=LINE('',#530,#7977);
#7975=LINE('',#524,#7978);
#7976=VECTOR('',#7979,1.0);
#7977=VECTOR('',#7980,1.0);
#7978=VECTOR('',#7981,1.0);
#7979=DIRECTION('',(-0.04164494800543705,-0.12285316398590312,0.9915507038998446));
#7980=DIRECTION('',(0.32103795131976126,0.9470663302073464,0));
#7981=DIRECTION('',(0,0,-1));
#7982=FACE_SURFACE('',(#7987),#7983,.T.);
#7983=PLANE('',#7984);
#7984=AXIS2_PLACEMENT_3D('',#490,#7985,#7986);
#7985=DIRECTION('',(0,0,1));
#7986=DIRECTION('',(-0.31865679743152886,0.9478701627600067,0));
#7987=FACE_BOUND('',#7988,.T.);
#7988=EDGE_LOOP('',(#7989,#7990,#7991));
#7989=ORIENTED_EDGE('',*,*,#7992,.T.);
#7990=ORIENTED_EDGE('',*,*,#7993,.T.);
#7991=ORIENTED_EDGE('',*,*,#7994,.T.);
#7992=EDGE_CURVE('',#491,#487,#7995,.F.);
#7993=EDGE_CURVE('',#487,#485,#7996,.T.);
#7994=EDGE_CURVE('',#485,#491,#7997,.T.);
#7995=LINE('',#490,#7998);
#7996=LINE('',#486,#7999);
#7997=LINE('',#484,#8000);
#7998=VECTOR('',#8001,1.0);
#7999=VECTOR('',#8002,1.0);
#8000=VECTOR('',#8003,1.0);
#8001=DIRECTION('',(-0.31865679743152886,0.9478701627600067,0));
#8002=DIRECTION('',(0.25878718701382014,-0.9659343620751225,0));
#8003=DIRECTION('',(0.9807610784470353,0.19521195404843472,0));
#8004=FACE_SURFACE('',(#8009),#8005,.T.);
#8005=PLANE('',#8006);
#8006=AXIS2_PLACEMENT_3D('',#508,#8007,#8008);
#8007=DIRECTION('',(-0,0,1));
#8008=DIRECTION('',(0.6572209582564184,-0.7536979580896549,0));
#8009=FACE_BOUND('',#8010,.T.);
#8010=EDGE_LOOP('',(#8011,#8012,#8013));
#8011=ORIENTED_EDGE('',*,*,#8014,.T.);
#8012=ORIENTED_EDGE('',*,*,#8015,.T.);
#8013=ORIENTED_EDGE('',*,*,#8016,.T.);
#8014=EDGE_CURVE('',#509,#523,#8017,.F.);
#8015=EDGE_CURVE('',#523,#479,#8018,.T.);
#8016=EDGE_CURVE('',#479,#509,#8019,.T.);
#8017=LINE('',#508,#8020);
#8018=LINE('',#522,#8021);
#8019=LINE('',#478,#8022);
#8020=VECTOR('',#8023,1.0);
#8021=VECTOR('',#8024,1.0);
#8022=VECTOR('',#8025,1.0);
#8023=DIRECTION('',(0.6572209582564184,-0.7536979580896549,0));
#8024=DIRECTION('',(-0.5000603226568506,0.8659905736809879,0));
#8025=DIRECTION('',(-0.8318137598937458,-0.5550548340942809,0));
#8026=FACE_SURFACE('',(#8031),#8027,.T.);
#8027=PLANE('',#8028);
#8028=AXIS2_PLACEMENT_3D('',#328,#8029,#8030);
#8029=DIRECTION('',(-0.9808144503226479,0.19494361758796294,0));
#8030=DIRECTION('',(-0.19494361758796297,-0.980814450322648,0));
#8031=FACE_BOUND('',#8032,.T.);
#8032=EDGE_LOOP('',(#8033,#8034,#8035));
#8033=ORIENTED_EDGE('',*,*,#8036,.T.);
#8034=ORIENTED_EDGE('',*,*,#8037,.T.);
#8035=ORIENTED_EDGE('',*,*,#8038,.T.);
#8036=EDGE_CURVE('',#329,#331,#8039,.F.);
#8037=EDGE_CURVE('',#331,#533,#8040,.T.);
#8038=EDGE_CURVE('',#533,#329,#8041,.T.);
#8039=LINE('',#328,#8042);
#8040=LINE('',#330,#8043);
#8041=LINE('',#532,#8044);
#8042=VECTOR('',#8045,1.0);
#8043=VECTOR('',#8046,1.0);
#8044=VECTOR('',#8047,1.0);
#8045=DIRECTION('',(-0.19494361758796297,-0.980814450322648,0));
#8046=DIRECTION('',(0,0,1));
#8047=DIRECTION('',(0.025285077598989535,0.12721611404091296,-0.9915526840159036));
#8048=FACE_SURFACE('',(#8053),#8049,.T.);
#8049=PLANE('',#8050);
#8050=AXIS2_PLACEMENT_3D('',#328,#8051,#8052);
#8051=DIRECTION('',(-0.9808144503226479,0.19494361758796294,0));
#8052=DIRECTION('',(-0.025285077598989535,-0.12721611404091296,0.9915526840159036));
#8053=FACE_BOUND('',#8054,.T.);
#8054=EDGE_LOOP('',(#8055,#8056,#8057));
#8055=ORIENTED_EDGE('',*,*,#8058,.T.);
#8056=ORIENTED_EDGE('',*,*,#8059,.T.);
#8057=ORIENTED_EDGE('',*,*,#8060,.T.);
#8058=EDGE_CURVE('',#329,#533,#8061,.F.);
#8059=EDGE_CURVE('',#533,#531,#8062,.T.);
#8060=EDGE_CURVE('',#531,#329,#8063,.T.);
#8061=LINE('',#328,#8064);
#8062=LINE('',#532,#8065);
#8063=LINE('',#530,#8066);
#8064=VECTOR('',#8067,1.0);
#8065=VECTOR('',#8068,1.0);
#8066=VECTOR('',#8069,1.0);
#8067=DIRECTION('',(-0.025285077598989535,-0.12721611404091296,0.9915526840159036));
#8068=DIRECTION('',(0.19494361758796297,0.980814450322648,0));
#8069=DIRECTION('',(0,0,-1));
#8070=FACE_SURFACE('',(#8075),#8071,.T.);
#8071=PLANE('',#8072);
#8072=AXIS2_PLACEMENT_3D('',#286,#8073,#8074);
#8073=DIRECTION('',(0.19521195404843475,-0.9807610784470354,0));
#8074=DIRECTION('',(0.9807610784470353,0.19521195404843472,0));
#8075=FACE_BOUND('',#8076,.T.);
#8076=EDGE_LOOP('',(#8077,#8078,#8079));
#8077=ORIENTED_EDGE('',*,*,#8080,.T.);
#8078=ORIENTED_EDGE('',*,*,#8081,.T.);
#8079=ORIENTED_EDGE('',*,*,#8082,.T.);
#8080=EDGE_CURVE('',#287,#289,#8083,.F.);
#8081=EDGE_CURVE('',#289,#139,#8084,.T.);
#8082=EDGE_CURVE('',#139,#287,#8085,.T.);
#8083=LINE('',#286,#8086);
#8084=LINE('',#288,#8087);
#8085=LINE('',#138,#8088);
#8086=VECTOR('',#8089,1.0);
#8087=VECTOR('',#8090,1.0);
#8088=VECTOR('',#8091,1.0);
#8089=DIRECTION('',(0.9807610784470353,0.19521195404843472,0));
#8090=DIRECTION('',(-0.024521732665483253,-0.004880837398097084,0.9996873821617315));
#8091=DIRECTION('',(0,0,-1));
#8092=FACE_SURFACE('',(#8097),#8093,.T.);
#8093=PLANE('',#8094);
#8094=AXIS2_PLACEMENT_3D('',#272,#8095,#8096);
#8095=DIRECTION('',(-0,0,1));
#8096=DIRECTION('',(-0.11298064255464228,-0.99359718921097,0));
#8097=FACE_BOUND('',#8098,.T.);
#8098=EDGE_LOOP('',(#8099,#8100,#8101));
#8099=ORIENTED_EDGE('',*,*,#8102,.T.);
#8100=ORIENTED_EDGE('',*,*,#8103,.T.);
#8101=ORIENTED_EDGE('',*,*,#8104,.T.);
#8102=EDGE_CURVE('',#273,#501,#8105,.F.);
#8103=EDGE_CURVE('',#501,#57,#8106,.T.);
#8104=EDGE_CURVE('',#57,#273,#8107,.T.);
#8105=LINE('',#272,#8108);
#8106=LINE('',#500,#8109);
#8107=LINE('',#56,#8110);
#8108=VECTOR('',#8111,1.0);
#8109=VECTOR('',#8112,1.0);
#8110=VECTOR('',#8113,1.0);
#8111=DIRECTION('',(-0.11298064255464228,-0.99359718921097,0));
#8112=DIRECTION('',(0.22470238951781876,0.9744274401642139,0));
#8113=DIRECTION('',(-1,0,0));
#8114=FACE_SURFACE('',(#8119),#8115,.T.);
#8115=PLANE('',#8116);
#8116=AXIS2_PLACEMENT_3D('',#502,#8117,#8118);
#8117=DIRECTION('',(0.3218628873605388,0.946786291482897,0));
#8118=DIRECTION('',(0,0,-1));
#8119=FACE_BOUND('',#8120,.T.);
#8120=EDGE_LOOP('',(#8121,#8122,#8123));
#8121=ORIENTED_EDGE('',*,*,#8124,.T.);
#8122=ORIENTED_EDGE('',*,*,#8125,.T.);
#8123=ORIENTED_EDGE('',*,*,#8126,.T.);
#8124=EDGE_CURVE('',#503,#411,#8127,.F.);
#8125=EDGE_CURVE('',#411,#507,#8128,.T.);
#8126=EDGE_CURVE('',#507,#503,#8129,.T.);
#8127=LINE('',#502,#8130);
#8128=LINE('',#410,#8131);
#8129=LINE('',#506,#8132);
#8130=VECTOR('',#8133,1.0);
#8131=VECTOR('',#8134,1.0);
#8132=VECTOR('',#8135,1.0);
#8133=DIRECTION('',(0,0,-1));
#8134=DIRECTION('',(-0.04026352993236023,0.013687709798860182,0.9990953381724129));
#8135=DIRECTION('',(0.946786291482897,-0.3218628873605388,0));
#8136=FACE_SURFACE('',(#8141),#8137,.T.);
#8137=PLANE('',#8138);
#8138=AXIS2_PLACEMENT_3D('',#514,#8139,#8140);
#8139=DIRECTION('',(0,0,1));
#8140=DIRECTION('',(-0.6597488785074056,-0.7514861391324662,0));
#8141=FACE_BOUND('',#8142,.T.);
#8142=EDGE_LOOP('',(#8143,#8144,#8145));
#8143=ORIENTED_EDGE('',*,*,#8146,.T.);
#8144=ORIENTED_EDGE('',*,*,#8147,.T.);
#8145=ORIENTED_EDGE('',*,*,#8148,.T.);
#8146=EDGE_CURVE('',#515,#497,#8149,.F.);
#8147=EDGE_CURVE('',#497,#521,#8150,.T.);
#8148=EDGE_CURVE('',#521,#515,#8151,.T.);
#8149=LINE('',#514,#8152);
#8150=LINE('',#496,#8153);
#8151=LINE('',#520,#8154);
#8152=VECTOR('',#8155,1.0);
#8153=VECTOR('',#8156,1.0);
#8154=VECTOR('',#8157,1.0);
#8155=DIRECTION('',(-0.6597488785074056,-0.7514861391324662,0));
#8156=DIRECTION('',(0.8298680754707729,-0.5579596556333043,0));
#8157=DIRECTION('',(-0.7071064984994826,0.7071070638734995,0));
#8158=FACE_SURFACE('',(#8163),#8159,.T.);
#8159=PLANE('',#8160);
#8160=AXIS2_PLACEMENT_3D('',#330,#8161,#8162);
#8161=DIRECTION('',(-0.9978356914167446,0.06575661894339951,0));
#8162=DIRECTION('',(-0.06575661894339951,-0.9978356914167446,0));
#8163=FACE_BOUND('',#8164,.T.);
#8164=EDGE_LOOP('',(#8165,#8166,#8167));
#8165=ORIENTED_EDGE('',*,*,#8168,.T.);
#8166=ORIENTED_EDGE('',*,*,#8169,.T.);
#8167=ORIENTED_EDGE('',*,*,#8170,.T.);
#8168=EDGE_CURVE('',#331,#87,#8171,.F.);
#8169=EDGE_CURVE('',#87,#85,#8172,.T.);
#8170=EDGE_CURVE('',#85,#331,#8173,.T.);
#8171=LINE('',#330,#8174);
#8172=LINE('',#86,#8175);
#8173=LINE('',#84,#8176);
#8174=VECTOR('',#8177,1.0);
#8175=VECTOR('',#8178,1.0);
#8176=VECTOR('',#8179,1.0);
#8177=DIRECTION('',(-0.06575661894339951,-0.9978356914167446,0));
#8178=DIRECTION('',(0,0,1));
#8179=DIRECTION('',(0.008527236863571583,0.12939809601464297,-0.9915560594233982));
#8180=FACE_SURFACE('',(#8185),#8181,.T.);
#8181=PLANE('',#8182);
#8182=AXIS2_PLACEMENT_3D('',#330,#8183,#8184);
#8183=DIRECTION('',(-0.9978356914167446,0.06575661894339951,0));
#8184=DIRECTION('',(-0.008527236863571583,-0.12939809601464297,0.9915560594233982));
#8185=FACE_BOUND('',#8186,.T.);
#8186=EDGE_LOOP('',(#8187,#8188,#8189));
#8187=ORIENTED_EDGE('',*,*,#8190,.T.);
#8188=ORIENTED_EDGE('',*,*,#8191,.T.);
#8189=ORIENTED_EDGE('',*,*,#8192,.T.);
#8190=EDGE_CURVE('',#331,#85,#8193,.F.);
#8191=EDGE_CURVE('',#85,#533,#8194,.T.);
#8192=EDGE_CURVE('',#533,#331,#8195,.T.);
#8193=LINE('',#330,#8196);
#8194=LINE('',#84,#8197);
#8195=LINE('',#532,#8198);
#8196=VECTOR('',#8199,1.0);
#8197=VECTOR('',#8200,1.0);
#8198=VECTOR('',#8201,1.0);
#8199=DIRECTION('',(-0.008527236863571583,-0.12939809601464297,0.9915560594233982));
#8200=DIRECTION('',(0.06575661894339951,0.9978356914167446,0));
#8201=DIRECTION('',(0,0,-1));
#8202=FACE_SURFACE('',(#8207),#8203,.T.);
#8203=PLANE('',#8204);
#8204=AXIS2_PLACEMENT_3D('',#142,#8205,#8206);
#8205=DIRECTION('',(0.06340214241036263,-0.9979880602180449,0));
#8206=DIRECTION('',(-0.02499233900443553,-0.0015877623189009685,-0.9996863818227724));
#8207=FACE_BOUND('',#8208,.T.);
#8208=EDGE_LOOP('',(#8209,#8210,#8211));
#8209=ORIENTED_EDGE('',*,*,#8212,.T.);
#8210=ORIENTED_EDGE('',*,*,#8213,.T.);
#8211=ORIENTED_EDGE('',*,*,#8214,.T.);
#8212=EDGE_CURVE('',#143,#289,#8215,.F.);
#8213=EDGE_CURVE('',#289,#335,#8216,.T.);
#8214=EDGE_CURVE('',#335,#143,#8217,.T.);
#8215=LINE('',#142,#8218);
#8216=LINE('',#288,#8219);
#8217=LINE('',#334,#8220);
#8218=VECTOR('',#8221,1.0);
#8219=VECTOR('',#8222,1.0);
#8220=VECTOR('',#8223,1.0);
#8221=DIRECTION('',(-0.02499233900443553,-0.0015877623189009685,-0.9996863818227724));
#8222=DIRECTION('',(0.997988060218045,0.06340214241036264,0));
#8223=DIRECTION('',(0,0,1));
#8224=FACE_SURFACE('',(#8229),#8225,.T.);
#8225=PLANE('',#8226);
#8226=AXIS2_PLACEMENT_3D('',#510,#8227,#8228);
#8227=DIRECTION('',(0,-0,-1));
#8228=DIRECTION('',(0.9980382300980493,0.06260743775904958,0));
#8229=FACE_BOUND('',#8230,.T.);
#8230=EDGE_LOOP('',(#8231,#8232,#8233));
#8231=ORIENTED_EDGE('',*,*,#8234,.T.);
#8232=ORIENTED_EDGE('',*,*,#8235,.T.);
#8233=ORIENTED_EDGE('',*,*,#8236,.T.);
#8234=EDGE_CURVE('',#511,#271,#8237,.F.);
#8235=EDGE_CURVE('',#271,#433,#8238,.T.);
#8236=EDGE_CURVE('',#433,#511,#8239,.T.);
#8237=LINE('',#510,#8240);
#8238=LINE('',#270,#8241);
#8239=LINE('',#432,#8242);
#8240=VECTOR('',#8243,1.0);
#8241=VECTOR('',#8244,1.0);
#8242=VECTOR('',#8245,1.0);
#8243=DIRECTION('',(0.9980382300980493,0.06260743775904958,0));
#8244=DIRECTION('',(-0.9925471612854778,-0.12186112023176149,0));
#8245=DIRECTION('',(0.19521195404843472,0.9807610784470353,0));
#8246=FACE_SURFACE('',(#8251),#8247,.T.);
#8247=PLANE('',#8248);
#8248=AXIS2_PLACEMENT_3D('',#170,#8249,#8250);
#8249=DIRECTION('',(0,-0,-1));
#8250=DIRECTION('',(1,0,0));
#8251=FACE_BOUND('',#8252,.T.);
#8252=EDGE_LOOP('',(#8253,#8254,#8255));
#8253=ORIENTED_EDGE('',*,*,#8256,.T.);
#8254=ORIENTED_EDGE('',*,*,#8257,.T.);
#8255=ORIENTED_EDGE('',*,*,#8258,.T.);
#8256=EDGE_CURVE('',#171,#271,#8259,.F.);
#8257=EDGE_CURVE('',#271,#511,#8260,.T.);
#8258=EDGE_CURVE('',#511,#171,#8261,.T.);
#8259=LINE('',#170,#8262);
#8260=LINE('',#270,#8263);
#8261=LINE('',#510,#8264);
#8262=VECTOR('',#8265,1.0);
#8263=VECTOR('',#8266,1.0);
#8264=VECTOR('',#8267,1.0);
#8265=DIRECTION('',(1,0,0));
#8266=DIRECTION('',(-0.9980382300980493,-0.06260743775904958,0));
#8267=DIRECTION('',(0.06340270920603859,0.9979880242093763,0));
#8268=FACE_SURFACE('',(#8273),#8269,.T.);
#8269=PLANE('',#8270);
#8270=AXIS2_PLACEMENT_3D('',#54,#8271,#8272);
#8271=DIRECTION('',(-0,-0,-1));
#8272=DIRECTION('',(0,-1,0));
#8273=FACE_BOUND('',#8274,.T.);
#8274=EDGE_LOOP('',(#8275,#8276,#8277));
#8275=ORIENTED_EDGE('',*,*,#8278,.T.);
#8276=ORIENTED_EDGE('',*,*,#8279,.T.);
#8277=ORIENTED_EDGE('',*,*,#8280,.T.);
#8278=EDGE_CURVE('',#55,#59,#8281,.F.);
#8279=EDGE_CURVE('',#59,#271,#8282,.T.);
#8280=EDGE_CURVE('',#271,#55,#8283,.T.);
#8281=LINE('',#54,#8284);
#8282=LINE('',#58,#8285);
#8283=LINE('',#270,#8286);
#8284=VECTOR('',#8287,1.0);
#8285=VECTOR('',#8288,1.0);
#8286=VECTOR('',#8289,1.0);
#8287=DIRECTION('',(0,-1,0));
#8288=DIRECTION('',(-0.6689647316224497,0.7432941462471664,0));
#8289=DIRECTION('',(1,0,0));
#8290=FACE_SURFACE('',(#8295),#8291,.T.);
#8291=PLANE('',#8292);
#8292=AXIS2_PLACEMENT_3D('',#534,#8293,#8294);
#8293=DIRECTION('',(0.8309659069501955,-0.5563233425683655,0));
#8294=DIRECTION('',(-0.02367847449169883,-0.03536792998897694,-0.9990938090960432));
#8295=FACE_BOUND('',#8296,.T.);
#8296=EDGE_LOOP('',(#8297,#8298,#8299));
#8297=ORIENTED_EDGE('',*,*,#8300,.T.);
#8298=ORIENTED_EDGE('',*,*,#8301,.T.);
#8299=ORIENTED_EDGE('',*,*,#8302,.T.);
#8300=EDGE_CURVE('',#535,#339,#8303,.F.);
#8301=EDGE_CURVE('',#339,#281,#8304,.T.);
#8302=EDGE_CURVE('',#281,#535,#8305,.T.);
#8303=LINE('',#534,#8306);
#8304=LINE('',#338,#8307);
#8305=LINE('',#280,#8308);
#8306=VECTOR('',#8309,1.0);
#8307=VECTOR('',#8310,1.0);
#8308=VECTOR('',#8311,1.0);
#8309=DIRECTION('',(-0.02367847449169883,-0.03536792998897694,-0.9990938090960432));
#8310=DIRECTION('',(0.5563233425683655,0.8309659069501956,0));
#8311=DIRECTION('',(0,0,1));
#8312=FACE_SURFACE('',(#8317),#8313,.T.);
#8313=PLANE('',#8314);
#8314=AXIS2_PLACEMENT_3D('',#344,#8315,#8316);
#8315=DIRECTION('',(0,-0,-1));
#8316=DIRECTION('',(0.997988060218045,0.06340214241036264,0));
#8317=FACE_BOUND('',#8318,.T.);
#8318=EDGE_LOOP('',(#8319,#8320,#8321));
#8319=ORIENTED_EDGE('',*,*,#8322,.T.);
#8320=ORIENTED_EDGE('',*,*,#8323,.T.);
#8321=ORIENTED_EDGE('',*,*,#8324,.T.);
#8322=EDGE_CURVE('',#345,#365,#8325,.F.);
#8323=EDGE_CURVE('',#365,#89,#8326,.T.);
#8324=EDGE_CURVE('',#89,#345,#8327,.T.);
#8325=LINE('',#344,#8328);
#8326=LINE('',#364,#8329);
#8327=LINE('',#88,#8330);
#8328=VECTOR('',#8331,1.0);
#8329=VECTOR('',#8332,1.0);
#8330=VECTOR('',#8333,1.0);
#8331=DIRECTION('',(0.997988060218045,0.06340214241036264,0));
#8332=DIRECTION('',(-0.8384896404041431,-0.5449175377384463,0));
#8333=DIRECTION('',(0.8289255749276699,0.559358910924669,0));
#8334=FACE_SURFACE('',(#8339),#8335,.T.);
#8335=PLANE('',#8336);
#8336=AXIS2_PLACEMENT_3D('',#362,#8337,#8338);
#8337=DIRECTION('',(0,-0,-1));
#8338=DIRECTION('',(0.9355008412214378,-0.3533244628864269,0));
#8339=FACE_BOUND('',#8340,.T.);
#8340=EDGE_LOOP('',(#8341,#8342,#8343));
#8341=ORIENTED_EDGE('',*,*,#8344,.T.);
#8342=ORIENTED_EDGE('',*,*,#8345,.T.);
#8343=ORIENTED_EDGE('',*,*,#8346,.T.);
#8344=EDGE_CURVE('',#363,#59,#8347,.F.);
#8345=EDGE_CURVE('',#59,#365,#8348,.T.);
#8346=EDGE_CURVE('',#365,#363,#8349,.T.);
#8347=LINE('',#362,#8350);
#8348=LINE('',#58,#8351);
#8349=LINE('',#364,#8352);
#8350=VECTOR('',#8353,1.0);
#8351=VECTOR('',#8354,1.0);
#8352=VECTOR('',#8355,1.0);
#8353=DIRECTION('',(0.9355008412214378,-0.3533244628864269,0));
#8354=DIRECTION('',(-0.9394607122388405,0.3426566359487154,0));
#8355=DIRECTION('',(0.9807610784470353,0.19521195404843472,0));
#8356=FACE_SURFACE('',(#8361),#8357,.T.);
#8357=PLANE('',#8358);
#8358=AXIS2_PLACEMENT_3D('',#536,#8359,#8360);
#8359=DIRECTION('',(-0,0,1));
#8360=DIRECTION('',(0.42594783663021424,-0.9047477220032335,0));
#8361=FACE_BOUND('',#8362,.T.);
#8362=EDGE_LOOP('',(#8363,#8364,#8365));
#8363=ORIENTED_EDGE('',*,*,#8366,.T.);
#8364=ORIENTED_EDGE('',*,*,#8367,.T.);
#8365=ORIENTED_EDGE('',*,*,#8368,.T.);
#8366=EDGE_CURVE('',#537,#61,#8369,.F.);
#8367=EDGE_CURVE('',#61,#539,#8370,.T.);
#8368=EDGE_CURVE('',#539,#537,#8371,.T.);
#8369=LINE('',#536,#8372);
#8370=LINE('',#60,#8373);
#8371=LINE('',#538,#8374);
#8372=VECTOR('',#8375,1.0);
#8373=VECTOR('',#8376,1.0);
#8374=VECTOR('',#8377,1.0);
#8375=DIRECTION('',(0.42594783663021424,-0.9047477220032335,0));
#8376=DIRECTION('',(-0.4180716784548082,0.9084140419841491,0));
#8377=DIRECTION('',(-0.4424989507560144,-0.8967690218667381,0));
#8378=FACE_SURFACE('',(#8383),#8379,.T.);
#8379=PLANE('',#8380);
#8380=AXIS2_PLACEMENT_3D('',#114,#8381,#8382);
#8381=DIRECTION('',(0.8318146584153101,0.5550534875536058,-0));
#8382=DIRECTION('',(0,0,1));
#8383=FACE_BOUND('',#8384,.T.);
#8384=EDGE_LOOP('',(#8385,#8386,#8387));
#8385=ORIENTED_EDGE('',*,*,#8388,.T.);
#8386=ORIENTED_EDGE('',*,*,#8389,.T.);
#8387=ORIENTED_EDGE('',*,*,#8390,.T.);
#8388=EDGE_CURVE('',#115,#423,#8391,.F.);
#8389=EDGE_CURVE('',#423,#445,#8392,.T.);
#8390=EDGE_CURVE('',#445,#115,#8393,.T.);
#8391=LINE('',#114,#8394);
#8392=LINE('',#422,#8395);
#8393=LINE('',#444,#8396);
#8394=VECTOR('',#8397,1.0);
#8395=VECTOR('',#8398,1.0);
#8396=VECTOR('',#8399,1.0);
#8397=DIRECTION('',(0,0,1));
#8398=DIRECTION('',(0.5550534875536058,-0.8318146584153101,0));
#8399=DIRECTION('',(-0.07198699953207228,0.10788120923270612,-0.9915540916121816));
#8400=FACE_SURFACE('',(#8405),#8401,.T.);
#8401=PLANE('',#8402);
#8402=AXIS2_PLACEMENT_3D('',#284,#8403,#8404);
#8403=DIRECTION('',(0.7525778062110414,-0.6585033375758821,0));
#8404=DIRECTION('',(0,0,1));
#8405=FACE_BOUND('',#8406,.T.);
#8406=EDGE_LOOP('',(#8407,#8408,#8409));
#8407=ORIENTED_EDGE('',*,*,#8410,.T.);
#8408=ORIENTED_EDGE('',*,*,#8411,.T.);
#8409=ORIENTED_EDGE('',*,*,#8412,.T.);
#8410=EDGE_CURVE('',#285,#521,#8413,.F.);
#8411=EDGE_CURVE('',#521,#281,#8414,.T.);
#8412=EDGE_CURVE('',#281,#285,#8415,.T.);
#8413=LINE('',#284,#8416);
#8414=LINE('',#520,#8417);
#8415=LINE('',#280,#8418);
#8416=VECTOR('',#8419,1.0);
#8417=VECTOR('',#8420,1.0);
#8418=VECTOR('',#8421,1.0);
#8419=DIRECTION('',(0,0,1));
#8420=DIRECTION('',(-0.027974600434043068,-0.0319710808175768,-0.9990972283626411));
#8421=DIRECTION('',(0.6585033375758821,0.7525778062110414,0));
#8422=FACE_SURFACE('',(#8427),#8423,.T.);
#8423=PLANE('',#8424);
#8424=AXIS2_PLACEMENT_3D('',#376,#8425,#8426);
#8425=DIRECTION('',(0.6585058781555257,0.7525755832038533,-0));
#8426=DIRECTION('',(-0.03197108064714112,0.0279747908475846,0.9990972230365212));
#8427=FACE_BOUND('',#8428,.T.);
#8428=EDGE_LOOP('',(#8429,#8430,#8431));
#8429=ORIENTED_EDGE('',*,*,#8432,.T.);
#8430=ORIENTED_EDGE('',*,*,#8433,.T.);
#8431=ORIENTED_EDGE('',*,*,#8434,.T.);
#8432=EDGE_CURVE('',#377,#385,#8435,.F.);
#8433=EDGE_CURVE('',#385,#517,#8436,.T.);
#8434=EDGE_CURVE('',#517,#377,#8437,.T.);
#8435=LINE('',#376,#8438);
#8436=LINE('',#384,#8439);
#8437=LINE('',#516,#8440);
#8438=VECTOR('',#8441,1.0);
#8439=VECTOR('',#8442,1.0);
#8440=VECTOR('',#8443,1.0);
#8441=DIRECTION('',(-0.03197108064714112,0.0279747908475846,0.9990972230365212));
#8442=DIRECTION('',(0.7525755832038533,-0.6585058781555257,0));
#8443=DIRECTION('',(0,0,-1));
#8444=FACE_SURFACE('',(#8449),#8445,.T.);
#8445=PLANE('',#8446);
#8446=AXIS2_PLACEMENT_3D('',#114,#8447,#8448);
#8447=DIRECTION('',(0.7514861391324663,0.6597488785074057,0));
#8448=DIRECTION('',(-0.6597488785074056,0.7514861391324662,0));
#8449=FACE_BOUND('',#8450,.T.);
#8450=EDGE_LOOP('',(#8451,#8452,#8453));
#8451=ORIENTED_EDGE('',*,*,#8454,.T.);
#8452=ORIENTED_EDGE('',*,*,#8455,.T.);
#8453=ORIENTED_EDGE('',*,*,#8456,.T.);
#8454=EDGE_CURVE('',#115,#111,#8457,.F.);
#8455=EDGE_CURVE('',#111,#299,#8458,.T.);
#8456=EDGE_CURVE('',#299,#115,#8459,.T.);
#8457=LINE('',#114,#8460);
#8458=LINE('',#110,#8461);
#8459=LINE('',#298,#8462);
#8460=VECTOR('',#8463,1.0);
#8461=VECTOR('',#8464,1.0);
#8462=VECTOR('',#8465,1.0);
#8463=DIRECTION('',(-0.6597488785074056,0.7514861391324662,0));
#8464=DIRECTION('',(0,0,1));
#8465=DIRECTION('',(0.08557091980878154,-0.09746944973153643,-0.9915529860033252));
#8466=FACE_SURFACE('',(#8471),#8467,.T.);
#8467=PLANE('',#8468);
#8468=AXIS2_PLACEMENT_3D('',#114,#8469,#8470);
#8469=DIRECTION('',(0.7514861391324663,0.6597488785074057,-0));
#8470=DIRECTION('',(-0.08557091980878154,0.09746944973153643,0.9915529860033252));
#8471=FACE_BOUND('',#8472,.T.);
#8472=EDGE_LOOP('',(#8473,#8474,#8475));
#8473=ORIENTED_EDGE('',*,*,#8476,.T.);
#8474=ORIENTED_EDGE('',*,*,#8477,.T.);
#8475=ORIENTED_EDGE('',*,*,#8478,.T.);
#8476=EDGE_CURVE('',#115,#299,#8479,.F.);
#8477=EDGE_CURVE('',#299,#423,#8480,.T.);
#8478=EDGE_CURVE('',#423,#115,#8481,.T.);
#8479=LINE('',#114,#8482);
#8480=LINE('',#298,#8483);
#8481=LINE('',#422,#8484);
#8482=VECTOR('',#8485,1.0);
#8483=VECTOR('',#8486,1.0);
#8484=VECTOR('',#8487,1.0);
#8485=DIRECTION('',(-0.08557091980878154,0.09746944973153643,0.9915529860033252));
#8486=DIRECTION('',(0.6597488785074056,-0.7514861391324662,0));
#8487=DIRECTION('',(0,0,-1));
#8488=FACE_SURFACE('',(#8493),#8489,.T.);
#8489=PLANE('',#8490);
#8490=AXIS2_PLACEMENT_3D('',#536,#8491,#8492);
#8491=DIRECTION('',(0,0,1));
#8492=DIRECTION('',(-0.5563233425683655,-0.8309659069501956,0));
#8493=FACE_BOUND('',#8494,.T.);
#8494=EDGE_LOOP('',(#8495,#8496,#8497));
#8495=ORIENTED_EDGE('',*,*,#8498,.T.);
#8496=ORIENTED_EDGE('',*,*,#8499,.T.);
#8497=ORIENTED_EDGE('',*,*,#8500,.T.);
#8498=EDGE_CURVE('',#537,#541,#8501,.F.);
#8499=EDGE_CURVE('',#541,#61,#8502,.T.);
#8500=EDGE_CURVE('',#61,#537,#8503,.T.);
#8501=LINE('',#536,#8504);
#8502=LINE('',#540,#8505);
#8503=LINE('',#60,#8506);
#8504=VECTOR('',#8507,1.0);
#8505=VECTOR('',#8508,1.0);
#8506=VECTOR('',#8509,1.0);
#8507=DIRECTION('',(-0.5563233425683655,-0.8309659069501956,0));
#8508=DIRECTION('',(0.4346749897871668,-0.9005873934569185,0));
#8509=DIRECTION('',(-0.42594783663021424,0.9047477220032335,0));
#8510=FACE_SURFACE('',(#8515),#8511,.T.);
#8511=PLANE('',#8512);
#8512=AXIS2_PLACEMENT_3D('',#110,#8513,#8514);
#8513=DIRECTION('',(0.6597488785074057,0.7514861391324663,0));
#8514=DIRECTION('',(-0.7514861391324662,0.6597488785074056,0));
#8515=FACE_BOUND('',#8516,.T.);
#8516=EDGE_LOOP('',(#8517,#8518,#8519));
#8517=ORIENTED_EDGE('',*,*,#8520,.T.);
#8518=ORIENTED_EDGE('',*,*,#8521,.T.);
#8519=ORIENTED_EDGE('',*,*,#8522,.T.);
#8520=EDGE_CURVE('',#111,#107,#8523,.F.);
#8521=EDGE_CURVE('',#107,#301,#8524,.T.);
#8522=EDGE_CURVE('',#301,#111,#8525,.T.);
#8523=LINE('',#110,#8526);
#8524=LINE('',#106,#8527);
#8525=LINE('',#300,#8528);
#8526=VECTOR('',#8529,1.0);
#8527=VECTOR('',#8530,1.0);
#8528=VECTOR('',#8531,1.0);
#8529=DIRECTION('',(-0.7514861391324662,0.6597488785074056,0));
#8530=DIRECTION('',(0,0,1));
#8531=DIRECTION('',(0.09746944973153643,-0.08557091980878154,-0.9915529860033252));
#8532=FACE_SURFACE('',(#8537),#8533,.T.);
#8533=PLANE('',#8534);
#8534=AXIS2_PLACEMENT_3D('',#110,#8535,#8536);
#8535=DIRECTION('',(0.6597488785074057,0.7514861391324663,-0));
#8536=DIRECTION('',(-0.09746944973153643,0.08557091980878154,0.9915529860033252));
#8537=FACE_BOUND('',#8538,.T.);
#8538=EDGE_LOOP('',(#8539,#8540,#8541));
#8539=ORIENTED_EDGE('',*,*,#8542,.T.);
#8540=ORIENTED_EDGE('',*,*,#8543,.T.);
#8541=ORIENTED_EDGE('',*,*,#8544,.T.);
#8542=EDGE_CURVE('',#111,#301,#8545,.F.);
#8543=EDGE_CURVE('',#301,#299,#8546,.T.);
#8544=EDGE_CURVE('',#299,#111,#8547,.T.);
#8545=LINE('',#110,#8548);
#8546=LINE('',#300,#8549);
#8547=LINE('',#298,#8550);
#8548=VECTOR('',#8551,1.0);
#8549=VECTOR('',#8552,1.0);
#8550=VECTOR('',#8553,1.0);
#8551=DIRECTION('',(-0.09746944973153643,0.08557091980878154,0.9915529860033252));
#8552=DIRECTION('',(0.7514861391324662,-0.6597488785074056,0));
#8553=DIRECTION('',(0,0,-1));
#8554=FACE_SURFACE('',(#8559),#8555,.T.);
#8555=PLANE('',#8556);
#8556=AXIS2_PLACEMENT_3D('',#436,#8557,#8558);
#8557=DIRECTION('',(0.3218548537101871,0.9467890225088132,0));
#8558=DIRECTION('',(-0.023698447933030383,0.008056135328262088,-0.9996866920436313));
#8559=FACE_BOUND('',#8560,.T.);
#8560=EDGE_LOOP('',(#8561,#8562,#8563));
#8561=ORIENTED_EDGE('',*,*,#8564,.T.);
#8562=ORIENTED_EDGE('',*,*,#8565,.T.);
#8563=ORIENTED_EDGE('',*,*,#8566,.T.);
#8564=EDGE_CURVE('',#437,#351,#8567,.F.);
#8565=EDGE_CURVE('',#351,#543,#8568,.T.);
#8566=EDGE_CURVE('',#543,#437,#8569,.T.);
#8567=LINE('',#436,#8570);
#8568=LINE('',#350,#8571);
#8569=LINE('',#542,#8572);
#8570=VECTOR('',#8573,1.0);
#8571=VECTOR('',#8574,1.0);
#8572=VECTOR('',#8575,1.0);
#8573=DIRECTION('',(-0.023698447933030383,0.008056135328262088,-0.9996866920436313));
#8574=DIRECTION('',(0,0,1));
#8575=DIRECTION('',(0.9467890225088132,-0.3218548537101871,0));
#8576=FACE_SURFACE('',(#8581),#8577,.T.);
#8577=PLANE('',#8578);
#8578=AXIS2_PLACEMENT_3D('',#106,#8579,#8580);
#8579=DIRECTION('',(0.5550534875536058,0.8318146584153101,0));
#8580=DIRECTION('',(-0.8318146584153101,0.5550534875536058,0));
#8581=FACE_BOUND('',#8582,.T.);
#8582=EDGE_LOOP('',(#8583,#8584,#8585));
#8583=ORIENTED_EDGE('',*,*,#8586,.T.);
#8584=ORIENTED_EDGE('',*,*,#8587,.T.);
#8585=ORIENTED_EDGE('',*,*,#8588,.T.);
#8586=EDGE_CURVE('',#107,#95,#8589,.F.);
#8587=EDGE_CURVE('',#95,#307,#8590,.T.);
#8588=EDGE_CURVE('',#307,#107,#8591,.T.);
#8589=LINE('',#106,#8592);
#8590=LINE('',#94,#8593);
#8591=LINE('',#306,#8594);
#8592=VECTOR('',#8595,1.0);
#8593=VECTOR('',#8596,1.0);
#8594=VECTOR('',#8597,1.0);
#8595=DIRECTION('',(-0.8318146584153101,0.5550534875536058,0));
#8596=DIRECTION('',(0,0,1));
#8597=DIRECTION('',(0.10788120923270612,-0.07198699953207228,-0.9915540916121816));
#8598=FACE_SURFACE('',(#8603),#8599,.T.);
#8599=PLANE('',#8600);
#8600=AXIS2_PLACEMENT_3D('',#106,#8601,#8602);
#8601=DIRECTION('',(0.5550534875536058,0.8318146584153101,-0));
#8602=DIRECTION('',(-0.10788120923270612,0.07198699953207228,0.9915540916121816));
#8603=FACE_BOUND('',#8604,.T.);
#8604=EDGE_LOOP('',(#8605,#8606,#8607));
#8605=ORIENTED_EDGE('',*,*,#8608,.T.);
#8606=ORIENTED_EDGE('',*,*,#8609,.T.);
#8607=ORIENTED_EDGE('',*,*,#8610,.T.);
#8608=EDGE_CURVE('',#107,#307,#8611,.F.);
#8609=EDGE_CURVE('',#307,#301,#8612,.T.);
#8610=EDGE_CURVE('',#301,#107,#8613,.T.);
#8611=LINE('',#106,#8614);
#8612=LINE('',#306,#8615);
#8613=LINE('',#300,#8616);
#8614=VECTOR('',#8617,1.0);
#8615=VECTOR('',#8618,1.0);
#8616=VECTOR('',#8619,1.0);
#8617=DIRECTION('',(-0.10788120923270612,0.07198699953207228,0.9915540916121816));
#8618=DIRECTION('',(0.8318146584153101,-0.5550534875536058,0));
#8619=DIRECTION('',(0,0,-1));
#8620=FACE_SURFACE('',(#8625),#8621,.T.);
#8621=PLANE('',#8622);
#8622=AXIS2_PLACEMENT_3D('',#60,#8623,#8624);
#8623=DIRECTION('',(0,0,1));
#8624=DIRECTION('',(-0.4346749897871668,0.9005873934569185,0));
#8625=FACE_BOUND('',#8626,.T.);
#8626=EDGE_LOOP('',(#8627,#8628,#8629));
#8627=ORIENTED_EDGE('',*,*,#8630,.T.);
#8628=ORIENTED_EDGE('',*,*,#8631,.T.);
#8629=ORIENTED_EDGE('',*,*,#8632,.T.);
#8630=EDGE_CURVE('',#61,#541,#8633,.F.);
#8631=EDGE_CURVE('',#541,#545,#8634,.T.);
#8632=EDGE_CURVE('',#545,#61,#8635,.T.);
#8633=LINE('',#60,#8636);
#8634=LINE('',#540,#8637);
#8635=LINE('',#544,#8638);
#8636=VECTOR('',#8639,1.0);
#8637=VECTOR('',#8640,1.0);
#8638=VECTOR('',#8641,1.0);
#8639=DIRECTION('',(-0.4346749897871668,0.9005873934569185,0));
#8640=DIRECTION('',(-0.6585084187126559,-0.7525733602012215,0));
#8641=DIRECTION('',(0.44402019418309546,-0.8960167783906761,0));
#8642=FACE_SURFACE('',(#8647),#8643,.T.);
#8643=PLANE('',#8644);
#8644=AXIS2_PLACEMENT_3D('',#546,#8645,#8646);
#8645=DIRECTION('',(0,0,1));
#8646=DIRECTION('',(-0.9467880941111669,-0.32185758473173176,0));
#8647=FACE_BOUND('',#8648,.T.);
#8648=EDGE_LOOP('',(#8649,#8650,#8651));
#8649=ORIENTED_EDGE('',*,*,#8652,.T.);
#8650=ORIENTED_EDGE('',*,*,#8653,.T.);
#8651=ORIENTED_EDGE('',*,*,#8654,.T.);
#8652=EDGE_CURVE('',#547,#549,#8655,.F.);
#8653=EDGE_CURVE('',#549,#61,#8656,.T.);
#8654=EDGE_CURVE('',#61,#547,#8657,.T.);
#8655=LINE('',#546,#8658);
#8656=LINE('',#548,#8659);
#8657=LINE('',#60,#8660);
#8658=VECTOR('',#8661,1.0);
#8659=VECTOR('',#8662,1.0);
#8660=VECTOR('',#8663,1.0);
#8661=DIRECTION('',(-0.9467880941111669,-0.32185758473173176,0));
#8662=DIRECTION('',(0.4836785160926504,-0.87524573296327,0));
#8663=DIRECTION('',(-0.47386110879641485,0.8805995966216612,0));
#8664=FACE_SURFACE('',(#8669),#8665,.T.);
#8665=PLANE('',#8666);
#8666=AXIS2_PLACEMENT_3D('',#550,#8667,#8668);
#8667=DIRECTION('',(0,0,1));
#8668=DIRECTION('',(-0.8967690218667381,-0.4424989507560144,0));
#8669=FACE_BOUND('',#8670,.T.);
#8670=EDGE_LOOP('',(#8671,#8672,#8673));
#8671=ORIENTED_EDGE('',*,*,#8674,.T.);
#8672=ORIENTED_EDGE('',*,*,#8675,.T.);
#8673=ORIENTED_EDGE('',*,*,#8676,.T.);
#8674=EDGE_CURVE('',#551,#547,#8677,.F.);
#8675=EDGE_CURVE('',#547,#61,#8678,.T.);
#8676=EDGE_CURVE('',#61,#551,#8679,.T.);
#8677=LINE('',#550,#8680);
#8678=LINE('',#546,#8681);
#8679=LINE('',#60,#8682);
#8680=VECTOR('',#8683,1.0);
#8681=VECTOR('',#8684,1.0);
#8682=VECTOR('',#8685,1.0);
#8683=DIRECTION('',(-0.8967690218667381,-0.4424989507560144,0));
#8684=DIRECTION('',(0.47386110879641485,-0.8805995966216612,0));
#8685=DIRECTION('',(-0.46384839406745726,0.8859145936945845,0));
#8686=FACE_SURFACE('',(#8691),#8687,.T.);
#8687=PLANE('',#8688);
#8688=AXIS2_PLACEMENT_3D('',#94,#8689,#8690);
#8689=DIRECTION('',(0.44261998577833433,0.8967092885598916,0));
#8690=DIRECTION('',(-0.8967092885598917,0.4426199857783344,0));
#8691=FACE_BOUND('',#8692,.T.);
#8692=EDGE_LOOP('',(#8693,#8694,#8695));
#8693=ORIENTED_EDGE('',*,*,#8696,.T.);
#8694=ORIENTED_EDGE('',*,*,#8697,.T.);
#8695=ORIENTED_EDGE('',*,*,#8698,.T.);
#8696=EDGE_CURVE('',#95,#99,#8699,.F.);
#8697=EDGE_CURVE('',#99,#311,#8700,.T.);
#8698=EDGE_CURVE('',#311,#95,#8701,.T.);
#8699=LINE('',#94,#8702);
#8700=LINE('',#98,#8703);
#8701=LINE('',#310,#8704);
#8702=VECTOR('',#8705,1.0);
#8703=VECTOR('',#8706,1.0);
#8704=VECTOR('',#8707,1.0);
#8705=DIRECTION('',(-0.8967092885598917,0.4426199857783344,0));
#8706=DIRECTION('',(0,0,1));
#8707=DIRECTION('',(0.1163091316150047,-0.05741074263209817,-0.9915524154241139));
#8708=FACE_SURFACE('',(#8713),#8709,.T.);
#8709=PLANE('',#8710);
#8710=AXIS2_PLACEMENT_3D('',#94,#8711,#8712);
#8711=DIRECTION('',(0.44261998577833433,0.8967092885598916,-0));
#8712=DIRECTION('',(-0.1163091316150047,0.05741074263209817,0.9915524154241139));
#8713=FACE_BOUND('',#8714,.T.);
#8714=EDGE_LOOP('',(#8715,#8716,#8717));
#8715=ORIENTED_EDGE('',*,*,#8718,.T.);
#8716=ORIENTED_EDGE('',*,*,#8719,.T.);
#8717=ORIENTED_EDGE('',*,*,#8720,.T.);
#8718=EDGE_CURVE('',#95,#311,#8721,.F.);
#8719=EDGE_CURVE('',#311,#307,#8722,.T.);
#8720=EDGE_CURVE('',#307,#95,#8723,.T.);
#8721=LINE('',#94,#8724);
#8722=LINE('',#310,#8725);
#8723=LINE('',#306,#8726);
#8724=VECTOR('',#8727,1.0);
#8725=VECTOR('',#8728,1.0);
#8726=VECTOR('',#8729,1.0);
#8727=DIRECTION('',(-0.1163091316150047,0.05741074263209817,0.9915524154241139));
#8728=DIRECTION('',(0.8967092885598917,-0.4426199857783344,0));
#8729=DIRECTION('',(0,0,-1));
#8730=FACE_SURFACE('',(#8735),#8731,.T.);
#8731=PLANE('',#8732);
#8732=AXIS2_PLACEMENT_3D('',#520,#8733,#8734);
#8733=DIRECTION('',(0.6585058781555257,-0.7525755832038533,0));
#8734=DIRECTION('',(0.03197108064714112,0.0279747908475846,-0.9990972230365212));
#8735=FACE_BOUND('',#8736,.T.);
#8736=EDGE_LOOP('',(#8737,#8738,#8739));
#8737=ORIENTED_EDGE('',*,*,#8740,.T.);
#8738=ORIENTED_EDGE('',*,*,#8741,.T.);
#8739=ORIENTED_EDGE('',*,*,#8742,.T.);
#8740=EDGE_CURVE('',#521,#315,#8743,.F.);
#8741=EDGE_CURVE('',#315,#519,#8744,.T.);
#8742=EDGE_CURVE('',#519,#521,#8745,.T.);
#8743=LINE('',#520,#8746);
#8744=LINE('',#314,#8747);
#8745=LINE('',#518,#8748);
#8746=VECTOR('',#8749,1.0);
#8747=VECTOR('',#8750,1.0);
#8748=VECTOR('',#8751,1.0);
#8749=DIRECTION('',(0.03197108064714112,0.0279747908475846,-0.9990972230365212));
#8750=DIRECTION('',(0,0,1));
#8751=DIRECTION('',(-0.7525755832038533,-0.6585058781555257,0));
#8752=FACE_SURFACE('',(#8757),#8753,.T.);
#8753=PLANE('',#8754);
#8754=AXIS2_PLACEMENT_3D('',#98,#8755,#8756);
#8755=DIRECTION('',(0.32104100994729784,0.9470652933837345,0));
#8756=DIRECTION('',(-0.9470652933837345,0.32104100994729784,0));
#8757=FACE_BOUND('',#8758,.T.);
#8758=EDGE_LOOP('',(#8759,#8760,#8761));
#8759=ORIENTED_EDGE('',*,*,#8762,.T.);
#8760=ORIENTED_EDGE('',*,*,#8763,.T.);
#8761=ORIENTED_EDGE('',*,*,#8764,.T.);
#8762=EDGE_CURVE('',#99,#101,#8765,.F.);
#8763=EDGE_CURVE('',#101,#449,#8766,.T.);
#8764=EDGE_CURVE('',#449,#99,#8767,.T.);
#8765=LINE('',#98,#8768);
#8766=LINE('',#100,#8769);
#8767=LINE('',#448,#8770);
#8768=VECTOR('',#8771,1.0);
#8769=VECTOR('',#8772,1.0);
#8770=VECTOR('',#8773,1.0);
#8771=DIRECTION('',(-0.9470652933837345,0.32104100994729784,0));
#8772=DIRECTION('',(0,0,1));
#8773=DIRECTION('',(0.12285297578183135,-0.04164532656361351,-0.9915507113188708));
#8774=FACE_SURFACE('',(#8779),#8775,.T.);
#8775=PLANE('',#8776);
#8776=AXIS2_PLACEMENT_3D('',#98,#8777,#8778);
#8777=DIRECTION('',(0.32104100994729784,0.9470652933837345,-0));
#8778=DIRECTION('',(-0.12285297578183135,0.04164532656361351,0.9915507113188708));
#8779=FACE_BOUND('',#8780,.T.);
#8780=EDGE_LOOP('',(#8781,#8782,#8783));
#8781=ORIENTED_EDGE('',*,*,#8784,.T.);
#8782=ORIENTED_EDGE('',*,*,#8785,.T.);
#8783=ORIENTED_EDGE('',*,*,#8786,.T.);
#8784=EDGE_CURVE('',#99,#449,#8787,.F.);
#8785=EDGE_CURVE('',#449,#311,#8788,.T.);
#8786=EDGE_CURVE('',#311,#99,#8789,.T.);
#8787=LINE('',#98,#8790);
#8788=LINE('',#448,#8791);
#8789=LINE('',#310,#8792);
#8790=VECTOR('',#8793,1.0);
#8791=VECTOR('',#8794,1.0);
#8792=VECTOR('',#8795,1.0);
#8793=DIRECTION('',(-0.12285297578183135,0.04164532656361351,0.9915507113188708));
#8794=DIRECTION('',(0.9470652933837345,-0.32104100994729784,0));
#8795=DIRECTION('',(0,0,-1));
#8796=FACE_SURFACE('',(#8801),#8797,.T.);
#8797=PLANE('',#8798);
#8798=AXIS2_PLACEMENT_3D('',#542,#8799,#8800);
#8799=DIRECTION('',(0.4425025137166356,0.8967672637615953,0));
#8800=DIRECTION('',(0,0,-1));
#8801=FACE_BOUND('',#8802,.T.);
#8802=EDGE_LOOP('',(#8803,#8804,#8805));
#8803=ORIENTED_EDGE('',*,*,#8806,.T.);
#8804=ORIENTED_EDGE('',*,*,#8807,.T.);
#8805=ORIENTED_EDGE('',*,*,#8808,.T.);
#8806=EDGE_CURVE('',#543,#351,#8809,.F.);
#8807=EDGE_CURVE('',#351,#447,#8810,.T.);
#8808=EDGE_CURVE('',#447,#543,#8811,.T.);
#8809=LINE('',#542,#8812);
#8810=LINE('',#350,#8813);
#8811=LINE('',#446,#8814);
#8812=VECTOR('',#8815,1.0);
#8813=VECTOR('',#8816,1.0);
#8814=VECTOR('',#8817,1.0);
#8815=DIRECTION('',(0,0,-1));
#8816=DIRECTION('',(-0.022404575244709218,0.011055355458618731,0.9996878583456877));
#8817=DIRECTION('',(0.8967672637615953,-0.4425025137166356,0));
#8818=FACE_SURFACE('',(#8823),#8819,.T.);
#8819=PLANE('',#8820);
#8820=AXIS2_PLACEMENT_3D('',#518,#8821,#8822);
#8821=DIRECTION('',(0.556319203068329,-0.8309686782890312,0));
#8822=DIRECTION('',(0,0,-1));
#8823=FACE_BOUND('',#8824,.T.);
#8824=EDGE_LOOP('',(#8825,#8826,#8827));
#8825=ORIENTED_EDGE('',*,*,#8828,.T.);
#8826=ORIENTED_EDGE('',*,*,#8829,.T.);
#8827=ORIENTED_EDGE('',*,*,#8830,.T.);
#8828=EDGE_CURVE('',#519,#315,#8831,.F.);
#8829=EDGE_CURVE('',#315,#319,#8832,.T.);
#8830=EDGE_CURVE('',#319,#519,#8833,.T.);
#8831=LINE('',#518,#8834);
#8832=LINE('',#314,#8835);
#8833=LINE('',#318,#8836);
#8834=VECTOR('',#8837,1.0);
#8835=VECTOR('',#8838,1.0);
#8836=VECTOR('',#8839,1.0);
#8837=DIRECTION('',(0,0,-1));
#8838=DIRECTION('',(0.8309686782890312,0.5563192030683289,0));
#8839=DIRECTION('',(-0.03536831063626698,-0.023678474172521495,0.9990937956286176));
#8840=FACE_SURFACE('',(#8845),#8841,.T.);
#8841=PLANE('',#8842);
#8842=AXIS2_PLACEMENT_3D('',#416,#8843,#8844);
#8843=DIRECTION('',(0,0,1));
#8844=DIRECTION('',(-0.9978368470200267,-0.06573908068365164,0));
#8845=FACE_BOUND('',#8846,.T.);
#8846=EDGE_LOOP('',(#8847,#8848,#8849));
#8847=ORIENTED_EDGE('',*,*,#8850,.T.);
#8848=ORIENTED_EDGE('',*,*,#8851,.T.);
#8849=ORIENTED_EDGE('',*,*,#8852,.T.);
#8850=EDGE_CURVE('',#417,#147,#8853,.F.);
#8851=EDGE_CURVE('',#147,#81,#8854,.T.);
#8852=EDGE_CURVE('',#81,#417,#8855,.T.);
#8853=LINE('',#416,#8856);
#8854=LINE('',#146,#8857);
#8855=LINE('',#80,#8858);
#8856=VECTOR('',#8859,1.0);
#8857=VECTOR('',#8860,1.0);
#8858=VECTOR('',#8861,1.0);
#8859=DIRECTION('',(-0.9978368470200267,-0.06573908068365164,0));
#8860=DIRECTION('',(0,-1,0));
#8861=DIRECTION('',(0.012966203026704858,0.9999159352560945,0));
#8862=FACE_SURFACE('',(#8867),#8863,.T.);
#8863=PLANE('',#8864);
#8864=AXIS2_PLACEMENT_3D('',#100,#8865,#8866);
#8865=DIRECTION('',(0.19494053339678302,0.980815063321816,0));
#8866=DIRECTION('',(-0.9808150633218159,0.19494053339678302,0));
#8867=FACE_BOUND('',#8868,.T.);
#8868=EDGE_LOOP('',(#8869,#8870,#8871));
#8869=ORIENTED_EDGE('',*,*,#8872,.T.);
#8870=ORIENTED_EDGE('',*,*,#8873,.T.);
#8871=ORIENTED_EDGE('',*,*,#8874,.T.);
#8872=EDGE_CURVE('',#101,#231,#8875,.F.);
#8873=EDGE_CURVE('',#231,#453,#8876,.T.);
#8874=EDGE_CURVE('',#453,#101,#8877,.T.);
#8875=LINE('',#100,#8878);
#8876=LINE('',#230,#8879);
#8877=LINE('',#452,#8880);
#8878=VECTOR('',#8881,1.0);
#8879=VECTOR('',#8882,1.0);
#8880=VECTOR('',#8883,1.0);
#8881=DIRECTION('',(-0.9808150633218159,0.19494053339678302,0));
#8882=DIRECTION('',(0,0,1));
#8883=DIRECTION('',(0.1272163013204951,-0.025284698985140047,-0.9915526696426993));
#8884=FACE_SURFACE('',(#8889),#8885,.T.);
#8885=PLANE('',#8886);
#8886=AXIS2_PLACEMENT_3D('',#100,#8887,#8888);
#8887=DIRECTION('',(0.19494053339678302,0.980815063321816,-0));
#8888=DIRECTION('',(-0.1272163013204951,0.025284698985140047,0.9915526696426993));
#8889=FACE_BOUND('',#8890,.T.);
#8890=EDGE_LOOP('',(#8891,#8892,#8893));
#8891=ORIENTED_EDGE('',*,*,#8894,.T.);
#8892=ORIENTED_EDGE('',*,*,#8895,.T.);
#8893=ORIENTED_EDGE('',*,*,#8896,.T.);
#8894=EDGE_CURVE('',#101,#453,#8897,.F.);
#8895=EDGE_CURVE('',#453,#449,#8898,.T.);
#8896=EDGE_CURVE('',#449,#101,#8899,.T.);
#8897=LINE('',#100,#8900);
#8898=LINE('',#452,#8901);
#8899=LINE('',#448,#8902);
#8900=VECTOR('',#8903,1.0);
#8901=VECTOR('',#8904,1.0);
#8902=VECTOR('',#8905,1.0);
#8903=DIRECTION('',(-0.1272163013204951,0.025284698985140047,0.9915526696426993));
#8904=DIRECTION('',(0.9808150633218159,-0.19494053339678302,0));
#8905=DIRECTION('',(0,0,-1));
#8906=FACE_SURFACE('',(#8911),#8907,.T.);
#8907=PLANE('',#8908);
#8908=AXIS2_PLACEMENT_3D('',#230,#8909,#8910);
#8909=DIRECTION('',(0.06575661894339951,0.9978356914167446,0));
#8910=DIRECTION('',(-0.9978356914167446,0.06575661894339951,0));
#8911=FACE_BOUND('',#8912,.T.);
#8912=EDGE_LOOP('',(#8913,#8914,#8915));
#8913=ORIENTED_EDGE('',*,*,#8916,.T.);
#8914=ORIENTED_EDGE('',*,*,#8917,.T.);
#8915=ORIENTED_EDGE('',*,*,#8918,.T.);
#8916=EDGE_CURVE('',#231,#229,#8919,.F.);
#8917=EDGE_CURVE('',#229,#457,#8920,.T.);
#8918=EDGE_CURVE('',#457,#231,#8921,.T.);
#8919=LINE('',#230,#8922);
#8920=LINE('',#228,#8923);
#8921=LINE('',#456,#8924);
#8922=VECTOR('',#8925,1.0);
#8923=VECTOR('',#8926,1.0);
#8924=VECTOR('',#8927,1.0);
#8925=DIRECTION('',(-0.9978356914167446,0.06575661894339951,0));
#8926=DIRECTION('',(0,0,1));
#8927=DIRECTION('',(0.12939809601464297,-0.008527236863571583,-0.9915560594233982));
#8928=FACE_SURFACE('',(#8933),#8929,.T.);
#8929=PLANE('',#8930);
#8930=AXIS2_PLACEMENT_3D('',#230,#8931,#8932);
#8931=DIRECTION('',(0.06575661894339951,0.9978356914167446,-0));
#8932=DIRECTION('',(-0.12939809601464297,0.008527236863571583,0.9915560594233982));
#8933=FACE_BOUND('',#8934,.T.);
#8934=EDGE_LOOP('',(#8935,#8936,#8937));
#8935=ORIENTED_EDGE('',*,*,#8938,.T.);
#8936=ORIENTED_EDGE('',*,*,#8939,.T.);
#8937=ORIENTED_EDGE('',*,*,#8940,.T.);
#8938=EDGE_CURVE('',#231,#457,#8941,.F.);
#8939=EDGE_CURVE('',#457,#453,#8942,.T.);
#8940=EDGE_CURVE('',#453,#231,#8943,.T.);
#8941=LINE('',#230,#8944);
#8942=LINE('',#456,#8945);
#8943=LINE('',#452,#8946);
#8944=VECTOR('',#8947,1.0);
#8945=VECTOR('',#8948,1.0);
#8946=VECTOR('',#8949,1.0);
#8947=DIRECTION('',(-0.12939809601464297,0.008527236863571583,0.9915560594233982));
#8948=DIRECTION('',(0.9978356914167446,-0.06575661894339951,0));
#8949=DIRECTION('',(0,0,-1));
#8950=FACE_SURFACE('',(#8955),#8951,.T.);
#8951=PLANE('',#8952);
#8952=AXIS2_PLACEMENT_3D('',#548,#8953,#8954);
#8953=DIRECTION('',(0,0,1));
#8954=DIRECTION('',(-0.9807610784470353,-0.19521195404843472,0));
#8955=FACE_BOUND('',#8956,.T.);
#8956=EDGE_LOOP('',(#8957,#8958,#8959));
#8957=ORIENTED_EDGE('',*,*,#8960,.T.);
#8958=ORIENTED_EDGE('',*,*,#8961,.T.);
#8959=ORIENTED_EDGE('',*,*,#8962,.T.);
#8960=EDGE_CURVE('',#549,#417,#8963,.F.);
#8961=EDGE_CURVE('',#417,#81,#8964,.T.);
#8962=EDGE_CURVE('',#81,#549,#8965,.T.);
#8963=LINE('',#548,#8966);
#8964=LINE('',#416,#8967);
#8965=LINE('',#80,#8968);
#8966=VECTOR('',#8969,1.0);
#8967=VECTOR('',#8970,1.0);
#8968=VECTOR('',#8971,1.0);
#8969=DIRECTION('',(-0.9807610784470353,-0.19521195404843472,0));
#8970=DIRECTION('',(-0.012966203026704858,-0.9999159352560945,0));
#8971=DIRECTION('',(0.0256170948756756,0.999671828376758,0));
#8972=FACE_SURFACE('',(#8977),#8973,.T.);
#8973=PLANE('',#8974);
#8974=AXIS2_PLACEMENT_3D('',#176,#8975,#8976);
#8975=DIRECTION('',(-0,0,1));
#8976=DIRECTION('',(0.9978356914167446,-0.06575661894339951,0));
#8977=FACE_BOUND('',#8978,.T.);
#8978=EDGE_LOOP('',(#8979,#8980,#8981));
#8979=ORIENTED_EDGE('',*,*,#8982,.T.);
#8980=ORIENTED_EDGE('',*,*,#8983,.T.);
#8981=ORIENTED_EDGE('',*,*,#8984,.T.);
#8982=EDGE_CURVE('',#177,#81,#8985,.F.);
#8983=EDGE_CURVE('',#81,#147,#8986,.T.);
#8984=EDGE_CURVE('',#147,#177,#8987,.T.);
#8985=LINE('',#176,#8988);
#8986=LINE('',#80,#8989);
#8987=LINE('',#146,#8990);
#8988=VECTOR('',#8991,1.0);
#8989=VECTOR('',#8992,1.0);
#8990=VECTOR('',#8993,1.0);
#8991=DIRECTION('',(0.9978356914167446,-0.06575661894339951,0));
#8992=DIRECTION('',(0,1,0));
#8993=DIRECTION('',(-0.039924060077456865,-0.9992027168832815,0));
#8994=FACE_SURFACE('',(#8999),#8995,.T.);
#8995=PLANE('',#8996);
#8996=AXIS2_PLACEMENT_3D('',#380,#8997,#8998);
#8997=DIRECTION('',(0.9978356914167446,0.06575661894339951,-0));
#8998=DIRECTION('',(0,0,1));
#8999=FACE_BOUND('',#9000,.T.);
#9000=EDGE_LOOP('',(#9001,#9002,#9003));
#9001=ORIENTED_EDGE('',*,*,#9004,.T.);
#9002=ORIENTED_EDGE('',*,*,#9005,.T.);
#9003=ORIENTED_EDGE('',*,*,#9006,.T.);
#9004=EDGE_CURVE('',#381,#465,#9007,.F.);
#9005=EDGE_CURVE('',#465,#273,#9008,.T.);
#9006=EDGE_CURVE('',#273,#381,#9009,.T.);
#9007=LINE('',#380,#9010);
#9008=LINE('',#464,#9011);
#9009=LINE('',#272,#9012);
#9010=VECTOR('',#9013,1.0);
#9011=VECTOR('',#9014,1.0);
#9012=VECTOR('',#9015,1.0);
#9013=DIRECTION('',(0,0,1));
#9014=DIRECTION('',(0.06575661894339951,-0.9978356914167446,0));
#9015=DIRECTION('',(-0.008527236863571583,0.12939809601464297,-0.9915560594233982));
#9016=FACE_SURFACE('',(#9021),#9017,.T.);
#9017=PLANE('',#9018);
#9018=AXIS2_PLACEMENT_3D('',#380,#9019,#9020);
#9019=DIRECTION('',(0.9978356914167446,0.06575661894339951,0));
#9020=DIRECTION('',(0.008527236863571583,-0.12939809601464297,0.9915560594233982));
#9021=FACE_BOUND('',#9022,.T.);
#9022=EDGE_LOOP('',(#9023,#9024,#9025));
#9023=ORIENTED_EDGE('',*,*,#9026,.T.);
#9024=ORIENTED_EDGE('',*,*,#9027,.T.);
#9025=ORIENTED_EDGE('',*,*,#9028,.T.);
#9026=EDGE_CURVE('',#381,#273,#9029,.F.);
#9027=EDGE_CURVE('',#273,#271,#9030,.T.);
#9028=EDGE_CURVE('',#271,#381,#9031,.T.);
#9029=LINE('',#380,#9032);
#9030=LINE('',#272,#9033);
#9031=LINE('',#270,#9034);
#9032=VECTOR('',#9035,1.0);
#9033=VECTOR('',#9036,1.0);
#9034=VECTOR('',#9037,1.0);
#9035=DIRECTION('',(0.008527236863571583,-0.12939809601464297,0.9915560594233982));
#9036=DIRECTION('',(0,0,-1));
#9037=DIRECTION('',(-0.06575661894339951,0.9978356914167446,0));
#9038=FACE_SURFACE('',(#9043),#9039,.T.);
#9039=PLANE('',#9040);
#9040=AXIS2_PLACEMENT_3D('',#468,#9041,#9042);
#9041=DIRECTION('',(0.8967717057651823,0.4424935115219267,0));
#9042=DIRECTION('',(-0.018782647142206916,0.03806552204250292,-0.9990987079352887));
#9043=FACE_BOUND('',#9044,.T.);
#9044=EDGE_LOOP('',(#9045,#9046,#9047));
#9045=ORIENTED_EDGE('',*,*,#9048,.T.);
#9046=ORIENTED_EDGE('',*,*,#9049,.T.);
#9047=ORIENTED_EDGE('',*,*,#9050,.T.);
#9048=EDGE_CURVE('',#469,#415,#9051,.F.);
#9049=EDGE_CURVE('',#415,#553,#9052,.T.);
#9050=EDGE_CURVE('',#553,#469,#9053,.T.);
#9051=LINE('',#468,#9054);
#9052=LINE('',#414,#9055);
#9053=LINE('',#552,#9056);
#9054=VECTOR('',#9057,1.0);
#9055=VECTOR('',#9058,1.0);
#9056=VECTOR('',#9059,1.0);
#9057=DIRECTION('',(-0.018782647142206916,0.03806552204250292,-0.9990987079352887));
#9058=DIRECTION('',(0,0,1));
#9059=DIRECTION('',(0.4424935115219267,-0.8967717057651822,0));
#9060=FACE_SURFACE('',(#9065),#9061,.T.);
#9061=PLANE('',#9062);
#9062=AXIS2_PLACEMENT_3D('',#378,#9063,#9064);
#9063=DIRECTION('',(0.9808150079108826,0.19494081218866197,-0));
#9064=DIRECTION('',(0,0,1));
#9065=FACE_BOUND('',#9066,.T.);
#9066=EDGE_LOOP('',(#9067,#9068,#9069));
#9067=ORIENTED_EDGE('',*,*,#9070,.T.);
#9068=ORIENTED_EDGE('',*,*,#9071,.T.);
#9069=ORIENTED_EDGE('',*,*,#9072,.T.);
#9070=EDGE_CURVE('',#379,#441,#9073,.F.);
#9071=EDGE_CURVE('',#441,#465,#9074,.T.);
#9072=EDGE_CURVE('',#465,#379,#9075,.T.);
#9073=LINE('',#378,#9076);
#9074=LINE('',#440,#9077);
#9075=LINE('',#464,#9078);
#9076=VECTOR('',#9079,1.0);
#9077=VECTOR('',#9080,1.0);
#9078=VECTOR('',#9081,1.0);
#9079=DIRECTION('',(0,0,1));
#9080=DIRECTION('',(0.19494081218866197,-0.9808150079108827,0));
#9081=DIRECTION('',(-0.025284699593479683,0.12721611525760046,-0.9915526934990557));
#9082=FACE_SURFACE('',(#9087),#9083,.T.);
#9083=PLANE('',#9084);
#9084=AXIS2_PLACEMENT_3D('',#378,#9085,#9086);
#9085=DIRECTION('',(0.9808150079108826,0.19494081218866197,0));
#9086=DIRECTION('',(0.025284699593479683,-0.12721611525760046,0.9915526934990557));
#9087=FACE_BOUND('',#9088,.T.);
#9088=EDGE_LOOP('',(#9089,#9090,#9091));
#9089=ORIENTED_EDGE('',*,*,#9092,.T.);
#9090=ORIENTED_EDGE('',*,*,#9093,.T.);
#9091=ORIENTED_EDGE('',*,*,#9094,.T.);
#9092=EDGE_CURVE('',#379,#465,#9095,.F.);
#9093=EDGE_CURVE('',#465,#381,#9096,.T.);
#9094=EDGE_CURVE('',#381,#379,#9097,.T.);
#9095=LINE('',#378,#9098);
#9096=LINE('',#464,#9099);
#9097=LINE('',#380,#9100);
#9098=VECTOR('',#9101,1.0);
#9099=VECTOR('',#9102,1.0);
#9100=VECTOR('',#9103,1.0);
#9101=DIRECTION('',(0.025284699593479683,-0.12721611525760046,0.9915526934990557));
#9102=DIRECTION('',(0,0,-1));
#9103=DIRECTION('',(-0.19494081218866197,0.9808150079108827,0));
#9104=FACE_SURFACE('',(#9109),#9105,.T.);
#9105=PLANE('',#9106);
#9106=AXIS2_PLACEMENT_3D('',#166,#9107,#9108);
#9107=DIRECTION('',(0.7525778062110414,0.6585033375758821,-0));
#9108=DIRECTION('',(0,0,1));
#9109=FACE_BOUND('',#9110,.T.);
#9110=EDGE_LOOP('',(#9111,#9112,#9113));
#9111=ORIENTED_EDGE('',*,*,#9114,.T.);
#9112=ORIENTED_EDGE('',*,*,#9115,.T.);
#9113=ORIENTED_EDGE('',*,*,#9116,.T.);
#9114=EDGE_CURVE('',#167,#555,#9117,.F.);
#9115=EDGE_CURVE('',#555,#209,#9118,.T.);
#9116=EDGE_CURVE('',#209,#167,#9119,.T.);
#9117=LINE('',#166,#9120);
#9118=LINE('',#554,#9121);
#9119=LINE('',#208,#9122);
#9120=VECTOR('',#9123,1.0);
#9121=VECTOR('',#9124,1.0);
#9122=VECTOR('',#9125,1.0);
#9123=DIRECTION('',(0,0,1));
#9124=DIRECTION('',(0.6585033375758821,-0.7525778062110414,0));
#9125=DIRECTION('',(-0.016465366847208354,0.018817626203609265,-0.999687345442888));
#9126=FACE_SURFACE('',(#9131),#9127,.T.);
#9127=PLANE('',#9128);
#9128=AXIS2_PLACEMENT_3D('',#484,#9129,#9130);
#9129=DIRECTION('',(0.3218628873605388,-0.946786291482897,0));
#9130=DIRECTION('',(-0.946786291482897,-0.3218628873605388,0));
#9131=FACE_BOUND('',#9132,.T.);
#9132=EDGE_LOOP('',(#9133,#9134,#9135));
#9133=ORIENTED_EDGE('',*,*,#9136,.T.);
#9134=ORIENTED_EDGE('',*,*,#9137,.T.);
#9135=ORIENTED_EDGE('',*,*,#9138,.T.);
#9136=EDGE_CURVE('',#485,#481,#9139,.F.);
#9137=EDGE_CURVE('',#481,#243,#9140,.T.);
#9138=EDGE_CURVE('',#243,#485,#9141,.T.);
#9139=LINE('',#484,#9142);
#9140=LINE('',#480,#9143);
#9141=LINE('',#242,#9144);
#9142=VECTOR('',#9145,1.0);
#9143=VECTOR('',#9146,1.0);
#9144=VECTOR('',#9147,1.0);
#9145=DIRECTION('',(-0.946786291482897,-0.3218628873605388,0));
#9146=DIRECTION('',(0.04026352993236023,0.013687709798860182,-0.9990953381724129));
#9147=DIRECTION('',(0,0,1));
#9148=FACE_SURFACE('',(#9153),#9149,.T.);
#9149=PLANE('',#9150);
#9150=AXIS2_PLACEMENT_3D('',#500,#9151,#9152);
#9151=DIRECTION('',(0,0,1));
#9152=DIRECTION('',(0.11298064255464228,0.99359718921097,0));
#9153=FACE_BOUND('',#9154,.T.);
#9154=EDGE_LOOP('',(#9155,#9156,#9157));
#9155=ORIENTED_EDGE('',*,*,#9158,.T.);
#9156=ORIENTED_EDGE('',*,*,#9159,.T.);
#9157=ORIENTED_EDGE('',*,*,#9160,.T.);
#9158=EDGE_CURVE('',#501,#273,#9161,.F.);
#9159=EDGE_CURVE('',#273,#429,#9162,.T.);
#9160=EDGE_CURVE('',#429,#501,#9163,.T.);
#9161=LINE('',#500,#9164);
#9162=LINE('',#272,#9165);
#9163=LINE('',#428,#9166);
#9164=VECTOR('',#9167,1.0);
#9165=VECTOR('',#9168,1.0);
#9166=VECTOR('',#9169,1.0);
#9167=DIRECTION('',(0.11298064255464228,0.99359718921097,0));
#9168=DIRECTION('',(-0.9661917002692867,-0.2578247434416351,0));
#9169=DIRECTION('',(-0.01779366197059407,-0.9998416802642688,0));
#9170=FACE_SURFACE('',(#9175),#9171,.T.);
#9171=PLANE('',#9172);
#9172=AXIS2_PLACEMENT_3D('',#336,#9173,#9174);
#9173=DIRECTION('',(0.9470654436492688,0.3210405666662915,-0));
#9174=DIRECTION('',(0,0,1));
#9175=FACE_BOUND('',#9176,.T.);
#9176=EDGE_LOOP('',(#9177,#9178,#9179));
#9177=ORIENTED_EDGE('',*,*,#9180,.T.);
#9178=ORIENTED_EDGE('',*,*,#9181,.T.);
#9179=ORIENTED_EDGE('',*,*,#9182,.T.);
#9180=EDGE_CURVE('',#337,#443,#9183,.F.);
#9181=EDGE_CURVE('',#443,#441,#9184,.T.);
#9182=EDGE_CURVE('',#441,#337,#9185,.T.);
#9183=LINE('',#336,#9186);
#9184=LINE('',#442,#9187);
#9185=LINE('',#440,#9188);
#9186=VECTOR('',#9189,1.0);
#9187=VECTOR('',#9190,1.0);
#9188=VECTOR('',#9191,1.0);
#9189=DIRECTION('',(0,0,1));
#9190=DIRECTION('',(0.3210405666662915,-0.9470654436492689,0));
#9191=DIRECTION('',(-0.041645325596010335,0.1228531620507041,-0.991550688280809));
#9192=FACE_SURFACE('',(#9197),#9193,.T.);
#9193=PLANE('',#9194);
#9194=AXIS2_PLACEMENT_3D('',#336,#9195,#9196);
#9195=DIRECTION('',(0.9470654436492688,0.3210405666662915,0));
#9196=DIRECTION('',(0.041645325596010335,-0.1228531620507041,0.991550688280809));
#9197=FACE_BOUND('',#9198,.T.);
#9198=EDGE_LOOP('',(#9199,#9200,#9201));
#9199=ORIENTED_EDGE('',*,*,#9202,.T.);
#9200=ORIENTED_EDGE('',*,*,#9203,.T.);
#9201=ORIENTED_EDGE('',*,*,#9204,.T.);
#9202=EDGE_CURVE('',#337,#441,#9205,.F.);
#9203=EDGE_CURVE('',#441,#379,#9206,.T.);
#9204=EDGE_CURVE('',#379,#337,#9207,.T.);
#9205=LINE('',#336,#9208);
#9206=LINE('',#440,#9209);
#9207=LINE('',#378,#9210);
#9208=VECTOR('',#9211,1.0);
#9209=VECTOR('',#9212,1.0);
#9210=VECTOR('',#9213,1.0);
#9211=DIRECTION('',(0.041645325596010335,-0.1228531620507041,0.991550688280809));
#9212=DIRECTION('',(0,0,-1));
#9213=DIRECTION('',(-0.3210405666662915,0.9470654436492689,0));
#9214=FACE_SURFACE('',(#9219),#9215,.T.);
#9215=PLANE('',#9216);
#9216=AXIS2_PLACEMENT_3D('',#412,#9217,#9218);
#9217=DIRECTION('',(0.9467867556946918,0.3218615218399364,-0));
#9218=DIRECTION('',(0,0,1));
#9219=FACE_BOUND('',#9220,.T.);
#9220=EDGE_LOOP('',(#9221,#9222,#9223));
#9221=ORIENTED_EDGE('',*,*,#9224,.T.);
#9222=ORIENTED_EDGE('',*,*,#9225,.T.);
#9223=ORIENTED_EDGE('',*,*,#9226,.T.);
#9224=EDGE_CURVE('',#413,#557,#9227,.F.);
#9225=EDGE_CURVE('',#557,#415,#9228,.T.);
#9226=EDGE_CURVE('',#415,#413,#9229,.T.);
#9227=LINE('',#412,#9230);
#9228=LINE('',#556,#9231);
#9229=LINE('',#414,#9232);
#9230=VECTOR('',#9233,1.0);
#9231=VECTOR('',#9234,1.0);
#9232=VECTOR('',#9235,1.0);
#9233=DIRECTION('',(0,0,1));
#9234=DIRECTION('',(0.013687709693838089,-0.04026372018574032,-0.9990953305066248));
#9235=DIRECTION('',(-0.32186152183993644,0.9467867556946918,0));
#9236=FACE_SURFACE('',(#9241),#9237,.T.);
#9237=PLANE('',#9238);
#9238=AXIS2_PLACEMENT_3D('',#366,#9239,#9240);
#9239=DIRECTION('',(0.8309659069501956,0.5563233425683656,0));
#9240=DIRECTION('',(0.5563233425683655,-0.8309659069501956,0));
#9241=FACE_BOUND('',#9242,.T.);
#9242=EDGE_LOOP('',(#9243,#9244,#9245));
#9243=ORIENTED_EDGE('',*,*,#9246,.T.);
#9244=ORIENTED_EDGE('',*,*,#9247,.T.);
#9245=ORIENTED_EDGE('',*,*,#9248,.T.);
#9246=EDGE_CURVE('',#367,#555,#9249,.F.);
#9247=EDGE_CURVE('',#555,#167,#9250,.T.);
#9248=EDGE_CURVE('',#167,#367,#9251,.T.);
#9249=LINE('',#366,#9252);
#9250=LINE('',#554,#9253);
#9251=LINE('',#166,#9254);
#9252=VECTOR('',#9255,1.0);
#9253=VECTOR('',#9256,1.0);
#9254=VECTOR('',#9257,1.0);
#9255=DIRECTION('',(0.5563233425683655,-0.8309659069501956,0));
#9256=DIRECTION('',(0,0,-1));
#9257=DIRECTION('',(-0.013936772461196206,0.020816999543306507,0.9996861602039807));
#9258=FACE_SURFACE('',(#9263),#9259,.T.);
#9259=PLANE('',#9260);
#9260=AXIS2_PLACEMENT_3D('',#332,#9261,#9262);
#9261=DIRECTION('',(0.8967092885598916,0.44261998577833433,-0));
#9262=DIRECTION('',(0,0,1));
#9263=FACE_BOUND('',#9264,.T.);
#9264=EDGE_LOOP('',(#9265,#9266,#9267));
#9265=ORIENTED_EDGE('',*,*,#9268,.T.);
#9266=ORIENTED_EDGE('',*,*,#9269,.T.);
#9267=ORIENTED_EDGE('',*,*,#9270,.T.);
#9268=EDGE_CURVE('',#333,#445,#9271,.F.);
#9269=EDGE_CURVE('',#445,#443,#9272,.T.);
#9270=EDGE_CURVE('',#443,#333,#9273,.T.);
#9271=LINE('',#332,#9274);
#9272=LINE('',#444,#9275);
#9273=LINE('',#442,#9276);
#9274=VECTOR('',#9277,1.0);
#9275=VECTOR('',#9278,1.0);
#9276=VECTOR('',#9279,1.0);
#9277=DIRECTION('',(0,0,1));
#9278=DIRECTION('',(0.4426199857783344,-0.8967092885598917,0));
#9279=DIRECTION('',(-0.05741074263209817,0.1163091316150047,-0.9915524154241139));
#9280=FACE_SURFACE('',(#9285),#9281,.T.);
#9281=PLANE('',#9282);
#9282=AXIS2_PLACEMENT_3D('',#332,#9283,#9284);
#9283=DIRECTION('',(0.8967092885598916,0.44261998577833433,0));
#9284=DIRECTION('',(0.05741074263209817,-0.1163091316150047,0.9915524154241139));
#9285=FACE_BOUND('',#9286,.T.);
#9286=EDGE_LOOP('',(#9287,#9288,#9289));
#9287=ORIENTED_EDGE('',*,*,#9290,.T.);
#9288=ORIENTED_EDGE('',*,*,#9291,.T.);
#9289=ORIENTED_EDGE('',*,*,#9292,.T.);
#9290=EDGE_CURVE('',#333,#443,#9293,.F.);
#9291=EDGE_CURVE('',#443,#337,#9294,.T.);
#9292=EDGE_CURVE('',#337,#333,#9295,.T.);
#9293=LINE('',#332,#9296);
#9294=LINE('',#442,#9297);
#9295=LINE('',#336,#9298);
#9296=VECTOR('',#9299,1.0);
#9297=VECTOR('',#9300,1.0);
#9298=VECTOR('',#9301,1.0);
#9299=DIRECTION('',(0.05741074263209817,-0.1163091316150047,0.9915524154241139));
#9300=DIRECTION('',(0,0,-1));
#9301=DIRECTION('',(-0.4426199857783344,0.8967092885598917,0));
#9302=FACE_SURFACE('',(#9307),#9303,.T.);
#9303=PLANE('',#9304);
#9304=AXIS2_PLACEMENT_3D('',#418,#9305,#9306);
#9305=DIRECTION('',(0.9807610784470354,0.19521195404843475,0));
#9306=DIRECTION('',(0.008292526168644636,-0.04166234054597021,0.999097334292297));
#9307=FACE_BOUND('',#9308,.T.);
#9308=EDGE_LOOP('',(#9309,#9310,#9311));
#9309=ORIENTED_EDGE('',*,*,#9312,.T.);
#9310=ORIENTED_EDGE('',*,*,#9313,.T.);
#9311=ORIENTED_EDGE('',*,*,#9314,.T.);
#9312=EDGE_CURVE('',#419,#557,#9315,.F.);
#9313=EDGE_CURVE('',#557,#413,#9316,.T.);
#9314=EDGE_CURVE('',#413,#419,#9317,.T.);
#9315=LINE('',#418,#9318);
#9316=LINE('',#556,#9319);
#9317=LINE('',#412,#9320);
#9318=VECTOR('',#9321,1.0);
#9319=VECTOR('',#9322,1.0);
#9320=VECTOR('',#9323,1.0);
#9321=DIRECTION('',(0.008292526168644636,-0.04166234054597021,0.999097334292297));
#9322=DIRECTION('',(0,0,-1));
#9323=DIRECTION('',(-0.19521195404843472,0.9807610784470353,0));
#9324=FACE_SURFACE('',(#9329),#9325,.T.);
#9325=PLANE('',#9326);
#9326=AXIS2_PLACEMENT_3D('',#558,#9327,#9328);
#9327=DIRECTION('',(0,-0,1));
#9328=DIRECTION('',(0.21960634596395262,0.9755885673850225,0));
#9329=FACE_BOUND('',#9330,.T.);
#9330=EDGE_LOOP('',(#9331,#9332,#9333));
#9331=ORIENTED_EDGE('',*,*,#9334,.T.);
#9332=ORIENTED_EDGE('',*,*,#9335,.T.);
#9333=ORIENTED_EDGE('',*,*,#9336,.T.);
#9334=EDGE_CURVE('',#559,#57,#9337,.F.);
#9335=EDGE_CURVE('',#57,#501,#9338,.T.);
#9336=EDGE_CURVE('',#501,#559,#9339,.T.);
#9337=LINE('',#558,#9340);
#9338=LINE('',#56,#9341);
#9339=LINE('',#500,#9342);
#9340=VECTOR('',#9343,1.0);
#9341=VECTOR('',#9344,1.0);
#9342=VECTOR('',#9345,1.0);
#9343=DIRECTION('',(0.21960634596395262,0.9755885673850225,0));
#9344=DIRECTION('',(-0.22470238951781876,-0.9744274401642139,0));
#9345=DIRECTION('',(0.8967690218667381,-0.4424989507560144,0));
#9346=FACE_SURFACE('',(#9351),#9347,.T.);
#9347=PLANE('',#9348);
#9348=AXIS2_PLACEMENT_3D('',#444,#9349,#9350);
#9349=DIRECTION('',(0.8318146584153101,0.5550534875536058,0));
#9350=DIRECTION('',(0,0,-1));
#9351=FACE_BOUND('',#9352,.T.);
#9352=EDGE_LOOP('',(#9353,#9354,#9355));
#9353=ORIENTED_EDGE('',*,*,#9356,.T.);
#9354=ORIENTED_EDGE('',*,*,#9357,.T.);
#9355=ORIENTED_EDGE('',*,*,#9358,.T.);
#9356=EDGE_CURVE('',#445,#333,#9359,.F.);
#9357=EDGE_CURVE('',#333,#115,#9360,.T.);
#9358=EDGE_CURVE('',#115,#445,#9361,.T.);
#9359=LINE('',#444,#9362);
#9360=LINE('',#332,#9363);
#9361=LINE('',#114,#9364);
#9362=VECTOR('',#9365,1.0);
#9363=VECTOR('',#9366,1.0);
#9364=VECTOR('',#9367,1.0);
#9365=DIRECTION('',(0,0,-1));
#9366=DIRECTION('',(-0.5550534875536058,0.8318146584153101,0));
#9367=DIRECTION('',(0.07198699953207228,-0.10788120923270612,0.9915540916121816));
#9368=FACE_SURFACE('',(#9373),#9369,.T.);
#9369=PLANE('',#9370);
#9370=AXIS2_PLACEMENT_3D('',#560,#9371,#9372);
#9371=DIRECTION('',(0,-0,1));
#9372=DIRECTION('',(0.21471258235453997,0.9766772788278865,0));
#9373=FACE_BOUND('',#9374,.T.);
#9374=EDGE_LOOP('',(#9375,#9376,#9377));
#9375=ORIENTED_EDGE('',*,*,#9378,.T.);
#9376=ORIENTED_EDGE('',*,*,#9379,.T.);
#9377=ORIENTED_EDGE('',*,*,#9380,.T.);
#9378=EDGE_CURVE('',#561,#57,#9381,.F.);
#9379=EDGE_CURVE('',#57,#559,#9382,.T.);
#9380=EDGE_CURVE('',#559,#561,#9383,.T.);
#9381=LINE('',#560,#9384);
#9382=LINE('',#56,#9385);
#9383=LINE('',#558,#9386);
#9384=VECTOR('',#9387,1.0);
#9385=VECTOR('',#9388,1.0);
#9386=VECTOR('',#9389,1.0);
#9387=DIRECTION('',(0.21471258235453997,0.9766772788278865,0));
#9388=DIRECTION('',(-0.21960634596395262,-0.9755885673850225,0));
#9389=DIRECTION('',(0.8309659069501956,-0.5563233425683655,0));
#9390=FACE_SURFACE('',(#9395),#9391,.T.);
#9391=PLANE('',#9392);
#9392=AXIS2_PLACEMENT_3D('',#264,#9393,#9394);
#9393=DIRECTION('',(-0.8309659069501955,-0.5563233425683655,0));
#9394=DIRECTION('',(0.5563233425683655,-0.8309659069501956,0));
#9395=FACE_BOUND('',#9396,.T.);
#9396=EDGE_LOOP('',(#9397,#9398,#9399));
#9397=ORIENTED_EDGE('',*,*,#9400,.T.);
#9398=ORIENTED_EDGE('',*,*,#9401,.T.);
#9399=ORIENTED_EDGE('',*,*,#9402,.T.);
#9400=EDGE_CURVE('',#265,#267,#9403,.F.);
#9401=EDGE_CURVE('',#267,#431,#9404,.T.);
#9402=EDGE_CURVE('',#431,#265,#9405,.T.);
#9403=LINE('',#264,#9406);
#9404=LINE('',#266,#9407);
#9405=LINE('',#430,#9408);
#9406=VECTOR('',#9409,1.0);
#9407=VECTOR('',#9410,1.0);
#9408=VECTOR('',#9411,1.0);
#9409=DIRECTION('',(0.5563233425683655,-0.8309659069501956,0));
#9410=DIRECTION('',(0,0,1));
#9411=DIRECTION('',(-0.02367847449169883,0.03536792998897694,-0.9990938090960432));
#9412=FACE_SURFACE('',(#9417),#9413,.T.);
#9413=PLANE('',#9414);
#9414=AXIS2_PLACEMENT_3D('',#414,#9415,#9416);
#9415=DIRECTION('',(0.8967717057651823,0.4424935115219267,0));
#9416=DIRECTION('',(0.018782647142206916,-0.03806552204250292,0.9990987079352887));
#9417=FACE_BOUND('',#9418,.T.);
#9418=EDGE_LOOP('',(#9419,#9420,#9421));
#9419=ORIENTED_EDGE('',*,*,#9422,.T.);
#9420=ORIENTED_EDGE('',*,*,#9423,.T.);
#9421=ORIENTED_EDGE('',*,*,#9424,.T.);
#9422=EDGE_CURVE('',#415,#469,#9425,.F.);
#9423=EDGE_CURVE('',#469,#397,#9426,.T.);
#9424=EDGE_CURVE('',#397,#415,#9427,.T.);
#9425=LINE('',#414,#9428);
#9426=LINE('',#468,#9429);
#9427=LINE('',#396,#9430);
#9428=VECTOR('',#9431,1.0);
#9429=VECTOR('',#9432,1.0);
#9430=VECTOR('',#9433,1.0);
#9431=DIRECTION('',(0.018782647142206916,-0.03806552204250292,0.9990987079352887));
#9432=DIRECTION('',(0,0,-1));
#9433=DIRECTION('',(-0.4424935115219267,0.8967717057651822,0));
#9434=FACE_SURFACE('',(#9439),#9435,.T.);
#9435=PLANE('',#9436);
#9436=AXIS2_PLACEMENT_3D('',#556,#9437,#9438);
#9437=DIRECTION('',(0.9467867556946918,0.3218615218399364,0));
#9438=DIRECTION('',(0.32186152183993644,-0.9467867556946918,0));
#9439=FACE_BOUND('',#9440,.T.);
#9440=EDGE_LOOP('',(#9441,#9442,#9443));
#9441=ORIENTED_EDGE('',*,*,#9444,.T.);
#9442=ORIENTED_EDGE('',*,*,#9445,.T.);
#9443=ORIENTED_EDGE('',*,*,#9446,.T.);
#9444=EDGE_CURVE('',#557,#553,#9447,.F.);
#9445=EDGE_CURVE('',#553,#415,#9448,.T.);
#9446=EDGE_CURVE('',#415,#557,#9449,.T.);
#9447=LINE('',#556,#9450);
#9448=LINE('',#552,#9451);
#9449=LINE('',#414,#9452);
#9450=VECTOR('',#9453,1.0);
#9451=VECTOR('',#9454,1.0);
#9452=VECTOR('',#9455,1.0);
#9453=DIRECTION('',(0.32186152183993644,-0.9467867556946918,0));
#9454=DIRECTION('',(0,0,-1));
#9455=DIRECTION('',(-0.013687709693838089,0.04026372018574032,0.9990953305066248));
#9456=FACE_SURFACE('',(#9461),#9457,.T.);
#9457=PLANE('',#9458);
#9458=AXIS2_PLACEMENT_3D('',#182,#9459,#9460);
#9459=DIRECTION('',(0.9807610784470354,0.19521195404843475,-0));
#9460=DIRECTION('',(0,0,1));
#9461=FACE_BOUND('',#9462,.T.);
#9462=EDGE_LOOP('',(#9463,#9464,#9465));
#9463=ORIENTED_EDGE('',*,*,#9466,.T.);
#9464=ORIENTED_EDGE('',*,*,#9467,.T.);
#9465=ORIENTED_EDGE('',*,*,#9468,.T.);
#9466=EDGE_CURVE('',#183,#41,#9469,.F.);
#9467=EDGE_CURVE('',#41,#35,#9470,.T.);
#9468=EDGE_CURVE('',#35,#183,#9471,.T.);
#9469=LINE('',#182,#9472);
#9470=LINE('',#40,#9473);
#9471=LINE('',#34,#9474);
#9472=VECTOR('',#9475,1.0);
#9473=VECTOR('',#9476,1.0);
#9474=VECTOR('',#9477,1.0);
#9475=DIRECTION('',(0,0,1));
#9476=DIRECTION('',(0.19521195404843472,-0.9807610784470353,0));
#9477=DIRECTION('',(-0.004880837398097084,0.024521732665483253,-0.9996873821617315));
#9478=FACE_SURFACE('',(#9483),#9479,.T.);
#9479=PLANE('',#9480);
#9480=AXIS2_PLACEMENT_3D('',#534,#9481,#9482);
#9481=DIRECTION('',(0.8309659069501955,-0.5563233425683655,0));
#9482=DIRECTION('',(-0.5563233425683655,-0.8309659069501956,0));
#9483=FACE_BOUND('',#9484,.T.);
#9484=EDGE_LOOP('',(#9485,#9486,#9487));
#9485=ORIENTED_EDGE('',*,*,#9488,.T.);
#9486=ORIENTED_EDGE('',*,*,#9489,.T.);
#9487=ORIENTED_EDGE('',*,*,#9490,.T.);
#9488=EDGE_CURVE('',#535,#495,#9491,.F.);
#9489=EDGE_CURVE('',#495,#339,#9492,.T.);
#9490=EDGE_CURVE('',#339,#535,#9493,.T.);
#9491=LINE('',#534,#9494);
#9492=LINE('',#494,#9495);
#9493=LINE('',#338,#9496);
#9494=VECTOR('',#9497,1.0);
#9495=VECTOR('',#9498,1.0);
#9496=VECTOR('',#9499,1.0);
#9497=DIRECTION('',(-0.5563233425683655,-0.8309659069501956,0));
#9498=DIRECTION('',(0,0,-1));
#9499=DIRECTION('',(0.02367847449169883,0.03536792998897694,0.9990938090960432));
#9500=FACE_SURFACE('',(#9505),#9501,.T.);
#9501=PLANE('',#9502);
#9502=AXIS2_PLACEMENT_3D('',#562,#9503,#9504);
#9503=DIRECTION('',(0,-0,1));
#9504=DIRECTION('',(0.21013056921600853,0.9776733318859405,0));
#9505=FACE_BOUND('',#9506,.T.);
#9506=EDGE_LOOP('',(#9507,#9508,#9509));
#9507=ORIENTED_EDGE('',*,*,#9510,.T.);
#9508=ORIENTED_EDGE('',*,*,#9511,.T.);
#9509=ORIENTED_EDGE('',*,*,#9512,.T.);
#9510=EDGE_CURVE('',#563,#57,#9513,.F.);
#9511=EDGE_CURVE('',#57,#561,#9514,.T.);
#9512=EDGE_CURVE('',#561,#563,#9515,.T.);
#9513=LINE('',#562,#9516);
#9514=LINE('',#56,#9517);
#9515=LINE('',#560,#9518);
#9516=VECTOR('',#9519,1.0);
#9517=VECTOR('',#9520,1.0);
#9518=VECTOR('',#9521,1.0);
#9519=DIRECTION('',(0.21013056921600853,0.9776733318859405,0));
#9520=DIRECTION('',(-0.21471258235453997,-0.9766772788278865,0));
#9521=DIRECTION('',(0.7525733602012215,-0.6585084187126559,0));
#9522=FACE_SURFACE('',(#9527),#9523,.T.);
#9523=PLANE('',#9524);
#9524=AXIS2_PLACEMENT_3D('',#182,#9525,#9526);
#9525=DIRECTION('',(0.9978368083138174,0.06573966819275852,-0));
#9526=DIRECTION('',(-0.06573966819275853,0.9978368083138175,0));
#9527=FACE_BOUND('',#9528,.T.);
#9528=EDGE_LOOP('',(#9529,#9530,#9531));
#9529=ORIENTED_EDGE('',*,*,#9532,.T.);
#9530=ORIENTED_EDGE('',*,*,#9533,.T.);
#9531=ORIENTED_EDGE('',*,*,#9534,.T.);
#9532=EDGE_CURVE('',#183,#293,#9535,.F.);
#9533=EDGE_CURVE('',#293,#41,#9536,.T.);
#9534=EDGE_CURVE('',#41,#183,#9537,.T.);
#9535=LINE('',#182,#9538);
#9536=LINE('',#292,#9539);
#9537=LINE('',#40,#9540);
#9538=VECTOR('',#9541,1.0);
#9539=VECTOR('',#9542,1.0);
#9540=VECTOR('',#9543,1.0);
#9541=DIRECTION('',(-0.06573966819275853,0.9978368083138175,0));
#9542=DIRECTION('',(0.001646534950325992,-0.02499211244560887,0.9996862924128564));
#9543=DIRECTION('',(0,0,-1));
#9544=FACE_SURFACE('',(#9549),#9545,.T.);
#9545=PLANE('',#9546);
#9546=AXIS2_PLACEMENT_3D('',#534,#9547,#9548);
#9547=DIRECTION('',(0.7525778062110414,-0.6585033375758821,0));
#9548=DIRECTION('',(0,0,-1));
#9549=FACE_BOUND('',#9550,.T.);
#9550=EDGE_LOOP('',(#9551,#9552,#9553));
#9551=ORIENTED_EDGE('',*,*,#9554,.T.);
#9552=ORIENTED_EDGE('',*,*,#9555,.T.);
#9553=ORIENTED_EDGE('',*,*,#9556,.T.);
#9554=EDGE_CURVE('',#535,#281,#9557,.F.);
#9555=EDGE_CURVE('',#281,#521,#9558,.T.);
#9556=EDGE_CURVE('',#521,#535,#9559,.T.);
#9557=LINE('',#534,#9560);
#9558=LINE('',#280,#9561);
#9559=LINE('',#520,#9562);
#9560=VECTOR('',#9563,1.0);
#9561=VECTOR('',#9564,1.0);
#9562=VECTOR('',#9565,1.0);
#9563=DIRECTION('',(0,0,-1));
#9564=DIRECTION('',(0.027974600434043068,0.0319710808175768,0.9990972283626411));
#9565=DIRECTION('',(-0.6585033375758821,-0.7525778062110414,0));
#9566=FACE_SURFACE('',(#9571),#9567,.T.);
#9567=PLANE('',#9568);
#9568=AXIS2_PLACEMENT_3D('',#150,#9569,#9570);
#9569=DIRECTION('',(0.06573908068365164,0.9978368470200267,0));
#9570=DIRECTION('',(-0.9978368470200267,0.06573908068365164,0));
#9571=FACE_BOUND('',#9572,.T.);
#9572=EDGE_LOOP('',(#9573,#9574,#9575));
#9573=ORIENTED_EDGE('',*,*,#9576,.T.);
#9574=ORIENTED_EDGE('',*,*,#9577,.T.);
#9575=ORIENTED_EDGE('',*,*,#9578,.T.);
#9576=EDGE_CURVE('',#151,#149,#9579,.F.);
#9577=EDGE_CURVE('',#149,#145,#9580,.T.);
#9578=EDGE_CURVE('',#145,#151,#9581,.T.);
#9579=LINE('',#150,#9582);
#9580=LINE('',#148,#9583);
#9581=LINE('',#144,#9584);
#9582=VECTOR('',#9585,1.0);
#9583=VECTOR('',#9586,1.0);
#9584=VECTOR('',#9587,1.0);
#9585=DIRECTION('',(-0.9978368470200267,0.06573908068365164,0));
#9586=DIRECTION('',(0,0,1));
#9587=DIRECTION('',(0.02499233662905593,-0.0016465349410949496,-0.9996862868082705));
#9588=FACE_SURFACE('',(#9593),#9589,.T.);
#9589=PLANE('',#9590);
#9590=AXIS2_PLACEMENT_3D('',#150,#9591,#9592);
#9591=DIRECTION('',(0.06573908068365164,0.9978368470200267,-0));
#9592=DIRECTION('',(-0.02499233662905593,0.0016465349410949496,0.9996862868082705));
#9593=FACE_BOUND('',#9594,.T.);
#9594=EDGE_LOOP('',(#9595,#9596,#9597));
#9595=ORIENTED_EDGE('',*,*,#9598,.T.);
#9596=ORIENTED_EDGE('',*,*,#9599,.T.);
#9597=ORIENTED_EDGE('',*,*,#9600,.T.);
#9598=EDGE_CURVE('',#151,#145,#9601,.F.);
#9599=EDGE_CURVE('',#145,#147,#9602,.T.);
#9600=EDGE_CURVE('',#147,#151,#9603,.T.);
#9601=LINE('',#150,#9604);
#9602=LINE('',#144,#9605);
#9603=LINE('',#146,#9606);
#9604=VECTOR('',#9607,1.0);
#9605=VECTOR('',#9608,1.0);
#9606=VECTOR('',#9609,1.0);
#9607=DIRECTION('',(-0.02499233662905593,0.0016465349410949496,0.9996862868082705));
#9608=DIRECTION('',(0.9978368470200267,-0.06573908068365164,0));
#9609=DIRECTION('',(0,0,-1));
#9610=FACE_SURFACE('',(#9615),#9611,.T.);
#9611=PLANE('',#9612);
#9612=AXIS2_PLACEMENT_3D('',#474,#9613,#9614);
#9613=DIRECTION('',(-0,0,1));
#9614=DIRECTION('',(0.19521195404843472,-0.9807610784470353,0));
#9615=FACE_BOUND('',#9616,.T.);
#9616=EDGE_LOOP('',(#9617,#9618,#9619));
#9617=ORIENTED_EDGE('',*,*,#9620,.T.);
#9618=ORIENTED_EDGE('',*,*,#9621,.T.);
#9619=ORIENTED_EDGE('',*,*,#9622,.T.);
#9620=EDGE_CURVE('',#475,#565,#9623,.F.);
#9621=EDGE_CURVE('',#565,#57,#9624,.T.);
#9622=EDGE_CURVE('',#57,#475,#9625,.T.);
#9623=LINE('',#474,#9626);
#9624=LINE('',#564,#9627);
#9625=LINE('',#56,#9628);
#9626=VECTOR('',#9629,1.0);
#9627=VECTOR('',#9630,1.0);
#9628=VECTOR('',#9631,1.0);
#9629=DIRECTION('',(0.19521195404843472,-0.9807610784470353,0));
#9630=DIRECTION('',(0.1944564834932244,0.9809111458370984,0));
#9631=DIRECTION('',(-0.19643057840233089,-0.9805177346017387,0));
#9632=FACE_SURFACE('',(#9637),#9633,.T.);
#9633=PLANE('',#9634);
#9634=AXIS2_PLACEMENT_3D('',#462,#9635,#9636);
#9635=DIRECTION('',(-0.6585084187126559,-0.7525733602012215,0));
#9636=DIRECTION('',(0,0,1));
#9637=FACE_BOUND('',#9638,.T.);
#9638=EDGE_LOOP('',(#9639,#9640,#9641));
#9639=ORIENTED_EDGE('',*,*,#9642,.T.);
#9640=ORIENTED_EDGE('',*,*,#9643,.T.);
#9641=ORIENTED_EDGE('',*,*,#9644,.T.);
#9642=EDGE_CURVE('',#463,#563,#9645,.F.);
#9643=EDGE_CURVE('',#563,#561,#9646,.T.);
#9644=EDGE_CURVE('',#561,#463,#9647,.T.);
#9645=LINE('',#462,#9648);
#9646=LINE('',#562,#9649);
#9647=LINE('',#560,#9650);
#9648=VECTOR('',#9651,1.0);
#9649=VECTOR('',#9652,1.0);
#9650=VECTOR('',#9653,1.0);
#9651=DIRECTION('',(0,0,1));
#9652=DIRECTION('',(-0.7525733602012215,0.6585084187126559,0));
#9653=DIRECTION('',(0.018817626134104506,-0.016465591110190077,-0.9996873417504442));
#9654=FACE_SURFACE('',(#9659),#9655,.T.);
#9655=PLANE('',#9656);
#9656=AXIS2_PLACEMENT_3D('',#520,#9657,#9658);
#9657=DIRECTION('',(0.6585058781555257,-0.7525755832038533,0));
#9658=DIRECTION('',(0,0,-1));
#9659=FACE_BOUND('',#9660,.T.);
#9660=EDGE_LOOP('',(#9661,#9662,#9663));
#9661=ORIENTED_EDGE('',*,*,#9664,.T.);
#9662=ORIENTED_EDGE('',*,*,#9665,.T.);
#9663=ORIENTED_EDGE('',*,*,#9666,.T.);
#9664=EDGE_CURVE('',#521,#285,#9667,.F.);
#9665=EDGE_CURVE('',#285,#315,#9668,.T.);
#9666=EDGE_CURVE('',#315,#521,#9669,.T.);
#9667=LINE('',#520,#9670);
#9668=LINE('',#284,#9671);
#9669=LINE('',#314,#9672);
#9670=VECTOR('',#9673,1.0);
#9671=VECTOR('',#9674,1.0);
#9672=VECTOR('',#9675,1.0);
#9673=DIRECTION('',(0,0,-1));
#9674=DIRECTION('',(0.7525755832038533,0.6585058781555257,0));
#9675=DIRECTION('',(-0.03197108064714112,-0.0279747908475846,0.9990972230365212));
#9676=FACE_SURFACE('',(#9681),#9677,.T.);
#9677=PLANE('',#9678);
#9678=AXIS2_PLACEMENT_3D('',#562,#9679,#9680);
#9679=DIRECTION('',(-0.7525733602012215,-0.6585084187126559,-0));
#9680=DIRECTION('',(0,0,-1));
#9681=FACE_BOUND('',#9682,.T.);
#9682=EDGE_LOOP('',(#9683,#9684,#9685));
#9683=ORIENTED_EDGE('',*,*,#9686,.T.);
#9684=ORIENTED_EDGE('',*,*,#9687,.T.);
#9685=ORIENTED_EDGE('',*,*,#9688,.T.);
#9686=EDGE_CURVE('',#563,#463,#9689,.F.);
#9687=EDGE_CURVE('',#463,#461,#9690,.T.);
#9688=EDGE_CURVE('',#461,#563,#9691,.T.);
#9689=LINE('',#562,#9692);
#9690=LINE('',#462,#9693);
#9691=LINE('',#460,#9694);
#9692=VECTOR('',#9695,1.0);
#9693=VECTOR('',#9696,1.0);
#9694=VECTOR('',#9697,1.0);
#9695=DIRECTION('',(0,0,-1));
#9696=DIRECTION('',(0.016465591110190077,-0.018817626134104506,0.9996873417504442));
#9697=DIRECTION('',(-0.6585084187126559,0.7525733602012215,0));
#9698=FACE_SURFACE('',(#9703),#9699,.T.);
#9699=PLANE('',#9700);
#9700=AXIS2_PLACEMENT_3D('',#418,#9701,#9702);
#9701=DIRECTION('',(0.9807610784470354,0.19521195404843475,-0));
#9702=DIRECTION('',(0,0,1));
#9703=FACE_BOUND('',#9704,.T.);
#9704=EDGE_LOOP('',(#9705,#9706,#9707));
#9705=ORIENTED_EDGE('',*,*,#9708,.T.);
#9706=ORIENTED_EDGE('',*,*,#9709,.T.);
#9707=ORIENTED_EDGE('',*,*,#9710,.T.);
#9708=EDGE_CURVE('',#419,#567,#9711,.F.);
#9709=EDGE_CURVE('',#567,#557,#9712,.T.);
#9710=EDGE_CURVE('',#557,#419,#9713,.T.);
#9711=LINE('',#418,#9714);
#9712=LINE('',#566,#9715);
#9713=LINE('',#556,#9716);
#9714=VECTOR('',#9717,1.0);
#9715=VECTOR('',#9718,1.0);
#9716=VECTOR('',#9719,1.0);
#9717=DIRECTION('',(0,0,1));
#9718=DIRECTION('',(0.19521195404843472,-0.9807610784470353,0));
#9719=DIRECTION('',(-0.008292526168644636,0.04166234054597021,-0.999097334292297));
#9720=FACE_SURFACE('',(#9725),#9721,.T.);
#9721=PLANE('',#9722);
#9722=AXIS2_PLACEMENT_3D('',#534,#9723,#9724);
#9723=DIRECTION('',(0,0,1));
#9724=DIRECTION('',(-0.793372242737961,0.6087367940686171,0));
#9725=FACE_BOUND('',#9726,.T.);
#9726=EDGE_LOOP('',(#9727,#9728,#9729));
#9727=ORIENTED_EDGE('',*,*,#9730,.T.);
#9728=ORIENTED_EDGE('',*,*,#9731,.T.);
#9729=ORIENTED_EDGE('',*,*,#9732,.T.);
#9730=EDGE_CURVE('',#535,#497,#9733,.F.);
#9731=EDGE_CURVE('',#497,#495,#9734,.T.);
#9732=EDGE_CURVE('',#495,#535,#9735,.T.);
#9733=LINE('',#534,#9736);
#9734=LINE('',#496,#9737);
#9735=LINE('',#494,#9738);
#9736=VECTOR('',#9739,1.0);
#9737=VECTOR('',#9740,1.0);
#9738=VECTOR('',#9741,1.0);
#9739=DIRECTION('',(-0.793372242737961,0.6087367940686171,0));
#9740=DIRECTION('',(0.7536975584168083,-0.6572214165991108,0));
#9741=DIRECTION('',(0.5563233425683655,0.8309659069501956,0));
#9742=FACE_SURFACE('',(#9747),#9743,.T.);
#9743=PLANE('',#9744);
#9744=AXIS2_PLACEMENT_3D('',#524,#9745,#9746);
#9745=DIRECTION('',(-0,0,1));
#9746=DIRECTION('',(0.9238904833244493,-0.3826569936934584,0));
#9747=FACE_BOUND('',#9748,.T.);
#9748=EDGE_LOOP('',(#9749,#9750,#9751));
#9749=ORIENTED_EDGE('',*,*,#9752,.T.);
#9750=ORIENTED_EDGE('',*,*,#9753,.T.);
#9751=ORIENTED_EDGE('',*,*,#9754,.T.);
#9752=EDGE_CURVE('',#525,#327,#9755,.F.);
#9753=EDGE_CURVE('',#327,#493,#9756,.T.);
#9754=EDGE_CURVE('',#493,#525,#9757,.T.);
#9755=LINE('',#524,#9758);
#9756=LINE('',#326,#9759);
#9757=LINE('',#492,#9760);
#9758=VECTOR('',#9761,1.0);
#9759=VECTOR('',#9762,1.0);
#9760=VECTOR('',#9763,1.0);
#9761=DIRECTION('',(0.9238904833244493,-0.3826569936934584,0));
#9762=DIRECTION('',(-0.8330691098992242,0.5531689236858071,0));
#9763=DIRECTION('',(-0.44261764091363964,-0.8967104459924866,0));
#9764=FACE_SURFACE('',(#9769),#9765,.T.);
#9765=PLANE('',#9766);
#9766=AXIS2_PLACEMENT_3D('',#520,#9767,#9768);
#9767=DIRECTION('',(0,0,1));
#9768=DIRECTION('',(-0.8298680754707729,0.5579596556333043,0));
#9769=FACE_BOUND('',#9770,.T.);
#9770=EDGE_LOOP('',(#9771,#9772,#9773));
#9771=ORIENTED_EDGE('',*,*,#9774,.T.);
#9772=ORIENTED_EDGE('',*,*,#9775,.T.);
#9773=ORIENTED_EDGE('',*,*,#9776,.T.);
#9774=EDGE_CURVE('',#521,#497,#9777,.F.);
#9775=EDGE_CURVE('',#497,#535,#9778,.T.);
#9776=EDGE_CURVE('',#535,#521,#9779,.T.);
#9777=LINE('',#520,#9780);
#9778=LINE('',#496,#9781);
#9779=LINE('',#534,#9782);
#9780=VECTOR('',#9783,1.0);
#9781=VECTOR('',#9784,1.0);
#9782=VECTOR('',#9785,1.0);
#9783=DIRECTION('',(-0.8298680754707729,0.5579596556333043,0));
#9784=DIRECTION('',(0.793372242737961,-0.6087367940686171,0));
#9785=DIRECTION('',(0.6585033375758821,0.7525778062110414,0));
#9786=FACE_SURFACE('',(#9791),#9787,.T.);
#9787=PLANE('',#9788);
#9788=AXIS2_PLACEMENT_3D('',#44,#9789,#9790);
#9789=DIRECTION('',(-0.8309659069501956,-0.5563233425683656,0));
#9790=DIRECTION('',(0,0,1));
#9791=FACE_BOUND('',#9792,.T.);
#9792=EDGE_LOOP('',(#9793,#9794,#9795));
#9793=ORIENTED_EDGE('',*,*,#9796,.T.);
#9794=ORIENTED_EDGE('',*,*,#9797,.T.);
#9795=ORIENTED_EDGE('',*,*,#9798,.T.);
#9796=EDGE_CURVE('',#45,#569,#9799,.F.);
#9797=EDGE_CURVE('',#569,#461,#9800,.T.);
#9798=EDGE_CURVE('',#461,#45,#9801,.T.);
#9799=LINE('',#44,#9802);
#9800=LINE('',#568,#9803);
#9801=LINE('',#460,#9804);
#9802=VECTOR('',#9805,1.0);
#9803=VECTOR('',#9806,1.0);
#9804=VECTOR('',#9807,1.0);
#9805=DIRECTION('',(0,0,1));
#9806=DIRECTION('',(-0.5563233425683655,0.8309659069501956,0));
#9807=DIRECTION('',(0.013936772461196206,-0.020816999543306507,-0.9996861602039807));
#9808=FACE_SURFACE('',(#9813),#9809,.T.);
#9809=PLANE('',#9810);
#9810=AXIS2_PLACEMENT_3D('',#428,#9811,#9812);
#9811=DIRECTION('',(0,0,1));
#9812=DIRECTION('',(-0.6585084187126559,-0.7525733602012215,0));
#9813=FACE_BOUND('',#9814,.T.);
#9814=EDGE_LOOP('',(#9815,#9816,#9817));
#9815=ORIENTED_EDGE('',*,*,#9818,.T.);
#9816=ORIENTED_EDGE('',*,*,#9819,.T.);
#9817=ORIENTED_EDGE('',*,*,#9820,.T.);
#9818=EDGE_CURVE('',#429,#393,#9821,.F.);
#9819=EDGE_CURVE('',#393,#501,#9822,.T.);
#9820=EDGE_CURVE('',#501,#429,#9823,.T.);
#9821=LINE('',#428,#9824);
#9822=LINE('',#392,#9825);
#9823=LINE('',#500,#9826);
#9824=VECTOR('',#9827,1.0);
#9825=VECTOR('',#9828,1.0);
#9826=VECTOR('',#9829,1.0);
#9827=DIRECTION('',(-0.6585084187126559,-0.7525733602012215,0));
#9828=DIRECTION('',(-0.014122700234078767,-0.9999002696959824,0));
#9829=DIRECTION('',(0.01779366197059407,0.9998416802642688,0));
#9830=FACE_SURFACE('',(#9835),#9831,.T.);
#9831=PLANE('',#9832);
#9832=AXIS2_PLACEMENT_3D('',#460,#9833,#9834);
#9833=DIRECTION('',(0,-0,1));
#9834=DIRECTION('',(0.20594724611085954,0.978563095471801,0));
#9835=FACE_BOUND('',#9836,.T.);
#9836=EDGE_LOOP('',(#9837,#9838,#9839));
#9837=ORIENTED_EDGE('',*,*,#9840,.T.);
#9838=ORIENTED_EDGE('',*,*,#9841,.T.);
#9839=ORIENTED_EDGE('',*,*,#9842,.T.);
#9840=EDGE_CURVE('',#461,#57,#9843,.F.);
#9841=EDGE_CURVE('',#57,#563,#9844,.T.);
#9842=EDGE_CURVE('',#563,#461,#9845,.T.);
#9843=LINE('',#460,#9846);
#9844=LINE('',#56,#9847);
#9845=LINE('',#562,#9848);
#9846=VECTOR('',#9849,1.0);
#9847=VECTOR('',#9850,1.0);
#9848=VECTOR('',#9851,1.0);
#9849=DIRECTION('',(0.20594724611085954,0.978563095471801,0));
#9850=DIRECTION('',(-0.21013056921600853,-0.9776733318859405,0));
#9851=DIRECTION('',(0.6585084187126559,-0.7525733602012215,0));
#9852=FACE_SURFACE('',(#9857),#9853,.T.);
#9853=PLANE('',#9854);
#9854=AXIS2_PLACEMENT_3D('',#568,#9855,#9856);
#9855=DIRECTION('',(0,-0,1));
#9856=DIRECTION('',(0.202218402553274,0.9793404503382888,0));
#9857=FACE_BOUND('',#9858,.T.);
#9858=EDGE_LOOP('',(#9859,#9860,#9861));
#9859=ORIENTED_EDGE('',*,*,#9862,.T.);
#9860=ORIENTED_EDGE('',*,*,#9863,.T.);
#9861=ORIENTED_EDGE('',*,*,#9864,.T.);
#9862=EDGE_CURVE('',#569,#57,#9865,.F.);
#9863=EDGE_CURVE('',#57,#461,#9866,.T.);
#9864=EDGE_CURVE('',#461,#569,#9867,.T.);
#9865=LINE('',#568,#9868);
#9866=LINE('',#56,#9869);
#9867=LINE('',#460,#9870);
#9868=VECTOR('',#9871,1.0);
#9869=VECTOR('',#9872,1.0);
#9870=VECTOR('',#9873,1.0);
#9871=DIRECTION('',(0.202218402553274,0.9793404503382888,0));
#9872=DIRECTION('',(-0.20594724611085954,-0.978563095471801,0));
#9873=DIRECTION('',(0.5563233425683655,-0.8309659069501956,0));
#9874=FACE_SURFACE('',(#9879),#9875,.T.);
#9875=PLANE('',#9876);
#9876=AXIS2_PLACEMENT_3D('',#570,#9877,#9878);
#9877=DIRECTION('',(0,-0,1));
#9878=DIRECTION('',(0.19903470081454833,0.9799924427625263,0));
#9879=FACE_BOUND('',#9880,.T.);
#9880=EDGE_LOOP('',(#9881,#9882,#9883));
#9881=ORIENTED_EDGE('',*,*,#9884,.T.);
#9882=ORIENTED_EDGE('',*,*,#9885,.T.);
#9883=ORIENTED_EDGE('',*,*,#9886,.T.);
#9884=EDGE_CURVE('',#571,#57,#9887,.F.);
#9885=EDGE_CURVE('',#57,#569,#9888,.T.);
#9886=EDGE_CURVE('',#569,#571,#9889,.T.);
#9887=LINE('',#570,#9890);
#9888=LINE('',#56,#9891);
#9889=LINE('',#568,#9892);
#9890=VECTOR('',#9893,1.0);
#9891=VECTOR('',#9894,1.0);
#9892=VECTOR('',#9895,1.0);
#9893=DIRECTION('',(0.19903470081454833,0.9799924427625263,0));
#9894=DIRECTION('',(-0.202218402553274,-0.9793404503382888,0));
#9895=DIRECTION('',(0.4424989507560144,-0.8967690218667381,0));
#9896=FACE_SURFACE('',(#9901),#9897,.T.);
#9897=PLANE('',#9898);
#9898=AXIS2_PLACEMENT_3D('',#60,#9899,#9900);
#9899=DIRECTION('',(0,-0,1));
#9900=DIRECTION('',(0,1,0));
#9901=FACE_BOUND('',#9902,.T.);
#9902=EDGE_LOOP('',(#9903,#9904,#9905));
#9903=ORIENTED_EDGE('',*,*,#9906,.T.);
#9904=ORIENTED_EDGE('',*,*,#9907,.T.);
#9905=ORIENTED_EDGE('',*,*,#9908,.T.);
#9906=EDGE_CURVE('',#61,#57,#9909,.F.);
#9907=EDGE_CURVE('',#57,#565,#9910,.T.);
#9908=EDGE_CURVE('',#565,#61,#9911,.T.);
#9909=LINE('',#60,#9912);
#9910=LINE('',#56,#9913);
#9911=LINE('',#564,#9914);
#9912=VECTOR('',#9915,1.0);
#9913=VECTOR('',#9916,1.0);
#9914=VECTOR('',#9917,1.0);
#9915=DIRECTION('',(0,1,0));
#9916=DIRECTION('',(-0.1944564834932244,-0.9809111458370984,0));
#9917=DIRECTION('',(0.397413044500611,-0.9176398378779963,0));
#9918=FACE_SURFACE('',(#9923),#9919,.T.);
#9919=PLANE('',#9920);
#9920=AXIS2_PLACEMENT_3D('',#392,#9921,#9922);
#9921=DIRECTION('',(0,0,1));
#9922=DIRECTION('',(-0.7525755832038533,-0.6585058781555257,0));
#9923=FACE_BOUND('',#9924,.T.);
#9924=EDGE_LOOP('',(#9925,#9926,#9927));
#9925=ORIENTED_EDGE('',*,*,#9928,.T.);
#9926=ORIENTED_EDGE('',*,*,#9929,.T.);
#9927=ORIENTED_EDGE('',*,*,#9930,.T.);
#9928=EDGE_CURVE('',#393,#401,#9931,.F.);
#9929=EDGE_CURVE('',#401,#501,#9932,.T.);
#9930=EDGE_CURVE('',#501,#393,#9933,.T.);
#9931=LINE('',#392,#9934);
#9932=LINE('',#400,#9935);
#9933=LINE('',#500,#9936);
#9934=VECTOR('',#9937,1.0);
#9935=VECTOR('',#9938,1.0);
#9936=VECTOR('',#9939,1.0);
#9937=DIRECTION('',(-0.7525755832038533,-0.6585058781555257,0));
#9938=DIRECTION('',(-0.009876567504845557,-0.9999512255176861,0));
#9939=DIRECTION('',(0.014122700234078767,0.9999002696959824,0));
#9940=FACE_SURFACE('',(#9945),#9941,.T.);
#9941=PLANE('',#9942);
#9942=AXIS2_PLACEMENT_3D('',#322,#9943,#9944);
#9943=DIRECTION('',(0.9978368083138175,0.06573966819275852,0));
#9944=DIRECTION('',(0.002797451537428917,-0.04246142687145683,0.9990941905010436));
#9945=FACE_BOUND('',#9946,.T.);
#9946=EDGE_LOOP('',(#9947,#9948,#9949));
#9947=ORIENTED_EDGE('',*,*,#9950,.T.);
#9948=ORIENTED_EDGE('',*,*,#9951,.T.);
#9949=ORIENTED_EDGE('',*,*,#9952,.T.);
#9950=EDGE_CURVE('',#323,#567,#9953,.F.);
#9951=EDGE_CURVE('',#567,#419,#9954,.T.);
#9952=EDGE_CURVE('',#419,#323,#9955,.T.);
#9953=LINE('',#322,#9956);
#9954=LINE('',#566,#9957);
#9955=LINE('',#418,#9958);
#9956=VECTOR('',#9959,1.0);
#9957=VECTOR('',#9960,1.0);
#9958=VECTOR('',#9961,1.0);
#9959=DIRECTION('',(0.002797451537428917,-0.04246142687145683,0.9990941905010436));
#9960=DIRECTION('',(0,0,-1));
#9961=DIRECTION('',(-0.06573966819275853,0.9978368083138175,0));
#9962=FACE_SURFACE('',(#9967),#9963,.T.);
#9963=PLANE('',#9964);
#9964=AXIS2_PLACEMENT_3D('',#42,#9965,#9966);
#9965=DIRECTION('',(-0.8967690218667382,-0.4424989507560145,0));
#9966=DIRECTION('',(0,0,1));
#9967=FACE_BOUND('',#9968,.T.);
#9968=EDGE_LOOP('',(#9969,#9970,#9971));
#9969=ORIENTED_EDGE('',*,*,#9972,.T.);
#9970=ORIENTED_EDGE('',*,*,#9973,.T.);
#9971=ORIENTED_EDGE('',*,*,#9974,.T.);
#9972=EDGE_CURVE('',#43,#571,#9975,.F.);
#9973=EDGE_CURVE('',#571,#45,#9976,.T.);
#9974=EDGE_CURVE('',#45,#43,#9977,.T.);
#9975=LINE('',#42,#9978);
#9976=LINE('',#570,#9979);
#9977=LINE('',#44,#9980);
#9978=VECTOR('',#9981,1.0);
#9979=VECTOR('',#9982,1.0);
#9980=VECTOR('',#9983,1.0);
#9981=DIRECTION('',(0,0,1));
#9982=DIRECTION('',(-0.011055355403055541,0.02240479945601888,-0.9996878533213494));
#9983=DIRECTION('',(0.4424989507560144,-0.8967690218667381,0));
#9984=FACE_SURFACE('',(#9989),#9985,.T.);
#9985=PLANE('',#9986);
#9986=AXIS2_PLACEMENT_3D('',#568,#9987,#9988);
#9987=DIRECTION('',(-0.8967690218667382,-0.4424989507560145,-0));
#9988=DIRECTION('',(0,0,-1));
#9989=FACE_BOUND('',#9990,.T.);
#9990=EDGE_LOOP('',(#9991,#9992,#9993));
#9991=ORIENTED_EDGE('',*,*,#9994,.T.);
#9992=ORIENTED_EDGE('',*,*,#9995,.T.);
#9993=ORIENTED_EDGE('',*,*,#9996,.T.);
#9994=EDGE_CURVE('',#569,#45,#9997,.F.);
#9995=EDGE_CURVE('',#45,#571,#9998,.T.);
#9996=EDGE_CURVE('',#571,#569,#9999,.T.);
#9997=LINE('',#568,#10000);
#9998=LINE('',#44,#10001);
#9999=LINE('',#570,#10002);
#10000=VECTOR('',#10003,1.0);
#10001=VECTOR('',#10004,1.0);
#10002=VECTOR('',#10005,1.0);
#10003=DIRECTION('',(0,0,-1));
#10004=DIRECTION('',(0.011055355403055541,-0.02240479945601888,0.9996878533213494));
#10005=DIRECTION('',(-0.4424989507560144,0.8967690218667381,0));
#10006=FACE_SURFACE('',(#10011),#10007,.T.);
#10007=PLANE('',#10008);
#10008=AXIS2_PLACEMENT_3D('',#254,#10009,#10010);
#10009=DIRECTION('',(0,-0,1));
#10010=DIRECTION('',(0.32186152183993644,0.9467867556946918,0));
#10011=FACE_BOUND('',#10012,.T.);
#10012=EDGE_LOOP('',(#10013,#10014,#10015));
#10013=ORIENTED_EDGE('',*,*,#10016,.T.);
#10014=ORIENTED_EDGE('',*,*,#10017,.T.);
#10015=ORIENTED_EDGE('',*,*,#10018,.T.);
#10016=EDGE_CURVE('',#255,#327,#10019,.F.);
#10017=EDGE_CURVE('',#327,#525,#10020,.T.);
#10018=EDGE_CURVE('',#525,#255,#10021,.T.);
#10019=LINE('',#254,#10022);
#10020=LINE('',#326,#10023);
#10021=LINE('',#524,#10024);
#10022=VECTOR('',#10025,1.0);
#10023=VECTOR('',#10026,1.0);
#10024=VECTOR('',#10027,1.0);
#10025=DIRECTION('',(0.32186152183993644,0.9467867556946918,0));
#10026=DIRECTION('',(-0.9238904833244493,0.3826569936934584,0));
#10027=DIRECTION('',(0.8981374798464288,-0.4397147567402142,0));
#10028=FACE_SURFACE('',(#10033),#10029,.T.);
#10029=PLANE('',#10030);
#10030=AXIS2_PLACEMENT_3D('',#494,#10031,#10032);
#10031=DIRECTION('',(0,0,1));
#10032=DIRECTION('',(-0.8659906443700084,0.5000602002395488,0));
#10033=FACE_BOUND('',#10034,.T.);
#10034=EDGE_LOOP('',(#10035,#10036,#10037));
#10035=ORIENTED_EDGE('',*,*,#10038,.T.);
#10036=ORIENTED_EDGE('',*,*,#10039,.T.);
#10037=ORIENTED_EDGE('',*,*,#10040,.T.);
#10038=EDGE_CURVE('',#495,#493,#10041,.F.);
#10039=EDGE_CURVE('',#493,#327,#10042,.T.);
#10040=EDGE_CURVE('',#327,#495,#10043,.T.);
#10041=LINE('',#494,#10044);
#10042=LINE('',#492,#10045);
#10043=LINE('',#326,#10046);
#10044=VECTOR('',#10047,1.0);
#10045=VECTOR('',#10048,1.0);
#10046=VECTOR('',#10049,1.0);
#10047=DIRECTION('',(-0.8659906443700084,0.5000602002395488,0));
#10048=DIRECTION('',(0.8330691098992242,-0.5531689236858071,0));
#10049=DIRECTION('',(0.4424935115219267,0.8967717057651822,0));
#10050=FACE_SURFACE('',(#10055),#10051,.T.);
#10051=PLANE('',#10052);
#10052=AXIS2_PLACEMENT_3D('',#524,#10053,#10054);
#10053=DIRECTION('',(0,0,1));
#10054=DIRECTION('',(-0.32103795131976126,-0.9470663302073464,0));
#10055=FACE_BOUND('',#10056,.T.);
#10056=EDGE_LOOP('',(#10057,#10058,#10059));
#10057=ORIENTED_EDGE('',*,*,#10060,.T.);
#10058=ORIENTED_EDGE('',*,*,#10061,.T.);
#10059=ORIENTED_EDGE('',*,*,#10062,.T.);
#10060=EDGE_CURVE('',#525,#531,#10063,.F.);
#10061=EDGE_CURVE('',#531,#255,#10064,.T.);
#10062=EDGE_CURVE('',#255,#525,#10065,.T.);
#10063=LINE('',#524,#10066);
#10064=LINE('',#530,#10067);
#10065=LINE('',#254,#10068);
#10066=VECTOR('',#10069,1.0);
#10067=VECTOR('',#10070,1.0);
#10068=VECTOR('',#10071,1.0);
#10069=DIRECTION('',(-0.32103795131976126,-0.9470663302073464,0));
#10070=DIRECTION('',(0.9659341311390932,-0.25878804899099384,0));
#10071=DIRECTION('',(-0.8981374798464288,0.4397147567402142,0));
#10072=FACE_SURFACE('',(#10077),#10073,.T.);
#10073=PLANE('',#10074);
#10074=AXIS2_PLACEMENT_3D('',#324,#10075,#10076);
#10075=DIRECTION('',(0,-0,1));
#10076=DIRECTION('',(0.19521195404843472,0.9807610784470353,0));
#10077=FACE_BOUND('',#10078,.T.);
#10078=EDGE_LOOP('',(#10079,#10080,#10081));
#10079=ORIENTED_EDGE('',*,*,#10082,.T.);
#10080=ORIENTED_EDGE('',*,*,#10083,.T.);
#10081=ORIENTED_EDGE('',*,*,#10084,.T.);
#10082=EDGE_CURVE('',#325,#255,#10085,.F.);
#10083=EDGE_CURVE('',#255,#531,#10086,.T.);
#10084=EDGE_CURVE('',#531,#325,#10087,.T.);
#10085=LINE('',#324,#10088);
#10086=LINE('',#254,#10089);
#10087=LINE('',#530,#10090);
#10088=VECTOR('',#10091,1.0);
#10089=VECTOR('',#10092,1.0);
#10090=VECTOR('',#10093,1.0);
#10091=DIRECTION('',(0.19521195404843472,0.9807610784470353,0));
#10092=DIRECTION('',(-0.9659341311390932,0.25878804899099384,0));
#10093=DIRECTION('',(0.9478698796076291,-0.31865763968971267,0));
#10094=FACE_SURFACE('',(#10099),#10095,.T.);
#10095=PLANE('',#10096);
#10096=AXIS2_PLACEMENT_3D('',#530,#10097,#10098);
#10097=DIRECTION('',(0,0,1));
#10098=DIRECTION('',(-0.19494361758796297,-0.980814450322648,0));
#10099=FACE_BOUND('',#10100,.T.);
#10100=EDGE_LOOP('',(#10101,#10102,#10103));
#10101=ORIENTED_EDGE('',*,*,#10104,.T.);
#10102=ORIENTED_EDGE('',*,*,#10105,.T.);
#10103=ORIENTED_EDGE('',*,*,#10106,.T.);
#10104=EDGE_CURVE('',#531,#533,#10107,.F.);
#10105=EDGE_CURVE('',#533,#325,#10108,.T.);
#10106=EDGE_CURVE('',#325,#531,#10109,.T.);
#10107=LINE('',#530,#10110);
#10108=LINE('',#532,#10111);
#10109=LINE('',#324,#10112);
#10110=VECTOR('',#10113,1.0);
#10111=VECTOR('',#10114,1.0);
#10112=VECTOR('',#10115,1.0);
#10113=DIRECTION('',(-0.19494361758796297,-0.980814450322648,0));
#10114=DIRECTION('',(0.9914568049231505,-0.13043543986040734,0));
#10115=DIRECTION('',(-0.9478698796076291,0.31865763968971267,0));
#10116=FACE_SURFACE('',(#10121),#10117,.T.);
#10117=PLANE('',#10118);
#10118=AXIS2_PLACEMENT_3D('',#320,#10119,#10120);
#10119=DIRECTION('',(0,-0,1));
#10120=DIRECTION('',(0.06573966819275853,0.9978368083138175,0));
#10121=FACE_BOUND('',#10122,.T.);
#10122=EDGE_LOOP('',(#10123,#10124,#10125));
#10123=ORIENTED_EDGE('',*,*,#10126,.T.);
#10124=ORIENTED_EDGE('',*,*,#10127,.T.);
#10125=ORIENTED_EDGE('',*,*,#10128,.T.);
#10126=EDGE_CURVE('',#321,#325,#10129,.F.);
#10127=EDGE_CURVE('',#325,#533,#10130,.T.);
#10128=EDGE_CURVE('',#533,#321,#10131,.T.);
#10129=LINE('',#320,#10132);
#10130=LINE('',#324,#10133);
#10131=LINE('',#532,#10134);
#10132=VECTOR('',#10135,1.0);
#10133=VECTOR('',#10136,1.0);
#10134=VECTOR('',#10137,1.0);
#10135=DIRECTION('',(0.06573966819275853,0.9978368083138175,0));
#10136=DIRECTION('',(-0.9914568049231505,0.13043543986040734,0));
#10137=DIRECTION('',(0.9813437461201412,-0.19226141565818133,0));
#10138=FACE_SURFACE('',(#10143),#10139,.T.);
#10139=PLANE('',#10140);
#10140=AXIS2_PLACEMENT_3D('',#320,#10141,#10142);
#10141=DIRECTION('',(0,0,1));
#10142=DIRECTION('',(-0.9813437461201412,0.19226141565818133,0));
#10143=FACE_BOUND('',#10144,.T.);
#10144=EDGE_LOOP('',(#10145,#10146,#10147));
#10145=ORIENTED_EDGE('',*,*,#10148,.T.);
#10146=ORIENTED_EDGE('',*,*,#10149,.T.);
#10147=ORIENTED_EDGE('',*,*,#10150,.T.);
#10148=EDGE_CURVE('',#321,#533,#10151,.F.);
#10149=EDGE_CURVE('',#533,#85,#10152,.T.);
#10150=EDGE_CURVE('',#85,#321,#10153,.T.);
#10151=LINE('',#320,#10154);
#10152=LINE('',#532,#10155);
#10153=LINE('',#84,#10156);
#10154=VECTOR('',#10157,1.0);
#10155=VECTOR('',#10158,1.0);
#10156=VECTOR('',#10159,1.0);
#10157=DIRECTION('',(-0.9813437461201412,0.19226141565818133,0));
#10158=DIRECTION('',(-0.06575661894339951,-0.9978356914167446,0));
#10159=DIRECTION('',(1,0,0));
#10160=FACE_SURFACE('',(#10165),#10161,.T.);
#10161=PLANE('',#10162);
#10162=AXIS2_PLACEMENT_3D('',#42,#10163,#10164);
#10163=DIRECTION('',(-0.9467890225088132,-0.3218548537101871,0));
#10164=DIRECTION('',(0.008056135328262088,-0.023698447933030383,0.9996866920436313));
#10165=FACE_BOUND('',#10166,.T.);
#10166=EDGE_LOOP('',(#10167,#10168,#10169));
#10167=ORIENTED_EDGE('',*,*,#10170,.T.);
#10168=ORIENTED_EDGE('',*,*,#10171,.T.);
#10169=ORIENTED_EDGE('',*,*,#10172,.T.);
#10170=EDGE_CURVE('',#43,#475,#10173,.F.);
#10171=EDGE_CURVE('',#475,#571,#10174,.T.);
#10172=EDGE_CURVE('',#571,#43,#10175,.T.);
#10173=LINE('',#42,#10176);
#10174=LINE('',#474,#10177);
#10175=LINE('',#570,#10178);
#10176=VECTOR('',#10179,1.0);
#10177=VECTOR('',#10180,1.0);
#10178=VECTOR('',#10181,1.0);
#10179=DIRECTION('',(0.008056135328262088,-0.023698447933030383,0.9996866920436313));
#10180=DIRECTION('',(-0.3218548537101871,0.9467890225088132,0));
#10181=DIRECTION('',(0,0,-1));
#10182=FACE_SURFACE('',(#10187),#10183,.T.);
#10183=PLANE('',#10184);
#10184=AXIS2_PLACEMENT_3D('',#432,#10185,#10186);
#10185=DIRECTION('',(-0.9807610784470354,0.19521195404843475,0));
#10186=DIRECTION('',(0,0,1));
#10187=FACE_BOUND('',#10188,.T.);
#10188=EDGE_LOOP('',(#10189,#10190,#10191));
#10189=ORIENTED_EDGE('',*,*,#10192,.T.);
#10190=ORIENTED_EDGE('',*,*,#10193,.T.);
#10191=ORIENTED_EDGE('',*,*,#10194,.T.);
#10192=EDGE_CURVE('',#433,#527,#10195,.F.);
#10193=EDGE_CURVE('',#527,#513,#10196,.T.);
#10194=EDGE_CURVE('',#513,#433,#10197,.T.);
#10195=LINE('',#432,#10198);
#10196=LINE('',#526,#10199);
#10197=LINE('',#512,#10200);
#10198=VECTOR('',#10201,1.0);
#10199=VECTOR('',#10202,1.0);
#10200=VECTOR('',#10203,1.0);
#10201=DIRECTION('',(0,0,1));
#10202=DIRECTION('',(0.19521195404843472,0.9807610784470353,0));
#10203=DIRECTION('',(-0.008292526168644636,-0.04166234054597021,-0.999097334292297));
#10204=FACE_SURFACE('',(#10209),#10205,.T.);
#10205=PLANE('',#10206);
#10206=AXIS2_PLACEMENT_3D('',#432,#10207,#10208);
#10207=DIRECTION('',(-0.946789486698774,0.3218534882157904,0));
#10208=DIRECTION('',(-0.32185348821579046,-0.946789486698774,0));
#10209=FACE_BOUND('',#10210,.T.);
#10210=EDGE_LOOP('',(#10211,#10212,#10213));
#10211=ORIENTED_EDGE('',*,*,#10214,.T.);
#10212=ORIENTED_EDGE('',*,*,#10215,.T.);
#10213=ORIENTED_EDGE('',*,*,#10216,.T.);
#10214=EDGE_CURVE('',#433,#435,#10217,.F.);
#10215=EDGE_CURVE('',#435,#527,#10218,.T.);
#10216=EDGE_CURVE('',#527,#433,#10219,.T.);
#10217=LINE('',#432,#10220);
#10218=LINE('',#434,#10221);
#10219=LINE('',#526,#10222);
#10220=VECTOR('',#10223,1.0);
#10221=VECTOR('',#10224,1.0);
#10222=VECTOR('',#10225,1.0);
#10223=DIRECTION('',(-0.32185348821579046,-0.946789486698774,0));
#10224=DIRECTION('',(0.013687328640617561,0.040263720395782084,0.9990953357185559));
#10225=DIRECTION('',(0,0,-1));
#10226=FACE_SURFACE('',(#10231),#10227,.T.);
#10227=PLANE('',#10228);
#10228=AXIS2_PLACEMENT_3D('',#526,#10229,#10230);
#10229=DIRECTION('',(-0.946789486698774,0.3218534882157904,0));
#10230=DIRECTION('',(-0.013687328640617561,-0.040263720395782084,-0.9990953357185559));
#10231=FACE_BOUND('',#10232,.T.);
#10232=EDGE_LOOP('',(#10233,#10234,#10235));
#10233=ORIENTED_EDGE('',*,*,#10236,.T.);
#10234=ORIENTED_EDGE('',*,*,#10237,.T.);
#10235=ORIENTED_EDGE('',*,*,#10238,.T.);
#10236=EDGE_CURVE('',#527,#435,#10239,.F.);
#10237=EDGE_CURVE('',#435,#529,#10240,.T.);
#10238=EDGE_CURVE('',#529,#527,#10241,.T.);
#10239=LINE('',#526,#10242);
#10240=LINE('',#434,#10243);
#10241=LINE('',#528,#10244);
#10242=VECTOR('',#10245,1.0);
#10243=VECTOR('',#10246,1.0);
#10244=VECTOR('',#10247,1.0);
#10245=DIRECTION('',(-0.013687328640617561,-0.040263720395782084,-0.9990953357185559));
#10246=DIRECTION('',(0,0,1));
#10247=DIRECTION('',(0.32185348821579046,0.946789486698774,0));
#10248=FACE_SURFACE('',(#10253),#10249,.T.);
#10249=PLANE('',#10250);
#10250=AXIS2_PLACEMENT_3D('',#322,#10251,#10252);
#10251=DIRECTION('',(0.9978368083138175,0.06573966819275852,-0));
#10252=DIRECTION('',(0,0,1));
#10253=FACE_BOUND('',#10254,.T.);
#10254=EDGE_LOOP('',(#10255,#10256,#10257));
#10255=ORIENTED_EDGE('',*,*,#10258,.T.);
#10256=ORIENTED_EDGE('',*,*,#10259,.T.);
#10257=ORIENTED_EDGE('',*,*,#10260,.T.);
#10258=EDGE_CURVE('',#323,#321,#10261,.F.);
#10259=EDGE_CURVE('',#321,#567,#10262,.T.);
#10260=EDGE_CURVE('',#567,#323,#10263,.T.);
#10261=LINE('',#322,#10264);
#10262=LINE('',#320,#10265);
#10263=LINE('',#566,#10266);
#10264=VECTOR('',#10267,1.0);
#10265=VECTOR('',#10268,1.0);
#10266=VECTOR('',#10269,1.0);
#10267=DIRECTION('',(0,0,1));
#10268=DIRECTION('',(0.06573966819275853,-0.9978368083138175,0));
#10269=DIRECTION('',(-0.002797451537428917,0.04246142687145683,-0.9990941905010436));
#10270=FACE_SURFACE('',(#10275),#10271,.T.);
#10271=PLANE('',#10272);
#10272=AXIS2_PLACEMENT_3D('',#48,#10273,#10274);
#10273=DIRECTION('',(0,1,0));
#10274=DIRECTION('',(-1,0,0));
#10275=FACE_BOUND('',#10276,.T.);
#10276=EDGE_LOOP('',(#10277,#10278,#10279));
#10277=ORIENTED_EDGE('',*,*,#10280,.T.);
#10278=ORIENTED_EDGE('',*,*,#10281,.T.);
#10279=ORIENTED_EDGE('',*,*,#10282,.T.);
#10280=EDGE_CURVE('',#49,#91,#10283,.F.);
#10281=EDGE_CURVE('',#91,#89,#10284,.T.);
#10282=EDGE_CURVE('',#89,#49,#10285,.T.);
#10283=LINE('',#48,#10286);
#10284=LINE('',#90,#10287);
#10285=LINE('',#88,#10288);
#10286=VECTOR('',#10289,1.0);
#10287=VECTOR('',#10290,1.0);
#10288=VECTOR('',#10291,1.0);
#10289=DIRECTION('',(-1,0,0));
#10290=DIRECTION('',(0,0,1));
#10291=DIRECTION('',(0.9720822085732868,0,-0.23464053310389682));
#10292=FACE_SURFACE('',(#10297),#10293,.T.);
#10293=PLANE('',#10294);
#10294=AXIS2_PLACEMENT_3D('',#318,#10295,#10296);
#10295=DIRECTION('',(0.556319203068329,-0.8309686782890312,0));
#10296=DIRECTION('',(0,0,1));
#10297=FACE_BOUND('',#10298,.T.);
#10298=EDGE_LOOP('',(#10299,#10300,#10301));
#10299=ORIENTED_EDGE('',*,*,#10302,.T.);
#10300=ORIENTED_EDGE('',*,*,#10303,.T.);
#10301=ORIENTED_EDGE('',*,*,#10304,.T.);
#10302=EDGE_CURVE('',#319,#523,#10305,.F.);
#10303=EDGE_CURVE('',#523,#519,#10306,.T.);
#10304=EDGE_CURVE('',#519,#319,#10307,.T.);
#10305=LINE('',#318,#10308);
#10306=LINE('',#522,#10309);
#10307=LINE('',#518,#10310);
#10308=VECTOR('',#10311,1.0);
#10309=VECTOR('',#10312,1.0);
#10310=VECTOR('',#10313,1.0);
#10311=DIRECTION('',(0,0,1));
#10312=DIRECTION('',(-0.8309686782890312,-0.5563192030683289,0));
#10313=DIRECTION('',(0.03536831063626698,0.023678474172521495,-0.9990937956286176));
#10314=FACE_SURFACE('',(#10319),#10315,.T.);
#10315=PLANE('',#10316);
#10316=AXIS2_PLACEMENT_3D('',#570,#10317,#10318);
#10317=DIRECTION('',(-0,0,1));
#10318=DIRECTION('',(0.3218548537101871,-0.9467890225088132,0));
#10319=FACE_BOUND('',#10320,.T.);
#10320=EDGE_LOOP('',(#10321,#10322,#10323));
#10321=ORIENTED_EDGE('',*,*,#10324,.T.);
#10322=ORIENTED_EDGE('',*,*,#10325,.T.);
#10323=ORIENTED_EDGE('',*,*,#10326,.T.);
#10324=EDGE_CURVE('',#571,#475,#10327,.F.);
#10325=EDGE_CURVE('',#475,#57,#10328,.T.);
#10326=EDGE_CURVE('',#57,#571,#10329,.T.);
#10327=LINE('',#570,#10330);
#10328=LINE('',#474,#10331);
#10329=LINE('',#56,#10332);
#10330=VECTOR('',#10333,1.0);
#10331=VECTOR('',#10334,1.0);
#10332=VECTOR('',#10335,1.0);
#10333=DIRECTION('',(0.3218548537101871,-0.9467890225088132,0));
#10334=DIRECTION('',(0.19643057840233089,0.9805177346017387,0));
#10335=DIRECTION('',(-0.19903470081454833,-0.9799924427625263,0));
#10336=FACE_SURFACE('',(#10341),#10337,.T.);
#10337=PLANE('',#10338);
#10338=AXIS2_PLACEMENT_3D('',#60,#10339,#10340);
#10339=DIRECTION('',(0,0,1));
#10340=DIRECTION('',(-0.397413044500611,0.9176398378779963,0));
#10341=FACE_BOUND('',#10342,.T.);
#10342=EDGE_LOOP('',(#10343,#10344,#10345));
#10343=ORIENTED_EDGE('',*,*,#10346,.T.);
#10344=ORIENTED_EDGE('',*,*,#10347,.T.);
#10345=ORIENTED_EDGE('',*,*,#10348,.T.);
#10346=EDGE_CURVE('',#61,#565,#10349,.F.);
#10347=EDGE_CURVE('',#565,#573,#10350,.T.);
#10348=EDGE_CURVE('',#573,#61,#10351,.T.);
#10349=LINE('',#60,#10352);
#10350=LINE('',#564,#10353);
#10351=LINE('',#572,#10354);
#10352=VECTOR('',#10355,1.0);
#10353=VECTOR('',#10356,1.0);
#10354=VECTOR('',#10357,1.0);
#10355=DIRECTION('',(-0.397413044500611,0.9176398378779963,0));
#10356=DIRECTION('',(0.06340270920603859,-0.9979880242093763,0));
#10357=DIRECTION('',(0.40077613554753405,-0.916176014298336,0));
#10358=FACE_SURFACE('',(#10363),#10359,.T.);
#10359=PLANE('',#10360);
#10360=AXIS2_PLACEMENT_3D('',#60,#10361,#10362);
#10361=DIRECTION('',(0,0,1));
#10362=DIRECTION('',(-0.40077613554753405,0.916176014298336,0));
#10363=FACE_BOUND('',#10364,.T.);
#10364=EDGE_LOOP('',(#10365,#10366,#10367));
#10365=ORIENTED_EDGE('',*,*,#10368,.T.);
#10366=ORIENTED_EDGE('',*,*,#10369,.T.);
#10367=ORIENTED_EDGE('',*,*,#10370,.T.);
#10368=EDGE_CURVE('',#61,#573,#10371,.F.);
#10369=EDGE_CURVE('',#573,#575,#10372,.T.);
#10370=EDGE_CURVE('',#575,#61,#10373,.T.);
#10371=LINE('',#60,#10374);
#10372=LINE('',#572,#10375);
#10373=LINE('',#574,#10376);
#10374=VECTOR('',#10377,1.0);
#10375=VECTOR('',#10378,1.0);
#10376=VECTOR('',#10379,1.0);
#10377=DIRECTION('',(-0.40077613554753405,0.916176014298336,0));
#10378=DIRECTION('',(-0.06340270920603859,-0.9979880242093763,0));
#10379=DIRECTION('',(0.40536347463700506,-0.9141555958534708,0));
#10380=FACE_SURFACE('',(#10385),#10381,.T.);
#10381=PLANE('',#10382);
#10382=AXIS2_PLACEMENT_3D('',#60,#10383,#10384);
#10383=DIRECTION('',(0,0,1));
#10384=DIRECTION('',(-0.40536347463700506,0.9141555958534708,0));
#10385=FACE_BOUND('',#10386,.T.);
#10386=EDGE_LOOP('',(#10387,#10388,#10389));
#10387=ORIENTED_EDGE('',*,*,#10390,.T.);
#10388=ORIENTED_EDGE('',*,*,#10391,.T.);
#10389=ORIENTED_EDGE('',*,*,#10392,.T.);
#10390=EDGE_CURVE('',#61,#575,#10393,.F.);
#10391=EDGE_CURVE('',#575,#383,#10394,.T.);
#10392=EDGE_CURVE('',#383,#61,#10395,.T.);
#10393=LINE('',#60,#10396);
#10394=LINE('',#574,#10397);
#10395=LINE('',#382,#10398);
#10396=VECTOR('',#10399,1.0);
#10397=VECTOR('',#10400,1.0);
#10398=VECTOR('',#10401,1.0);
#10399=DIRECTION('',(-0.40536347463700506,0.9141555958534708,0));
#10400=DIRECTION('',(-0.19521195404843472,-0.9807610784470353,0));
#10401=DIRECTION('',(0.4111601654356313,-0.911563118143195,0));
#10402=FACE_SURFACE('',(#10407),#10403,.T.);
#10403=PLANE('',#10404);
#10404=AXIS2_PLACEMENT_3D('',#60,#10405,#10406);
#10405=DIRECTION('',(0,0,1));
#10406=DIRECTION('',(-0.4111601654356313,0.911563118143195,0));
#10407=FACE_BOUND('',#10408,.T.);
#10408=EDGE_LOOP('',(#10409,#10410,#10411));
#10409=ORIENTED_EDGE('',*,*,#10412,.T.);
#10410=ORIENTED_EDGE('',*,*,#10413,.T.);
#10411=ORIENTED_EDGE('',*,*,#10414,.T.);
#10412=EDGE_CURVE('',#61,#383,#10415,.F.);
#10413=EDGE_CURVE('',#383,#539,#10416,.T.);
#10414=EDGE_CURVE('',#539,#61,#10417,.T.);
#10415=LINE('',#60,#10418);
#10416=LINE('',#382,#10419);
#10417=LINE('',#538,#10420);
#10418=VECTOR('',#10421,1.0);
#10419=VECTOR('',#10422,1.0);
#10420=VECTOR('',#10423,1.0);
#10421=DIRECTION('',(-0.4111601654356313,0.911563118143195,0));
#10422=DIRECTION('',(-0.3218548537101871,-0.9467890225088132,0));
#10423=DIRECTION('',(0.4180716784548082,-0.9084140419841491,0));
#10424=FACE_SURFACE('',(#10429),#10425,.T.);
#10425=PLANE('',#10426);
#10426=AXIS2_PLACEMENT_3D('',#576,#10427,#10428);
#10427=DIRECTION('',(0,0,1));
#10428=DIRECTION('',(-0.8309659069501956,-0.5563233425683655,0));
#10429=FACE_BOUND('',#10430,.T.);
#10430=EDGE_LOOP('',(#10431,#10432,#10433));
#10431=ORIENTED_EDGE('',*,*,#10434,.T.);
#10432=ORIENTED_EDGE('',*,*,#10435,.T.);
#10433=ORIENTED_EDGE('',*,*,#10436,.T.);
#10434=EDGE_CURVE('',#577,#551,#10437,.F.);
#10435=EDGE_CURVE('',#551,#61,#10438,.T.);
#10436=EDGE_CURVE('',#61,#577,#10439,.T.);
#10437=LINE('',#576,#10440);
#10438=LINE('',#550,#10441);
#10439=LINE('',#60,#10442);
#10440=VECTOR('',#10443,1.0);
#10441=VECTOR('',#10444,1.0);
#10442=VECTOR('',#10445,1.0);
#10443=DIRECTION('',(-0.8309659069501956,-0.5563233425683655,0));
#10444=DIRECTION('',(0.46384839406745726,-0.8859145936945845,0));
#10445=DIRECTION('',(-0.4538139680024759,0.8910964495753801,0));
#10446=FACE_SURFACE('',(#10451),#10447,.T.);
#10447=PLANE('',#10448);
#10448=AXIS2_PLACEMENT_3D('',#544,#10449,#10450);
#10449=DIRECTION('',(0,0,1));
#10450=DIRECTION('',(-0.7525733602012215,-0.6585084187126559,0));
#10451=FACE_BOUND('',#10452,.T.);
#10452=EDGE_LOOP('',(#10453,#10454,#10455));
#10453=ORIENTED_EDGE('',*,*,#10456,.T.);
#10454=ORIENTED_EDGE('',*,*,#10457,.T.);
#10455=ORIENTED_EDGE('',*,*,#10458,.T.);
#10456=EDGE_CURVE('',#545,#577,#10459,.F.);
#10457=EDGE_CURVE('',#577,#61,#10460,.T.);
#10458=EDGE_CURVE('',#61,#545,#10461,.T.);
#10459=LINE('',#544,#10462);
#10460=LINE('',#576,#10463);
#10461=LINE('',#60,#10464);
#10462=VECTOR('',#10465,1.0);
#10463=VECTOR('',#10466,1.0);
#10464=VECTOR('',#10467,1.0);
#10465=DIRECTION('',(-0.7525733602012215,-0.6585084187126559,0));
#10466=DIRECTION('',(0.4538139680024759,-0.8910964495753801,0));
#10467=DIRECTION('',(-0.44402019418309546,0.8960167783906761,0));
#10468=FACE_SURFACE('',(#10473),#10469,.T.);
#10469=PLANE('',#10470);
#10470=AXIS2_PLACEMENT_3D('',#144,#10471,#10472);
#10471=DIRECTION('',(0.19521195404843475,0.9807610784470354,0));
#10472=DIRECTION('',(0,0,-1));
#10473=FACE_BOUND('',#10474,.T.);
#10474=EDGE_LOOP('',(#10475,#10476,#10477));
#10475=ORIENTED_EDGE('',*,*,#10478,.T.);
#10476=ORIENTED_EDGE('',*,*,#10479,.T.);
#10477=ORIENTED_EDGE('',*,*,#10480,.T.);
#10478=EDGE_CURVE('',#145,#149,#10481,.F.);
#10479=EDGE_CURVE('',#149,#353,#10482,.T.);
#10480=EDGE_CURVE('',#353,#145,#10483,.T.);
#10481=LINE('',#144,#10484);
#10482=LINE('',#148,#10485);
#10483=LINE('',#352,#10486);
#10484=VECTOR('',#10487,1.0);
#10485=VECTOR('',#10488,1.0);
#10486=VECTOR('',#10489,1.0);
#10487=DIRECTION('',(0,0,-1));
#10488=DIRECTION('',(-0.9807610784470353,0.19521195404843472,0));
#10489=DIRECTION('',(0.024521732665483253,-0.004880837398097084,0.9996873821617315));
#10490=FACE_SURFACE('',(#10495),#10491,.T.);
#10491=PLANE('',#10492);
#10492=AXIS2_PLACEMENT_3D('',#144,#10493,#10494);
#10493=DIRECTION('',(0.19521195404843475,0.9807610784470354,0));
#10494=DIRECTION('',(-0.024521732665483253,0.004880837398097084,-0.9996873821617315));
#10495=FACE_BOUND('',#10496,.T.);
#10496=EDGE_LOOP('',(#10497,#10498,#10499));
#10497=ORIENTED_EDGE('',*,*,#10500,.T.);
#10498=ORIENTED_EDGE('',*,*,#10501,.T.);
#10499=ORIENTED_EDGE('',*,*,#10502,.T.);
#10500=EDGE_CURVE('',#145,#353,#10503,.F.);
#10501=EDGE_CURVE('',#353,#437,#10504,.T.);
#10502=EDGE_CURVE('',#437,#145,#10505,.T.);
#10503=LINE('',#144,#10506);
#10504=LINE('',#352,#10507);
#10505=LINE('',#436,#10508);
#10506=VECTOR('',#10509,1.0);
#10507=VECTOR('',#10510,1.0);
#10508=VECTOR('',#10511,1.0);
#10509=DIRECTION('',(-0.024521732665483253,0.004880837398097084,-0.9996873821617315));
#10510=DIRECTION('',(0,0,1));
#10511=DIRECTION('',(0.9807610784470353,-0.19521195404843472,0));
#10512=FACE_SURFACE('',(#10517),#10513,.T.);
#10513=PLANE('',#10514);
#10514=AXIS2_PLACEMENT_3D('',#564,#10515,#10516);
#10515=DIRECTION('',(-0.9979880242093762,-0.06340270920603859,-0));
#10516=DIRECTION('',(0,0,-1));
#10517=FACE_BOUND('',#10518,.T.);
#10518=EDGE_LOOP('',(#10519,#10520,#10521));
#10519=ORIENTED_EDGE('',*,*,#10522,.T.);
#10520=ORIENTED_EDGE('',*,*,#10523,.T.);
#10521=ORIENTED_EDGE('',*,*,#10524,.T.);
#10522=EDGE_CURVE('',#565,#79,#10525,.F.);
#10523=EDGE_CURVE('',#79,#77,#10526,.T.);
#10524=EDGE_CURVE('',#77,#565,#10527,.T.);
#10525=LINE('',#564,#10528);
#10526=LINE('',#78,#10529);
#10527=LINE('',#76,#10530);
#10528=VECTOR('',#10531,1.0);
#10529=VECTOR('',#10532,1.0);
#10530=VECTOR('',#10533,1.0);
#10531=DIRECTION('',(0,0,-1));
#10532=DIRECTION('',(0.06340270920603859,-0.9979880242093763,0));
#10533=DIRECTION('',(-0.0015877623278025134,0.024992114820967196,0.9996863874273602));
#10534=FACE_SURFACE('',(#10539),#10535,.T.);
#10535=PLANE('',#10536);
#10536=AXIS2_PLACEMENT_3D('',#318,#10537,#10538);
#10537=DIRECTION('',(0.4425025137166357,-0.8967672637615953,0));
#10538=DIRECTION('',(0.8967672637615953,0.4425025137166356,0));
#10539=FACE_BOUND('',#10540,.T.);
#10540=EDGE_LOOP('',(#10541,#10542,#10543));
#10541=ORIENTED_EDGE('',*,*,#10544,.T.);
#10542=ORIENTED_EDGE('',*,*,#10545,.T.);
#10543=ORIENTED_EDGE('',*,*,#10546,.T.);
#10544=EDGE_CURVE('',#319,#245,#10547,.F.);
#10545=EDGE_CURVE('',#245,#523,#10548,.T.);
#10546=EDGE_CURVE('',#523,#319,#10549,.T.);
#10547=LINE('',#318,#10550);
#10548=LINE('',#244,#10551);
#10549=LINE('',#522,#10552);
#10550=VECTOR('',#10553,1.0);
#10551=VECTOR('',#10554,1.0);
#10552=VECTOR('',#10555,1.0);
#10553=DIRECTION('',(0.8967672637615953,0.4425025137166356,0));
#10554=DIRECTION('',(-0.03806533148317257,-0.018783028269906625,0.9990987080304369));
#10555=DIRECTION('',(0,0,-1));
#10556=FACE_SURFACE('',(#10561),#10557,.T.);
#10557=PLANE('',#10558);
#10558=AXIS2_PLACEMENT_3D('',#480,#10559,#10560);
#10559=DIRECTION('',(0.4425025137166357,-0.8967672637615953,0));
#10560=DIRECTION('',(-0.8967672637615953,-0.4425025137166356,0));
#10561=FACE_BOUND('',#10562,.T.);
#10562=EDGE_LOOP('',(#10563,#10564,#10565));
#10563=ORIENTED_EDGE('',*,*,#10566,.T.);
#10564=ORIENTED_EDGE('',*,*,#10567,.T.);
#10565=ORIENTED_EDGE('',*,*,#10568,.T.);
#10566=EDGE_CURVE('',#481,#523,#10569,.F.);
#10567=EDGE_CURVE('',#523,#245,#10570,.T.);
#10568=EDGE_CURVE('',#245,#481,#10571,.T.);
#10569=LINE('',#480,#10572);
#10570=LINE('',#522,#10573);
#10571=LINE('',#244,#10574);
#10572=VECTOR('',#10575,1.0);
#10573=VECTOR('',#10576,1.0);
#10574=VECTOR('',#10577,1.0);
#10575=DIRECTION('',(-0.8967672637615953,-0.4425025137166356,0));
#10576=DIRECTION('',(0.03806533148317257,0.018783028269906625,-0.9990987080304369));
#10577=DIRECTION('',(0,0,1));
#10578=FACE_SURFACE('',(#10583),#10579,.T.);
#10579=PLANE('',#10580);
#10580=AXIS2_PLACEMENT_3D('',#76,#10581,#10582);
#10581=DIRECTION('',(0,-0,-1));
#10582=DIRECTION('',(0.9793246369762328,-0.2022949712953087,0));
#10583=FACE_BOUND('',#10584,.T.);
#10584=EDGE_LOOP('',(#10585,#10586,#10587));
#10585=ORIENTED_EDGE('',*,*,#10588,.T.);
#10586=ORIENTED_EDGE('',*,*,#10589,.T.);
#10587=ORIENTED_EDGE('',*,*,#10590,.T.);
#10588=EDGE_CURVE('',#77,#47,#10591,.F.);
#10589=EDGE_CURVE('',#47,#75,#10592,.T.);
#10590=EDGE_CURVE('',#75,#77,#10593,.T.);
#10591=LINE('',#76,#10594);
#10592=LINE('',#46,#10595);
#10593=LINE('',#74,#10596);
#10594=VECTOR('',#10597,1.0);
#10595=VECTOR('',#10598,1.0);
#10596=VECTOR('',#10599,1.0);
#10597=DIRECTION('',(0.9793246369762328,-0.2022949712953087,0));
#10598=DIRECTION('',(-0.9843081988167255,0.17645784126009723,0));
#10599=DIRECTION('',(0.06340270920603859,0.9979880242093763,0));
#10600=FACE_SURFACE('',(#10605),#10601,.T.);
#10601=PLANE('',#10602);
#10602=AXIS2_PLACEMENT_3D('',#96,#10603,#10604);
#10603=DIRECTION('',(-0.3218656184344951,-0.9467853630415819,0));
#10604=DIRECTION('',(0,0,1));
#10605=FACE_BOUND('',#10606,.T.);
#10606=EDGE_LOOP('',(#10607,#10608,#10609));
#10607=ORIENTED_EDGE('',*,*,#10610,.T.);
#10608=ORIENTED_EDGE('',*,*,#10611,.T.);
#10609=ORIENTED_EDGE('',*,*,#10612,.T.);
#10610=EDGE_CURVE('',#97,#313,#10613,.F.);
#10611=EDGE_CURVE('',#313,#103,#10614,.T.);
#10612=EDGE_CURVE('',#103,#97,#10615,.T.);
#10613=LINE('',#96,#10616);
#10614=LINE('',#312,#10617);
#10615=LINE('',#102,#10618);
#10616=VECTOR('',#10619,1.0);
#10617=VECTOR('',#10620,1.0);
#10618=VECTOR('',#10621,1.0);
#10619=DIRECTION('',(0,0,1));
#10620=DIRECTION('',(-0.04026314942558689,0.013687710008902886,-0.999095353503881));
#10621=DIRECTION('',(0.9467853630415819,-0.3218656184344952,0));
#10622=FACE_SURFACE('',(#10627),#10623,.T.);
#10623=PLANE('',#10624);
#10624=AXIS2_PLACEMENT_3D('',#244,#10625,#10626);
#10625=DIRECTION('',(0.3218628873605388,-0.946786291482897,0));
#10626=DIRECTION('',(0.946786291482897,0.3218628873605388,0));
#10627=FACE_BOUND('',#10628,.T.);
#10628=EDGE_LOOP('',(#10629,#10630,#10631));
#10629=ORIENTED_EDGE('',*,*,#10632,.T.);
#10630=ORIENTED_EDGE('',*,*,#10633,.T.);
#10631=ORIENTED_EDGE('',*,*,#10634,.T.);
#10632=EDGE_CURVE('',#245,#243,#10635,.F.);
#10633=EDGE_CURVE('',#243,#481,#10636,.T.);
#10634=EDGE_CURVE('',#481,#245,#10637,.T.);
#10635=LINE('',#244,#10638);
#10636=LINE('',#242,#10639);
#10637=LINE('',#480,#10640);
#10638=VECTOR('',#10641,1.0);
#10639=VECTOR('',#10642,1.0);
#10640=VECTOR('',#10643,1.0);
#10641=DIRECTION('',(0.946786291482897,0.3218628873605388,0));
#10642=DIRECTION('',(-0.04026352993236023,-0.013687709798860182,0.9990953381724129));
#10643=DIRECTION('',(0,0,-1));
#10644=FACE_SURFACE('',(#10649),#10645,.T.);
#10645=PLANE('',#10646);
#10646=AXIS2_PLACEMENT_3D('',#348,#10647,#10648);
#10647=DIRECTION('',(0.5563192030683289,0.8309686782890312,-0));
#10648=DIRECTION('',(0,0,1));
#10649=FACE_BOUND('',#10650,.T.);
#10650=EDGE_LOOP('',(#10651,#10652,#10653));
#10651=ORIENTED_EDGE('',*,*,#10654,.T.);
#10652=ORIENTED_EDGE('',*,*,#10655,.T.);
#10653=ORIENTED_EDGE('',*,*,#10656,.T.);
#10654=EDGE_CURVE('',#349,#207,#10657,.F.);
#10655=EDGE_CURVE('',#207,#375,#10658,.T.);
#10656=EDGE_CURVE('',#375,#349,#10659,.T.);
#10657=LINE('',#348,#10660);
#10658=LINE('',#206,#10661);
#10659=LINE('',#374,#10662);
#10660=VECTOR('',#10663,1.0);
#10661=VECTOR('',#10664,1.0);
#10662=VECTOR('',#10665,1.0);
#10663=DIRECTION('',(0,0,1));
#10664=DIRECTION('',(0.020817223769627947,-0.01393677239611471,-0.9996861555356781));
#10665=DIRECTION('',(-0.8309686782890312,0.5563192030683289,0));
#10666=FACE_SURFACE('',(#10671),#10667,.T.);
#10667=PLANE('',#10668);
#10668=AXIS2_PLACEMENT_3D('',#76,#10669,#10670);
#10669=DIRECTION('',(-0.9979880242093762,0.06340270920603859,0));
#10670=DIRECTION('',(-0.0015877623278025134,-0.024992114820967196,0.9996863874273602));
#10671=FACE_BOUND('',#10672,.T.);
#10672=EDGE_LOOP('',(#10673,#10674,#10675));
#10673=ORIENTED_EDGE('',*,*,#10676,.T.);
#10674=ORIENTED_EDGE('',*,*,#10677,.T.);
#10675=ORIENTED_EDGE('',*,*,#10678,.T.);
#10676=EDGE_CURVE('',#77,#575,#10679,.F.);
#10677=EDGE_CURVE('',#575,#573,#10680,.T.);
#10678=EDGE_CURVE('',#573,#77,#10681,.T.);
#10679=LINE('',#76,#10682);
#10680=LINE('',#574,#10683);
#10681=LINE('',#572,#10684);
#10682=VECTOR('',#10685,1.0);
#10683=VECTOR('',#10686,1.0);
#10684=VECTOR('',#10687,1.0);
#10685=DIRECTION('',(-0.0015877623278025134,-0.024992114820967196,0.9996863874273602));
#10686=DIRECTION('',(0.06340270920603859,0.9979880242093763,0));
#10687=DIRECTION('',(0,0,-1));
#10688=FACE_SURFACE('',(#10693),#10689,.T.);
#10689=PLANE('',#10690);
#10690=AXIS2_PLACEMENT_3D('',#72,#10691,#10692);
#10691=DIRECTION('',(0,-0,-1));
#10692=DIRECTION('',(0.9886389945407436,-0.1503094756609427,0));
#10693=FACE_BOUND('',#10694,.T.);
#10694=EDGE_LOOP('',(#10695,#10696,#10697));
#10695=ORIENTED_EDGE('',*,*,#10698,.T.);
#10696=ORIENTED_EDGE('',*,*,#10699,.T.);
#10697=ORIENTED_EDGE('',*,*,#10700,.T.);
#10698=EDGE_CURVE('',#73,#47,#10701,.F.);
#10699=EDGE_CURVE('',#47,#71,#10702,.T.);
#10700=EDGE_CURVE('',#71,#73,#10703,.T.);
#10701=LINE('',#72,#10704);
#10702=LINE('',#46,#10705);
#10703=LINE('',#70,#10706);
#10704=VECTOR('',#10707,1.0);
#10705=VECTOR('',#10708,1.0);
#10706=VECTOR('',#10709,1.0);
#10707=DIRECTION('',(0.9886389945407436,-0.1503094756609427,0));
#10708=DIRECTION('',(-0.9922118902713544,0.12456149005268716,0));
#10709=DIRECTION('',(0.3218548537101871,0.9467890225088132,0));
#10710=FACE_SURFACE('',(#10715),#10711,.T.);
#10711=PLANE('',#10712);
#10712=AXIS2_PLACEMENT_3D('',#206,#10713,#10714);
#10713=DIRECTION('',(0.6585084187126559,0.7525733602012215,0));
#10714=DIRECTION('',(0,0,-1));
#10715=FACE_BOUND('',#10716,.T.);
#10716=EDGE_LOOP('',(#10717,#10718,#10719));
#10717=ORIENTED_EDGE('',*,*,#10720,.T.);
#10718=ORIENTED_EDGE('',*,*,#10721,.T.);
#10719=ORIENTED_EDGE('',*,*,#10722,.T.);
#10720=EDGE_CURVE('',#207,#349,#10723,.F.);
#10721=EDGE_CURVE('',#349,#165,#10724,.T.);
#10722=EDGE_CURVE('',#165,#207,#10725,.T.);
#10723=LINE('',#206,#10726);
#10724=LINE('',#348,#10727);
#10725=LINE('',#164,#10728);
#10726=VECTOR('',#10729,1.0);
#10727=VECTOR('',#10730,1.0);
#10728=VECTOR('',#10731,1.0);
#10729=DIRECTION('',(0,0,-1));
#10730=DIRECTION('',(-0.7525733602012215,0.6585084187126559,0));
#10731=DIRECTION('',(0.018817626134104506,-0.016465591110190077,0.9996873417504442));
#10732=FACE_SURFACE('',(#10737),#10733,.T.);
#10733=PLANE('',#10734);
#10734=AXIS2_PLACEMENT_3D('',#356,#10735,#10736);
#10735=DIRECTION('',(-0.3218656184344951,-0.9467853630415819,-0));
#10736=DIRECTION('',(0,0,-1));
#10737=FACE_BOUND('',#10738,.T.);
#10738=EDGE_LOOP('',(#10739,#10740,#10741));
#10739=ORIENTED_EDGE('',*,*,#10742,.T.);
#10740=ORIENTED_EDGE('',*,*,#10743,.T.);
#10741=ORIENTED_EDGE('',*,*,#10744,.T.);
#10742=EDGE_CURVE('',#357,#103,#10745,.F.);
#10743=EDGE_CURVE('',#103,#313,#10746,.T.);
#10744=EDGE_CURVE('',#313,#357,#10747,.T.);
#10745=LINE('',#356,#10748);
#10746=LINE('',#102,#10749);
#10747=LINE('',#312,#10750);
#10748=VECTOR('',#10751,1.0);
#10749=VECTOR('',#10752,1.0);
#10750=VECTOR('',#10753,1.0);
#10751=DIRECTION('',(0,0,-1));
#10752=DIRECTION('',(0.04026314942558689,-0.013687710008902886,0.999095353503881));
#10753=DIRECTION('',(-0.9467853630415819,0.3218656184344952,0));
#10754=FACE_SURFACE('',(#10759),#10755,.T.);
#10755=PLANE('',#10756);
#10756=AXIS2_PLACEMENT_3D('',#276,#10757,#10758);
#10757=DIRECTION('',(0.5563192030683289,-0.8309686782890312,0));
#10758=DIRECTION('',(0,0,1));
#10759=FACE_BOUND('',#10760,.T.);
#10760=EDGE_LOOP('',(#10761,#10762,#10763));
#10761=ORIENTED_EDGE('',*,*,#10764,.T.);
#10762=ORIENTED_EDGE('',*,*,#10765,.T.);
#10763=ORIENTED_EDGE('',*,*,#10766,.T.);
#10764=EDGE_CURVE('',#277,#135,#10767,.F.);
#10765=EDGE_CURVE('',#135,#133,#10768,.T.);
#10766=EDGE_CURVE('',#133,#277,#10769,.T.);
#10767=LINE('',#276,#10770);
#10768=LINE('',#134,#10771);
#10769=LINE('',#132,#10772);
#10770=VECTOR('',#10773,1.0);
#10771=VECTOR('',#10774,1.0);
#10772=VECTOR('',#10775,1.0);
#10773=DIRECTION('',(0,0,1));
#10774=DIRECTION('',(-0.8309686782890312,-0.5563192030683289,0));
#10775=DIRECTION('',(0.020817223769627947,0.01393677239611471,-0.9996861555356781));
#10776=FACE_SURFACE('',(#10781),#10777,.T.);
#10777=PLANE('',#10778);
#10778=AXIS2_PLACEMENT_3D('',#262,#10779,#10780);
#10779=DIRECTION('',(0.8967717057651823,-0.4424935115219267,0));
#10780=DIRECTION('',(0.4424935115219267,0.8967717057651822,0));
#10781=FACE_BOUND('',#10782,.T.);
#10782=EDGE_LOOP('',(#10783,#10784,#10785));
#10783=ORIENTED_EDGE('',*,*,#10786,.T.);
#10784=ORIENTED_EDGE('',*,*,#10787,.T.);
#10785=ORIENTED_EDGE('',*,*,#10788,.T.);
#10786=EDGE_CURVE('',#263,#339,#10789,.F.);
#10787=EDGE_CURVE('',#339,#327,#10790,.T.);
#10788=EDGE_CURVE('',#327,#263,#10791,.T.);
#10789=LINE('',#262,#10792);
#10790=LINE('',#338,#10793);
#10791=LINE('',#326,#10794);
#10792=VECTOR('',#10795,1.0);
#10793=VECTOR('',#10796,1.0);
#10794=VECTOR('',#10797,1.0);
#10795=DIRECTION('',(0.4424935115219267,0.8967717057651822,0));
#10796=DIRECTION('',(-0.018782647142206916,-0.03806552204250292,0.9990987079352887));
#10797=DIRECTION('',(0,0,-1));
#10798=FACE_SURFACE('',(#10803),#10799,.T.);
#10799=PLANE('',#10800);
#10800=AXIS2_PLACEMENT_3D('',#494,#10801,#10802);
#10801=DIRECTION('',(0.8967717057651823,-0.4424935115219267,0));
#10802=DIRECTION('',(-0.4424935115219267,-0.8967717057651822,0));
#10803=FACE_BOUND('',#10804,.T.);
#10804=EDGE_LOOP('',(#10805,#10806,#10807));
#10805=ORIENTED_EDGE('',*,*,#10808,.T.);
#10806=ORIENTED_EDGE('',*,*,#10809,.T.);
#10807=ORIENTED_EDGE('',*,*,#10810,.T.);
#10808=EDGE_CURVE('',#495,#327,#10811,.F.);
#10809=EDGE_CURVE('',#327,#339,#10812,.T.);
#10810=EDGE_CURVE('',#339,#495,#10813,.T.);
#10811=LINE('',#494,#10814);
#10812=LINE('',#326,#10815);
#10813=LINE('',#338,#10816);
#10814=VECTOR('',#10817,1.0);
#10815=VECTOR('',#10818,1.0);
#10816=VECTOR('',#10819,1.0);
#10817=DIRECTION('',(-0.4424935115219267,-0.8967717057651822,0));
#10818=DIRECTION('',(0.018782647142206916,0.03806552204250292,-0.9990987079352887));
#10819=DIRECTION('',(0,0,1));
#10820=FACE_SURFACE('',(#10825),#10821,.T.);
#10821=PLANE('',#10822);
#10822=AXIS2_PLACEMENT_3D('',#68,#10823,#10824);
#10823=DIRECTION('',(0,-0,-1));
#10824=DIRECTION('',(0.994984094310788,-0.10003325481329023,0));
#10825=FACE_BOUND('',#10826,.T.);
#10826=EDGE_LOOP('',(#10827,#10828,#10829));
#10827=ORIENTED_EDGE('',*,*,#10830,.T.);
#10828=ORIENTED_EDGE('',*,*,#10831,.T.);
#10829=ORIENTED_EDGE('',*,*,#10832,.T.);
#10830=EDGE_CURVE('',#69,#47,#10833,.F.);
#10831=EDGE_CURVE('',#47,#579,#10834,.T.);
#10832=EDGE_CURVE('',#579,#69,#10835,.T.);
#10833=LINE('',#68,#10836);
#10834=LINE('',#46,#10837);
#10835=LINE('',#578,#10838);
#10836=VECTOR('',#10839,1.0);
#10837=VECTOR('',#10840,1.0);
#10838=VECTOR('',#10841,1.0);
#10839=DIRECTION('',(0.994984094310788,-0.10003325481329023,0));
#10840=DIRECTION('',(-0.9970082353802997,0.07729539820623818,0));
#10841=DIRECTION('',(0.5563233425683655,0.8309659069501956,0));
#10842=FACE_SURFACE('',(#10847),#10843,.T.);
#10843=PLANE('',#10844);
#10844=AXIS2_PLACEMENT_3D('',#382,#10845,#10846);
#10845=DIRECTION('',(-0.9467890225088132,0.3218548537101871,0));
#10846=DIRECTION('',(-0.008056135328262088,-0.023698447933030383,-0.9996866920436313));
#10847=FACE_BOUND('',#10848,.T.);
#10848=EDGE_LOOP('',(#10849,#10850,#10851));
#10849=ORIENTED_EDGE('',*,*,#10852,.T.);
#10850=ORIENTED_EDGE('',*,*,#10853,.T.);
#10851=ORIENTED_EDGE('',*,*,#10854,.T.);
#10852=EDGE_CURVE('',#383,#71,#10855,.F.);
#10853=EDGE_CURVE('',#71,#539,#10856,.T.);
#10854=EDGE_CURVE('',#539,#383,#10857,.T.);
#10855=LINE('',#382,#10858);
#10856=LINE('',#70,#10859);
#10857=LINE('',#538,#10860);
#10858=VECTOR('',#10861,1.0);
#10859=VECTOR('',#10862,1.0);
#10860=VECTOR('',#10863,1.0);
#10861=DIRECTION('',(-0.008056135328262088,-0.023698447933030383,-0.9996866920436313));
#10862=DIRECTION('',(0,0,1));
#10863=DIRECTION('',(0.3218548537101871,0.9467890225088132,0));
#10864=FACE_SURFACE('',(#10869),#10865,.T.);
#10865=PLANE('',#10866);
#10866=AXIS2_PLACEMENT_3D('',#136,#10867,#10868);
#10867=DIRECTION('',(0.4425025137166356,-0.8967672637615953,0));
#10868=DIRECTION('',(-0.8967672637615953,-0.4425025137166356,0));
#10869=FACE_BOUND('',#10870,.T.);
#10870=EDGE_LOOP('',(#10871,#10872,#10873));
#10871=ORIENTED_EDGE('',*,*,#10874,.T.);
#10872=ORIENTED_EDGE('',*,*,#10875,.T.);
#10873=ORIENTED_EDGE('',*,*,#10876,.T.);
#10874=EDGE_CURVE('',#137,#135,#10877,.F.);
#10875=EDGE_CURVE('',#135,#277,#10878,.T.);
#10876=EDGE_CURVE('',#277,#137,#10879,.T.);
#10877=LINE('',#136,#10880);
#10878=LINE('',#134,#10881);
#10879=LINE('',#276,#10882);
#10880=VECTOR('',#10883,1.0);
#10881=VECTOR('',#10884,1.0);
#10882=VECTOR('',#10885,1.0);
#10883=DIRECTION('',(-0.8967672637615953,-0.4425025137166356,0));
#10884=DIRECTION('',(0,0,-1));
#10885=DIRECTION('',(0.022404575244709218,0.011055355458618731,0.9996878583456877));
#10886=FACE_SURFACE('',(#10891),#10887,.T.);
#10887=PLANE('',#10888);
#10888=AXIS2_PLACEMENT_3D('',#46,#10889,#10890);
#10889=DIRECTION('',(-0,-0,-1));
#10890=DIRECTION('',(0,-1,0));
#10891=FACE_BOUND('',#10892,.T.);
#10892=EDGE_LOOP('',(#10893,#10894,#10895));
#10893=ORIENTED_EDGE('',*,*,#10896,.T.);
#10894=ORIENTED_EDGE('',*,*,#10897,.T.);
#10895=ORIENTED_EDGE('',*,*,#10898,.T.);
#10896=EDGE_CURVE('',#47,#67,#10899,.F.);
#10897=EDGE_CURVE('',#67,#579,#10900,.T.);
#10898=EDGE_CURVE('',#579,#47,#10901,.T.);
#10899=LINE('',#46,#10902);
#10900=LINE('',#66,#10903);
#10901=LINE('',#578,#10904);
#10902=VECTOR('',#10905,1.0);
#10903=VECTOR('',#10906,1.0);
#10904=VECTOR('',#10907,1.0);
#10905=DIRECTION('',(0,-1,0));
#10906=DIRECTION('',(-0.4346749897871668,0.9005873934569185,0));
#10907=DIRECTION('',(0.9970082353802997,-0.07729539820623818,0));
#10908=FACE_SURFACE('',(#10913),#10909,.T.);
#10909=PLANE('',#10910);
#10910=AXIS2_PLACEMENT_3D('',#538,#10911,#10912);
#10911=DIRECTION('',(-0.8967690218667382,0.4424989507560145,0));
#10912=DIRECTION('',(0,0,-1));
#10913=FACE_BOUND('',#10914,.T.);
#10914=EDGE_LOOP('',(#10915,#10916,#10917));
#10915=ORIENTED_EDGE('',*,*,#10918,.T.);
#10916=ORIENTED_EDGE('',*,*,#10919,.T.);
#10917=ORIENTED_EDGE('',*,*,#10920,.T.);
#10918=EDGE_CURVE('',#539,#71,#10921,.F.);
#10919=EDGE_CURVE('',#71,#537,#10922,.T.);
#10920=EDGE_CURVE('',#537,#539,#10923,.T.);
#10921=LINE('',#538,#10924);
#10922=LINE('',#70,#10925);
#10923=LINE('',#536,#10926);
#10924=VECTOR('',#10927,1.0);
#10925=VECTOR('',#10928,1.0);
#10926=VECTOR('',#10929,1.0);
#10927=DIRECTION('',(0,0,-1));
#10928=DIRECTION('',(-0.011055355403055541,-0.02240479945601888,0.9996878533213494));
#10929=DIRECTION('',(0.4424989507560144,0.8967690218667381,0));
#10930=FACE_SURFACE('',(#10935),#10931,.T.);
#10931=PLANE('',#10932);
#10932=AXIS2_PLACEMENT_3D('',#580,#10933,#10934);
#10933=DIRECTION('',(0,0,-1));
#10934=DIRECTION('',(0.6585084187126559,0.7525733602012215,0));
#10935=FACE_BOUND('',#10936,.T.);
#10936=EDGE_LOOP('',(#10937,#10938,#10939));
#10937=ORIENTED_EDGE('',*,*,#10940,.T.);
#10938=ORIENTED_EDGE('',*,*,#10941,.T.);
#10939=ORIENTED_EDGE('',*,*,#10942,.T.);
#10940=EDGE_CURVE('',#581,#579,#10943,.F.);
#10941=EDGE_CURVE('',#579,#67,#10944,.T.);
#10942=EDGE_CURVE('',#67,#581,#10945,.T.);
#10943=LINE('',#580,#10946);
#10944=LINE('',#578,#10947);
#10945=LINE('',#66,#10948);
#10946=VECTOR('',#10949,1.0);
#10947=VECTOR('',#10950,1.0);
#10948=VECTOR('',#10951,1.0);
#10949=DIRECTION('',(0.6585084187126559,0.7525733602012215,0));
#10950=DIRECTION('',(0.4346749897871668,-0.9005873934569185,0));
#10951=DIRECTION('',(-0.44402019418309546,0.8960167783906761,0));
#10952=FACE_SURFACE('',(#10957),#10953,.T.);
#10953=PLANE('',#10954);
#10954=AXIS2_PLACEMENT_3D('',#64,#10955,#10956);
#10955=DIRECTION('',(0,0,-1));
#10956=DIRECTION('',(0.7525733602012215,0.6585084187126559,0));
#10957=FACE_BOUND('',#10958,.T.);
#10958=EDGE_LOOP('',(#10959,#10960,#10961));
#10959=ORIENTED_EDGE('',*,*,#10962,.T.);
#10960=ORIENTED_EDGE('',*,*,#10963,.T.);
#10961=ORIENTED_EDGE('',*,*,#10964,.T.);
#10962=EDGE_CURVE('',#65,#581,#10965,.F.);
#10963=EDGE_CURVE('',#581,#67,#10966,.T.);
#10964=EDGE_CURVE('',#67,#65,#10967,.T.);
#10965=LINE('',#64,#10968);
#10966=LINE('',#580,#10969);
#10967=LINE('',#66,#10970);
#10968=VECTOR('',#10971,1.0);
#10969=VECTOR('',#10972,1.0);
#10970=VECTOR('',#10973,1.0);
#10971=DIRECTION('',(0.7525733602012215,0.6585084187126559,0));
#10972=DIRECTION('',(0.44402019418309546,-0.8960167783906761,0));
#10973=DIRECTION('',(-0.4538139680024759,0.8910964495753801,0));
#10974=FACE_SURFACE('',(#10979),#10975,.T.);
#10975=PLANE('',#10976);
#10976=AXIS2_PLACEMENT_3D('',#528,#10977,#10978);
#10977=DIRECTION('',(-0.8967681428194753,0.44250073223002606,0));
#10978=DIRECTION('',(0,0,-1));
#10979=FACE_BOUND('',#10980,.T.);
#10980=EDGE_LOOP('',(#10981,#10982,#10983));
#10981=ORIENTED_EDGE('',*,*,#10984,.T.);
#10982=ORIENTED_EDGE('',*,*,#10985,.T.);
#10983=ORIENTED_EDGE('',*,*,#10986,.T.);
#10984=EDGE_CURVE('',#529,#435,#10987,.F.);
#10985=EDGE_CURVE('',#435,#477,#10988,.T.);
#10986=EDGE_CURVE('',#477,#529,#10989,.T.);
#10987=LINE('',#528,#10990);
#10988=LINE('',#434,#10991);
#10989=LINE('',#476,#10992);
#10990=VECTOR('',#10993,1.0);
#10991=VECTOR('',#10994,1.0);
#10992=VECTOR('',#10995,1.0);
#10993=DIRECTION('',(0,0,-1));
#10994=DIRECTION('',(-0.018783028133657162,-0.03806552177000608,0.9990987007831146));
#10995=DIRECTION('',(0.44250073223002606,0.8967681428194753,0));
#10996=FACE_SURFACE('',(#11001),#10997,.T.);
#10997=PLANE('',#10998);
#10998=AXIS2_PLACEMENT_3D('',#88,#10999,#11000);
#10999=DIRECTION('',(-0,1,0));
#11000=DIRECTION('',(1,0,0));
#11001=FACE_BOUND('',#11002,.T.);
#11002=EDGE_LOOP('',(#11003,#11004,#11005));
#11003=ORIENTED_EDGE('',*,*,#11006,.T.);
#11004=ORIENTED_EDGE('',*,*,#11007,.T.);
#11005=ORIENTED_EDGE('',*,*,#11008,.T.);
#11006=EDGE_CURVE('',#89,#59,#11009,.F.);
#11007=EDGE_CURVE('',#59,#49,#11010,.T.);
#11008=EDGE_CURVE('',#49,#89,#11011,.T.);
#11009=LINE('',#88,#11012);
#11010=LINE('',#58,#11013);
#11011=LINE('',#48,#11014);
#11012=VECTOR('',#11015,1.0);
#11013=VECTOR('',#11016,1.0);
#11014=VECTOR('',#11017,1.0);
#11015=DIRECTION('',(1,0,0));
#11016=DIRECTION('',(0,0,-1));
#11017=DIRECTION('',(-0.9720822085732868,0,0.23464053310389682));
#11018=FACE_SURFACE('',(#11023),#11019,.T.);
#11019=PLANE('',#11020);
#11020=AXIS2_PLACEMENT_3D('',#540,#11021,#11022);
#11021=DIRECTION('',(-0.7525733602012215,0.6585084187126559,0));
#11022=DIRECTION('',(-0.016465591110190077,-0.018817626134104506,-0.9996873417504442));
#11023=FACE_BOUND('',#11024,.T.);
#11024=EDGE_LOOP('',(#11025,#11026,#11027));
#11025=ORIENTED_EDGE('',*,*,#11028,.T.);
#11026=ORIENTED_EDGE('',*,*,#11029,.T.);
#11027=ORIENTED_EDGE('',*,*,#11030,.T.);
#11028=EDGE_CURVE('',#541,#581,#11031,.F.);
#11029=EDGE_CURVE('',#581,#545,#11032,.T.);
#11030=EDGE_CURVE('',#545,#541,#11033,.T.);
#11031=LINE('',#540,#11034);
#11032=LINE('',#580,#11035);
#11033=LINE('',#544,#11036);
#11034=VECTOR('',#11037,1.0);
#11035=VECTOR('',#11038,1.0);
#11036=VECTOR('',#11039,1.0);
#11037=DIRECTION('',(-0.016465591110190077,-0.018817626134104506,-0.9996873417504442));
#11038=DIRECTION('',(0,0,1));
#11039=DIRECTION('',(0.6585084187126559,0.7525733602012215,0));
#11040=FACE_SURFACE('',(#11045),#11041,.T.);
#11041=PLANE('',#11042);
#11042=AXIS2_PLACEMENT_3D('',#582,#11043,#11044);
#11043=DIRECTION('',(0,0,-1));
#11044=DIRECTION('',(0.8967690218667381,0.4424989507560144,0));
#11045=FACE_BOUND('',#11046,.T.);
#11046=EDGE_LOOP('',(#11047,#11048,#11049));
#11047=ORIENTED_EDGE('',*,*,#11050,.T.);
#11048=ORIENTED_EDGE('',*,*,#11051,.T.);
#11049=ORIENTED_EDGE('',*,*,#11052,.T.);
#11050=EDGE_CURVE('',#583,#63,#11053,.F.);
#11051=EDGE_CURVE('',#63,#67,#11054,.T.);
#11052=EDGE_CURVE('',#67,#583,#11055,.T.);
#11053=LINE('',#582,#11056);
#11054=LINE('',#62,#11057);
#11055=LINE('',#66,#11058);
#11056=VECTOR('',#11059,1.0);
#11057=VECTOR('',#11060,1.0);
#11058=VECTOR('',#11061,1.0);
#11059=DIRECTION('',(0.8967690218667381,0.4424989507560144,0));
#11060=DIRECTION('',(0.46384839406745726,-0.8859145936945845,0));
#11061=DIRECTION('',(-0.47386110879641485,0.8805995966216612,0));
#11062=FACE_SURFACE('',(#11067),#11063,.T.);
#11063=PLANE('',#11064);
#11064=AXIS2_PLACEMENT_3D('',#404,#11065,#11066);
#11065=DIRECTION('',(0,0,-1));
#11066=DIRECTION('',(0.9467880941111669,0.32185758473173176,0));
#11067=FACE_BOUND('',#11068,.T.);
#11068=EDGE_LOOP('',(#11069,#11070,#11071));
#11069=ORIENTED_EDGE('',*,*,#11072,.T.);
#11070=ORIENTED_EDGE('',*,*,#11073,.T.);
#11071=ORIENTED_EDGE('',*,*,#11074,.T.);
#11072=EDGE_CURVE('',#405,#583,#11075,.F.);
#11073=EDGE_CURVE('',#583,#67,#11076,.T.);
#11074=EDGE_CURVE('',#67,#405,#11077,.T.);
#11075=LINE('',#404,#11078);
#11076=LINE('',#582,#11079);
#11077=LINE('',#66,#11080);
#11078=VECTOR('',#11081,1.0);
#11079=VECTOR('',#11082,1.0);
#11080=VECTOR('',#11083,1.0);
#11081=DIRECTION('',(0.9467880941111669,0.32185758473173176,0));
#11082=DIRECTION('',(0.47386110879641485,-0.8805995966216612,0));
#11083=DIRECTION('',(-0.4836785160926504,0.87524573296327,0));
#11084=FACE_SURFACE('',(#11089),#11085,.T.);
#11085=PLANE('',#11086);
#11086=AXIS2_PLACEMENT_3D('',#288,#11087,#11088);
#11087=DIRECTION('',(0.19521195404843475,-0.9807610784470354,0));
#11088=DIRECTION('',(0,0,1));
#11089=FACE_BOUND('',#11090,.T.);
#11090=EDGE_LOOP('',(#11091,#11092,#11093));
#11091=ORIENTED_EDGE('',*,*,#11094,.T.);
#11092=ORIENTED_EDGE('',*,*,#11095,.T.);
#11093=ORIENTED_EDGE('',*,*,#11096,.T.);
#11094=EDGE_CURVE('',#289,#141,#11097,.F.);
#11095=EDGE_CURVE('',#141,#139,#11098,.T.);
#11096=EDGE_CURVE('',#139,#289,#11099,.T.);
#11097=LINE('',#288,#11100);
#11098=LINE('',#140,#11101);
#11099=LINE('',#138,#11102);
#11100=VECTOR('',#11103,1.0);
#11101=VECTOR('',#11104,1.0);
#11102=VECTOR('',#11105,1.0);
#11103=DIRECTION('',(0,0,1));
#11104=DIRECTION('',(-0.9807610784470353,-0.19521195404843472,0));
#11105=DIRECTION('',(0.024521732665483253,0.004880837398097084,-0.9996873821617315));
#11106=FACE_SURFACE('',(#11111),#11107,.T.);
#11107=PLANE('',#11108);
#11108=AXIS2_PLACEMENT_3D('',#66,#11109,#11110);
#11109=DIRECTION('',(0,0,-1));
#11110=DIRECTION('',(-1,0,0));
#11111=FACE_BOUND('',#11112,.T.);
#11112=EDGE_LOOP('',(#11113,#11114,#11115));
#11113=ORIENTED_EDGE('',*,*,#11116,.T.);
#11114=ORIENTED_EDGE('',*,*,#11117,.T.);
#11115=ORIENTED_EDGE('',*,*,#11118,.T.);
#11116=EDGE_CURVE('',#67,#83,#11119,.F.);
#11117=EDGE_CURVE('',#83,#405,#11120,.T.);
#11118=EDGE_CURVE('',#405,#67,#11121,.T.);
#11119=LINE('',#66,#11122);
#11120=LINE('',#82,#11123);
#11121=LINE('',#404,#11124);
#11122=VECTOR('',#11125,1.0);
#11123=VECTOR('',#11126,1.0);
#11124=VECTOR('',#11127,1.0);
#11125=DIRECTION('',(-1,0,0));
#11126=DIRECTION('',(0.0256170948756756,0.999671828376758,0));
#11127=DIRECTION('',(0.4836785160926504,-0.87524573296327,0));
#11128=FACE_SURFACE('',(#11133),#11129,.T.);
#11129=PLANE('',#11130);
#11130=AXIS2_PLACEMENT_3D('',#74,#11131,#11132);
#11131=DIRECTION('',(-0.9979880242093762,0.06340270920603859,0));
#11132=DIRECTION('',(0,0,1));
#11133=FACE_BOUND('',#11134,.T.);
#11134=EDGE_LOOP('',(#11135,#11136,#11137));
#11135=ORIENTED_EDGE('',*,*,#11138,.T.);
#11136=ORIENTED_EDGE('',*,*,#11139,.T.);
#11137=ORIENTED_EDGE('',*,*,#11140,.T.);
#11138=EDGE_CURVE('',#75,#575,#11141,.F.);
#11139=EDGE_CURVE('',#575,#77,#11142,.T.);
#11140=EDGE_CURVE('',#77,#75,#11143,.T.);
#11141=LINE('',#74,#11144);
#11142=LINE('',#574,#11145);
#11143=LINE('',#76,#11146);
#11144=VECTOR('',#11147,1.0);
#11145=VECTOR('',#11148,1.0);
#11146=VECTOR('',#11149,1.0);
#11147=DIRECTION('',(0,0,1));
#11148=DIRECTION('',(0.0015877623278025134,0.024992114820967196,-0.9996863874273602));
#11149=DIRECTION('',(-0.06340270920603859,-0.9979880242093763,0));
#11150=FACE_SURFACE('',(#11155),#11151,.T.);
#11151=PLANE('',#11152);
#11152=AXIS2_PLACEMENT_3D('',#544,#11153,#11154);
#11153=DIRECTION('',(-0.6585084187126559,0.7525733602012215,0));
#11154=DIRECTION('',(0,0,-1));
#11155=FACE_BOUND('',#11156,.T.);
#11156=EDGE_LOOP('',(#11157,#11158,#11159));
#11157=ORIENTED_EDGE('',*,*,#11160,.T.);
#11158=ORIENTED_EDGE('',*,*,#11161,.T.);
#11159=ORIENTED_EDGE('',*,*,#11162,.T.);
#11160=EDGE_CURVE('',#545,#581,#11163,.F.);
#11161=EDGE_CURVE('',#581,#577,#11164,.T.);
#11162=EDGE_CURVE('',#577,#545,#11165,.T.);
#11163=LINE('',#544,#11166);
#11164=LINE('',#580,#11167);
#11165=LINE('',#576,#11168);
#11166=VECTOR('',#11169,1.0);
#11167=VECTOR('',#11170,1.0);
#11168=VECTOR('',#11171,1.0);
#11169=DIRECTION('',(0,0,-1));
#11170=DIRECTION('',(-0.018817626134104506,-0.016465591110190077,0.9996873417504442));
#11171=DIRECTION('',(0.7525733602012215,0.6585084187126559,0));
#11172=FACE_SURFACE('',(#11177),#11173,.T.);
#11173=PLANE('',#11174);
#11174=AXIS2_PLACEMENT_3D('',#288,#11175,#11176);
#11175=DIRECTION('',(0.06340214241036263,-0.9979880602180449,0));
#11176=DIRECTION('',(0.02499233900443553,0.0015877623189009685,0.9996863818227724));
#11177=FACE_BOUND('',#11178,.T.);
#11178=EDGE_LOOP('',(#11179,#11180,#11181));
#11179=ORIENTED_EDGE('',*,*,#11182,.T.);
#11180=ORIENTED_EDGE('',*,*,#11183,.T.);
#11181=ORIENTED_EDGE('',*,*,#11184,.T.);
#11182=EDGE_CURVE('',#289,#143,#11185,.F.);
#11183=EDGE_CURVE('',#143,#141,#11186,.T.);
#11184=EDGE_CURVE('',#141,#289,#11187,.T.);
#11185=LINE('',#288,#11188);
#11186=LINE('',#142,#11189);
#11187=LINE('',#140,#11190);
#11188=VECTOR('',#11191,1.0);
#11189=VECTOR('',#11192,1.0);
#11190=VECTOR('',#11193,1.0);
#11191=DIRECTION('',(0.02499233900443553,0.0015877623189009685,0.9996863818227724));
#11192=DIRECTION('',(-0.997988060218045,-0.06340214241036264,0));
#11193=DIRECTION('',(0,0,-1));
#11194=FACE_SURFACE('',(#11199),#11195,.T.);
#11195=PLANE('',#11196);
#11196=AXIS2_PLACEMENT_3D('',#574,#11197,#11198);
#11197=DIRECTION('',(-0.9807610784470354,0.19521195404843475,0));
#11198=DIRECTION('',(0,0,-1));
#11199=FACE_BOUND('',#11200,.T.);
#11200=EDGE_LOOP('',(#11201,#11202,#11203));
#11201=ORIENTED_EDGE('',*,*,#11204,.T.);
#11202=ORIENTED_EDGE('',*,*,#11205,.T.);
#11203=ORIENTED_EDGE('',*,*,#11206,.T.);
#11204=EDGE_CURVE('',#575,#75,#11207,.F.);
#11205=EDGE_CURVE('',#75,#73,#11208,.T.);
#11206=EDGE_CURVE('',#73,#575,#11209,.T.);
#11207=LINE('',#574,#11210);
#11208=LINE('',#74,#11211);
#11209=LINE('',#72,#11212);
#11210=VECTOR('',#11213,1.0);
#11211=VECTOR('',#11214,1.0);
#11212=VECTOR('',#11215,1.0);
#11213=DIRECTION('',(0,0,-1));
#11214=DIRECTION('',(-0.19521195404843472,-0.9807610784470353,0));
#11215=DIRECTION('',(0.004880837398097084,0.024521732665483253,0.9996873821617315));
#11216=FACE_SURFACE('',(#11221),#11217,.T.);
#11217=PLANE('',#11218);
#11218=AXIS2_PLACEMENT_3D('',#382,#11219,#11220);
#11219=DIRECTION('',(-0.9807610784470354,0.19521195404843475,0));
#11220=DIRECTION('',(0.19521195404843472,0.9807610784470353,0));
#11221=FACE_BOUND('',#11222,.T.);
#11222=EDGE_LOOP('',(#11223,#11224,#11225));
#11223=ORIENTED_EDGE('',*,*,#11226,.T.);
#11224=ORIENTED_EDGE('',*,*,#11227,.T.);
#11225=ORIENTED_EDGE('',*,*,#11228,.T.);
#11226=EDGE_CURVE('',#383,#575,#11229,.F.);
#11227=EDGE_CURVE('',#575,#73,#11230,.T.);
#11228=EDGE_CURVE('',#73,#383,#11231,.T.);
#11229=LINE('',#382,#11232);
#11230=LINE('',#574,#11233);
#11231=LINE('',#72,#11234);
#11232=VECTOR('',#11235,1.0);
#11233=VECTOR('',#11236,1.0);
#11234=VECTOR('',#11237,1.0);
#11235=DIRECTION('',(0.19521195404843472,0.9807610784470353,0));
#11236=DIRECTION('',(-0.004880837398097084,-0.024521732665483253,-0.9996873821617315));
#11237=DIRECTION('',(0,0,1));
#11238=FACE_SURFACE('',(#11243),#11239,.T.);
#11239=PLANE('',#11240);
#11240=AXIS2_PLACEMENT_3D('',#334,#11241,#11242);
#11241=DIRECTION('',(0,0,-1));
#11242=DIRECTION('',(0.2737770450537497,0.9617931844225334,0));
#11243=FACE_BOUND('',#11244,.T.);
#11244=EDGE_LOOP('',(#11245,#11246,#11247));
#11245=ORIENTED_EDGE('',*,*,#11248,.T.);
#11246=ORIENTED_EDGE('',*,*,#11249,.T.);
#11247=ORIENTED_EDGE('',*,*,#11250,.T.);
#11248=EDGE_CURVE('',#335,#49,#11251,.F.);
#11249=EDGE_CURVE('',#49,#53,#11252,.T.);
#11250=EDGE_CURVE('',#53,#335,#11253,.T.);
#11251=LINE('',#334,#11254);
#11252=LINE('',#48,#11255);
#11253=LINE('',#52,#11256);
#11254=VECTOR('',#11257,1.0);
#11255=VECTOR('',#11258,1.0);
#11256=VECTOR('',#11259,1.0);
#11257=DIRECTION('',(0.2737770450537497,0.9617931844225334,0));
#11258=DIRECTION('',(-0.26799726087125425,-0.96341967395601,0));
#11259=DIRECTION('',(-0.997988060218045,0.06340214241036264,0));
#11260=FACE_SURFACE('',(#11265),#11261,.T.);
#11261=PLANE('',#11262);
#11262=AXIS2_PLACEMENT_3D('',#80,#11263,#11264);
#11263=DIRECTION('',(0,0,1));
#11264=DIRECTION('',(1,0,0));
#11265=FACE_BOUND('',#11266,.T.);
#11266=EDGE_LOOP('',(#11267,#11268,#11269));
#11267=ORIENTED_EDGE('',*,*,#11270,.T.);
#11268=ORIENTED_EDGE('',*,*,#11271,.T.);
#11269=ORIENTED_EDGE('',*,*,#11272,.T.);
#11270=EDGE_CURVE('',#81,#61,#11273,.F.);
#11271=EDGE_CURVE('',#61,#549,#11274,.T.);
#11272=EDGE_CURVE('',#549,#81,#11275,.T.);
#11273=LINE('',#80,#11276);
#11274=LINE('',#60,#11277);
#11275=LINE('',#548,#11278);
#11276=VECTOR('',#11279,1.0);
#11277=VECTOR('',#11280,1.0);
#11278=VECTOR('',#11281,1.0);
#11279=DIRECTION('',(1,0,0));
#11280=DIRECTION('',(-0.4836785160926504,0.87524573296327,0));
#11281=DIRECTION('',(-0.0256170948756756,-0.999671828376758,0));
#11282=FACE_SURFACE('',(#11287),#11283,.T.);
#11283=PLANE('',#11284);
#11284=AXIS2_PLACEMENT_3D('',#180,#11285,#11286);
#11285=DIRECTION('',(0,0,1));
#11286=DIRECTION('',(0.32103662149200884,-0.9470667809932923,0));
#11287=FACE_BOUND('',#11288,.T.);
#11288=EDGE_LOOP('',(#11289,#11290,#11291));
#11289=ORIENTED_EDGE('',*,*,#11292,.T.);
#11290=ORIENTED_EDGE('',*,*,#11293,.T.);
#11291=ORIENTED_EDGE('',*,*,#11294,.T.);
#11292=EDGE_CURVE('',#181,#187,#11295,.F.);
#11293=EDGE_CURVE('',#187,#177,#11296,.T.);
#11294=EDGE_CURVE('',#177,#181,#11297,.T.);
#11295=LINE('',#180,#11298);
#11296=LINE('',#186,#11299);
#11297=LINE('',#176,#11300);
#11298=VECTOR('',#11301,1.0);
#11299=VECTOR('',#11302,1.0);
#11300=VECTOR('',#11303,1.0);
#11301=DIRECTION('',(0.32103662149200884,-0.9470667809932923,0));
#11302=DIRECTION('',(0.7934003246926774,-0.6087001928515828,0));
#11303=DIRECTION('',(-0.7518511429524579,0.6593328892457001,0));
#11304=FACE_SURFACE('',(#11309),#11305,.T.);
#11305=PLANE('',#11306);
#11306=AXIS2_PLACEMENT_3D('',#582,#11307,#11308);
#11307=DIRECTION('',(-0.4424989507560145,0.8967690218667382,0));
#11308=DIRECTION('',(0,0,1));
#11309=FACE_BOUND('',#11310,.T.);
#11310=EDGE_LOOP('',(#11311,#11312,#11313));
#11311=ORIENTED_EDGE('',*,*,#11314,.T.);
#11312=ORIENTED_EDGE('',*,*,#11315,.T.);
#11313=ORIENTED_EDGE('',*,*,#11316,.T.);
#11314=EDGE_CURVE('',#583,#547,#11317,.F.);
#11315=EDGE_CURVE('',#547,#551,#11318,.T.);
#11316=EDGE_CURVE('',#551,#583,#11319,.T.);
#11317=LINE('',#582,#11320);
#11318=LINE('',#546,#11321);
#11319=LINE('',#550,#11322);
#11320=VECTOR('',#11323,1.0);
#11321=VECTOR('',#11324,1.0);
#11322=VECTOR('',#11325,1.0);
#11323=DIRECTION('',(0,0,1));
#11324=DIRECTION('',(0.8967690218667381,0.4424989507560144,0));
#11325=DIRECTION('',(-0.02240479945601888,-0.011055355403055541,-0.9996878533213494));
#11326=FACE_SURFACE('',(#11331),#11327,.T.);
#11327=PLANE('',#11328);
#11328=AXIS2_PLACEMENT_3D('',#70,#11329,#11330);
#11329=DIRECTION('',(-0.8967690218667382,0.4424989507560145,0));
#11330=DIRECTION('',(-0.4424989507560144,-0.8967690218667381,0));
#11331=FACE_BOUND('',#11332,.T.);
#11332=EDGE_LOOP('',(#11333,#11334,#11335));
#11333=ORIENTED_EDGE('',*,*,#11336,.T.);
#11334=ORIENTED_EDGE('',*,*,#11337,.T.);
#11335=ORIENTED_EDGE('',*,*,#11338,.T.);
#11336=EDGE_CURVE('',#71,#69,#11339,.F.);
#11337=EDGE_CURVE('',#69,#537,#11340,.T.);
#11338=EDGE_CURVE('',#537,#71,#11341,.T.);
#11339=LINE('',#70,#11342);
#11340=LINE('',#68,#11343);
#11341=LINE('',#536,#11344);
#11342=VECTOR('',#11345,1.0);
#11343=VECTOR('',#11346,1.0);
#11344=VECTOR('',#11347,1.0);
#11345=DIRECTION('',(-0.4424989507560144,-0.8967690218667381,0));
#11346=DIRECTION('',(0,0,1));
#11347=DIRECTION('',(0.011055355403055541,0.02240479945601888,-0.9996878533213494));
#11348=FACE_SURFACE('',(#11353),#11349,.T.);
#11349=PLANE('',#11350);
#11350=AXIS2_PLACEMENT_3D('',#50,#11351,#11352);
#11351=DIRECTION('',(0,0,-1));
#11352=DIRECTION('',(0.26209616052401563,0.9650417621214998,0));
#11353=FACE_BOUND('',#11354,.T.);
#11354=EDGE_LOOP('',(#11355,#11356,#11357));
#11355=ORIENTED_EDGE('',*,*,#11358,.T.);
#11356=ORIENTED_EDGE('',*,*,#11359,.T.);
#11357=ORIENTED_EDGE('',*,*,#11360,.T.);
#11358=EDGE_CURVE('',#51,#49,#11361,.F.);
#11359=EDGE_CURVE('',#49,#585,#11362,.T.);
#11360=EDGE_CURVE('',#585,#51,#11363,.T.);
#11361=LINE('',#50,#11364);
#11362=LINE('',#48,#11365);
#11363=LINE('',#584,#11366);
#11364=VECTOR('',#11367,1.0);
#11365=VECTOR('',#11368,1.0);
#11366=VECTOR('',#11369,1.0);
#11367=DIRECTION('',(0.26209616052401563,0.9650417621214998,0));
#11368=DIRECTION('',(-0.2561761198378844,-0.9666301234830239,0));
#11369=DIRECTION('',(-0.9467880941111669,0.32185758473173176,0));
#11370=FACE_SURFACE('',(#11375),#11371,.T.);
#11371=PLANE('',#11372);
#11372=AXIS2_PLACEMENT_3D('',#546,#11373,#11374);
#11373=DIRECTION('',(-0.3218575847317318,0.946788094111167,0));
#11374=DIRECTION('',(0,0,-1));
#11375=FACE_BOUND('',#11376,.T.);
#11376=EDGE_LOOP('',(#11377,#11378,#11379));
#11377=ORIENTED_EDGE('',*,*,#11380,.T.);
#11378=ORIENTED_EDGE('',*,*,#11381,.T.);
#11379=ORIENTED_EDGE('',*,*,#11382,.T.);
#11380=EDGE_CURVE('',#547,#583,#11383,.F.);
#11381=EDGE_CURVE('',#583,#549,#11384,.T.);
#11382=EDGE_CURVE('',#549,#547,#11385,.T.);
#11383=LINE('',#546,#11386);
#11384=LINE('',#582,#11387);
#11385=LINE('',#548,#11388);
#11386=VECTOR('',#11389,1.0);
#11387=VECTOR('',#11390,1.0);
#11388=VECTOR('',#11391,1.0);
#11389=DIRECTION('',(0,0,-1));
#11390=DIRECTION('',(-0.02369822373536006,-0.008056135371089288,0.999686697358063));
#11391=DIRECTION('',(0.9467880941111669,0.32185758473173176,0));
#11392=FACE_SURFACE('',(#11397),#11393,.T.);
#11393=PLANE('',#11394);
#11394=AXIS2_PLACEMENT_3D('',#540,#11395,#11396);
#11395=DIRECTION('',(-0.8309659069501956,0.5563233425683656,0));
#11396=DIRECTION('',(0.5563233425683655,0.8309659069501956,0));
#11397=FACE_BOUND('',#11398,.T.);
#11398=EDGE_LOOP('',(#11399,#11400,#11401));
#11399=ORIENTED_EDGE('',*,*,#11402,.T.);
#11400=ORIENTED_EDGE('',*,*,#11403,.T.);
#11401=ORIENTED_EDGE('',*,*,#11404,.T.);
#11402=EDGE_CURVE('',#541,#537,#11405,.F.);
#11403=EDGE_CURVE('',#537,#579,#11406,.T.);
#11404=EDGE_CURVE('',#579,#541,#11407,.T.);
#11405=LINE('',#540,#11408);
#11406=LINE('',#536,#11409);
#11407=LINE('',#578,#11410);
#11408=VECTOR('',#11411,1.0);
#11409=VECTOR('',#11412,1.0);
#11410=VECTOR('',#11413,1.0);
#11411=DIRECTION('',(0.5563233425683655,0.8309659069501956,0));
#11412=DIRECTION('',(-0.013936772461196206,-0.020816999543306507,-0.9996861602039807));
#11413=DIRECTION('',(0,0,1));
#11414=FACE_SURFACE('',(#11419),#11415,.T.);
#11415=PLANE('',#11416);
#11416=AXIS2_PLACEMENT_3D('',#68,#11417,#11418);
#11417=DIRECTION('',(-0.8309659069501956,0.5563233425683656,0));
#11418=DIRECTION('',(-0.5563233425683655,-0.8309659069501956,0));
#11419=FACE_BOUND('',#11420,.T.);
#11420=EDGE_LOOP('',(#11421,#11422,#11423));
#11421=ORIENTED_EDGE('',*,*,#11424,.T.);
#11422=ORIENTED_EDGE('',*,*,#11425,.T.);
#11423=ORIENTED_EDGE('',*,*,#11426,.T.);
#11424=EDGE_CURVE('',#69,#579,#11427,.F.);
#11425=EDGE_CURVE('',#579,#537,#11428,.T.);
#11426=EDGE_CURVE('',#537,#69,#11429,.T.);
#11427=LINE('',#68,#11430);
#11428=LINE('',#578,#11431);
#11429=LINE('',#536,#11432);
#11430=VECTOR('',#11433,1.0);
#11431=VECTOR('',#11434,1.0);
#11432=VECTOR('',#11435,1.0);
#11433=DIRECTION('',(-0.5563233425683655,-0.8309659069501956,0));
#11434=DIRECTION('',(0.013936772461196206,0.020816999543306507,0.9996861602039807));
#11435=DIRECTION('',(0,0,-1));
#11436=FACE_SURFACE('',(#11441),#11437,.T.);
#11437=PLANE('',#11438);
#11438=AXIS2_PLACEMENT_3D('',#586,#11439,#11440);
#11439=DIRECTION('',(0,0,-1));
#11440=DIRECTION('',(-0.8967690218667381,0.4424989507560144,0));
#11441=FACE_BOUND('',#11442,.T.);
#11442=EDGE_LOOP('',(#11443,#11444,#11445));
#11443=ORIENTED_EDGE('',*,*,#11446,.T.);
#11444=ORIENTED_EDGE('',*,*,#11447,.T.);
#11445=ORIENTED_EDGE('',*,*,#11448,.T.);
#11446=EDGE_CURVE('',#587,#585,#11449,.F.);
#11447=EDGE_CURVE('',#585,#49,#11450,.T.);
#11448=EDGE_CURVE('',#49,#587,#11451,.T.);
#11449=LINE('',#586,#11452);
#11450=LINE('',#584,#11453);
#11451=LINE('',#48,#11454);
#11452=VECTOR('',#11455,1.0);
#11453=VECTOR('',#11456,1.0);
#11454=VECTOR('',#11457,1.0);
#11455=DIRECTION('',(-0.8967690218667381,0.4424989507560144,0));
#11456=DIRECTION('',(0.2561761198378844,0.9666301234830239,0));
#11457=DIRECTION('',(-0.2503704912579125,-0.9681501005047056,0));
#11458=FACE_SURFACE('',(#11463),#11459,.T.);
#11459=PLANE('',#11460);
#11460=AXIS2_PLACEMENT_3D('',#540,#11461,#11462);
#11461=DIRECTION('',(-0.7525733602012215,0.6585084187126559,0));
#11462=DIRECTION('',(0,0,-1));
#11463=FACE_BOUND('',#11464,.T.);
#11464=EDGE_LOOP('',(#11465,#11466,#11467));
#11465=ORIENTED_EDGE('',*,*,#11468,.T.);
#11466=ORIENTED_EDGE('',*,*,#11469,.T.);
#11467=ORIENTED_EDGE('',*,*,#11470,.T.);
#11468=EDGE_CURVE('',#541,#579,#11471,.F.);
#11469=EDGE_CURVE('',#579,#581,#11472,.T.);
#11470=EDGE_CURVE('',#581,#541,#11473,.T.);
#11471=LINE('',#540,#11474);
#11472=LINE('',#578,#11475);
#11473=LINE('',#580,#11476);
#11474=VECTOR('',#11477,1.0);
#11475=VECTOR('',#11478,1.0);
#11476=VECTOR('',#11479,1.0);
#11477=DIRECTION('',(0,0,-1));
#11478=DIRECTION('',(-0.6585084187126559,-0.7525733602012215,0));
#11479=DIRECTION('',(0.016465591110190077,0.018817626134104506,0.9996873417504442));
#11480=FACE_SURFACE('',(#11485),#11481,.T.);
#11481=PLANE('',#11482);
#11482=AXIS2_PLACEMENT_3D('',#576,#11483,#11484);
#11483=DIRECTION('',(-0.6585084187126559,0.7525733602012215,0));
#11484=DIRECTION('',(0.018817626134104506,0.016465591110190077,-0.9996873417504442));
#11485=FACE_BOUND('',#11486,.T.);
#11486=EDGE_LOOP('',(#11487,#11488,#11489));
#11487=ORIENTED_EDGE('',*,*,#11490,.T.);
#11488=ORIENTED_EDGE('',*,*,#11491,.T.);
#11489=ORIENTED_EDGE('',*,*,#11492,.T.);
#11490=EDGE_CURVE('',#577,#581,#11493,.F.);
#11491=EDGE_CURVE('',#581,#65,#11494,.T.);
#11492=EDGE_CURVE('',#65,#577,#11495,.T.);
#11493=LINE('',#576,#11496);
#11494=LINE('',#580,#11497);
#11495=LINE('',#64,#11498);
#11496=VECTOR('',#11499,1.0);
#11497=VECTOR('',#11500,1.0);
#11498=VECTOR('',#11501,1.0);
#11499=DIRECTION('',(0.018817626134104506,0.016465591110190077,-0.9996873417504442));
#11500=DIRECTION('',(-0.7525733602012215,-0.6585084187126559,0));
#11501=DIRECTION('',(0,0,1));
#11502=FACE_SURFACE('',(#11507),#11503,.T.);
#11503=PLANE('',#11504);
#11504=AXIS2_PLACEMENT_3D('',#588,#11505,#11506);
#11505=DIRECTION('',(0,0,-1));
#11506=DIRECTION('',(-0.8309659069501956,0.5563233425683655,0));
#11507=FACE_BOUND('',#11508,.T.);
#11508=EDGE_LOOP('',(#11509,#11510,#11511));
#11509=ORIENTED_EDGE('',*,*,#11512,.T.);
#11510=ORIENTED_EDGE('',*,*,#11513,.T.);
#11511=ORIENTED_EDGE('',*,*,#11514,.T.);
#11512=EDGE_CURVE('',#589,#587,#11515,.F.);
#11513=EDGE_CURVE('',#587,#49,#11516,.T.);
#11514=EDGE_CURVE('',#49,#589,#11517,.T.);
#11515=LINE('',#588,#11518);
#11516=LINE('',#586,#11519);
#11517=LINE('',#48,#11520);
#11518=VECTOR('',#11521,1.0);
#11519=VECTOR('',#11522,1.0);
#11520=VECTOR('',#11523,1.0);
#11521=DIRECTION('',(-0.8309659069501956,0.5563233425683655,0));
#11522=DIRECTION('',(0.2503704912579125,0.9681501005047056,0));
#11523=DIRECTION('',(-0.2447683131109733,-0.9695815968224689,0));
#11524=FACE_SURFACE('',(#11529),#11525,.T.);
#11525=PLANE('',#11526);
#11526=AXIS2_PLACEMENT_3D('',#416,#11527,#11528);
#11527=DIRECTION('',(-0.06573908068365164,0.9978368470200267,0));
#11528=DIRECTION('',(-0.02499233662905593,-0.0016465349410949496,-0.9996862868082705));
#11529=FACE_BOUND('',#11530,.T.);
#11530=EDGE_LOOP('',(#11531,#11532,#11533));
#11531=ORIENTED_EDGE('',*,*,#11534,.T.);
#11532=ORIENTED_EDGE('',*,*,#11535,.T.);
#11533=ORIENTED_EDGE('',*,*,#11536,.T.);
#11534=EDGE_CURVE('',#417,#151,#11537,.F.);
#11535=EDGE_CURVE('',#151,#147,#11538,.T.);
#11536=EDGE_CURVE('',#147,#417,#11539,.T.);
#11537=LINE('',#416,#11540);
#11538=LINE('',#150,#11541);
#11539=LINE('',#146,#11542);
#11540=VECTOR('',#11543,1.0);
#11541=VECTOR('',#11544,1.0);
#11542=VECTOR('',#11545,1.0);
#11543=DIRECTION('',(-0.02499233662905593,-0.0016465349410949496,-0.9996862868082705));
#11544=DIRECTION('',(0,0,1));
#11545=DIRECTION('',(0.9978368470200267,0.06573908068365164,0));
#11546=FACE_SURFACE('',(#11551),#11547,.T.);
#11547=PLANE('',#11548);
#11548=AXIS2_PLACEMENT_3D('',#588,#11549,#11550);
#11549=DIRECTION('',(0,0,-1));
#11550=DIRECTION('',(0.2447683131109733,0.9695815968224689,0));
#11551=FACE_BOUND('',#11552,.T.);
#11552=EDGE_LOOP('',(#11553,#11554,#11555));
#11553=ORIENTED_EDGE('',*,*,#11556,.T.);
#11554=ORIENTED_EDGE('',*,*,#11557,.T.);
#11555=ORIENTED_EDGE('',*,*,#11558,.T.);
#11556=EDGE_CURVE('',#589,#49,#11559,.F.);
#11557=EDGE_CURVE('',#49,#463,#11560,.T.);
#11558=EDGE_CURVE('',#463,#589,#11561,.T.);
#11559=LINE('',#588,#11562);
#11560=LINE('',#48,#11563);
#11561=LINE('',#462,#11564);
#11562=VECTOR('',#11565,1.0);
#11563=VECTOR('',#11566,1.0);
#11564=VECTOR('',#11567,1.0);
#11565=DIRECTION('',(0.2447683131109733,0.9695815968224689,0));
#11566=DIRECTION('',(-0.23949749148993563,-0.9708969829853361,0));
#11567=DIRECTION('',(-0.7525733602012215,0.6585084187126559,0));
#11568=FACE_SURFACE('',(#11573),#11569,.T.);
#11569=PLANE('',#11570);
#11570=AXIS2_PLACEMENT_3D('',#62,#11571,#11572);
#11571=DIRECTION('',(-0.5563233425683656,0.8309659069501956,0));
#11572=DIRECTION('',(0,0,1));
#11573=FACE_BOUND('',#11574,.T.);
#11574=EDGE_LOOP('',(#11575,#11576,#11577));
#11575=ORIENTED_EDGE('',*,*,#11578,.T.);
#11576=ORIENTED_EDGE('',*,*,#11579,.T.);
#11577=ORIENTED_EDGE('',*,*,#11580,.T.);
#11578=EDGE_CURVE('',#63,#551,#11581,.F.);
#11579=EDGE_CURVE('',#551,#65,#11582,.T.);
#11580=EDGE_CURVE('',#65,#63,#11583,.T.);
#11581=LINE('',#62,#11584);
#11582=LINE('',#550,#11585);
#11583=LINE('',#64,#11586);
#11584=VECTOR('',#11587,1.0);
#11585=VECTOR('',#11588,1.0);
#11586=VECTOR('',#11589,1.0);
#11587=DIRECTION('',(0,0,1));
#11588=DIRECTION('',(0.020816999543306507,0.013936772461196206,-0.9996861602039807));
#11589=DIRECTION('',(-0.8309659069501956,-0.5563233425683655,0));
#11590=FACE_SURFACE('',(#11595),#11591,.T.);
#11591=PLANE('',#11592);
#11592=AXIS2_PLACEMENT_3D('',#576,#11593,#11594);
#11593=DIRECTION('',(-0.5563233425683656,0.8309659069501956,0));
#11594=DIRECTION('',(0,0,-1));
#11595=FACE_BOUND('',#11596,.T.);
#11596=EDGE_LOOP('',(#11597,#11598,#11599));
#11597=ORIENTED_EDGE('',*,*,#11600,.T.);
#11598=ORIENTED_EDGE('',*,*,#11601,.T.);
#11599=ORIENTED_EDGE('',*,*,#11602,.T.);
#11600=EDGE_CURVE('',#577,#65,#11603,.F.);
#11601=EDGE_CURVE('',#65,#551,#11604,.T.);
#11602=EDGE_CURVE('',#551,#577,#11605,.T.);
#11603=LINE('',#576,#11606);
#11604=LINE('',#64,#11607);
#11605=LINE('',#550,#11608);
#11606=VECTOR('',#11609,1.0);
#11607=VECTOR('',#11610,1.0);
#11608=VECTOR('',#11611,1.0);
#11609=DIRECTION('',(0,0,-1));
#11610=DIRECTION('',(-0.020816999543306507,-0.013936772461196206,0.9996861602039807));
#11611=DIRECTION('',(0.8309659069501956,0.5563233425683655,0));
#11612=FACE_SURFACE('',(#11617),#11613,.T.);
#11613=PLANE('',#11614);
#11614=AXIS2_PLACEMENT_3D('',#458,#11615,#11616);
#11615=DIRECTION('',(0,0,-1));
#11616=DIRECTION('',(-0.6585084187126559,0.7525733602012215,0));
#11617=FACE_BOUND('',#11618,.T.);
#11618=EDGE_LOOP('',(#11619,#11620,#11621));
#11619=ORIENTED_EDGE('',*,*,#11622,.T.);
#11620=ORIENTED_EDGE('',*,*,#11623,.T.);
#11621=ORIENTED_EDGE('',*,*,#11624,.T.);
#11622=EDGE_CURVE('',#459,#463,#11625,.F.);
#11623=EDGE_CURVE('',#463,#49,#11626,.T.);
#11624=EDGE_CURVE('',#49,#459,#11627,.T.);
#11625=LINE('',#458,#11628);
#11626=LINE('',#462,#11629);
#11627=LINE('',#48,#11630);
#11628=VECTOR('',#11631,1.0);
#11629=VECTOR('',#11632,1.0);
#11630=VECTOR('',#11633,1.0);
#11631=DIRECTION('',(-0.6585084187126559,0.7525733602012215,0));
#11632=DIRECTION('',(0.23949749148993563,0.9708969829853361,0));
#11633=DIRECTION('',(-0.234659133388271,-0.97207771866115,0));
#11634=FACE_SURFACE('',(#11639),#11635,.T.);
#11635=PLANE('',#11636);
#11636=AXIS2_PLACEMENT_3D('',#550,#11637,#11638);
#11637=DIRECTION('',(-0.4424989507560145,0.8967690218667382,0));
#11638=DIRECTION('',(0,0,-1));
#11639=FACE_BOUND('',#11640,.T.);
#11640=EDGE_LOOP('',(#11641,#11642,#11643));
#11641=ORIENTED_EDGE('',*,*,#11644,.T.);
#11642=ORIENTED_EDGE('',*,*,#11645,.T.);
#11643=ORIENTED_EDGE('',*,*,#11646,.T.);
#11644=EDGE_CURVE('',#551,#63,#11647,.F.);
#11645=EDGE_CURVE('',#63,#583,#11648,.T.);
#11646=EDGE_CURVE('',#583,#551,#11649,.T.);
#11647=LINE('',#550,#11650);
#11648=LINE('',#62,#11651);
#11649=LINE('',#582,#11652);
#11650=VECTOR('',#11653,1.0);
#11651=VECTOR('',#11654,1.0);
#11652=VECTOR('',#11655,1.0);
#11653=DIRECTION('',(0,0,-1));
#11654=DIRECTION('',(-0.8967690218667381,-0.4424989507560144,0));
#11655=DIRECTION('',(0.02240479945601888,0.011055355403055541,0.9996878533213494));
#11656=FACE_SURFACE('',(#11661),#11657,.T.);
#11657=PLANE('',#11658);
#11658=AXIS2_PLACEMENT_3D('',#46,#11659,#11660);
#11659=DIRECTION('',(0,0,-1));
#11660=DIRECTION('',(-0.9574329922564628,0.28865561719605604,0));
#11661=FACE_BOUND('',#11662,.T.);
#11662=EDGE_LOOP('',(#11663,#11664,#11665));
#11663=ORIENTED_EDGE('',*,*,#11666,.T.);
#11664=ORIENTED_EDGE('',*,*,#11667,.T.);
#11665=ORIENTED_EDGE('',*,*,#11668,.T.);
#11666=EDGE_CURVE('',#47,#45,#11669,.F.);
#11667=EDGE_CURVE('',#45,#49,#11670,.T.);
#11668=EDGE_CURVE('',#49,#47,#11671,.T.);
#11669=LINE('',#46,#11672);
#11670=LINE('',#44,#11673);
#11671=LINE('',#48,#11674);
#11672=VECTOR('',#11675,1.0);
#11673=VECTOR('',#11676,1.0);
#11674=VECTOR('',#11677,1.0);
#11675=DIRECTION('',(-0.9574329922564628,0.28865561719605604,0));
#11676=DIRECTION('',(0.23032025003420184,0.9731148865494674,0));
#11677=DIRECTION('',(0,-1,0));
#11678=FACE_SURFACE('',(#11683),#11679,.T.);
#11679=PLANE('',#11680);
#11680=AXIS2_PLACEMENT_3D('',#458,#11681,#11682);
#11681=DIRECTION('',(0,0,-1));
#11682=DIRECTION('',(0.234659133388271,0.97207771866115,0));
#11683=FACE_BOUND('',#11684,.T.);
#11684=EDGE_LOOP('',(#11685,#11686,#11687));
#11685=ORIENTED_EDGE('',*,*,#11688,.T.);
#11686=ORIENTED_EDGE('',*,*,#11689,.T.);
#11687=ORIENTED_EDGE('',*,*,#11690,.T.);
#11688=EDGE_CURVE('',#459,#49,#11691,.F.);
#11689=EDGE_CURVE('',#49,#45,#11692,.T.);
#11690=EDGE_CURVE('',#45,#459,#11693,.T.);
#11691=LINE('',#458,#11694);
#11692=LINE('',#48,#11695);
#11693=LINE('',#44,#11696);
#11694=VECTOR('',#11697,1.0);
#11695=VECTOR('',#11698,1.0);
#11696=VECTOR('',#11699,1.0);
#11697=DIRECTION('',(0.234659133388271,0.97207771866115,0));
#11698=DIRECTION('',(-0.23032025003420184,-0.9731148865494674,0));
#11699=DIRECTION('',(-0.5563233425683655,0.8309659069501956,0));
#11700=FACE_SURFACE('',(#11705),#11701,.T.);
#11701=PLANE('',#11702);
#11702=AXIS2_PLACEMENT_3D('',#582,#11703,#11704);
#11703=DIRECTION('',(-0.3218575847317318,0.946788094111167,0));
#11704=DIRECTION('',(-0.9467880941111669,-0.32185758473173176,0));
#11705=FACE_BOUND('',#11706,.T.);
#11706=EDGE_LOOP('',(#11707,#11708,#11709));
#11707=ORIENTED_EDGE('',*,*,#11710,.T.);
#11708=ORIENTED_EDGE('',*,*,#11711,.T.);
#11709=ORIENTED_EDGE('',*,*,#11712,.T.);
#11710=EDGE_CURVE('',#583,#405,#11713,.F.);
#11711=EDGE_CURVE('',#405,#549,#11714,.T.);
#11712=EDGE_CURVE('',#549,#583,#11715,.T.);
#11713=LINE('',#582,#11716);
#11714=LINE('',#404,#11717);
#11715=LINE('',#548,#11718);
#11716=VECTOR('',#11719,1.0);
#11717=VECTOR('',#11720,1.0);
#11718=VECTOR('',#11721,1.0);
#11719=DIRECTION('',(-0.9467880941111669,-0.32185758473173176,0));
#11720=DIRECTION('',(0,0,1));
#11721=DIRECTION('',(0.02369822373536006,0.008056135371089288,-0.999686697358063));
#11722=FACE_SURFACE('',(#11727),#11723,.T.);
#11723=PLANE('',#11724);
#11724=AXIS2_PLACEMENT_3D('',#416,#11725,#11726);
#11725=DIRECTION('',(-0.19521195404843475,0.9807610784470354,0));
#11726=DIRECTION('',(0.9807610784470353,0.19521195404843472,0));
#11727=FACE_BOUND('',#11728,.T.);
#11728=EDGE_LOOP('',(#11729,#11730,#11731));
#11729=ORIENTED_EDGE('',*,*,#11732,.T.);
#11730=ORIENTED_EDGE('',*,*,#11733,.T.);
#11731=ORIENTED_EDGE('',*,*,#11734,.T.);
#11732=EDGE_CURVE('',#417,#549,#11735,.F.);
#11733=EDGE_CURVE('',#549,#355,#11736,.T.);
#11734=EDGE_CURVE('',#355,#417,#11737,.T.);
#11735=LINE('',#416,#11738);
#11736=LINE('',#548,#11739);
#11737=LINE('',#354,#11740);
#11738=VECTOR('',#11741,1.0);
#11739=VECTOR('',#11742,1.0);
#11740=VECTOR('',#11743,1.0);
#11741=DIRECTION('',(0.9807610784470353,0.19521195404843472,0));
#11742=DIRECTION('',(-0.024521732665483253,-0.004880837398097084,-0.9996873821617315));
#11743=DIRECTION('',(0,0,1));
#11744=FACE_SURFACE('',(#11749),#11745,.T.);
#11745=PLANE('',#11746);
#11746=AXIS2_PLACEMENT_3D('',#404,#11747,#11748);
#11747=DIRECTION('',(-0.19521195404843475,0.9807610784470354,0));
#11748=DIRECTION('',(-0.9807610784470353,-0.19521195404843472,0));
#11749=FACE_BOUND('',#11750,.T.);
#11750=EDGE_LOOP('',(#11751,#11752,#11753));
#11751=ORIENTED_EDGE('',*,*,#11754,.T.);
#11752=ORIENTED_EDGE('',*,*,#11755,.T.);
#11753=ORIENTED_EDGE('',*,*,#11756,.T.);
#11754=EDGE_CURVE('',#405,#355,#11757,.F.);
#11755=EDGE_CURVE('',#355,#549,#11758,.T.);
#11756=EDGE_CURVE('',#549,#405,#11759,.T.);
#11757=LINE('',#404,#11760);
#11758=LINE('',#354,#11761);
#11759=LINE('',#548,#11762);
#11760=VECTOR('',#11763,1.0);
#11761=VECTOR('',#11764,1.0);
#11762=VECTOR('',#11765,1.0);
#11763=DIRECTION('',(-0.9807610784470353,-0.19521195404843472,0));
#11764=DIRECTION('',(0.024521732665483253,0.004880837398097084,0.9996873821617315));
#11765=DIRECTION('',(0,0,-1));
#11766=FACE_SURFACE('',(#11771),#11767,.T.);
#11767=PLANE('',#11768);
#11768=AXIS2_PLACEMENT_3D('',#42,#11769,#11770);
#11769=DIRECTION('',(0,0,-1));
#11770=DIRECTION('',(0.9626602911814803,-0.2707123266169966,0));
#11771=FACE_BOUND('',#11772,.T.);
#11772=EDGE_LOOP('',(#11773,#11774,#11775));
#11773=ORIENTED_EDGE('',*,*,#11776,.T.);
#11774=ORIENTED_EDGE('',*,*,#11777,.T.);
#11775=ORIENTED_EDGE('',*,*,#11778,.T.);
#11776=EDGE_CURVE('',#43,#47,#11779,.F.);
#11777=EDGE_CURVE('',#47,#473,#11780,.T.);
#11778=EDGE_CURVE('',#473,#43,#11781,.T.);
#11779=LINE('',#42,#11782);
#11780=LINE('',#46,#11783);
#11781=LINE('',#472,#11784);
#11782=VECTOR('',#11785,1.0);
#11783=VECTOR('',#11786,1.0);
#11784=VECTOR('',#11787,1.0);
#11785=DIRECTION('',(0.9626602911814803,-0.2707123266169966,0));
#11786=DIRECTION('',(-0.968238757211272,0.2500274165646076,0));
#11787=DIRECTION('',(-0.3218548537101871,0.9467890225088132,0));
#11788=FACE_SURFACE('',(#11793),#11789,.T.);
#11789=PLANE('',#11790);
#11790=AXIS2_PLACEMENT_3D('',#78,#11791,#11792);
#11791=DIRECTION('',(0,0,-1));
#11792=DIRECTION('',(-0.19521195404843472,0.9807610784470353,0));
#11793=FACE_BOUND('',#11794,.T.);
#11794=EDGE_LOOP('',(#11795,#11796,#11797));
#11795=ORIENTED_EDGE('',*,*,#11798,.T.);
#11796=ORIENTED_EDGE('',*,*,#11799,.T.);
#11797=ORIENTED_EDGE('',*,*,#11800,.T.);
#11798=EDGE_CURVE('',#79,#473,#11801,.F.);
#11799=EDGE_CURVE('',#473,#47,#11802,.T.);
#11800=EDGE_CURVE('',#47,#79,#11803,.T.);
#11801=LINE('',#78,#11804);
#11802=LINE('',#472,#11805);
#11803=LINE('',#46,#11806);
#11804=VECTOR('',#11807,1.0);
#11805=VECTOR('',#11808,1.0);
#11806=VECTOR('',#11809,1.0);
#11807=DIRECTION('',(-0.19521195404843472,0.9807610784470353,0));
#11808=DIRECTION('',(0.968238757211272,-0.2500274165646076,0));
#11809=DIRECTION('',(-0.9738799401400812,0.2270635642122092,0));
#11810=FACE_SURFACE('',(#11815),#11811,.T.);
#11811=PLANE('',#11812);
#11812=AXIS2_PLACEMENT_3D('',#506,#11813,#11814);
#11813=DIRECTION('',(0,0,1));
#11814=DIRECTION('',(-0.2759181241871719,-0.9611811425246714,0));
#11815=FACE_BOUND('',#11816,.T.);
#11816=EDGE_LOOP('',(#11817,#11818,#11819));
#11817=ORIENTED_EDGE('',*,*,#11820,.T.);
#11818=ORIENTED_EDGE('',*,*,#11821,.T.);
#11819=ORIENTED_EDGE('',*,*,#11822,.T.);
#11820=EDGE_CURVE('',#507,#129,#11823,.F.);
#11821=EDGE_CURVE('',#129,#503,#11824,.T.);
#11822=EDGE_CURVE('',#503,#507,#11825,.T.);
#11823=LINE('',#506,#11826);
#11824=LINE('',#128,#11827);
#11825=LINE('',#502,#11828);
#11826=VECTOR('',#11829,1.0);
#11827=VECTOR('',#11830,1.0);
#11828=VECTOR('',#11831,1.0);
#11829=DIRECTION('',(-0.2759181241871719,-0.9611811425246714,0));
#11830=DIRECTION('',(0.3316608405605647,0.9433986892288221,0));
#11831=DIRECTION('',(-0.946786291482897,0.3218628873605388,0));
#11832=FACE_SURFACE('',(#11837),#11833,.T.);
#11833=PLANE('',#11834);
#11834=AXIS2_PLACEMENT_3D('',#438,#11835,#11836);
#11835=DIRECTION('',(0,0,1));
#11836=DIRECTION('',(-0.2209107857097526,-0.9752940196459218,0));
#11837=FACE_BOUND('',#11838,.T.);
#11838=EDGE_LOOP('',(#11839,#11840,#11841));
#11839=ORIENTED_EDGE('',*,*,#11842,.T.);
#11840=ORIENTED_EDGE('',*,*,#11843,.T.);
#11841=ORIENTED_EDGE('',*,*,#11844,.T.);
#11842=EDGE_CURVE('',#439,#129,#11845,.F.);
#11843=EDGE_CURVE('',#129,#507,#11846,.T.);
#11844=EDGE_CURVE('',#507,#439,#11847,.T.);
#11845=LINE('',#438,#11848);
#11846=LINE('',#128,#11849);
#11847=LINE('',#506,#11850);
#11848=VECTOR('',#11851,1.0);
#11849=VECTOR('',#11852,1.0);
#11850=VECTOR('',#11853,1.0);
#11851=DIRECTION('',(-0.2209107857097526,-0.9752940196459218,0));
#11852=DIRECTION('',(0.2759181241871719,0.9611811425246714,0));
#11853=DIRECTION('',(-0.8967672637615953,0.4425025137166356,0));
#11854=FACE_SURFACE('',(#11859),#11855,.T.);
#11855=PLANE('',#11856);
#11856=AXIS2_PLACEMENT_3D('',#438,#11857,#11858);
#11857=DIRECTION('',(0,0,1));
#11858=DIRECTION('',(-0.8309686782890312,0.5563192030683289,0));
#11859=FACE_BOUND('',#11860,.T.);
#11860=EDGE_LOOP('',(#11861,#11862,#11863));
#11861=ORIENTED_EDGE('',*,*,#11864,.T.);
#11862=ORIENTED_EDGE('',*,*,#11865,.T.);
#11863=ORIENTED_EDGE('',*,*,#11866,.T.);
#11864=EDGE_CURVE('',#439,#517,#11867,.F.);
#11865=EDGE_CURVE('',#517,#129,#11868,.T.);
#11866=EDGE_CURVE('',#129,#439,#11869,.T.);
#11867=LINE('',#438,#11870);
#11868=LINE('',#516,#11871);
#11869=LINE('',#128,#11872);
#11870=VECTOR('',#11873,1.0);
#11871=VECTOR('',#11874,1.0);
#11872=VECTOR('',#11875,1.0);
#11873=DIRECTION('',(-0.8309686782890312,0.5563192030683289,0));
#11874=DIRECTION('',(-0.1690922042488768,-0.9856002366386973,0));
#11875=DIRECTION('',(0.2209107857097526,0.9752940196459218,0));
#11876=FACE_SURFACE('',(#11881),#11877,.T.);
#11877=PLANE('',#11878);
#11878=AXIS2_PLACEMENT_3D('',#384,#11879,#11880);
#11879=DIRECTION('',(0,0,1));
#11880=DIRECTION('',(-0.6585033375758821,0.7525778062110414,0));
#11881=FACE_BOUND('',#11882,.T.);
#11882=EDGE_LOOP('',(#11883,#11884,#11885));
#11883=ORIENTED_EDGE('',*,*,#11886,.T.);
#11884=ORIENTED_EDGE('',*,*,#11887,.T.);
#11885=ORIENTED_EDGE('',*,*,#11888,.T.);
#11886=EDGE_CURVE('',#385,#467,#11889,.F.);
#11887=EDGE_CURVE('',#467,#129,#11890,.T.);
#11888=EDGE_CURVE('',#129,#385,#11891,.T.);
#11889=LINE('',#384,#11892);
#11890=LINE('',#466,#11893);
#11891=LINE('',#128,#11894);
#11892=VECTOR('',#11895,1.0);
#11893=VECTOR('',#11896,1.0);
#11894=VECTOR('',#11897,1.0);
#11895=DIRECTION('',(-0.6585033375758821,0.7525778062110414,0));
#11896=DIRECTION('',(-0.08362087376765714,-0.9964976414775569,0));
#11897=DIRECTION('',(0.12282844779434307,0.9924279179932577,0));
#11898=FACE_SURFACE('',(#11903),#11899,.T.);
#11899=PLANE('',#11900);
#11900=AXIS2_PLACEMENT_3D('',#560,#11901,#11902);
#11901=DIRECTION('',(-0.6585084187126559,-0.7525733602012215,-0));
#11902=DIRECTION('',(0,0,-1));
#11903=FACE_BOUND('',#11904,.T.);
#11904=EDGE_LOOP('',(#11905,#11906,#11907));
#11905=ORIENTED_EDGE('',*,*,#11908,.T.);
#11906=ORIENTED_EDGE('',*,*,#11909,.T.);
#11907=ORIENTED_EDGE('',*,*,#11910,.T.);
#11908=EDGE_CURVE('',#561,#589,#11911,.F.);
#11909=EDGE_CURVE('',#589,#463,#11912,.T.);
#11910=EDGE_CURVE('',#463,#561,#11913,.T.);
#11911=LINE('',#560,#11914);
#11912=LINE('',#588,#11915);
#11913=LINE('',#462,#11916);
#11914=VECTOR('',#11917,1.0);
#11915=VECTOR('',#11918,1.0);
#11916=VECTOR('',#11919,1.0);
#11917=DIRECTION('',(0,0,-1));
#11918=DIRECTION('',(0.7525733602012215,-0.6585084187126559,0));
#11919=DIRECTION('',(-0.018817626134104506,0.016465591110190077,0.9996873417504442));
#11920=FACE_SURFACE('',(#11925),#11921,.T.);
#11921=PLANE('',#11922);
#11922=AXIS2_PLACEMENT_3D('',#96,#11923,#11924);
#11923=DIRECTION('',(-0.4424989507560145,-0.8967690218667381,0));
#11924=DIRECTION('',(0.8967690218667381,-0.4424989507560144,0));
#11925=FACE_BOUND('',#11926,.T.);
#11926=EDGE_LOOP('',(#11927,#11928,#11929));
#11927=ORIENTED_EDGE('',*,*,#11930,.T.);
#11928=ORIENTED_EDGE('',*,*,#11931,.T.);
#11929=ORIENTED_EDGE('',*,*,#11932,.T.);
#11930=EDGE_CURVE('',#97,#109,#11933,.F.);
#11931=EDGE_CURVE('',#109,#313,#11934,.T.);
#11932=EDGE_CURVE('',#313,#97,#11935,.T.);
#11933=LINE('',#96,#11936);
#11934=LINE('',#108,#11937);
#11935=LINE('',#312,#11938);
#11936=VECTOR('',#11939,1.0);
#11937=VECTOR('',#11940,1.0);
#11938=VECTOR('',#11941,1.0);
#11939=DIRECTION('',(0.8967690218667381,-0.4424989507560144,0));
#11940=DIRECTION('',(-0.03806571205683545,0.018783027997407022,0.9990986935357561));
#11941=DIRECTION('',(0,0,-1));
#11942=FACE_SURFACE('',(#11947),#11943,.T.);
#11943=PLANE('',#11944);
#11944=AXIS2_PLACEMENT_3D('',#564,#11945,#11946);
#11945=DIRECTION('',(-0.9979880242093762,-0.06340270920603859,0));
#11946=DIRECTION('',(0.0015877623278025134,-0.024992114820967196,-0.9996863874273602));
#11947=FACE_BOUND('',#11948,.T.);
#11948=EDGE_LOOP('',(#11949,#11950,#11951));
#11949=ORIENTED_EDGE('',*,*,#11952,.T.);
#11950=ORIENTED_EDGE('',*,*,#11953,.T.);
#11951=ORIENTED_EDGE('',*,*,#11954,.T.);
#11952=EDGE_CURVE('',#565,#77,#11955,.F.);
#11953=EDGE_CURVE('',#77,#573,#11956,.T.);
#11954=EDGE_CURVE('',#573,#565,#11957,.T.);
#11955=LINE('',#564,#11958);
#11956=LINE('',#76,#11959);
#11957=LINE('',#572,#11960);
#11958=VECTOR('',#11961,1.0);
#11959=VECTOR('',#11962,1.0);
#11960=VECTOR('',#11963,1.0);
#11961=DIRECTION('',(0.0015877623278025134,-0.024992114820967196,-0.9996863874273602));
#11962=DIRECTION('',(0,0,1));
#11963=DIRECTION('',(-0.06340270920603859,0.9979880242093763,0));
#11964=FACE_SURFACE('',(#11969),#11965,.T.);
#11965=PLANE('',#11966);
#11966=AXIS2_PLACEMENT_3D('',#472,#11967,#11968);
#11967=DIRECTION('',(-0.9467890225088132,-0.3218548537101871,0));
#11968=DIRECTION('',(0,0,1));
#11969=FACE_BOUND('',#11970,.T.);
#11970=EDGE_LOOP('',(#11971,#11972,#11973));
#11971=ORIENTED_EDGE('',*,*,#11974,.T.);
#11972=ORIENTED_EDGE('',*,*,#11975,.T.);
#11973=ORIENTED_EDGE('',*,*,#11976,.T.);
#11974=EDGE_CURVE('',#473,#475,#11977,.F.);
#11975=EDGE_CURVE('',#475,#43,#11978,.T.);
#11976=EDGE_CURVE('',#43,#473,#11979,.T.);
#11977=LINE('',#472,#11980);
#11978=LINE('',#474,#11981);
#11979=LINE('',#42,#11982);
#11980=VECTOR('',#11983,1.0);
#11981=VECTOR('',#11984,1.0);
#11982=VECTOR('',#11985,1.0);
#11983=DIRECTION('',(0,0,1));
#11984=DIRECTION('',(-0.008056135328262088,0.023698447933030383,-0.9996866920436313));
#11985=DIRECTION('',(0.3218548537101871,-0.9467890225088132,0));
#11986=FACE_SURFACE('',(#11991),#11987,.T.);
#11987=PLANE('',#11988);
#11988=AXIS2_PLACEMENT_3D('',#564,#11989,#11990);
#11989=DIRECTION('',(-0.9807610784470354,-0.19521195404843475,-0));
#11990=DIRECTION('',(-0.19521195404843472,0.9807610784470353,0));
#11991=FACE_BOUND('',#11992,.T.);
#11992=EDGE_LOOP('',(#11993,#11994,#11995));
#11993=ORIENTED_EDGE('',*,*,#11996,.T.);
#11994=ORIENTED_EDGE('',*,*,#11997,.T.);
#11995=ORIENTED_EDGE('',*,*,#11998,.T.);
#11996=EDGE_CURVE('',#565,#475,#11999,.F.);
#11997=EDGE_CURVE('',#475,#79,#12000,.T.);
#11998=EDGE_CURVE('',#79,#565,#12001,.T.);
#11999=LINE('',#564,#12002);
#12000=LINE('',#474,#12003);
#12001=LINE('',#78,#12004);
#12002=VECTOR('',#12005,1.0);
#12003=VECTOR('',#12006,1.0);
#12004=VECTOR('',#12007,1.0);
#12005=DIRECTION('',(-0.19521195404843472,0.9807610784470353,0));
#12006=DIRECTION('',(0.004880837398097084,-0.024521732665483253,-0.9996873821617315));
#12007=DIRECTION('',(0,0,1));
#12008=FACE_SURFACE('',(#12013),#12009,.T.);
#12009=PLANE('',#12010);
#12010=AXIS2_PLACEMENT_3D('',#430,#12011,#12012);
#12011=DIRECTION('',(-0.8967681428194753,-0.44250073223002606,-0));
#12012=DIRECTION('',(0,0,-1));
#12013=FACE_BOUND('',#12014,.T.);
#12014=EDGE_LOOP('',(#12015,#12016,#12017));
#12015=ORIENTED_EDGE('',*,*,#12018,.T.);
#12016=ORIENTED_EDGE('',*,*,#12019,.T.);
#12017=ORIENTED_EDGE('',*,*,#12020,.T.);
#12018=EDGE_CURVE('',#431,#267,#12021,.F.);
#12019=EDGE_CURVE('',#267,#155,#12022,.T.);
#12020=EDGE_CURVE('',#155,#431,#12023,.T.);
#12021=LINE('',#430,#12024);
#12022=LINE('',#266,#12025);
#12023=LINE('',#154,#12026);
#12024=VECTOR('',#12027,1.0);
#12025=VECTOR('',#12028,1.0);
#12026=VECTOR('',#12029,1.0);
#12027=DIRECTION('',(0,0,-1));
#12028=DIRECTION('',(0.44250073223002606,-0.8967681428194753,0));
#12029=DIRECTION('',(-0.018783028133657162,0.03806552177000608,0.9990987007831146));
#12030=FACE_SURFACE('',(#12035),#12031,.T.);
#12031=PLANE('',#12032);
#12032=AXIS2_PLACEMENT_3D('',#84,#12033,#12034);
#12033=DIRECTION('',(0,0,1));
#12034=DIRECTION('',(0.559302089970866,-0.8289639148685674,0));
#12035=FACE_BOUND('',#12036,.T.);
#12036=EDGE_LOOP('',(#12037,#12038,#12039));
#12037=ORIENTED_EDGE('',*,*,#12040,.T.);
#12038=ORIENTED_EDGE('',*,*,#12041,.T.);
#12039=ORIENTED_EDGE('',*,*,#12042,.T.);
#12040=EDGE_CURVE('',#85,#129,#12043,.F.);
#12041=EDGE_CURVE('',#129,#467,#12044,.T.);
#12042=EDGE_CURVE('',#467,#85,#12045,.T.);
#12043=LINE('',#84,#12046);
#12044=LINE('',#128,#12047);
#12045=LINE('',#466,#12048);
#12046=VECTOR('',#12049,1.0);
#12047=VECTOR('',#12050,1.0);
#12048=VECTOR('',#12051,1.0);
#12049=DIRECTION('',(0.559302089970866,-0.8289639148685674,0));
#12050=DIRECTION('',(0.08362087376765714,0.9964976414775569,0));
#12051=DIRECTION('',(-0.9661917002692867,0.2578247434416351,0));
#12052=FACE_SURFACE('',(#12057),#12053,.T.);
#12053=PLANE('',#12054);
#12054=AXIS2_PLACEMENT_3D('',#504,#12055,#12056);
#12055=DIRECTION('',(-0.06340214241036263,-0.9979880602180449,-0));
#12056=DIRECTION('',(-0.997988060218045,0.06340214241036264,0));
#12057=FACE_BOUND('',#12058,.T.);
#12058=EDGE_LOOP('',(#12059,#12060,#12061));
#12059=ORIENTED_EDGE('',*,*,#12062,.T.);
#12060=ORIENTED_EDGE('',*,*,#12063,.T.);
#12061=ORIENTED_EDGE('',*,*,#12064,.T.);
#12062=EDGE_CURVE('',#505,#143,#12065,.F.);
#12063=EDGE_CURVE('',#143,#53,#12066,.T.);
#12064=EDGE_CURVE('',#53,#505,#12067,.T.);
#12065=LINE('',#504,#12068);
#12066=LINE('',#142,#12069);
#12067=LINE('',#52,#12070);
#12068=VECTOR('',#12071,1.0);
#12069=VECTOR('',#12072,1.0);
#12070=VECTOR('',#12073,1.0);
#12071=DIRECTION('',(-0.997988060218045,0.06340214241036264,0));
#12072=DIRECTION('',(0.02499233900443553,-0.0015877623189009685,-0.9996863818227724));
#12073=DIRECTION('',(0,0,1));
#12074=FACE_SURFACE('',(#12079),#12075,.T.);
#12075=PLANE('',#12076);
#12076=AXIS2_PLACEMENT_3D('',#504,#12077,#12078);
#12077=DIRECTION('',(-0.19521195404843475,-0.9807610784470354,-0));
#12078=DIRECTION('',(0,0,-1));
#12079=FACE_BOUND('',#12080,.T.);
#12080=EDGE_LOOP('',(#12081,#12082,#12083));
#12081=ORIENTED_EDGE('',*,*,#12084,.T.);
#12082=ORIENTED_EDGE('',*,*,#12085,.T.);
#12083=ORIENTED_EDGE('',*,*,#12086,.T.);
#12084=EDGE_CURVE('',#505,#53,#12087,.F.);
#12085=EDGE_CURVE('',#53,#499,#12088,.T.);
#12086=EDGE_CURVE('',#499,#505,#12089,.T.);
#12087=LINE('',#504,#12090);
#12088=LINE('',#52,#12091);
#12089=LINE('',#498,#12092);
#12090=VECTOR('',#12093,1.0);
#12091=VECTOR('',#12094,1.0);
#12092=VECTOR('',#12095,1.0);
#12093=DIRECTION('',(0,0,-1));
#12094=DIRECTION('',(0.024521732665483253,-0.004880837398097084,0.9996873821617315));
#12095=DIRECTION('',(-0.9807610784470353,0.19521195404843472,0));
#12096=FACE_SURFACE('',(#12101),#12097,.T.);
#12097=PLANE('',#12098);
#12098=AXIS2_PLACEMENT_3D('',#50,#12099,#12100);
#12099=DIRECTION('',(-0.19521195404843475,-0.9807610784470354,0));
#12100=DIRECTION('',(0,0,1));
#12101=FACE_BOUND('',#12102,.T.);
#12102=EDGE_LOOP('',(#12103,#12104,#12105));
#12103=ORIENTED_EDGE('',*,*,#12106,.T.);
#12104=ORIENTED_EDGE('',*,*,#12107,.T.);
#12105=ORIENTED_EDGE('',*,*,#12108,.T.);
#12106=EDGE_CURVE('',#51,#499,#12109,.F.);
#12107=EDGE_CURVE('',#499,#53,#12110,.T.);
#12108=EDGE_CURVE('',#53,#51,#12111,.T.);
#12109=LINE('',#50,#12112);
#12110=LINE('',#498,#12113);
#12111=LINE('',#52,#12114);
#12112=VECTOR('',#12115,1.0);
#12113=VECTOR('',#12116,1.0);
#12114=VECTOR('',#12117,1.0);
#12115=DIRECTION('',(0,0,1));
#12116=DIRECTION('',(-0.024521732665483253,0.004880837398097084,-0.9996873821617315));
#12117=DIRECTION('',(0.9807610784470353,-0.19521195404843472,0));
#12118=FACE_SURFACE('',(#12123),#12119,.T.);
#12119=PLANE('',#12120);
#12120=AXIS2_PLACEMENT_3D('',#498,#12121,#12122);
#12121=DIRECTION('',(-0.3218575847317318,-0.946788094111167,-0));
#12122=DIRECTION('',(0,0,-1));
#12123=FACE_BOUND('',#12124,.T.);
#12124=EDGE_LOOP('',(#12125,#12126,#12127));
#12125=ORIENTED_EDGE('',*,*,#12128,.T.);
#12126=ORIENTED_EDGE('',*,*,#12129,.T.);
#12127=ORIENTED_EDGE('',*,*,#12130,.T.);
#12128=EDGE_CURVE('',#499,#51,#12131,.F.);
#12129=EDGE_CURVE('',#51,#501,#12132,.T.);
#12130=EDGE_CURVE('',#501,#499,#12133,.T.);
#12131=LINE('',#498,#12134);
#12132=LINE('',#50,#12135);
#12133=LINE('',#500,#12136);
#12134=VECTOR('',#12137,1.0);
#12135=VECTOR('',#12138,1.0);
#12136=VECTOR('',#12139,1.0);
#12137=DIRECTION('',(0,0,-1));
#12138=DIRECTION('',(0.02369822373536006,-0.008056135371089288,0.999686697358063));
#12139=DIRECTION('',(-0.9467880941111669,0.32185758473173176,0));
#12140=FACE_SURFACE('',(#12145),#12141,.T.);
#12141=PLANE('',#12142);
#12142=AXIS2_PLACEMENT_3D('',#584,#12143,#12144);
#12143=DIRECTION('',(-0.3218575847317318,-0.946788094111167,0));
#12144=DIRECTION('',(0,0,1));
#12145=FACE_BOUND('',#12146,.T.);
#12146=EDGE_LOOP('',(#12147,#12148,#12149));
#12147=ORIENTED_EDGE('',*,*,#12150,.T.);
#12148=ORIENTED_EDGE('',*,*,#12151,.T.);
#12149=ORIENTED_EDGE('',*,*,#12152,.T.);
#12150=EDGE_CURVE('',#585,#501,#12153,.F.);
#12151=EDGE_CURVE('',#501,#51,#12154,.T.);
#12152=EDGE_CURVE('',#51,#585,#12155,.T.);
#12153=LINE('',#584,#12156);
#12154=LINE('',#500,#12157);
#12155=LINE('',#50,#12158);
#12156=VECTOR('',#12159,1.0);
#12157=VECTOR('',#12160,1.0);
#12158=VECTOR('',#12161,1.0);
#12159=DIRECTION('',(0,0,1));
#12160=DIRECTION('',(-0.02369822373536006,0.008056135371089288,-0.999686697358063));
#12161=DIRECTION('',(0.9467880941111669,-0.32185758473173176,0));
#12162=FACE_SURFACE('',(#12167),#12163,.T.);
#12163=PLANE('',#12164);
#12164=AXIS2_PLACEMENT_3D('',#558,#12165,#12166);
#12165=DIRECTION('',(-0.4424989507560145,-0.8967690218667382,-0));
#12166=DIRECTION('',(-0.8967690218667381,0.4424989507560144,0));
#12167=FACE_BOUND('',#12168,.T.);
#12168=EDGE_LOOP('',(#12169,#12170,#12171));
#12169=ORIENTED_EDGE('',*,*,#12172,.T.);
#12170=ORIENTED_EDGE('',*,*,#12173,.T.);
#12171=ORIENTED_EDGE('',*,*,#12174,.T.);
#12172=EDGE_CURVE('',#559,#501,#12175,.F.);
#12173=EDGE_CURVE('',#501,#587,#12176,.T.);
#12174=EDGE_CURVE('',#587,#559,#12177,.T.);
#12175=LINE('',#558,#12178);
#12176=LINE('',#500,#12179);
#12177=LINE('',#586,#12180);
#12178=VECTOR('',#12181,1.0);
#12179=VECTOR('',#12182,1.0);
#12180=VECTOR('',#12183,1.0);
#12181=DIRECTION('',(-0.8967690218667381,0.4424989507560144,0));
#12182=DIRECTION('',(0.02240479945601888,-0.011055355403055541,-0.9996878533213494));
#12183=DIRECTION('',(0,0,1));
#12184=FACE_SURFACE('',(#12189),#12185,.T.);
#12185=PLANE('',#12186);
#12186=AXIS2_PLACEMENT_3D('',#584,#12187,#12188);
#12187=DIRECTION('',(-0.4424989507560145,-0.8967690218667382,0));
#12188=DIRECTION('',(0.8967690218667381,-0.4424989507560144,0));
#12189=FACE_BOUND('',#12190,.T.);
#12190=EDGE_LOOP('',(#12191,#12192,#12193));
#12191=ORIENTED_EDGE('',*,*,#12194,.T.);
#12192=ORIENTED_EDGE('',*,*,#12195,.T.);
#12193=ORIENTED_EDGE('',*,*,#12196,.T.);
#12194=EDGE_CURVE('',#585,#587,#12197,.F.);
#12195=EDGE_CURVE('',#587,#501,#12198,.T.);
#12196=EDGE_CURVE('',#501,#585,#12199,.T.);
#12197=LINE('',#584,#12200);
#12198=LINE('',#586,#12201);
#12199=LINE('',#500,#12202);
#12200=VECTOR('',#12203,1.0);
#12201=VECTOR('',#12204,1.0);
#12202=VECTOR('',#12205,1.0);
#12203=DIRECTION('',(0.8967690218667381,-0.4424989507560144,0));
#12204=DIRECTION('',(-0.02240479945601888,0.011055355403055541,0.9996878533213494));
#12205=DIRECTION('',(0,0,-1));
#12206=FACE_SURFACE('',(#12211),#12207,.T.);
#12207=PLANE('',#12208);
#12208=AXIS2_PLACEMENT_3D('',#502,#12209,#12210);
#12209=DIRECTION('',(0,0,1));
#12210=DIRECTION('',(-0.3316608405605647,-0.9433986892288221,0));
#12211=FACE_BOUND('',#12212,.T.);
#12212=EDGE_LOOP('',(#12213,#12214,#12215));
#12213=ORIENTED_EDGE('',*,*,#12216,.T.);
#12214=ORIENTED_EDGE('',*,*,#12217,.T.);
#12215=ORIENTED_EDGE('',*,*,#12218,.T.);
#12216=EDGE_CURVE('',#503,#129,#12219,.F.);
#12217=EDGE_CURVE('',#129,#409,#12220,.T.);
#12218=EDGE_CURVE('',#409,#503,#12221,.T.);
#12219=LINE('',#502,#12222);
#12220=LINE('',#128,#12223);
#12221=LINE('',#408,#12224);
#12222=VECTOR('',#12225,1.0);
#12223=VECTOR('',#12226,1.0);
#12224=VECTOR('',#12227,1.0);
#12225=DIRECTION('',(-0.3316608405605647,-0.9433986892288221,0));
#12226=DIRECTION('',(0.38520475925334907,0.9228311294319071,0));
#12227=DIRECTION('',(-0.9807610784470353,0.19521195404843472,0));
#12228=FACE_SURFACE('',(#12233),#12229,.T.);
#12229=PLANE('',#12230);
#12230=AXIS2_PLACEMENT_3D('',#408,#12231,#12232);
#12231=DIRECTION('',(0,0,1));
#12232=DIRECTION('',(-0.38520475925334907,-0.9228311294319071,0));
#12233=FACE_BOUND('',#12234,.T.);
#12234=EDGE_LOOP('',(#12235,#12236,#12237));
#12235=ORIENTED_EDGE('',*,*,#12238,.T.);
#12236=ORIENTED_EDGE('',*,*,#12239,.T.);
#12237=ORIENTED_EDGE('',*,*,#12240,.T.);
#12238=EDGE_CURVE('',#409,#129,#12241,.F.);
#12239=EDGE_CURVE('',#129,#369,#12242,.T.);
#12240=EDGE_CURVE('',#369,#409,#12243,.T.);
#12241=LINE('',#408,#12244);
#12242=LINE('',#128,#12245);
#12243=LINE('',#368,#12246);
#12244=VECTOR('',#12247,1.0);
#12245=VECTOR('',#12248,1.0);
#12246=VECTOR('',#12249,1.0);
#12247=DIRECTION('',(-0.38520475925334907,-0.9228311294319071,0));
#12248=DIRECTION('',(0.4342448925040394,0.9007948564096906,0));
#12249=DIRECTION('',(-0.997988060218045,0.06340214241036264,0));
#12250=FACE_SURFACE('',(#12255),#12251,.T.);
#12251=PLANE('',#12252);
#12252=AXIS2_PLACEMENT_3D('',#102,#12253,#12254);
#12253=DIRECTION('',(-0.19521195404843475,-0.9807610784470354,0));
#12254=DIRECTION('',(0,0,1));
#12255=FACE_BOUND('',#12256,.T.);
#12256=EDGE_LOOP('',(#12257,#12258,#12259));
#12257=ORIENTED_EDGE('',*,*,#12260,.T.);
#12258=ORIENTED_EDGE('',*,*,#12261,.T.);
#12259=ORIENTED_EDGE('',*,*,#12262,.T.);
#12260=EDGE_CURVE('',#103,#357,#12263,.F.);
#12261=EDGE_CURVE('',#357,#105,#12264,.T.);
#12262=EDGE_CURVE('',#105,#103,#12265,.T.);
#12263=LINE('',#102,#12266);
#12264=LINE('',#356,#12267);
#12265=LINE('',#104,#12268);
#12266=VECTOR('',#12269,1.0);
#12267=VECTOR('',#12270,1.0);
#12268=VECTOR('',#12271,1.0);
#12269=DIRECTION('',(0,0,1));
#12270=DIRECTION('',(-0.04166234054597021,0.008292526168644636,-0.999097334292297));
#12271=DIRECTION('',(0.9807610784470353,-0.19521195404843472,0));
#12272=FACE_SURFACE('',(#12277),#12273,.T.);
#12273=PLANE('',#12274);
#12274=AXIS2_PLACEMENT_3D('',#556,#12275,#12276);
#12275=DIRECTION('',(0,0,1));
#12276=DIRECTION('',(-0.9925471612854778,0.12186112023176149,0));
#12277=FACE_BOUND('',#12278,.T.);
#12278=EDGE_LOOP('',(#12279,#12280,#12281));
#12279=ORIENTED_EDGE('',*,*,#12282,.T.);
#12280=ORIENTED_EDGE('',*,*,#12283,.T.);
#12281=ORIENTED_EDGE('',*,*,#12284,.T.);
#12282=EDGE_CURVE('',#557,#85,#12285,.F.);
#12283=EDGE_CURVE('',#85,#553,#12286,.T.);
#12284=EDGE_CURVE('',#553,#557,#12287,.T.);
#12285=LINE('',#556,#12288);
#12286=LINE('',#84,#12289);
#12287=LINE('',#552,#12290);
#12288=VECTOR('',#12291,1.0);
#12289=VECTOR('',#12292,1.0);
#12290=VECTOR('',#12293,1.0);
#12291=DIRECTION('',(-0.9925471612854778,0.12186112023176149,0));
#12292=DIRECTION('',(0.9845274443211655,-0.17523045220062225,0));
#12293=DIRECTION('',(-0.32186152183993644,0.9467867556946918,0));
#12294=FACE_SURFACE('',(#12299),#12295,.T.);
#12295=PLANE('',#12296);
#12296=AXIS2_PLACEMENT_3D('',#552,#12297,#12298);
#12297=DIRECTION('',(0,0,1));
#12298=DIRECTION('',(-0.9845274443211655,0.17523045220062225,0));
#12299=FACE_BOUND('',#12300,.T.);
#12300=EDGE_LOOP('',(#12301,#12302,#12303));
#12301=ORIENTED_EDGE('',*,*,#12304,.T.);
#12302=ORIENTED_EDGE('',*,*,#12305,.T.);
#12303=ORIENTED_EDGE('',*,*,#12306,.T.);
#12304=EDGE_CURVE('',#553,#85,#12307,.F.);
#12305=EDGE_CURVE('',#85,#469,#12308,.T.);
#12306=EDGE_CURVE('',#469,#553,#12309,.T.);
#12307=LINE('',#552,#12310);
#12308=LINE('',#84,#12311);
#12309=LINE('',#468,#12312);
#12310=VECTOR('',#12313,1.0);
#12311=VECTOR('',#12314,1.0);
#12312=VECTOR('',#12315,1.0);
#12313=DIRECTION('',(-0.9845274443211655,0.17523045220062225,0));
#12314=DIRECTION('',(0.9753232370762278,-0.22078175472431666,0));
#12315=DIRECTION('',(-0.4424935115219267,0.8967717057651822,0));
#12316=FACE_SURFACE('',(#12321),#12317,.T.);
#12317=PLANE('',#12318);
#12318=AXIS2_PLACEMENT_3D('',#566,#12319,#12320);
#12319=DIRECTION('',(0,0,1));
#12320=DIRECTION('',(-0.9980382300980493,0.06260743775904958,0));
#12321=FACE_BOUND('',#12322,.T.);
#12322=EDGE_LOOP('',(#12323,#12324,#12325));
#12323=ORIENTED_EDGE('',*,*,#12326,.T.);
#12324=ORIENTED_EDGE('',*,*,#12327,.T.);
#12325=ORIENTED_EDGE('',*,*,#12328,.T.);
#12326=EDGE_CURVE('',#567,#85,#12329,.F.);
#12327=EDGE_CURVE('',#85,#557,#12330,.T.);
#12328=EDGE_CURVE('',#557,#567,#12331,.T.);
#12329=LINE('',#566,#12332);
#12330=LINE('',#84,#12333);
#12331=LINE('',#556,#12334);
#12332=VECTOR('',#12335,1.0);
#12333=VECTOR('',#12336,1.0);
#12334=VECTOR('',#12337,1.0);
#12335=DIRECTION('',(-0.9980382300980493,0.06260743775904958,0));
#12336=DIRECTION('',(0.9925471612854778,-0.12186112023176149,0));
#12337=DIRECTION('',(-0.19521195404843472,0.9807610784470353,0));
#12338=FACE_SURFACE('',(#12343),#12339,.T.);
#12339=PLANE('',#12340);
#12340=AXIS2_PLACEMENT_3D('',#588,#12341,#12342);
#12341=DIRECTION('',(-0.5563233425683656,-0.8309659069501956,0));
#12342=DIRECTION('',(0,0,1));
#12343=FACE_BOUND('',#12344,.T.);
#12344=EDGE_LOOP('',(#12345,#12346,#12347));
#12345=ORIENTED_EDGE('',*,*,#12348,.T.);
#12346=ORIENTED_EDGE('',*,*,#12349,.T.);
#12347=ORIENTED_EDGE('',*,*,#12350,.T.);
#12348=EDGE_CURVE('',#589,#561,#12351,.F.);
#12349=EDGE_CURVE('',#561,#559,#12352,.T.);
#12350=EDGE_CURVE('',#559,#589,#12353,.T.);
#12351=LINE('',#588,#12354);
#12352=LINE('',#560,#12355);
#12353=LINE('',#558,#12356);
#12354=VECTOR('',#12357,1.0);
#12355=VECTOR('',#12358,1.0);
#12356=VECTOR('',#12359,1.0);
#12357=DIRECTION('',(0,0,1));
#12358=DIRECTION('',(-0.8309659069501956,0.5563233425683655,0));
#12359=DIRECTION('',(0.020816999543306507,-0.013936772461196206,-0.9996861602039807));
#12360=FACE_SURFACE('',(#12365),#12361,.T.);
#12361=PLANE('',#12362);
#12362=AXIS2_PLACEMENT_3D('',#588,#12363,#12364);
#12363=DIRECTION('',(-0.5563233425683656,-0.8309659069501956,0));
#12364=DIRECTION('',(-0.020816999543306507,0.013936772461196206,0.9996861602039807));
#12365=FACE_BOUND('',#12366,.T.);
#12366=EDGE_LOOP('',(#12367,#12368,#12369));
#12367=ORIENTED_EDGE('',*,*,#12370,.T.);
#12368=ORIENTED_EDGE('',*,*,#12371,.T.);
#12369=ORIENTED_EDGE('',*,*,#12372,.T.);
#12370=EDGE_CURVE('',#589,#559,#12373,.F.);
#12371=EDGE_CURVE('',#559,#587,#12374,.T.);
#12372=EDGE_CURVE('',#587,#589,#12375,.T.);
#12373=LINE('',#588,#12376);
#12374=LINE('',#558,#12377);
#12375=LINE('',#586,#12378);
#12376=VECTOR('',#12379,1.0);
#12377=VECTOR('',#12380,1.0);
#12378=VECTOR('',#12381,1.0);
#12379=DIRECTION('',(-0.020816999543306507,0.013936772461196206,0.9996861602039807));
#12380=DIRECTION('',(0,0,-1));
#12381=DIRECTION('',(0.8309659069501956,-0.5563233425683655,0));
#12382=FACE_SURFACE('',(#12387),#12383,.T.);
#12383=PLANE('',#12384);
#12384=AXIS2_PLACEMENT_3D('',#320,#12385,#12386);
#12385=DIRECTION('',(0,0,1));
#12386=DIRECTION('',(-1,0,0));
#12387=FACE_BOUND('',#12388,.T.);
#12388=EDGE_LOOP('',(#12389,#12390,#12391));
#12389=ORIENTED_EDGE('',*,*,#12392,.T.);
#12390=ORIENTED_EDGE('',*,*,#12393,.T.);
#12391=ORIENTED_EDGE('',*,*,#12394,.T.);
#12392=EDGE_CURVE('',#321,#85,#12395,.F.);
#12393=EDGE_CURVE('',#85,#567,#12396,.T.);
#12394=EDGE_CURVE('',#567,#321,#12397,.T.);
#12395=LINE('',#320,#12398);
#12396=LINE('',#84,#12399);
#12397=LINE('',#566,#12400);
#12398=VECTOR('',#12401,1.0);
#12399=VECTOR('',#12402,1.0);
#12400=VECTOR('',#12403,1.0);
#12401=DIRECTION('',(-1,0,0));
#12402=DIRECTION('',(0.9980382300980493,-0.06260743775904958,0));
#12403=DIRECTION('',(-0.06573966819275853,0.9978368083138175,0));
#12404=FACE_SURFACE('',(#12409),#12405,.T.);
#12405=PLANE('',#12406);
#12406=AXIS2_PLACEMENT_3D('',#516,#12407,#12408);
#12407=DIRECTION('',(0,0,1));
#12408=DIRECTION('',(-0.7525755832038533,0.6585058781555257,0));
#12409=FACE_BOUND('',#12410,.T.);
#12410=EDGE_LOOP('',(#12411,#12412,#12413));
#12411=ORIENTED_EDGE('',*,*,#12414,.T.);
#12412=ORIENTED_EDGE('',*,*,#12415,.T.);
#12413=ORIENTED_EDGE('',*,*,#12416,.T.);
#12414=EDGE_CURVE('',#517,#385,#12417,.F.);
#12415=EDGE_CURVE('',#385,#129,#12418,.T.);
#12416=EDGE_CURVE('',#129,#517,#12419,.T.);
#12417=LINE('',#516,#12420);
#12418=LINE('',#384,#12421);
#12419=LINE('',#128,#12422);
#12420=VECTOR('',#12423,1.0);
#12421=VECTOR('',#12424,1.0);
#12422=VECTOR('',#12425,1.0);
#12423=DIRECTION('',(-0.7525755832038533,0.6585058781555257,0));
#12424=DIRECTION('',(-0.12282844779434307,-0.9924279179932577,0));
#12425=DIRECTION('',(0.1690922042488768,0.9856002366386973,0));
#12426=FACE_SURFACE('',(#12431),#12427,.T.);
#12427=PLANE('',#12428);
#12428=AXIS2_PLACEMENT_3D('',#142,#12429,#12430);
#12429=DIRECTION('',(-0,-0,1));
#12430=DIRECTION('',(0.997988060218045,-0.06340214241036264,0));
#12431=FACE_BOUND('',#12432,.T.);
#12432=EDGE_LOOP('',(#12433,#12434,#12435));
#12433=ORIENTED_EDGE('',*,*,#12436,.T.);
#12434=ORIENTED_EDGE('',*,*,#12437,.T.);
#12435=ORIENTED_EDGE('',*,*,#12438,.T.);
#12436=EDGE_CURVE('',#143,#505,#12439,.F.);
#12437=EDGE_CURVE('',#505,#129,#12440,.T.);
#12438=EDGE_CURVE('',#129,#143,#12441,.T.);
#12439=LINE('',#142,#12442);
#12440=LINE('',#504,#12443);
#12441=LINE('',#128,#12444);
#12442=VECTOR('',#12445,1.0);
#12443=VECTOR('',#12446,1.0);
#12444=VECTOR('',#12447,1.0);
#12445=DIRECTION('',(0.997988060218045,-0.06340214241036264,0));
#12446=DIRECTION('',(-0.05499715023180056,0.9984865114093334,0));
#12447=DIRECTION('',(0.04867774294601689,-0.9988145360084032,0));
#12448=FACE_SURFACE('',(#12453),#12449,.T.);
#12449=PLANE('',#12450);
#12450=AXIS2_PLACEMENT_3D('',#466,#12451,#12452);
#12451=DIRECTION('',(0,0,1));
#12452=DIRECTION('',(-0.5563233425683655,0.8309659069501956,0));
#12453=FACE_BOUND('',#12454,.T.);
#12454=EDGE_LOOP('',(#12455,#12456,#12457));
#12455=ORIENTED_EDGE('',*,*,#12458,.T.);
#12456=ORIENTED_EDGE('',*,*,#12459,.T.);
#12457=ORIENTED_EDGE('',*,*,#12460,.T.);
#12458=EDGE_CURVE('',#467,#469,#12461,.F.);
#12459=EDGE_CURVE('',#469,#85,#12462,.T.);
#12460=EDGE_CURVE('',#85,#467,#12463,.T.);
#12461=LINE('',#466,#12464);
#12462=LINE('',#468,#12465);
#12463=LINE('',#84,#12466);
#12464=VECTOR('',#12467,1.0);
#12465=VECTOR('',#12468,1.0);
#12466=VECTOR('',#12469,1.0);
#12467=DIRECTION('',(-0.5563233425683655,0.8309659069501956,0));
#12468=DIRECTION('',(-0.9753232370762278,0.22078175472431666,0));
#12469=DIRECTION('',(0.9661917002692867,-0.2578247434416351,0));
#12470=FACE_SURFACE('',(#12475),#12471,.T.);
#12471=PLANE('',#12472);
#12472=AXIS2_PLACEMENT_3D('',#542,#12473,#12474);
#12473=DIRECTION('',(0,0,1));
#12474=DIRECTION('',(-0.3558177828802701,-0.9345553516973562,0));
#12475=FACE_BOUND('',#12476,.T.);
#12476=EDGE_LOOP('',(#12477,#12478,#12479));
#12477=ORIENTED_EDGE('',*,*,#12480,.T.);
#12478=ORIENTED_EDGE('',*,*,#12481,.T.);
#12479=ORIENTED_EDGE('',*,*,#12482,.T.);
#12480=EDGE_CURVE('',#543,#37,#12483,.F.);
#12481=EDGE_CURVE('',#37,#437,#12484,.T.);
#12482=EDGE_CURVE('',#437,#543,#12485,.T.);
#12483=LINE('',#542,#12486);
#12484=LINE('',#36,#12487);
#12485=LINE('',#436,#12488);
#12486=VECTOR('',#12489,1.0);
#12487=VECTOR('',#12490,1.0);
#12488=VECTOR('',#12491,1.0);
#12489=DIRECTION('',(-0.3558177828802701,-0.9345553516973562,0));
#12490=DIRECTION('',(0.371908625070124,0.9282693437782215,0));
#12491=DIRECTION('',(-0.9467890225088132,0.3218548537101871,0));
#12492=FACE_SURFACE('',(#12497),#12493,.T.);
#12493=PLANE('',#12494);
#12494=AXIS2_PLACEMENT_3D('',#436,#12495,#12496);
#12495=DIRECTION('',(0,0,1));
#12496=DIRECTION('',(-0.371908625070124,-0.9282693437782215,0));
#12497=FACE_BOUND('',#12498,.T.);
#12498=EDGE_LOOP('',(#12499,#12500,#12501));
#12499=ORIENTED_EDGE('',*,*,#12502,.T.);
#12500=ORIENTED_EDGE('',*,*,#12503,.T.);
#12501=ORIENTED_EDGE('',*,*,#12504,.T.);
#12502=EDGE_CURVE('',#437,#37,#12505,.F.);
#12503=EDGE_CURVE('',#37,#145,#12506,.T.);
#12504=EDGE_CURVE('',#145,#437,#12507,.T.);
#12505=LINE('',#436,#12508);
#12506=LINE('',#36,#12509);
#12507=LINE('',#144,#12510);
#12508=VECTOR('',#12511,1.0);
#12509=VECTOR('',#12512,1.0);
#12510=VECTOR('',#12513,1.0);
#12511=DIRECTION('',(-0.371908625070124,-0.9282693437782215,0));
#12512=DIRECTION('',(0.38755919766651525,0.9218448179081373,0));
#12513=DIRECTION('',(-0.9807610784470353,0.19521195404843472,0));
#12514=FACE_SURFACE('',(#12519),#12515,.T.);
#12515=PLANE('',#12516);
#12516=AXIS2_PLACEMENT_3D('',#312,#12517,#12518);
#12517=DIRECTION('',(-0.4424989507560145,-0.8967690218667381,0));
#12518=DIRECTION('',(0.03806571205683545,-0.018783027997407022,-0.9990986935357561));
#12519=FACE_BOUND('',#12520,.T.);
#12520=EDGE_LOOP('',(#12521,#12522,#12523));
#12521=ORIENTED_EDGE('',*,*,#12524,.T.);
#12522=ORIENTED_EDGE('',*,*,#12525,.T.);
#12523=ORIENTED_EDGE('',*,*,#12526,.T.);
#12524=EDGE_CURVE('',#313,#109,#12527,.F.);
#12525=EDGE_CURVE('',#109,#309,#12528,.T.);
#12526=EDGE_CURVE('',#309,#313,#12529,.T.);
#12527=LINE('',#312,#12530);
#12528=LINE('',#108,#12531);
#12529=LINE('',#308,#12532);
#12530=VECTOR('',#12533,1.0);
#12531=VECTOR('',#12534,1.0);
#12532=VECTOR('',#12535,1.0);
#12533=DIRECTION('',(0.03806571205683545,-0.018783027997407022,-0.9990986935357561));
#12534=DIRECTION('',(0,0,1));
#12535=DIRECTION('',(-0.8967690218667381,0.4424989507560144,0));
#12536=FACE_SURFACE('',(#12541),#12537,.T.);
#12537=PLANE('',#12538);
#12538=AXIS2_PLACEMENT_3D('',#208,#12539,#12540);
#12539=DIRECTION('',(0,0,1));
#12540=DIRECTION('',(-0.3089952122943789,-0.9510635934463856,0));
#12541=FACE_BOUND('',#12542,.T.);
#12542=EDGE_LOOP('',(#12543,#12544,#12545));
#12543=ORIENTED_EDGE('',*,*,#12546,.T.);
#12544=ORIENTED_EDGE('',*,*,#12547,.T.);
#12545=ORIENTED_EDGE('',*,*,#12548,.T.);
#12546=EDGE_CURVE('',#209,#37,#12549,.F.);
#12547=EDGE_CURVE('',#37,#207,#12550,.T.);
#12548=EDGE_CURVE('',#207,#209,#12551,.T.);
#12549=LINE('',#208,#12552);
#12550=LINE('',#36,#12553);
#12551=LINE('',#206,#12554);
#12552=VECTOR('',#12555,1.0);
#12553=VECTOR('',#12556,1.0);
#12554=VECTOR('',#12557,1.0);
#12555=DIRECTION('',(-0.3089952122943789,-0.9510635934463856,0));
#12556=DIRECTION('',(0.3239730649943144,0.9460663048424195,0));
#12557=DIRECTION('',(-0.7525733602012215,0.6585084187126559,0));
#12558=FACE_SURFACE('',(#12563),#12559,.T.);
#12559=PLANE('',#12560);
#12560=AXIS2_PLACEMENT_3D('',#446,#12561,#12562);
#12561=DIRECTION('',(0,0,1));
#12562=DIRECTION('',(-0.3397292385946361,-0.9405232822444689,0));
#12563=FACE_BOUND('',#12564,.T.);
#12564=EDGE_LOOP('',(#12565,#12566,#12567));
#12565=ORIENTED_EDGE('',*,*,#12568,.T.);
#12566=ORIENTED_EDGE('',*,*,#12569,.T.);
#12567=ORIENTED_EDGE('',*,*,#12570,.T.);
#12568=EDGE_CURVE('',#447,#37,#12571,.F.);
#12569=EDGE_CURVE('',#37,#543,#12572,.T.);
#12570=EDGE_CURVE('',#543,#447,#12573,.T.);
#12571=LINE('',#446,#12574);
#12572=LINE('',#36,#12575);
#12573=LINE('',#542,#12576);
#12574=VECTOR('',#12577,1.0);
#12575=VECTOR('',#12578,1.0);
#12576=VECTOR('',#12579,1.0);
#12577=DIRECTION('',(-0.3397292385946361,-0.9405232822444689,0));
#12578=DIRECTION('',(0.3558177828802701,0.9345553516973562,0));
#12579=DIRECTION('',(-0.8967672637615953,0.4425025137166356,0));
#12580=FACE_SURFACE('',(#12585),#12581,.T.);
#12581=PLANE('',#12582);
#12582=AXIS2_PLACEMENT_3D('',#554,#12583,#12584);
#12583=DIRECTION('',(0,0,1));
#12584=DIRECTION('',(-0.2951477579798411,-0.9554516214646731,0));
#12585=FACE_BOUND('',#12586,.T.);
#12586=EDGE_LOOP('',(#12587,#12588,#12589));
#12587=ORIENTED_EDGE('',*,*,#12590,.T.);
#12588=ORIENTED_EDGE('',*,*,#12591,.T.);
#12589=ORIENTED_EDGE('',*,*,#12592,.T.);
#12590=EDGE_CURVE('',#555,#37,#12593,.F.);
#12591=EDGE_CURVE('',#37,#209,#12594,.T.);
#12592=EDGE_CURVE('',#209,#555,#12595,.T.);
#12593=LINE('',#554,#12596);
#12594=LINE('',#36,#12597);
#12595=LINE('',#208,#12598);
#12596=VECTOR('',#12599,1.0);
#12597=VECTOR('',#12600,1.0);
#12598=VECTOR('',#12601,1.0);
#12599=DIRECTION('',(-0.2951477579798411,-0.9554516214646731,0));
#12600=DIRECTION('',(0.3089952122943789,0.9510635934463856,0));
#12601=DIRECTION('',(-0.6585033375758821,0.7525778062110414,0));
#12602=FACE_SURFACE('',(#12607),#12603,.T.);
#12603=PLANE('',#12604);
#12604=AXIS2_PLACEMENT_3D('',#206,#12605,#12606);
#12605=DIRECTION('',(0,0,1));
#12606=DIRECTION('',(-0.3239730649943144,-0.9460663048424195,0));
#12607=FACE_BOUND('',#12608,.T.);
#12608=EDGE_LOOP('',(#12609,#12610,#12611));
#12609=ORIENTED_EDGE('',*,*,#12612,.T.);
#12610=ORIENTED_EDGE('',*,*,#12613,.T.);
#12611=ORIENTED_EDGE('',*,*,#12614,.T.);
#12612=EDGE_CURVE('',#207,#37,#12615,.F.);
#12613=EDGE_CURVE('',#37,#447,#12616,.T.);
#12614=EDGE_CURVE('',#447,#207,#12617,.T.);
#12615=LINE('',#206,#12618);
#12616=LINE('',#36,#12619);
#12617=LINE('',#446,#12620);
#12618=VECTOR('',#12621,1.0);
#12619=VECTOR('',#12622,1.0);
#12620=VECTOR('',#12623,1.0);
#12621=DIRECTION('',(-0.3239730649943144,-0.9460663048424195,0));
#12622=DIRECTION('',(0.3397292385946361,0.9405232822444689,0));
#12623=DIRECTION('',(-0.8309686782890312,0.5563192030683289,0));
#12624=FACE_SURFACE('',(#12629),#12625,.T.);
#12625=PLANE('',#12626);
#12626=AXIS2_PLACEMENT_3D('',#260,#12627,#12628);
#12627=DIRECTION('',(-0.5563233425683655,-0.8309659069501955,0));
#12628=DIRECTION('',(0,0,1));
#12629=FACE_BOUND('',#12630,.T.);
#12630=EDGE_LOOP('',(#12631,#12632,#12633));
#12631=ORIENTED_EDGE('',*,*,#12634,.T.);
#12632=ORIENTED_EDGE('',*,*,#12635,.T.);
#12633=ORIENTED_EDGE('',*,*,#12636,.T.);
#12634=EDGE_CURVE('',#261,#305,#12637,.F.);
#12635=EDGE_CURVE('',#305,#109,#12638,.T.);
#12636=EDGE_CURVE('',#109,#261,#12639,.T.);
#12637=LINE('',#260,#12640);
#12638=LINE('',#304,#12641);
#12639=LINE('',#108,#12642);
#12640=VECTOR('',#12643,1.0);
#12641=VECTOR('',#12644,1.0);
#12642=VECTOR('',#12645,1.0);
#12643=DIRECTION('',(0,0,1));
#12644=DIRECTION('',(-0.03536792998897694,0.02367847449169883,-0.9990938090960432));
#12645=DIRECTION('',(0.8309659069501956,-0.5563233425683655,0));
#12646=FACE_SURFACE('',(#12651),#12647,.T.);
#12647=PLANE('',#12648);
#12648=AXIS2_PLACEMENT_3D('',#308,#12649,#12650);
#12649=DIRECTION('',(-0.5563233425683655,-0.8309659069501955,-0));
#12650=DIRECTION('',(0,0,-1));
#12651=FACE_BOUND('',#12652,.T.);
#12652=EDGE_LOOP('',(#12653,#12654,#12655));
#12653=ORIENTED_EDGE('',*,*,#12656,.T.);
#12654=ORIENTED_EDGE('',*,*,#12657,.T.);
#12655=ORIENTED_EDGE('',*,*,#12658,.T.);
#12656=EDGE_CURVE('',#309,#109,#12659,.F.);
#12657=EDGE_CURVE('',#109,#305,#12660,.T.);
#12658=EDGE_CURVE('',#305,#309,#12661,.T.);
#12659=LINE('',#308,#12662);
#12660=LINE('',#108,#12663);
#12661=LINE('',#304,#12664);
#12662=VECTOR('',#12665,1.0);
#12663=VECTOR('',#12666,1.0);
#12664=VECTOR('',#12667,1.0);
#12665=DIRECTION('',(0,0,-1));
#12666=DIRECTION('',(0.03536792998897694,-0.02367847449169883,0.9990938090960432));
#12667=DIRECTION('',(-0.8309659069501956,0.5563233425683655,0));
#12668=FACE_SURFACE('',(#12673),#12669,.T.);
#12669=PLANE('',#12670);
#12670=AXIS2_PLACEMENT_3D('',#366,#12671,#12672);
#12671=DIRECTION('',(0,0,1));
#12672=DIRECTION('',(-0.2826797110308116,-0.9592143561120928,0));
#12673=FACE_BOUND('',#12674,.T.);
#12674=EDGE_LOOP('',(#12675,#12676,#12677));
#12675=ORIENTED_EDGE('',*,*,#12678,.T.);
#12676=ORIENTED_EDGE('',*,*,#12679,.T.);
#12677=ORIENTED_EDGE('',*,*,#12680,.T.);
#12678=EDGE_CURVE('',#367,#37,#12681,.F.);
#12679=EDGE_CURVE('',#37,#555,#12682,.T.);
#12680=EDGE_CURVE('',#555,#367,#12683,.T.);
#12681=LINE('',#366,#12684);
#12682=LINE('',#36,#12685);
#12683=LINE('',#554,#12686);
#12684=VECTOR('',#12687,1.0);
#12685=VECTOR('',#12688,1.0);
#12686=VECTOR('',#12689,1.0);
#12687=DIRECTION('',(-0.2826797110308116,-0.9592143561120928,0));
#12688=DIRECTION('',(0.2951477579798411,0.9554516214646731,0));
#12689=DIRECTION('',(-0.5563233425683655,0.8309659069501956,0));
#12690=FACE_SURFACE('',(#12695),#12691,.T.);
#12691=PLANE('',#12692);
#12692=AXIS2_PLACEMENT_3D('',#38,#12693,#12694);
#12693=DIRECTION('',(0,0,1));
#12694=DIRECTION('',(-0.2719218770209101,-0.9623193299510434,0));
#12695=FACE_BOUND('',#12696,.T.);
#12696=EDGE_LOOP('',(#12697,#12698,#12699));
#12697=ORIENTED_EDGE('',*,*,#12700,.T.);
#12698=ORIENTED_EDGE('',*,*,#12701,.T.);
#12699=ORIENTED_EDGE('',*,*,#12702,.T.);
#12700=EDGE_CURVE('',#39,#37,#12703,.F.);
#12701=EDGE_CURVE('',#37,#367,#12704,.T.);
#12702=EDGE_CURVE('',#367,#39,#12705,.T.);
#12703=LINE('',#38,#12706);
#12704=LINE('',#36,#12707);
#12705=LINE('',#366,#12708);
#12706=VECTOR('',#12709,1.0);
#12707=VECTOR('',#12710,1.0);
#12708=VECTOR('',#12711,1.0);
#12709=DIRECTION('',(-0.2719218770209101,-0.9623193299510434,0));
#12710=DIRECTION('',(0.2826797110308116,0.9592143561120928,0));
#12711=DIRECTION('',(-0.44249173006282944,0.8967725847872492,0));
#12712=FACE_SURFACE('',(#12717),#12713,.T.);
#12713=PLANE('',#12714);
#12714=AXIS2_PLACEMENT_3D('',#260,#12715,#12716);
#12715=DIRECTION('',(-0.6585058781555257,-0.7525755832038533,0));
#12716=DIRECTION('',(0.7525755832038533,-0.6585058781555257,0));
#12717=FACE_BOUND('',#12718,.T.);
#12718=EDGE_LOOP('',(#12719,#12720,#12721));
#12719=ORIENTED_EDGE('',*,*,#12722,.T.);
#12720=ORIENTED_EDGE('',*,*,#12723,.T.);
#12721=ORIENTED_EDGE('',*,*,#12724,.T.);
#12722=EDGE_CURVE('',#261,#113,#12725,.F.);
#12723=EDGE_CURVE('',#113,#305,#12726,.T.);
#12724=EDGE_CURVE('',#305,#261,#12727,.T.);
#12725=LINE('',#260,#12728);
#12726=LINE('',#112,#12729);
#12727=LINE('',#304,#12730);
#12728=VECTOR('',#12731,1.0);
#12729=VECTOR('',#12732,1.0);
#12730=VECTOR('',#12733,1.0);
#12731=DIRECTION('',(0.7525755832038533,-0.6585058781555257,0));
#12732=DIRECTION('',(-0.03197108064714112,0.0279747908475846,0.9990972230365212));
#12733=DIRECTION('',(0,0,-1));
#12734=FACE_SURFACE('',(#12739),#12735,.T.);
#12735=PLANE('',#12736);
#12736=AXIS2_PLACEMENT_3D('',#302,#12737,#12738);
#12737=DIRECTION('',(-0.6585058781555257,-0.7525755832038533,-0));
#12738=DIRECTION('',(-0.7525755832038533,0.6585058781555257,0));
#12739=FACE_BOUND('',#12740,.T.);
#12740=EDGE_LOOP('',(#12741,#12742,#12743));
#12741=ORIENTED_EDGE('',*,*,#12744,.T.);
#12742=ORIENTED_EDGE('',*,*,#12745,.T.);
#12743=ORIENTED_EDGE('',*,*,#12746,.T.);
#12744=EDGE_CURVE('',#303,#305,#12747,.F.);
#12745=EDGE_CURVE('',#305,#113,#12748,.T.);
#12746=EDGE_CURVE('',#113,#303,#12749,.T.);
#12747=LINE('',#302,#12750);
#12748=LINE('',#304,#12751);
#12749=LINE('',#112,#12752);
#12750=VECTOR('',#12753,1.0);
#12751=VECTOR('',#12754,1.0);
#12752=VECTOR('',#12755,1.0);
#12753=DIRECTION('',(-0.7525755832038533,0.6585058781555257,0));
#12754=DIRECTION('',(0.03197108064714112,-0.0279747908475846,-0.9990972230365212));
#12755=DIRECTION('',(0,0,1));
#12756=FACE_SURFACE('',(#12761),#12757,.T.);
#12757=PLANE('',#12758);
#12758=AXIS2_PLACEMENT_3D('',#264,#12759,#12760);
#12759=DIRECTION('',(-0.7525733602012215,-0.6585084187126559,0));
#12760=DIRECTION('',(0,0,1));
#12761=FACE_BOUND('',#12762,.T.);
#12762=EDGE_LOOP('',(#12763,#12764,#12765));
#12763=ORIENTED_EDGE('',*,*,#12766,.T.);
#12764=ORIENTED_EDGE('',*,*,#12767,.T.);
#12765=ORIENTED_EDGE('',*,*,#12768,.T.);
#12766=EDGE_CURVE('',#265,#421,#12769,.F.);
#12767=EDGE_CURVE('',#421,#113,#12770,.T.);
#12768=EDGE_CURVE('',#113,#265,#12771,.T.);
#12769=LINE('',#264,#12772);
#12770=LINE('',#420,#12773);
#12771=LINE('',#112,#12774);
#12772=VECTOR('',#12775,1.0);
#12773=VECTOR('',#12776,1.0);
#12774=VECTOR('',#12777,1.0);
#12775=DIRECTION('',(0,0,1));
#12776=DIRECTION('',(-0.02797498126112308,0.03197108047670428,-0.9990972177103647));
#12777=DIRECTION('',(0.6585084187126559,-0.7525733602012215,0));
#12778=FACE_SURFACE('',(#12783),#12779,.T.);
#12779=PLANE('',#12780);
#12780=AXIS2_PLACEMENT_3D('',#302,#12781,#12782);
#12781=DIRECTION('',(-0.7525733602012215,-0.6585084187126559,-0));
#12782=DIRECTION('',(0,0,-1));
#12783=FACE_BOUND('',#12784,.T.);
#12784=EDGE_LOOP('',(#12785,#12786,#12787));
#12785=ORIENTED_EDGE('',*,*,#12788,.T.);
#12786=ORIENTED_EDGE('',*,*,#12789,.T.);
#12787=ORIENTED_EDGE('',*,*,#12790,.T.);
#12788=EDGE_CURVE('',#303,#113,#12791,.F.);
#12789=EDGE_CURVE('',#113,#421,#12792,.T.);
#12790=EDGE_CURVE('',#421,#303,#12793,.T.);
#12791=LINE('',#302,#12794);
#12792=LINE('',#112,#12795);
#12793=LINE('',#420,#12796);
#12794=VECTOR('',#12797,1.0);
#12795=VECTOR('',#12798,1.0);
#12796=VECTOR('',#12799,1.0);
#12797=DIRECTION('',(0,0,-1));
#12798=DIRECTION('',(0.02797498126112308,-0.03197108047670428,0.9990972177103647));
#12799=DIRECTION('',(-0.6585084187126559,0.7525733602012215,0));
#12800=FACE_SURFACE('',(#12805),#12801,.T.);
#12801=PLANE('',#12802);
#12802=AXIS2_PLACEMENT_3D('',#420,#12803,#12804);
#12803=DIRECTION('',(-0.8309659069501955,-0.5563233425683655,-0));
#12804=DIRECTION('',(0,0,-1));
#12805=FACE_BOUND('',#12806,.T.);
#12806=EDGE_LOOP('',(#12807,#12808,#12809));
#12807=ORIENTED_EDGE('',*,*,#12810,.T.);
#12808=ORIENTED_EDGE('',*,*,#12811,.T.);
#12809=ORIENTED_EDGE('',*,*,#12812,.T.);
#12810=EDGE_CURVE('',#421,#265,#12813,.F.);
#12811=EDGE_CURVE('',#265,#431,#12814,.T.);
#12812=EDGE_CURVE('',#431,#421,#12815,.T.);
#12813=LINE('',#420,#12816);
#12814=LINE('',#264,#12817);
#12815=LINE('',#430,#12818);
#12816=VECTOR('',#12819,1.0);
#12817=VECTOR('',#12820,1.0);
#12818=VECTOR('',#12821,1.0);
#12819=DIRECTION('',(0,0,-1));
#12820=DIRECTION('',(0.02367847449169883,-0.03536792998897694,0.9990938090960432));
#12821=DIRECTION('',(-0.5563233425683655,0.8309659069501956,0));
#12822=FACE_SURFACE('',(#12827),#12823,.T.);
#12823=PLANE('',#12824);
#12824=AXIS2_PLACEMENT_3D('',#154,#12825,#12826);
#12825=DIRECTION('',(-0.8967681428194753,-0.44250073223002606,0));
#12826=DIRECTION('',(0,0,1));
#12827=FACE_BOUND('',#12828,.T.);
#12828=EDGE_LOOP('',(#12829,#12830,#12831));
#12829=ORIENTED_EDGE('',*,*,#12832,.T.);
#12830=ORIENTED_EDGE('',*,*,#12833,.T.);
#12831=ORIENTED_EDGE('',*,*,#12834,.T.);
#12832=EDGE_CURVE('',#155,#153,#12835,.F.);
#12833=EDGE_CURVE('',#153,#431,#12836,.T.);
#12834=EDGE_CURVE('',#431,#155,#12837,.T.);
#12835=LINE('',#154,#12838);
#12836=LINE('',#152,#12839);
#12837=LINE('',#430,#12840);
#12838=VECTOR('',#12841,1.0);
#12839=VECTOR('',#12842,1.0);
#12840=VECTOR('',#12843,1.0);
#12841=DIRECTION('',(0,0,1));
#12842=DIRECTION('',(-0.44250073223002606,0.8967681428194753,0));
#12843=DIRECTION('',(0.018783028133657162,-0.03806552177000608,-0.9990987007831146));
#12844=FACE_SURFACE('',(#12849),#12845,.T.);
#12845=PLANE('',#12846);
#12846=AXIS2_PLACEMENT_3D('',#454,#12847,#12848);
#12847=DIRECTION('',(-0.06573908068365164,-0.9978368470200267,-0));
#12848=DIRECTION('',(0,0,-1));
#12849=FACE_BOUND('',#12850,.T.);
#12850=EDGE_LOOP('',(#12851,#12852,#12853));
#12851=ORIENTED_EDGE('',*,*,#12854,.T.);
#12852=ORIENTED_EDGE('',*,*,#12855,.T.);
#12853=ORIENTED_EDGE('',*,*,#12856,.T.);
#12854=EDGE_CURVE('',#455,#223,#12857,.F.);
#12855=EDGE_CURVE('',#223,#105,#12858,.T.);
#12856=EDGE_CURVE('',#105,#455,#12859,.T.);
#12857=LINE('',#454,#12860);
#12858=LINE('',#222,#12861);
#12859=LINE('',#104,#12862);
#12860=VECTOR('',#12863,1.0);
#12861=VECTOR('',#12864,1.0);
#12862=VECTOR('',#12865,1.0);
#12863=DIRECTION('',(0,0,-1));
#12864=DIRECTION('',(0.9978368470200267,-0.06573908068365164,0));
#12865=DIRECTION('',(-0.04246180730847871,0.0027974514921573416,0.9990941743325533));
#12866=FACE_SURFACE('',(#12871),#12867,.T.);
#12867=PLANE('',#12868);
#12868=AXIS2_PLACEMENT_3D('',#454,#12869,#12870);
#12869=DIRECTION('',(-0.06573908068365164,-0.9978368470200267,0));
#12870=DIRECTION('',(0.04246180730847871,-0.0027974514921573416,-0.9990941743325533));
#12871=FACE_BOUND('',#12872,.T.);
#12872=EDGE_LOOP('',(#12873,#12874,#12875));
#12873=ORIENTED_EDGE('',*,*,#12876,.T.);
#12874=ORIENTED_EDGE('',*,*,#12877,.T.);
#12875=ORIENTED_EDGE('',*,*,#12878,.T.);
#12876=EDGE_CURVE('',#455,#105,#12879,.F.);
#12877=EDGE_CURVE('',#105,#451,#12880,.T.);
#12878=EDGE_CURVE('',#451,#455,#12881,.T.);
#12879=LINE('',#454,#12882);
#12880=LINE('',#104,#12883);
#12881=LINE('',#450,#12884);
#12882=VECTOR('',#12885,1.0);
#12883=VECTOR('',#12886,1.0);
#12884=VECTOR('',#12887,1.0);
#12885=DIRECTION('',(0.04246180730847871,-0.0027974514921573416,-0.9990941743325533));
#12886=DIRECTION('',(0,0,1));
#12887=DIRECTION('',(-0.9978368470200267,0.06573908068365164,0));
#12888=FACE_SURFACE('',(#12893),#12889,.T.);
#12889=PLANE('',#12890);
#12890=AXIS2_PLACEMENT_3D('',#450,#12891,#12892);
#12891=DIRECTION('',(-0.19521195404843475,-0.9807610784470354,-0));
#12892=DIRECTION('',(0,0,-1));
#12893=FACE_BOUND('',#12894,.T.);
#12894=EDGE_LOOP('',(#12895,#12896,#12897));
#12895=ORIENTED_EDGE('',*,*,#12898,.T.);
#12896=ORIENTED_EDGE('',*,*,#12899,.T.);
#12897=ORIENTED_EDGE('',*,*,#12900,.T.);
#12898=EDGE_CURVE('',#451,#105,#12901,.F.);
#12899=EDGE_CURVE('',#105,#357,#12902,.T.);
#12900=EDGE_CURVE('',#357,#451,#12903,.T.);
#12901=LINE('',#450,#12904);
#12902=LINE('',#104,#12905);
#12903=LINE('',#356,#12906);
#12904=VECTOR('',#12907,1.0);
#12905=VECTOR('',#12908,1.0);
#12906=VECTOR('',#12909,1.0);
#12907=DIRECTION('',(0,0,-1));
#12908=DIRECTION('',(0.04166234054597021,-0.008292526168644636,0.999097334292297));
#12909=DIRECTION('',(-0.9807610784470353,0.19521195404843472,0));
ENDSEC;
END-ISO-10303-21;
