ISO-10303-21;
HEADER;
FILE_DESCRIPTION((''),'2;1');
FILE_NAME('SMB01.4', '2026-09-14T02:36:04', (''), (''), 'ImageToStl.com STEP Converter','', '');
FILE_SCHEMA(('AUTOMOTIVE_DESIGN_CC2'));
ENDSEC;
DATA;
#1=PRODUCT_DEFINITION_CONTEXT('',#4,'design');
#2=APPLICATION_PROTOCOL_DEFINITION('INTERNATIONAL STANDARD','automotive_design',1994,#4);
#3=(GEOMETRIC_REPRESENTATION_CONTEXT(3)GLOBAL_UNCERTAINTY_ASSIGNED_CONTEXT((#5))GLOBAL_UNIT_ASSIGNED_CONTEXT((#6,#7,#8))REPRESENTATION_CONTEXT('NONE','WORKSPACE'));
#4=APPLICATION_CONTEXT(' ');
#5=UNCERTAINTY_MEASURE_WITH_UNIT(LENGTH_MEASURE(1.0E-006),#6,'','');
#6=(CONVERSION_BASED_UNIT('METRE',#10)LENGTH_UNIT()NAMED_UNIT(#11));
#7=(NAMED_UNIT(#12)PLANE_ANGLE_UNIT()SI_UNIT($,.RADIAN.));
#8=(NAMED_UNIT(#12)SOLID_ANGLE_UNIT()SI_UNIT($,.STERADIAN.));
#9=AXIS2_PLACEMENT_3D('',#14,#15,#16);
#10=LENGTH_MEASURE_WITH_UNIT(LENGTH_MEASURE(1.0),#17);
#11=DIMENSIONAL_EXPONENTS(1.0,0.0,0.0,0.0,0.0,0.0,0.0);
#12=DIMENSIONAL_EXPONENTS(0.0,0.0,0.0,0.0,0.0,0.0,0.0);
#13=PRODUCT_CONTEXT('',#4,'mechanical');
#14=CARTESIAN_POINT('',(0.0,0.0,0.0));
#15=DIRECTION('',(0.0,0.0,1.0));
#16=DIRECTION('',(1.0,0.0,0.0));
#17=(NAMED_UNIT(#11)LENGTH_UNIT()SI_UNIT(.MILLI.,.METRE.));
#18=PRESENTATION_STYLE_ASSIGNMENT((#19));
#19=SURFACE_STYLE_USAGE(.BOTH.,#20);
#20=SURFACE_SIDE_STYLE('',(#21));
#21=SURFACE_STYLE_FILL_AREA(#22);
#22=FILL_AREA_STYLE('',(#23));
#23=FILL_AREA_STYLE_COLOUR('',#24);
#24=COLOUR_RGB('',0.9,0.9,0.9);
#25=SHAPE_DEFINITION_REPRESENTATION(#26,#27);
#26=PRODUCT_DEFINITION_SHAPE('productshape0','',#30);
#27=MANIFOLD_SURFACE_SHAPE_REPRESENTATION('',(#28,#9),#3);
#28=SHELL_BASED_SURFACE_MODEL('shell0',(#33));
#29=PRODUCT('product0','','',(#13));
#30=PRODUCT_DEFINITION('mesh0','',#31,#2);
#31=PRODUCT_DEFINITION_FORMATION_WITH_SPECIFIED_SOURCE('prodsource0','',#29,.NOT_KNOWN.);
#32=STYLED_ITEM('',(#18),#33);
#33=CLOSED_SHELL('',(#1048,#1070,#1092,#1114,#1136,#1158,#1180,#1202,#1224,#1246,#1268,#1290,#1312,#1334,#1356,#1378,#1400,#1422,#1444,#1466,#1488,#1510,#1532,#1554,#1576,#1598,#1620,#1642,#1664,#1686,#1708,#1730,#1752,#1774,#1796,#1818,#1840,#1862,#1884,#1906,#1928,#1950,#1972,#1994,#2016,#2038,#2060,#2082,#2104,#2126,#2148,#2170,#2192,#2214,#2236,#2258,#2280,#2302,#2324,#2346,#2368,#2390,#2412,#2434,#2456,#2478,#2500,#2522,#2544,#2566,#2588,#2610,#2632,#2654,#2676,#2698,#2720,#2742,#2764,#2786,#2808,#2830,#2852,#2874,#2896,#2918,#2940,#2962,#2984,#3006,#3028,#3050,#3072,#3094,#3116,#3138,#3160,#3182,#3204,#3226,#3248,#3270,#3292,#3314,#3336,#3358,#3380,#3402,#3424,#3446,#3468,#3490,#3512,#3534,#3556,#3578,#3600,#3622,#3644,#3666,#3688,#3710,#3732,#3754,#3776,#3798,#3820,#3842,#3864,#3886,#3908,#3930,#3952,#3974,#3996,#4018,#4040,#4062,#4084,#4106,#4128,#4150,#4172,#4194,#4216,#4238,#4260,#4282,#4304,#4326,#4348,#4370,#4392,#4414,#4436,#4458,#4480,#4502,#4524,#4546,#4568,#4590,#4612,#4634,#4656,#4678,#4700,#4722,#4744,#4766,#4788,#4810,#4832,#4854,#4876,#4898,#4920,#4942,#4964,#4986,#5008,#5030,#5052,#5074,#5096,#5118,#5140,#5162,#5184,#5206,#5228,#5250,#5272,#5294,#5316,#5338,#5360,#5382,#5404,#5426,#5448,#5470,#5492,#5514,#5536,#5558,#5580,#5602,#5624,#5646,#5668,#5690,#5712,#5734,#5756,#5778,#5800,#5822,#5844,#5866,#5888,#5910,#5932,#5954,#5976,#5998,#6020,#6042,#6064,#6086,#6108,#6130,#6152,#6174,#6196,#6218,#6240,#6262,#6284,#6306,#6328,#6350,#6372,#6394,#6416,#6438,#6460,#6482,#6504,#6526,#6548,#6570,#6592,#6614,#6636,#6658,#6680,#6702,#6724,#6746,#6768,#6790,#6812,#6834,#6856,#6878,#6900,#6922,#6944,#6966,#6988,#7010,#7032,#7054,#7076,#7098,#7120,#7142,#7164,#7186,#7208,#7230,#7252,#7274,#7296,#7318,#7340,#7362,#7384,#7406,#7428,#7450,#7472,#7494,#7516,#7538,#7560,#7582,#7604,#7626,#7648,#7670,#7692,#7714,#7736,#7758,#7780,#7802,#7824,#7846,#7868,#7890,#7912,#7934,#7956,#7978,#8000,#8022,#8044,#8066,#8088,#8110,#8132,#8154,#8176,#8198,#8220,#8242,#8264,#8286,#8308,#8330,#8352,#8374,#8396,#8418,#8440,#8462,#8484,#8506,#8528,#8550,#8572,#8594,#8616,#8638,#8660,#8682,#8704,#8726,#8748,#8770,#8792,#8814,#8836,#8858,#8880,#8902,#8924,#8946,#8968,#8990,#9012,#9034,#9056,#9078,#9100,#9122,#9144,#9166,#9188,#9210,#9232,#9254,#9276,#9298,#9320,#9342,#9364,#9386,#9408,#9430,#9452,#9474,#9496,#9518,#9540,#9562,#9584,#9606,#9628,#9650,#9672,#9694,#9716,#9738,#9760,#9782,#9804,#9826,#9848,#9870,#9892,#9914,#9936,#9958,#9980,#10002,#10024,#10046,#10068,#10090,#10112,#10134,#10156,#10178,#10200,#10222,#10244,#10266,#10288,#10310,#10332,#10354,#10376,#10398,#10420,#10442,#10464,#10486,#10508,#10530,#10552,#10574,#10596,#10618,#10640,#10662,#10684,#10706,#10728,#10750,#10772,#10794,#10816,#10838,#10860,#10882,#10904,#10926,#10948,#10970,#10992,#11014,#11036,#11058,#11080,#11102,#11124,#11146,#11168,#11190,#11212,#11234,#11256,#11278,#11300,#11322,#11344,#11366,#11388,#11410,#11432,#11454,#11476,#11498,#11520,#11542,#11564,#11586,#11608,#11630,#11652,#11674,#11696,#11718,#11740,#11762,#11784,#11806,#11828,#11850,#11872,#11894,#11916,#11938,#11960,#11982,#12004,#12026,#12048,#12070,#12092,#12114,#12136,#12158,#12180,#12202,#12224,#12246,#12268,#12290,#12312,#12334,#12356,#12378,#12400,#12422,#12444,#12466,#12488,#12510,#12532,#12554,#12576,#12598,#12620,#12642,#12664,#12686,#12708,#12730,#12752,#12774,#12796,#12818,#12840,#12862,#12884,#12906,#12928,#12950,#12972,#12994,#13016,#13038,#13060,#13082,#13104,#13126,#13148,#13170,#13192,#13214,#13236,#13258,#13280,#13302,#13324,#13346,#13368,#13390,#13412,#13434,#13456,#13478,#13500,#13522,#13544,#13566,#13588,#13610,#13632,#13654,#13676,#13698,#13720,#13742,#13764,#13786,#13808,#13830,#13852,#13874,#13896,#13918,#13940,#13962,#13984,#14006,#14028,#14050,#14072,#14094,#14116,#14138,#14160,#14182,#14204,#14226,#14248,#14270,#14292,#14314,#14336,#14358,#14380,#14402,#14424,#14446,#14468,#14490,#14512,#14534,#14556,#14578,#14600,#14622,#14644,#14666,#14688,#14710,#14732,#14754,#14776,#14798,#14820,#14842,#14864,#14886,#14908,#14930,#14952,#14974,#14996,#15018,#15040,#15062,#15084,#15106,#15128,#15150,#15172,#15194,#15216,#15238,#15260,#15282,#15304,#15326,#15348,#15370,#15392,#15414,#15436,#15458,#15480,#15502,#15524,#15546,#15568,#15590,#15612,#15634,#15656,#15678,#15700,#15722,#15744,#15766,#15788,#15810,#15832,#15854,#15876,#15898,#15920,#15942,#15964,#15986,#16008,#16030,#16052,#16074,#16096,#16118,#16140,#16162,#16184,#16206,#16228,#16250,#16272,#16294,#16316,#16338,#16360,#16382,#16404,#16426,#16448,#16470,#16492,#16514,#16536,#16558,#16580,#16602,#16624,#16646,#16668,#16690,#16712,#16734,#16756,#16778,#16800,#16822,#16844,#16866,#16888,#16910,#16932,#16954,#16976,#16998,#17020,#17042,#17064,#17086,#17108,#17130,#17152,#17174,#17196,#17218,#17240,#17262,#17284,#17306,#17328,#17350,#17372,#17394,#17416,#17438,#17460,#17482,#17504,#17526,#17548,#17570,#17592,#17614,#17636,#17658,#17680,#17702,#17724,#17746,#17768,#17790,#17812,#17834,#17856,#17878,#17900,#17922,#17944,#17966,#17988,#18010,#18032,#18054,#18076,#18098,#18120,#18142,#18164,#18186,#18208,#18230,#18252,#18274,#18296,#18318,#18340,#18362,#18384,#18406,#18428,#18450,#18472,#18494,#18516,#18538,#18560,#18582,#18604,#18626,#18648,#18670,#18692,#18714,#18736,#18758,#18780,#18802,#18824,#18846,#18868,#18890,#18912,#18934,#18956,#18978,#19000,#19022,#19044,#19066,#19088,#19110,#19132,#19154,#19176,#19198,#19220,#19242,#19264,#19286,#19308,#19330,#19352,#19374,#19396,#19418,#19440,#19462,#19484,#19506,#19528,#19550,#19572,#19594,#19616,#19638,#19660,#19682,#19704,#19726,#19748,#19770,#19792,#19814,#19836,#19858,#19880,#19902,#19924,#19946,#19968,#19990,#20012,#20034,#20056,#20078,#20100,#20122,#20144,#20166,#20188,#20210,#20232,#20254,#20276,#20298,#20320,#20342,#20364,#20386,#20408,#20430,#20452,#20474,#20496,#20518,#20540,#20562,#20584,#20606,#20628,#20650,#20672,#20694,#20716,#20738,#20760,#20782,#20804,#20826,#20848,#20870,#20892,#20914,#20936,#20958,#20980,#21002,#21024,#21046,#21068,#21090,#21112,#21134,#21156,#21178,#21200,#21222,#21244,#21266,#21288,#21310,#21332,#21354,#21376,#21398,#21420,#21442,#21464,#21486,#21508,#21530,#21552,#21574,#21596,#21618,#21640,#21662,#21684,#21706,#21728,#21750,#21772,#21794,#21816,#21838,#21860,#21882,#21904,#21926,#21948,#21970,#21992,#22014,#22036,#22058,#22080,#22102,#22124,#22146,#22168,#22190,#22212,#22234,#22256,#22278,#22300,#22322,#22344,#22366,#22388,#22410,#22432,#22454,#22476,#22498,#22520,#22542,#22564,#22586,#22608,#22630,#22652,#22674,#22696,#22718,#22740,#22762,#22784,#22806,#22828,#22850,#22872,#22894,#22916,#22938,#22960,#22982,#23004,#23026,#23048,#23070,#23092,#23114,#23136,#23158,#23180,#23202,#23224,#23246,#23268,#23290,#23312,#23334,#23356,#23378,#23400,#23422,#23444,#23466,#23488,#23510));
#34=CARTESIAN_POINT('',(27.5,-50,46));
#35=VERTEX_POINT('',#34);
#36=CARTESIAN_POINT('',(27.5,-50,17));
#37=VERTEX_POINT('',#36);
#38=CARTESIAN_POINT('',(27.5,-44,17));
#39=VERTEX_POINT('',#38);
#40=CARTESIAN_POINT('',(27.5,-44,46));
#41=VERTEX_POINT('',#40);
#42=CARTESIAN_POINT('',(9.659000396728516,-44,32.5880012512207));
#43=VERTEX_POINT('',#42);
#44=CARTESIAN_POINT('',(13,-44,34.99800109863281));
#45=VERTEX_POINT('',#44);
#46=CARTESIAN_POINT('',(9.913999557495117,-44,31.30500030517578));
#47=VERTEX_POINT('',#46);
#48=CARTESIAN_POINT('',(-0.03034999966621399,-44,39.99800109863281));
#49=VERTEX_POINT('',#48);
#50=CARTESIAN_POINT('',(-1.3049999475479126,-44,39.91400146484375));
#51=VERTEX_POINT('',#50);
#52=CARTESIAN_POINT('',(-13.003000259399414,-44,39.99800109863281));
#53=VERTEX_POINT('',#52);
#54=CARTESIAN_POINT('',(-2.5880000591278076,-44,39.659000396728516));
#55=VERTEX_POINT('',#54);
#56=CARTESIAN_POINT('',(-3.8269999027252197,-44,39.23899841308594));
#57=VERTEX_POINT('',#56);
#58=CARTESIAN_POINT('',(-9.659000396728516,-44,32.5880012512207));
#59=VERTEX_POINT('',#58);
#60=CARTESIAN_POINT('',(-19.198999404907227,-44,37.749000549316406));
#61=VERTEX_POINT('',#60);
#62=CARTESIAN_POINT('',(-9.23900032043457,-44,33.82699966430664));
#63=VERTEX_POINT('',#62);
#64=CARTESIAN_POINT('',(-13.003000259399414,-44,26.66699981689453));
#65=VERTEX_POINT('',#64);
#66=CARTESIAN_POINT('',(-19.437999725341797,-44,37.4379997253418));
#67=VERTEX_POINT('',#66);
#68=CARTESIAN_POINT('',(-10,-44,30));
#69=VERTEX_POINT('',#68);
#70=CARTESIAN_POINT('',(-5,-44,38.65999984741211));
#71=VERTEX_POINT('',#70);
#72=CARTESIAN_POINT('',(-6.0879998207092285,-44,37.933998107910156));
#73=VERTEX_POINT('',#72);
#74=CARTESIAN_POINT('',(-7.071000099182129,-44,37.07099914550781));
#75=VERTEX_POINT('',#74);
#76=CARTESIAN_POINT('',(-7.934000015258789,-44,36.0880012512207));
#77=VERTEX_POINT('',#76);
#78=CARTESIAN_POINT('',(-8.65999984741211,-44,35));
#79=VERTEX_POINT('',#78);
#80=CARTESIAN_POINT('',(-19.11199951171875,-44,37.92499923706055));
#81=VERTEX_POINT('',#80);
#82=CARTESIAN_POINT('',(-9.913999557495117,-44,31.30500030517578));
#83=VERTEX_POINT('',#82);
#84=CARTESIAN_POINT('',(20.304000854492188,-44,24.989999771118164));
#85=VERTEX_POINT('',#84);
#86=CARTESIAN_POINT('',(20.111000061035156,-44,24.951000213623047));
#87=VERTEX_POINT('',#86);
#88=CARTESIAN_POINT('',(-27.5,-44,46));
#89=VERTEX_POINT('',#88);
#90=CARTESIAN_POINT('',(-27.5,-50,26.66699981689453));
#91=VERTEX_POINT('',#90);
#92=CARTESIAN_POINT('',(-27.5,-50,46));
#93=VERTEX_POINT('',#92);
#94=CARTESIAN_POINT('',(-27.5,-50,17));
#95=VERTEX_POINT('',#94);
#96=CARTESIAN_POINT('',(-27.5,-44,17));
#97=VERTEX_POINT('',#96);
#98=CARTESIAN_POINT('',(-9.659000396728516,-44,27.41200065612793));
#99=VERTEX_POINT('',#98);
#100=CARTESIAN_POINT('',(-9.913999557495117,-44,28.69499969482422));
#101=VERTEX_POINT('',#100);
#102=CARTESIAN_POINT('',(20.888999938964844,-44,24.951000213623047));
#103=VERTEX_POINT('',#102);
#104=CARTESIAN_POINT('',(20.695999145507812,-44,24.989999771118164));
#105=VERTEX_POINT('',#104);
#106=CARTESIAN_POINT('',(-13.003000259399414,-50,46));
#107=VERTEX_POINT('',#106);
#108=CARTESIAN_POINT('',(-13.003000259399414,-44,46));
#109=VERTEX_POINT('',#108);
#110=CARTESIAN_POINT('',(-19.924999237060547,-44,25.38800048828125));
#111=VERTEX_POINT('',#110);
#112=CARTESIAN_POINT('',(-20.111000061035156,-44,25.451000213623047));
#113=VERTEX_POINT('',#112);
#114=CARTESIAN_POINT('',(-20.111000061035156,-44,37.04899978637695));
#115=VERTEX_POINT('',#114);
#116=CARTESIAN_POINT('',(-19.749000549316406,-44,25.301000595092773));
#117=VERTEX_POINT('',#116);
#118=CARTESIAN_POINT('',(21.250999450683594,-44,24.801000595092773));
#119=VERTEX_POINT('',#118);
#120=CARTESIAN_POINT('',(21.075000762939453,-44,24.88800048828125));
#121=VERTEX_POINT('',#120);
#122=CARTESIAN_POINT('',(20.5,-44,25.003000259399414));
#123=VERTEX_POINT('',#122);
#124=CARTESIAN_POINT('',(-21.250999450683594,-44,37.19900131225586));
#125=VERTEX_POINT('',#124);
#126=CARTESIAN_POINT('',(-22.003000259399414,-44,36.99800109863281));
#127=VERTEX_POINT('',#126);
#128=CARTESIAN_POINT('',(-21.415000915527344,-44,37.30799865722656));
#129=VERTEX_POINT('',#128);
#130=CARTESIAN_POINT('',(-21.562000274658203,-44,37.4379997253418));
#131=VERTEX_POINT('',#130);
#132=CARTESIAN_POINT('',(-21.691999435424805,-44,37.584999084472656));
#133=VERTEX_POINT('',#132);
#134=CARTESIAN_POINT('',(-21.801000595092773,-44,37.749000549316406));
#135=VERTEX_POINT('',#134);
#136=CARTESIAN_POINT('',(21.989999771118164,-44,23.304000854492188));
#137=VERTEX_POINT('',#136);
#138=CARTESIAN_POINT('',(21.951000213623047,-44,23.111000061035156));
#139=VERTEX_POINT('',#138);
#140=CARTESIAN_POINT('',(22.003000259399414,-44,23.5));
#141=VERTEX_POINT('',#140);
#142=CARTESIAN_POINT('',(21.989999771118164,-44,23.695999145507812));
#143=VERTEX_POINT('',#142);
#144=CARTESIAN_POINT('',(21.951000213623047,-44,23.888999938964844));
#145=VERTEX_POINT('',#144);
#146=CARTESIAN_POINT('',(7.071000099182129,-50,37.07099914550781));
#147=VERTEX_POINT('',#146);
#148=CARTESIAN_POINT('',(-4.252999782562256,-50,22.49799919128418));
#149=VERTEX_POINT('',#148);
#150=CARTESIAN_POINT('',(7.934000015258789,-50,36.0880012512207));
#151=VERTEX_POINT('',#150);
#152=CARTESIAN_POINT('',(6.0879998207092285,-50,37.933998107910156));
#153=VERTEX_POINT('',#152);
#154=CARTESIAN_POINT('',(5,-50,38.65999984741211));
#155=VERTEX_POINT('',#154);
#156=CARTESIAN_POINT('',(-0.03034999966621399,-50,39.99800109863281));
#157=VERTEX_POINT('',#156);
#158=CARTESIAN_POINT('',(-18.99799919128418,-50,26.66699981689453));
#159=VERTEX_POINT('',#158);
#160=CARTESIAN_POINT('',(0,-50,40));
#161=VERTEX_POINT('',#160);
#162=CARTESIAN_POINT('',(1.3049999475479126,-50,39.91400146484375));
#163=VERTEX_POINT('',#162);
#164=CARTESIAN_POINT('',(-21.88800048828125,-44,37.92499923706055));
#165=VERTEX_POINT('',#164);
#166=CARTESIAN_POINT('',(20.5,-44,21.99799919128418));
#167=VERTEX_POINT('',#166);
#168=CARTESIAN_POINT('',(20.695999145507812,-44,22.010000228881836));
#169=VERTEX_POINT('',#168);
#170=CARTESIAN_POINT('',(-21.951000213623047,-44,38.111000061035156));
#171=VERTEX_POINT('',#170);
#172=CARTESIAN_POINT('',(-21.989999771118164,-44,38.30400085449219));
#173=VERTEX_POINT('',#172);
#174=CARTESIAN_POINT('',(8.65999984741211,-50,35));
#175=VERTEX_POINT('',#174);
#176=CARTESIAN_POINT('',(2.5880000591278076,-50,39.659000396728516));
#177=VERTEX_POINT('',#176);
#178=CARTESIAN_POINT('',(8.660989761352539,-50,34.99800109863281));
#179=VERTEX_POINT('',#178);
#180=CARTESIAN_POINT('',(-20.695999145507812,-44,22.510000228881836));
#181=VERTEX_POINT('',#180);
#182=CARTESIAN_POINT('',(-20.888999938964844,-44,22.548999786376953));
#183=VERTEX_POINT('',#182);
#184=CARTESIAN_POINT('',(-21.075000762939453,-44,22.61199951171875));
#185=VERTEX_POINT('',#184);
#186=CARTESIAN_POINT('',(-19.308000564575195,-44,37.584999084472656));
#187=VERTEX_POINT('',#186);
#188=CARTESIAN_POINT('',(-21.415000915527344,-44,22.808000564575195));
#189=VERTEX_POINT('',#188);
#190=CARTESIAN_POINT('',(-21.250999450683594,-44,22.698999404907227));
#191=VERTEX_POINT('',#190);
#192=CARTESIAN_POINT('',(-19.584999084472656,-44,37.30799865722656));
#193=VERTEX_POINT('',#192);
#194=CARTESIAN_POINT('',(-19.749000549316406,-44,37.19900131225586));
#195=VERTEX_POINT('',#194);
#196=CARTESIAN_POINT('',(-19.924999237060547,-44,37.11199951171875));
#197=VERTEX_POINT('',#196);
#198=CARTESIAN_POINT('',(-21.691999435424805,-44,23.084999084472656));
#199=VERTEX_POINT('',#198);
#200=CARTESIAN_POINT('',(-21.562000274658203,-44,22.937999725341797));
#201=VERTEX_POINT('',#200);
#202=CARTESIAN_POINT('',(-19.584999084472656,-44,25.191999435424805));
#203=VERTEX_POINT('',#202);
#204=CARTESIAN_POINT('',(-21.88800048828125,-44,23.424999237060547));
#205=VERTEX_POINT('',#204);
#206=CARTESIAN_POINT('',(-21.801000595092773,-44,23.249000549316406));
#207=VERTEX_POINT('',#206);
#208=CARTESIAN_POINT('',(-19.048999786376953,-44,38.888999938964844));
#209=VERTEX_POINT('',#208);
#210=CARTESIAN_POINT('',(-19.11199951171875,-44,39.07500076293945));
#211=VERTEX_POINT('',#210);
#212=CARTESIAN_POINT('',(-19.010000228881836,-50,38.69599914550781));
#213=VERTEX_POINT('',#212);
#214=CARTESIAN_POINT('',(-18.99799919128418,-50,38.5));
#215=VERTEX_POINT('',#214);
#216=CARTESIAN_POINT('',(-13.003000259399414,-50,39.99800109863281));
#217=VERTEX_POINT('',#216);
#218=CARTESIAN_POINT('',(-21.951000213623047,-44,23.611000061035156));
#219=VERTEX_POINT('',#218);
#220=CARTESIAN_POINT('',(-22.003000259399414,-44,24));
#221=VERTEX_POINT('',#220);
#222=CARTESIAN_POINT('',(-21.989999771118164,-44,24.195999145507812));
#223=VERTEX_POINT('',#222);
#224=CARTESIAN_POINT('',(-21.250999450683594,-50,37.19900131225586));
#225=VERTEX_POINT('',#224);
#226=CARTESIAN_POINT('',(-21.075000762939453,-50,37.11199951171875));
#227=VERTEX_POINT('',#226);
#228=CARTESIAN_POINT('',(-21.415000915527344,-50,37.30799865722656));
#229=VERTEX_POINT('',#228);
#230=CARTESIAN_POINT('',(-21.691999435424805,-50,37.584999084472656));
#231=VERTEX_POINT('',#230);
#232=CARTESIAN_POINT('',(-21.562000274658203,-50,37.4379997253418));
#233=VERTEX_POINT('',#232);
#234=CARTESIAN_POINT('',(-20.304000854492188,-44,22.510000228881836));
#235=VERTEX_POINT('',#234);
#236=CARTESIAN_POINT('',(-20.111000061035156,-44,22.548999786376953));
#237=VERTEX_POINT('',#236);
#238=CARTESIAN_POINT('',(-21.951000213623047,-50,38.111000061035156));
#239=VERTEX_POINT('',#238);
#240=CARTESIAN_POINT('',(-21.88800048828125,-50,37.92499923706055));
#241=VERTEX_POINT('',#240);
#242=CARTESIAN_POINT('',(-21.801000595092773,-50,37.749000549316406));
#243=VERTEX_POINT('',#242);
#244=CARTESIAN_POINT('',(-21.989999771118164,-50,38.30400085449219));
#245=VERTEX_POINT('',#244);
#246=CARTESIAN_POINT('',(-22.003000259399414,-50,38.5));
#247=VERTEX_POINT('',#246);
#248=CARTESIAN_POINT('',(-19.437999725341797,-44,22.937999725341797));
#249=VERTEX_POINT('',#248);
#250=CARTESIAN_POINT('',(-4.4995598793029785,-44,20));
#251=VERTEX_POINT('',#250);
#252=CARTESIAN_POINT('',(-19.584999084472656,-44,22.808000564575195));
#253=VERTEX_POINT('',#252);
#254=CARTESIAN_POINT('',(-19.924999237060547,-44,22.61199951171875));
#255=VERTEX_POINT('',#254);
#256=CARTESIAN_POINT('',(-19.749000549316406,-44,22.698999404907227));
#257=VERTEX_POINT('',#256);
#258=CARTESIAN_POINT('',(-19.308000564575195,-50,37.584999084472656));
#259=VERTEX_POINT('',#258);
#260=CARTESIAN_POINT('',(-21.075000762939453,-50,22.61199951171875));
#261=VERTEX_POINT('',#260);
#262=CARTESIAN_POINT('',(-20.888999938964844,-50,22.548999786376953));
#263=VERTEX_POINT('',#262);
#264=CARTESIAN_POINT('',(-19.048999786376953,-44,24.388999938964844));
#265=VERTEX_POINT('',#264);
#266=CARTESIAN_POINT('',(-19.11199951171875,-44,24.575000762939453));
#267=VERTEX_POINT('',#266);
#268=CARTESIAN_POINT('',(-19.584999084472656,-50,37.30799865722656));
#269=VERTEX_POINT('',#268);
#270=CARTESIAN_POINT('',(-19.437999725341797,-50,37.4379997253418));
#271=VERTEX_POINT('',#270);
#272=CARTESIAN_POINT('',(-19.749000549316406,-50,37.19900131225586));
#273=VERTEX_POINT('',#272);
#274=CARTESIAN_POINT('',(-21.415000915527344,-50,22.808000564575195));
#275=VERTEX_POINT('',#274);
#276=CARTESIAN_POINT('',(-21.250999450683594,-50,22.698999404907227));
#277=VERTEX_POINT('',#276);
#278=CARTESIAN_POINT('',(-21.562000274658203,-50,22.937999725341797));
#279=VERTEX_POINT('',#278);
#280=CARTESIAN_POINT('',(-21.691999435424805,-50,23.084999084472656));
#281=VERTEX_POINT('',#280);
#282=CARTESIAN_POINT('',(-19.010000228881836,-44,23.804000854492188));
#283=VERTEX_POINT('',#282);
#284=CARTESIAN_POINT('',(-19.048999786376953,-44,23.611000061035156));
#285=VERTEX_POINT('',#284);
#286=CARTESIAN_POINT('',(-21.88800048828125,-50,23.424999237060547));
#287=VERTEX_POINT('',#286);
#288=CARTESIAN_POINT('',(-21.801000595092773,-50,23.249000549316406));
#289=VERTEX_POINT('',#288);
#290=CARTESIAN_POINT('',(-21.951000213623047,-50,23.611000061035156));
#291=VERTEX_POINT('',#290);
#292=CARTESIAN_POINT('',(-21.989999771118164,-50,23.804000854492188));
#293=VERTEX_POINT('',#292);
#294=CARTESIAN_POINT('',(-21.88800048828125,-44,24.575000762939453));
#295=VERTEX_POINT('',#294);
#296=CARTESIAN_POINT('',(-21.801000595092773,-44,24.750999450683594));
#297=VERTEX_POINT('',#296);
#298=CARTESIAN_POINT('',(-21.691999435424805,-44,24.915000915527344));
#299=VERTEX_POINT('',#298);
#300=CARTESIAN_POINT('',(-21.801000595092773,-44,39.250999450683594));
#301=VERTEX_POINT('',#300);
#302=CARTESIAN_POINT('',(-21.691999435424805,-44,39.415000915527344));
#303=VERTEX_POINT('',#302);
#304=CARTESIAN_POINT('',(-22.003000259399414,-50,24));
#305=VERTEX_POINT('',#304);
#306=CARTESIAN_POINT('',(-21.562000274658203,-44,25.062000274658203));
#307=VERTEX_POINT('',#306);
#308=CARTESIAN_POINT('',(-21.562000274658203,-44,39.5620002746582));
#309=VERTEX_POINT('',#308);
#310=CARTESIAN_POINT('',(-21.415000915527344,-44,25.191999435424805));
#311=VERTEX_POINT('',#310);
#312=CARTESIAN_POINT('',(-21.250999450683594,-44,39.80099868774414));
#313=VERTEX_POINT('',#312);
#314=CARTESIAN_POINT('',(-21.075000762939453,-44,39.88800048828125));
#315=VERTEX_POINT('',#314);
#316=CARTESIAN_POINT('',(-21.250999450683594,-44,25.301000595092773));
#317=VERTEX_POINT('',#316);
#318=CARTESIAN_POINT('',(-21.075000762939453,-44,25.38800048828125));
#319=VERTEX_POINT('',#318);
#320=CARTESIAN_POINT('',(-20.695999145507812,-44,39.9900016784668));
#321=VERTEX_POINT('',#320);
#322=CARTESIAN_POINT('',(-20.888999938964844,-44,39.95100021362305));
#323=VERTEX_POINT('',#322);
#324=CARTESIAN_POINT('',(-20.888999938964844,-44,25.451000213623047));
#325=VERTEX_POINT('',#324);
#326=CARTESIAN_POINT('',(-20.695999145507812,-44,25.489999771118164));
#327=VERTEX_POINT('',#326);
#328=CARTESIAN_POINT('',(-20.5,-50,22.49799919128418));
#329=VERTEX_POINT('',#328);
#330=CARTESIAN_POINT('',(-20.304000854492188,-50,22.510000228881836));
#331=VERTEX_POINT('',#330);
#332=CARTESIAN_POINT('',(-19.308000564575195,-50,24.915000915527344));
#333=VERTEX_POINT('',#332);
#334=CARTESIAN_POINT('',(-19.308000564575195,-44,24.915000915527344));
#335=VERTEX_POINT('',#334);
#336=CARTESIAN_POINT('',(-19.198999404907227,-44,24.750999450683594));
#337=VERTEX_POINT('',#336);
#338=CARTESIAN_POINT('',(-19.010000228881836,-50,24.195999145507812));
#339=VERTEX_POINT('',#338);
#340=CARTESIAN_POINT('',(-19.048999786376953,-50,24.388999938964844));
#341=VERTEX_POINT('',#340);
#342=CARTESIAN_POINT('',(-18.99799919128418,-50,24));
#343=VERTEX_POINT('',#342);
#344=CARTESIAN_POINT('',(-20.111000061035156,-50,37.04899978637695));
#345=VERTEX_POINT('',#344);
#346=CARTESIAN_POINT('',(-19.924999237060547,-50,37.11199951171875));
#347=VERTEX_POINT('',#346);
#348=CARTESIAN_POINT('',(-19.048999786376953,-50,23.611000061035156));
#349=VERTEX_POINT('',#348);
#350=CARTESIAN_POINT('',(-19.010000228881836,-50,23.804000854492188));
#351=VERTEX_POINT('',#350);
#352=CARTESIAN_POINT('',(-19.11199951171875,-50,23.424999237060547));
#353=VERTEX_POINT('',#352);
#354=CARTESIAN_POINT('',(-20.5,-44,36.99800109863281));
#355=VERTEX_POINT('',#354);
#356=CARTESIAN_POINT('',(-20.304000854492188,-44,37.0099983215332));
#357=VERTEX_POINT('',#356);
#358=CARTESIAN_POINT('',(-20.5,-44,25.503000259399414));
#359=VERTEX_POINT('',#358);
#360=CARTESIAN_POINT('',(-19.198999404907227,-50,23.249000549316406));
#361=VERTEX_POINT('',#360);
#362=CARTESIAN_POINT('',(-20.304000854492188,-44,25.489999771118164));
#363=VERTEX_POINT('',#362);
#364=CARTESIAN_POINT('',(-19.437999725341797,-50,22.937999725341797));
#365=VERTEX_POINT('',#364);
#366=CARTESIAN_POINT('',(-19.308000564575195,-50,23.084999084472656));
#367=VERTEX_POINT('',#366);
#368=CARTESIAN_POINT('',(-19.010000228881836,-50,38.30400085449219));
#369=VERTEX_POINT('',#368);
#370=CARTESIAN_POINT('',(-19.048999786376953,-50,38.111000061035156));
#371=VERTEX_POINT('',#370);
#372=CARTESIAN_POINT('',(-19.584999084472656,-50,22.808000564575195));
#373=VERTEX_POINT('',#372);
#374=CARTESIAN_POINT('',(-19.437999725341797,-44,25.062000274658203));
#375=VERTEX_POINT('',#374);
#376=CARTESIAN_POINT('',(-20.695999145507812,-44,37.0099983215332));
#377=VERTEX_POINT('',#376);
#378=CARTESIAN_POINT('',(-20.888999938964844,-44,37.04899978637695));
#379=VERTEX_POINT('',#378);
#380=CARTESIAN_POINT('',(-21.075000762939453,-44,37.11199951171875));
#381=VERTEX_POINT('',#380);
#382=CARTESIAN_POINT('',(-19.584999084472656,-44,39.69200134277344));
#383=VERTEX_POINT('',#382);
#384=CARTESIAN_POINT('',(-19.437999725341797,-44,39.5620002746582));
#385=VERTEX_POINT('',#384);
#386=CARTESIAN_POINT('',(-19.198999404907227,-50,37.749000549316406));
#387=VERTEX_POINT('',#386);
#388=CARTESIAN_POINT('',(-19.308000564575195,-44,39.415000915527344));
#389=VERTEX_POINT('',#388);
#390=CARTESIAN_POINT('',(-19.198999404907227,-44,39.250999450683594));
#391=VERTEX_POINT('',#390);
#392=CARTESIAN_POINT('',(-20.111000061035156,-50,22.548999786376953));
#393=VERTEX_POINT('',#392);
#394=CARTESIAN_POINT('',(-19.924999237060547,-50,22.61199951171875));
#395=VERTEX_POINT('',#394);
#396=CARTESIAN_POINT('',(-19.749000549316406,-50,22.698999404907227));
#397=VERTEX_POINT('',#396);
#398=CARTESIAN_POINT('',(-3.683000087738037,-44.00299835205078,27.874000549316406));
#399=VERTEX_POINT('',#398);
#400=CARTESIAN_POINT('',(-3.374000072479248,-20,27.410999298095703));
#401=VERTEX_POINT('',#400);
#402=CARTESIAN_POINT('',(-3.683000087738037,-20,27.874000549316406));
#403=VERTEX_POINT('',#402);
#404=CARTESIAN_POINT('',(-3.928999900817871,-20,28.37299919128418));
#405=VERTEX_POINT('',#404);
#406=CARTESIAN_POINT('',(-21.691999435424805,-50,39.415000915527344));
#407=VERTEX_POINT('',#406);
#408=CARTESIAN_POINT('',(-21.801000595092773,-50,39.250999450683594));
#409=VERTEX_POINT('',#408);
#410=CARTESIAN_POINT('',(-21.415000915527344,-50,39.69200134277344));
#411=VERTEX_POINT('',#410);
#412=CARTESIAN_POINT('',(-21.562000274658203,-50,39.5620002746582));
#413=VERTEX_POINT('',#412);
#414=CARTESIAN_POINT('',(-19.749000549316406,-44,39.80099868774414));
#415=VERTEX_POINT('',#414);
#416=CARTESIAN_POINT('',(-19.924999237060547,-44,39.88800048828125));
#417=VERTEX_POINT('',#416);
#418=CARTESIAN_POINT('',(-20.304000854492188,-44,39.9900016784668));
#419=VERTEX_POINT('',#418);
#420=CARTESIAN_POINT('',(-20.111000061035156,-44,39.95100021362305));
#421=VERTEX_POINT('',#420);
#422=CARTESIAN_POINT('',(-20.5,-44,40.00299835205078));
#423=VERTEX_POINT('',#422);
#424=CARTESIAN_POINT('',(-21.88800048828125,-50,39.07500076293945));
#425=VERTEX_POINT('',#424);
#426=CARTESIAN_POINT('',(-21.075000762939453,-50,39.88800048828125));
#427=VERTEX_POINT('',#426);
#428=CARTESIAN_POINT('',(-21.250999450683594,-50,39.80099868774414));
#429=VERTEX_POINT('',#428);
#430=CARTESIAN_POINT('',(-4.216000080108643,-44.00299835205078,29.44499969482422));
#431=VERTEX_POINT('',#430);
#432=CARTESIAN_POINT('',(-4.107999801635742,-20,28.89900016784668));
#433=VERTEX_POINT('',#432);
#434=CARTESIAN_POINT('',(-4.216000080108643,-20,29.44499969482422));
#435=VERTEX_POINT('',#434);
#436=CARTESIAN_POINT('',(-4.252999782562256,-20,30));
#437=VERTEX_POINT('',#436);
#438=CARTESIAN_POINT('',(-20.695999145507812,-50,39.9900016784668));
#439=VERTEX_POINT('',#438);
#440=CARTESIAN_POINT('',(-20.5,-50,40.00299835205078));
#441=VERTEX_POINT('',#440);
#442=CARTESIAN_POINT('',(-19.048999786376953,-44,38.111000061035156));
#443=VERTEX_POINT('',#442);
#444=CARTESIAN_POINT('',(-19.010000228881836,-44,38.30400085449219));
#445=VERTEX_POINT('',#444);
#446=CARTESIAN_POINT('',(-18.99799919128418,-44,38.5));
#447=VERTEX_POINT('',#446);
#448=CARTESIAN_POINT('',(-19.010000228881836,-44,38.69599914550781));
#449=VERTEX_POINT('',#448);
#450=CARTESIAN_POINT('',(-21.415000915527344,-44,39.69200134277344));
#451=VERTEX_POINT('',#450);
#452=CARTESIAN_POINT('',(-21.88800048828125,-44,39.07500076293945));
#453=VERTEX_POINT('',#452);
#454=CARTESIAN_POINT('',(-21.951000213623047,-44,38.888999938964844));
#455=VERTEX_POINT('',#454);
#456=CARTESIAN_POINT('',(-21.989999771118164,-44,38.69599914550781));
#457=VERTEX_POINT('',#456);
#458=CARTESIAN_POINT('',(-22.003000259399414,-44,38.5));
#459=VERTEX_POINT('',#458);
#460=CARTESIAN_POINT('',(-19.437999725341797,-50,39.5620002746582));
#461=VERTEX_POINT('',#460);
#462=CARTESIAN_POINT('',(-19.584999084472656,-50,39.69200134277344));
#463=VERTEX_POINT('',#462);
#464=CARTESIAN_POINT('',(-19.749000549316406,-50,39.80099868774414));
#465=VERTEX_POINT('',#464);
#466=CARTESIAN_POINT('',(-19.924999237060547,-50,39.88800048828125));
#467=VERTEX_POINT('',#466);
#468=CARTESIAN_POINT('',(9.659000396728516,-44,27.41200065612793));
#469=VERTEX_POINT('',#468);
#470=CARTESIAN_POINT('',(9.913999557495117,-44,28.69499969482422));
#471=VERTEX_POINT('',#470);
#472=CARTESIAN_POINT('',(19.198999404907227,-44,24.250999450683594));
#473=VERTEX_POINT('',#472);
#474=CARTESIAN_POINT('',(8.65999984741211,-44,25));
#475=VERTEX_POINT('',#474);
#476=CARTESIAN_POINT('',(9.23900032043457,-44,26.17300033569336));
#477=VERTEX_POINT('',#476);
#478=CARTESIAN_POINT('',(18.99799919128418,-44,23.5));
#479=VERTEX_POINT('',#478);
#480=CARTESIAN_POINT('',(-19.308000564575195,-50,39.415000915527344));
#481=VERTEX_POINT('',#480);
#482=CARTESIAN_POINT('',(-21.691999435424805,-50,24.915000915527344));
#483=VERTEX_POINT('',#482);
#484=CARTESIAN_POINT('',(-21.801000595092773,-50,24.750999450683594));
#485=VERTEX_POINT('',#484);
#486=CARTESIAN_POINT('',(-21.88800048828125,-50,24.575000762939453));
#487=VERTEX_POINT('',#486);
#488=CARTESIAN_POINT('',(-19.198999404907227,-50,39.250999450683594));
#489=VERTEX_POINT('',#488);
#490=CARTESIAN_POINT('',(-19.308000564575195,-44,23.084999084472656));
#491=VERTEX_POINT('',#490);
#492=CARTESIAN_POINT('',(-7.071000099182129,-44,22.929000854492188));
#493=VERTEX_POINT('',#492);
#494=CARTESIAN_POINT('',(-19.198999404907227,-44,23.249000549316406));
#495=VERTEX_POINT('',#494);
#496=CARTESIAN_POINT('',(-7.934000015258789,-44,23.91200065612793));
#497=VERTEX_POINT('',#496);
#498=CARTESIAN_POINT('',(-19.11199951171875,-44,23.424999237060547));
#499=VERTEX_POINT('',#498);
#500=CARTESIAN_POINT('',(-8.65999984741211,-44,25));
#501=VERTEX_POINT('',#500);
#502=CARTESIAN_POINT('',(-18.99799919128418,-44,24));
#503=VERTEX_POINT('',#502);
#504=CARTESIAN_POINT('',(-19.010000228881836,-44,24.195999145507812));
#505=VERTEX_POINT('',#504);
#506=CARTESIAN_POINT('',(9.23900032043457,-44,33.82699966430664));
#507=VERTEX_POINT('',#506);
#508=CARTESIAN_POINT('',(9.23900032043457,-20,33.82699966430664));
#509=VERTEX_POINT('',#508);
#510=CARTESIAN_POINT('',(8.660989761352539,-44,34.99800109863281));
#511=VERTEX_POINT('',#510);
#512=CARTESIAN_POINT('',(-9.23900032043457,-44,26.17300033569336));
#513=VERTEX_POINT('',#512);
#514=CARTESIAN_POINT('',(-21.250999450683594,-50,25.301000595092773));
#515=VERTEX_POINT('',#514);
#516=CARTESIAN_POINT('',(-20.888999938964844,-50,37.04899978637695));
#517=VERTEX_POINT('',#516);
#518=CARTESIAN_POINT('',(-21.415000915527344,-50,25.191999435424805));
#519=VERTEX_POINT('',#518);
#520=CARTESIAN_POINT('',(-20.888999938964844,-50,25.451000213623047));
#521=VERTEX_POINT('',#520);
#522=CARTESIAN_POINT('',(-21.075000762939453,-50,25.38800048828125));
#523=VERTEX_POINT('',#522);
#524=CARTESIAN_POINT('',(-20.304000854492188,-50,39.9900016784668));
#525=VERTEX_POINT('',#524);
#526=CARTESIAN_POINT('',(-20.111000061035156,-50,39.95100021362305));
#527=VERTEX_POINT('',#526);
#528=CARTESIAN_POINT('',(-19.11199951171875,-50,39.07500076293945));
#529=VERTEX_POINT('',#528);
#530=CARTESIAN_POINT('',(-20.5,-50,25.503000259399414));
#531=VERTEX_POINT('',#530);
#532=CARTESIAN_POINT('',(-20.304000854492188,-50,25.489999771118164));
#533=VERTEX_POINT('',#532);
#534=CARTESIAN_POINT('',(-20.5,-44,22.49799919128418));
#535=VERTEX_POINT('',#534);
#536=CARTESIAN_POINT('',(-19.048999786376953,-50,38.888999938964844));
#537=VERTEX_POINT('',#536);
#538=CARTESIAN_POINT('',(-19.11199951171875,-50,37.92499923706055));
#539=VERTEX_POINT('',#538);
#540=CARTESIAN_POINT('',(-19.584999084472656,-50,25.191999435424805));
#541=VERTEX_POINT('',#540);
#542=CARTESIAN_POINT('',(-19.749000549316406,-50,25.301000595092773));
#543=VERTEX_POINT('',#542);
#544=CARTESIAN_POINT('',(-20.304000854492188,-50,37.0099983215332));
#545=VERTEX_POINT('',#544);
#546=CARTESIAN_POINT('',(-20.5,-50,36.99800109863281));
#547=VERTEX_POINT('',#546);
#548=CARTESIAN_POINT('',(-20.695999145507812,-50,37.0099983215332));
#549=VERTEX_POINT('',#548);
#550=CARTESIAN_POINT('',(3.8269999027252197,-50,39.23899841308594));
#551=VERTEX_POINT('',#550);
#552=CARTESIAN_POINT('',(-2.5880000591278076,-44,20.340999603271484));
#553=VERTEX_POINT('',#552);
#554=CARTESIAN_POINT('',(-1.3049999475479126,-44,20.086000442504883));
#555=VERTEX_POINT('',#554);
#556=CARTESIAN_POINT('',(13,-44,17));
#557=VERTEX_POINT('',#556);
#558=CARTESIAN_POINT('',(0,-44,20));
#559=VERTEX_POINT('',#558);
#560=CARTESIAN_POINT('',(1.3049999475479126,-44,20.086000442504883));
#561=VERTEX_POINT('',#560);
#562=CARTESIAN_POINT('',(3.8269999027252197,-20,39.23899841308594));
#563=VERTEX_POINT('',#562);
#564=CARTESIAN_POINT('',(-19.11199951171875,-50,24.575000762939453));
#565=VERTEX_POINT('',#564);
#566=CARTESIAN_POINT('',(-19.198999404907227,-50,24.750999450683594));
#567=VERTEX_POINT('',#566);
#568=CARTESIAN_POINT('',(19.308000564575195,-44,24.415000915527344));
#569=VERTEX_POINT('',#568);
#570=CARTESIAN_POINT('',(1.3049999475479126,-20,39.91400146484375));
#571=VERTEX_POINT('',#570);
#572=CARTESIAN_POINT('',(2.5880000591278076,-44,20.340999603271484));
#573=VERTEX_POINT('',#572);
#574=CARTESIAN_POINT('',(3.8269999027252197,-44,20.76099967956543));
#575=VERTEX_POINT('',#574);
#576=CARTESIAN_POINT('',(-19.924999237060547,-50,25.38800048828125));
#577=VERTEX_POINT('',#576);
#578=CARTESIAN_POINT('',(-20.111000061035156,-50,25.451000213623047));
#579=VERTEX_POINT('',#578);
#580=CARTESIAN_POINT('',(-19.437999725341797,-50,25.062000274658203));
#581=VERTEX_POINT('',#580);
#582=CARTESIAN_POINT('',(-20.695999145507812,-50,25.489999771118164));
#583=VERTEX_POINT('',#582);
#584=CARTESIAN_POINT('',(0,-20,40));
#585=VERTEX_POINT('',#584);
#586=CARTESIAN_POINT('',(5,-44,21.34000015258789));
#587=VERTEX_POINT('',#586);
#588=CARTESIAN_POINT('',(6.0879998207092285,-44,22.06599998474121));
#589=VERTEX_POINT('',#588);
#590=CARTESIAN_POINT('',(7.071000099182129,-44,22.929000854492188));
#591=VERTEX_POINT('',#590);
#592=CARTESIAN_POINT('',(7.934000015258789,-44,23.91200065612793));
#593=VERTEX_POINT('',#592);
#594=CARTESIAN_POINT('',(-20.695999145507812,-50,22.510000228881836));
#595=VERTEX_POINT('',#594);
#596=CARTESIAN_POINT('',(13,-50,34.99800109863281));
#597=VERTEX_POINT('',#596);
#598=CARTESIAN_POINT('',(-21.989999771118164,-50,38.69599914550781));
#599=VERTEX_POINT('',#598);
#600=CARTESIAN_POINT('',(-21.951000213623047,-50,38.888999938964844));
#601=VERTEX_POINT('',#600);
#602=CARTESIAN_POINT('',(-20.888999938964844,-50,39.95100021362305));
#603=VERTEX_POINT('',#602);
#604=CARTESIAN_POINT('',(-6.0879998207092285,-44,22.06599998474121));
#605=VERTEX_POINT('',#604);
#606=CARTESIAN_POINT('',(-21.989999771118164,-50,24.195999145507812));
#607=VERTEX_POINT('',#606);
#608=CARTESIAN_POINT('',(-21.951000213623047,-50,24.388999938964844));
#609=VERTEX_POINT('',#608);
#610=CARTESIAN_POINT('',(-21.562000274658203,-50,25.062000274658203));
#611=VERTEX_POINT('',#610);
#612=CARTESIAN_POINT('',(3.006999969482422,-20,26.993000030517578));
#613=VERTEX_POINT('',#612);
#614=CARTESIAN_POINT('',(3.374000072479248,-20,27.410999298095703));
#615=VERTEX_POINT('',#614);
#616=CARTESIAN_POINT('',(7.071000099182129,-20,22.929000854492188));
#617=VERTEX_POINT('',#616);
#618=CARTESIAN_POINT('',(-5,-44,21.34000015258789));
#619=VERTEX_POINT('',#618);
#620=CARTESIAN_POINT('',(0,-20,34.25299835205078));
#621=VERTEX_POINT('',#620);
#622=CARTESIAN_POINT('',(-3.8269999027252197,-44,20.76099967956543));
#623=VERTEX_POINT('',#622);
#624=CARTESIAN_POINT('',(2.5889999866485596,-20,26.625999450683594));
#625=VERTEX_POINT('',#624);
#626=CARTESIAN_POINT('',(2.5880000591278076,-20,39.659000396728516));
#627=VERTEX_POINT('',#626);
#628=CARTESIAN_POINT('',(1.1009999513626099,-20,34.108001708984375));
#629=VERTEX_POINT('',#628);
#630=CARTESIAN_POINT('',(6.0879998207092285,-20,22.06599998474121));
#631=VERTEX_POINT('',#630);
#632=CARTESIAN_POINT('',(5,-20,21.34000015258789));
#633=VERTEX_POINT('',#632);
#634=CARTESIAN_POINT('',(2.5889999866485596,-20,33.374000549316406));
#635=VERTEX_POINT('',#634);
#636=CARTESIAN_POINT('',(2.125999927520752,-20,33.68299865722656));
#637=VERTEX_POINT('',#636);
#638=CARTESIAN_POINT('',(5,-20,38.65999984741211));
#639=VERTEX_POINT('',#638);
#640=CARTESIAN_POINT('',(-21.951000213623047,-44,24.388999938964844));
#641=VERTEX_POINT('',#640);
#642=CARTESIAN_POINT('',(-21.989999771118164,-44,23.804000854492188));
#643=VERTEX_POINT('',#642);
#644=CARTESIAN_POINT('',(2.125999927520752,-20,26.316999435424805));
#645=VERTEX_POINT('',#644);
#646=CARTESIAN_POINT('',(3.8269999027252197,-20,20.76099967956543));
#647=VERTEX_POINT('',#646);
#648=CARTESIAN_POINT('',(1.6269999742507935,-20,26.070999145507812));
#649=VERTEX_POINT('',#648);
#650=CARTESIAN_POINT('',(1.1009999513626099,-20,25.892000198364258));
#651=VERTEX_POINT('',#650);
#652=CARTESIAN_POINT('',(2.5880000591278076,-20,20.340999603271484));
#653=VERTEX_POINT('',#652);
#654=CARTESIAN_POINT('',(1.3049999475479126,-20,20.086000442504883));
#655=VERTEX_POINT('',#654);
#656=CARTESIAN_POINT('',(0.5550000071525574,-20,25.784000396728516));
#657=VERTEX_POINT('',#656);
#658=CARTESIAN_POINT('',(0,-20,20));
#659=VERTEX_POINT('',#658);
#660=CARTESIAN_POINT('',(0,-20,25.74799919128418));
#661=VERTEX_POINT('',#660);
#662=CARTESIAN_POINT('',(1.6269999742507935,-20,33.92900085449219));
#663=VERTEX_POINT('',#662);
#664=CARTESIAN_POINT('',(0.5550000071525574,-20,34.215999603271484));
#665=VERTEX_POINT('',#664);
#666=CARTESIAN_POINT('',(-0.5550000071525574,-20,25.784000396728516));
#667=VERTEX_POINT('',#666);
#668=CARTESIAN_POINT('',(7.071000099182129,-20,37.07099914550781));
#669=VERTEX_POINT('',#668);
#670=CARTESIAN_POINT('',(7.934000015258789,-20,36.0880012512207));
#671=VERTEX_POINT('',#670);
#672=CARTESIAN_POINT('',(3.374000072479248,-20,32.5890007019043));
#673=VERTEX_POINT('',#672);
#674=CARTESIAN_POINT('',(3.006999969482422,-20,33.00699996948242));
#675=VERTEX_POINT('',#674);
#676=CARTESIAN_POINT('',(3.928999900817871,-20,31.62700080871582));
#677=VERTEX_POINT('',#676);
#678=CARTESIAN_POINT('',(3.683000087738037,-20,32.125999450683594));
#679=VERTEX_POINT('',#678);
#680=CARTESIAN_POINT('',(4.107999801635742,-20,31.10099983215332));
#681=VERTEX_POINT('',#680);
#682=CARTESIAN_POINT('',(9.659000396728516,-20,32.5880012512207));
#683=VERTEX_POINT('',#682);
#684=CARTESIAN_POINT('',(-1.1009999513626099,-20,25.892000198364258));
#685=VERTEX_POINT('',#684);
#686=CARTESIAN_POINT('',(-1.3049999475479126,-20,20.086000442504883));
#687=VERTEX_POINT('',#686);
#688=CARTESIAN_POINT('',(-1.3049999475479126,-20,39.91400146484375));
#689=VERTEX_POINT('',#688);
#690=CARTESIAN_POINT('',(-8.65999984741211,-20,35));
#691=VERTEX_POINT('',#690);
#692=CARTESIAN_POINT('',(-7.934000015258789,-20,36.0880012512207));
#693=VERTEX_POINT('',#692);
#694=CARTESIAN_POINT('',(-3.374000072479248,-20,32.5890007019043));
#695=VERTEX_POINT('',#694);
#696=CARTESIAN_POINT('',(-2.5880000591278076,-20,39.659000396728516));
#697=VERTEX_POINT('',#696);
#698=CARTESIAN_POINT('',(-3.8269999027252197,-20,39.23899841308594));
#699=VERTEX_POINT('',#698);
#700=CARTESIAN_POINT('',(2.5889999866485596,-44.00299835205078,33.374000549316406));
#701=VERTEX_POINT('',#700);
#702=CARTESIAN_POINT('',(2.125999927520752,-44.00299835205078,33.68299865722656));
#703=VERTEX_POINT('',#702);
#704=CARTESIAN_POINT('',(3.006999969482422,-44.00299835205078,33.00699996948242));
#705=VERTEX_POINT('',#704);
#706=CARTESIAN_POINT('',(-1.6269999742507935,-20,33.92900085449219));
#707=VERTEX_POINT('',#706);
#708=CARTESIAN_POINT('',(-2.125999927520752,-20,33.68299865722656));
#709=VERTEX_POINT('',#708);
#710=CARTESIAN_POINT('',(-1.1009999513626099,-20,34.108001708984375));
#711=VERTEX_POINT('',#710);
#712=CARTESIAN_POINT('',(-7.071000099182129,-20,37.07099914550781));
#713=VERTEX_POINT('',#712);
#714=CARTESIAN_POINT('',(-0.5550000071525574,-20,34.215999603271484));
#715=VERTEX_POINT('',#714);
#716=CARTESIAN_POINT('',(20.304000854492188,-50,22.010000228881836));
#717=VERTEX_POINT('',#716);
#718=CARTESIAN_POINT('',(20.5,-50,21.99799919128418));
#719=VERTEX_POINT('',#718);
#720=CARTESIAN_POINT('',(-6.0879998207092285,-20,37.933998107910156));
#721=VERTEX_POINT('',#720);
#722=CARTESIAN_POINT('',(-2.5889999866485596,-20,33.374000549316406));
#723=VERTEX_POINT('',#722);
#724=CARTESIAN_POINT('',(-5,-20,38.65999984741211));
#725=VERTEX_POINT('',#724);
#726=CARTESIAN_POINT('',(-3.006999969482422,-20,33.00699996948242));
#727=VERTEX_POINT('',#726);
#728=CARTESIAN_POINT('',(21.562000274658203,-50,22.437999725341797));
#729=VERTEX_POINT('',#728);
#730=CARTESIAN_POINT('',(21.562000274658203,-44,22.437999725341797));
#731=VERTEX_POINT('',#730);
#732=CARTESIAN_POINT('',(21.415000915527344,-50,22.308000564575195));
#733=VERTEX_POINT('',#732);
#734=CARTESIAN_POINT('',(-9.659000396728516,-20,32.5880012512207));
#735=VERTEX_POINT('',#734);
#736=CARTESIAN_POINT('',(3.006999969482422,-44.00299835205078,26.993000030517578));
#737=VERTEX_POINT('',#736);
#738=CARTESIAN_POINT('',(-3.928999900817871,-44.00299835205078,28.37299919128418));
#739=VERTEX_POINT('',#738);
#740=CARTESIAN_POINT('',(3.374000072479248,-44.00299835205078,27.410999298095703));
#741=VERTEX_POINT('',#740);
#742=CARTESIAN_POINT('',(2.5889999866485596,-44.00299835205078,26.625999450683594));
#743=VERTEX_POINT('',#742);
#744=CARTESIAN_POINT('',(2.125999927520752,-44.00299835205078,26.316999435424805));
#745=VERTEX_POINT('',#744);
#746=CARTESIAN_POINT('',(3.928999900817871,-20,28.37299919128418));
#747=VERTEX_POINT('',#746);
#748=CARTESIAN_POINT('',(9.23900032043457,-20,26.17300033569336));
#749=VERTEX_POINT('',#748);
#750=CARTESIAN_POINT('',(3.683000087738037,-20,27.874000549316406));
#751=VERTEX_POINT('',#750);
#752=CARTESIAN_POINT('',(3.928999900817871,-44.00299835205078,31.62700080871582));
#753=VERTEX_POINT('',#752);
#754=CARTESIAN_POINT('',(3.683000087738037,-44.00299835205078,27.874000549316406));
#755=VERTEX_POINT('',#754);
#756=CARTESIAN_POINT('',(3.683000087738037,-44.00299835205078,32.125999450683594));
#757=VERTEX_POINT('',#756);
#758=CARTESIAN_POINT('',(4.107999801635742,-44.00299835205078,31.10099983215332));
#759=VERTEX_POINT('',#758);
#760=CARTESIAN_POINT('',(4.216000080108643,-44.00299835205078,30.55500030517578));
#761=VERTEX_POINT('',#760);
#762=CARTESIAN_POINT('',(4.252999782562256,-44.00299835205078,30));
#763=VERTEX_POINT('',#762);
#764=CARTESIAN_POINT('',(4.216000080108643,-44.00299835205078,29.44499969482422));
#765=VERTEX_POINT('',#764);
#766=CARTESIAN_POINT('',(4.107999801635742,-44.00299835205078,28.89900016784668));
#767=VERTEX_POINT('',#766);
#768=CARTESIAN_POINT('',(3.928999900817871,-44.00299835205078,28.37299919128418));
#769=VERTEX_POINT('',#768);
#770=CARTESIAN_POINT('',(3.374000072479248,-44.00299835205078,32.5890007019043));
#771=VERTEX_POINT('',#770);
#772=CARTESIAN_POINT('',(0,-44.00299835205078,34.25299835205078));
#773=VERTEX_POINT('',#772);
#774=CARTESIAN_POINT('',(0.5550000071525574,-44.00299835205078,34.215999603271484));
#775=VERTEX_POINT('',#774);
#776=CARTESIAN_POINT('',(8.65999984741211,-20,25));
#777=VERTEX_POINT('',#776);
#778=CARTESIAN_POINT('',(7.934000015258789,-20,23.91200065612793));
#779=VERTEX_POINT('',#778);
#780=CARTESIAN_POINT('',(20.695999145507812,-50,22.010000228881836));
#781=VERTEX_POINT('',#780);
#782=CARTESIAN_POINT('',(20.888999938964844,-50,22.048999786376953));
#783=VERTEX_POINT('',#782);
#784=CARTESIAN_POINT('',(6.0879998207092285,-20,37.933998107910156));
#785=VERTEX_POINT('',#784);
#786=CARTESIAN_POINT('',(-2.5880000591278076,-20,20.340999603271484));
#787=VERTEX_POINT('',#786);
#788=CARTESIAN_POINT('',(-3.8269999027252197,-20,20.76099967956543));
#789=VERTEX_POINT('',#788);
#790=CARTESIAN_POINT('',(-2.125999927520752,-20,26.316999435424805));
#791=VERTEX_POINT('',#790);
#792=CARTESIAN_POINT('',(-1.6269999742507935,-20,26.070999145507812));
#793=VERTEX_POINT('',#792);
#794=CARTESIAN_POINT('',(-5,-20,21.34000015258789));
#795=VERTEX_POINT('',#794);
#796=CARTESIAN_POINT('',(-2.5889999866485596,-20,26.625999450683594));
#797=VERTEX_POINT('',#796);
#798=CARTESIAN_POINT('',(8.65999984741211,-20,35));
#799=VERTEX_POINT('',#798);
#800=CARTESIAN_POINT('',(1.6269999742507935,-44.00299835205078,33.92900085449219));
#801=VERTEX_POINT('',#800);
#802=CARTESIAN_POINT('',(1.1009999513626099,-44.00299835205078,34.108001708984375));
#803=VERTEX_POINT('',#802);
#804=CARTESIAN_POINT('',(9.913999557495117,-20,31.30500030517578));
#805=VERTEX_POINT('',#804);
#806=CARTESIAN_POINT('',(21.88800048828125,-50,24.075000762939453));
#807=VERTEX_POINT('',#806);
#808=CARTESIAN_POINT('',(21.951000213623047,-50,23.888999938964844));
#809=VERTEX_POINT('',#808);
#810=CARTESIAN_POINT('',(4.252999782562256,-20,30));
#811=VERTEX_POINT('',#810);
#812=CARTESIAN_POINT('',(4.216000080108643,-20,30.55500030517578));
#813=VERTEX_POINT('',#812);
#814=CARTESIAN_POINT('',(21.989999771118164,-50,23.695999145507812));
#815=VERTEX_POINT('',#814);
#816=CARTESIAN_POINT('',(10,-20,30));
#817=VERTEX_POINT('',#816);
#818=CARTESIAN_POINT('',(9.913999557495117,-20,28.69499969482422));
#819=VERTEX_POINT('',#818);
#820=CARTESIAN_POINT('',(9.659000396728516,-20,27.41200065612793));
#821=VERTEX_POINT('',#820);
#822=CARTESIAN_POINT('',(4.107999801635742,-20,28.89900016784668));
#823=VERTEX_POINT('',#822);
#824=CARTESIAN_POINT('',(0,-44.00299835205078,25.74799919128418));
#825=VERTEX_POINT('',#824);
#826=CARTESIAN_POINT('',(-0.5550000071525574,-44.00299835205078,25.784000396728516));
#827=VERTEX_POINT('',#826);
#828=CARTESIAN_POINT('',(-1.1009999513626099,-44.00299835205078,25.892000198364258));
#829=VERTEX_POINT('',#828);
#830=CARTESIAN_POINT('',(-1.6269999742507935,-44.00299835205078,26.070999145507812));
#831=VERTEX_POINT('',#830);
#832=CARTESIAN_POINT('',(-2.125999927520752,-44.00299835205078,26.316999435424805));
#833=VERTEX_POINT('',#832);
#834=CARTESIAN_POINT('',(-2.5889999866485596,-44.00299835205078,26.625999450683594));
#835=VERTEX_POINT('',#834);
#836=CARTESIAN_POINT('',(-3.006999969482422,-44.00299835205078,26.993000030517578));
#837=VERTEX_POINT('',#836);
#838=CARTESIAN_POINT('',(-1.1009999513626099,-44.00299835205078,34.108001708984375));
#839=VERTEX_POINT('',#838);
#840=CARTESIAN_POINT('',(-1.6269999742507935,-44.00299835205078,33.92900085449219));
#841=VERTEX_POINT('',#840);
#842=CARTESIAN_POINT('',(4.216000080108643,-20,29.44499969482422));
#843=VERTEX_POINT('',#842);
#844=CARTESIAN_POINT('',(1.6269999742507935,-44.00299835205078,26.070999145507812));
#845=VERTEX_POINT('',#844);
#846=CARTESIAN_POINT('',(1.1009999513626099,-44.00299835205078,25.892000198364258));
#847=VERTEX_POINT('',#846);
#848=CARTESIAN_POINT('',(0.5550000071525574,-44.00299835205078,25.784000396728516));
#849=VERTEX_POINT('',#848);
#850=CARTESIAN_POINT('',(13,-44,46));
#851=VERTEX_POINT('',#850);
#852=CARTESIAN_POINT('',(13,-50,46));
#853=VERTEX_POINT('',#852);
#854=CARTESIAN_POINT('',(-6.0879998207092285,-20,22.06599998474121));
#855=VERTEX_POINT('',#854);
#856=CARTESIAN_POINT('',(-7.071000099182129,-20,22.929000854492188));
#857=VERTEX_POINT('',#856);
#858=CARTESIAN_POINT('',(-3.006999969482422,-20,26.993000030517578));
#859=VERTEX_POINT('',#858);
#860=CARTESIAN_POINT('',(-7.934000015258789,-20,23.91200065612793));
#861=VERTEX_POINT('',#860);
#862=CARTESIAN_POINT('',(-8.65999984741211,-20,25));
#863=VERTEX_POINT('',#862);
#864=CARTESIAN_POINT('',(19.924999237060547,-44,24.88800048828125));
#865=VERTEX_POINT('',#864);
#866=CARTESIAN_POINT('',(19.749000549316406,-44,24.801000595092773));
#867=VERTEX_POINT('',#866);
#868=CARTESIAN_POINT('',(19.584999084472656,-44,24.691999435424805));
#869=VERTEX_POINT('',#868);
#870=CARTESIAN_POINT('',(10,-44,30));
#871=VERTEX_POINT('',#870);
#872=CARTESIAN_POINT('',(-9.23900032043457,-20,26.17300033569336));
#873=VERTEX_POINT('',#872);
#874=CARTESIAN_POINT('',(20.111000061035156,-50,24.951000213623047));
#875=VERTEX_POINT('',#874);
#876=CARTESIAN_POINT('',(19.924999237060547,-50,24.88800048828125));
#877=VERTEX_POINT('',#876);
#878=CARTESIAN_POINT('',(20.111000061035156,-50,22.048999786376953));
#879=VERTEX_POINT('',#878);
#880=CARTESIAN_POINT('',(20.304000854492188,-50,24.989999771118164));
#881=VERTEX_POINT('',#880);
#882=CARTESIAN_POINT('',(-9.659000396728516,-20,27.41200065612793));
#883=VERTEX_POINT('',#882);
#884=CARTESIAN_POINT('',(-9.913999557495117,-20,28.69499969482422));
#885=VERTEX_POINT('',#884);
#886=CARTESIAN_POINT('',(19.749000549316406,-50,22.198999404907227));
#887=VERTEX_POINT('',#886);
#888=CARTESIAN_POINT('',(19.924999237060547,-50,22.11199951171875));
#889=VERTEX_POINT('',#888);
#890=CARTESIAN_POINT('',(19.584999084472656,-50,22.308000564575195));
#891=VERTEX_POINT('',#890);
#892=CARTESIAN_POINT('',(-10,-20,30));
#893=VERTEX_POINT('',#892);
#894=CARTESIAN_POINT('',(-9.913999557495117,-20,31.30500030517578));
#895=VERTEX_POINT('',#894);
#896=CARTESIAN_POINT('',(-4.216000080108643,-20,30.55500030517578));
#897=VERTEX_POINT('',#896);
#898=CARTESIAN_POINT('',(19.437999725341797,-50,22.437999725341797));
#899=VERTEX_POINT('',#898);
#900=CARTESIAN_POINT('',(-3.928999900817871,-20,31.62700080871582));
#901=VERTEX_POINT('',#900);
#902=CARTESIAN_POINT('',(-4.107999801635742,-20,31.10099983215332));
#903=VERTEX_POINT('',#902);
#904=CARTESIAN_POINT('',(-9.23900032043457,-20,33.82699966430664));
#905=VERTEX_POINT('',#904);
#906=CARTESIAN_POINT('',(-3.683000087738037,-20,32.125999450683594));
#907=VERTEX_POINT('',#906);
#908=CARTESIAN_POINT('',(19.308000564575195,-50,22.584999084472656));
#909=VERTEX_POINT('',#908);
#910=CARTESIAN_POINT('',(21.415000915527344,-50,24.691999435424805));
#911=VERTEX_POINT('',#910);
#912=CARTESIAN_POINT('',(21.250999450683594,-50,24.801000595092773));
#913=VERTEX_POINT('',#912);
#914=CARTESIAN_POINT('',(19.048999786376953,-50,23.111000061035156));
#915=VERTEX_POINT('',#914);
#916=CARTESIAN_POINT('',(19.010000228881836,-50,23.304000854492188));
#917=VERTEX_POINT('',#916);
#918=CARTESIAN_POINT('',(18.99799919128418,-50,23.5));
#919=VERTEX_POINT('',#918);
#920=CARTESIAN_POINT('',(19.010000228881836,-50,23.695999145507812));
#921=VERTEX_POINT('',#920);
#922=CARTESIAN_POINT('',(19.048999786376953,-50,23.888999938964844));
#923=VERTEX_POINT('',#922);
#924=CARTESIAN_POINT('',(19.924999237060547,-44,22.11199951171875));
#925=VERTEX_POINT('',#924);
#926=CARTESIAN_POINT('',(19.437999725341797,-50,24.562000274658203));
#927=VERTEX_POINT('',#926);
#928=CARTESIAN_POINT('',(19.308000564575195,-50,24.415000915527344));
#929=VERTEX_POINT('',#928);
#930=CARTESIAN_POINT('',(-2.125999927520752,-44.00299835205078,33.68299865722656));
#931=VERTEX_POINT('',#930);
#932=CARTESIAN_POINT('',(-2.5889999866485596,-44.00299835205078,33.374000549316406));
#933=VERTEX_POINT('',#932);
#934=CARTESIAN_POINT('',(19.584999084472656,-44,22.308000564575195));
#935=VERTEX_POINT('',#934);
#936=CARTESIAN_POINT('',(19.198999404907227,-50,24.250999450683594));
#937=VERTEX_POINT('',#936);
#938=CARTESIAN_POINT('',(-0.5550000071525574,-44.00299835205078,34.215999603271484));
#939=VERTEX_POINT('',#938);
#940=CARTESIAN_POINT('',(21.250999450683594,-50,22.198999404907227));
#941=VERTEX_POINT('',#940);
#942=CARTESIAN_POINT('',(21.075000762939453,-50,22.11199951171875));
#943=VERTEX_POINT('',#942);
#944=CARTESIAN_POINT('',(-3.374000072479248,-44.00299835205078,27.410999298095703));
#945=VERTEX_POINT('',#944);
#946=CARTESIAN_POINT('',(-4.107999801635742,-44.00299835205078,28.89900016784668));
#947=VERTEX_POINT('',#946);
#948=CARTESIAN_POINT('',(19.198999404907227,-44,22.749000549316406));
#949=VERTEX_POINT('',#948);
#950=CARTESIAN_POINT('',(19.198999404907227,-50,22.749000549316406));
#951=VERTEX_POINT('',#950);
#952=CARTESIAN_POINT('',(19.11199951171875,-50,22.924999237060547));
#953=VERTEX_POINT('',#952);
#954=CARTESIAN_POINT('',(-4.252999782562256,-44.00299835205078,30));
#955=VERTEX_POINT('',#954);
#956=CARTESIAN_POINT('',(-4.216000080108643,-44.00299835205078,30.55500030517578));
#957=VERTEX_POINT('',#956);
#958=CARTESIAN_POINT('',(-4.107999801635742,-44.00299835205078,31.10099983215332));
#959=VERTEX_POINT('',#958);
#960=CARTESIAN_POINT('',(-3.928999900817871,-44.00299835205078,31.62700080871582));
#961=VERTEX_POINT('',#960);
#962=CARTESIAN_POINT('',(-3.683000087738037,-44.00299835205078,32.125999450683594));
#963=VERTEX_POINT('',#962);
#964=CARTESIAN_POINT('',(-3.374000072479248,-44.00299835205078,32.5890007019043));
#965=VERTEX_POINT('',#964);
#966=CARTESIAN_POINT('',(-3.006999969482422,-44.00299835205078,33.00699996948242));
#967=VERTEX_POINT('',#966);
#968=CARTESIAN_POINT('',(19.11199951171875,-44,22.924999237060547));
#969=VERTEX_POINT('',#968);
#970=CARTESIAN_POINT('',(21.801000595092773,-50,24.250999450683594));
#971=VERTEX_POINT('',#970);
#972=CARTESIAN_POINT('',(19.048999786376953,-44,23.111000061035156));
#973=VERTEX_POINT('',#972);
#974=CARTESIAN_POINT('',(19.010000228881836,-44,23.304000854492188));
#975=VERTEX_POINT('',#974);
#976=CARTESIAN_POINT('',(19.010000228881836,-44,23.695999145507812));
#977=VERTEX_POINT('',#976);
#978=CARTESIAN_POINT('',(19.048999786376953,-44,23.888999938964844));
#979=VERTEX_POINT('',#978);
#980=CARTESIAN_POINT('',(19.11199951171875,-50,24.075000762939453));
#981=VERTEX_POINT('',#980);
#982=CARTESIAN_POINT('',(19.11199951171875,-44,24.075000762939453));
#983=VERTEX_POINT('',#982);
#984=CARTESIAN_POINT('',(22.003000259399414,-50,23.5));
#985=VERTEX_POINT('',#984);
#986=CARTESIAN_POINT('',(19.437999725341797,-44,24.562000274658203));
#987=VERTEX_POINT('',#986);
#988=CARTESIAN_POINT('',(21.691999435424805,-50,22.584999084472656));
#989=VERTEX_POINT('',#988);
#990=CARTESIAN_POINT('',(21.801000595092773,-50,22.749000549316406));
#991=VERTEX_POINT('',#990);
#992=CARTESIAN_POINT('',(19.749000549316406,-50,24.801000595092773));
#993=VERTEX_POINT('',#992);
#994=CARTESIAN_POINT('',(20.5,-50,25.003000259399414));
#995=VERTEX_POINT('',#994);
#996=CARTESIAN_POINT('',(19.584999084472656,-50,24.691999435424805));
#997=VERTEX_POINT('',#996);
#998=CARTESIAN_POINT('',(20.695999145507812,-50,24.989999771118164));
#999=VERTEX_POINT('',#998);
#1000=CARTESIAN_POINT('',(20.888999938964844,-44,22.048999786376953));
#1001=VERTEX_POINT('',#1000);
#1002=CARTESIAN_POINT('',(21.075000762939453,-50,24.88800048828125));
#1003=VERTEX_POINT('',#1002);
#1004=CARTESIAN_POINT('',(21.562000274658203,-50,24.562000274658203));
#1005=VERTEX_POINT('',#1004);
#1006=CARTESIAN_POINT('',(21.691999435424805,-50,24.415000915527344));
#1007=VERTEX_POINT('',#1006);
#1008=CARTESIAN_POINT('',(20.888999938964844,-50,24.951000213623047));
#1009=VERTEX_POINT('',#1008);
#1010=CARTESIAN_POINT('',(21.989999771118164,-50,23.304000854492188));
#1011=VERTEX_POINT('',#1010);
#1012=CARTESIAN_POINT('',(21.951000213623047,-50,23.111000061035156));
#1013=VERTEX_POINT('',#1012);
#1014=CARTESIAN_POINT('',(21.88800048828125,-50,22.924999237060547));
#1015=VERTEX_POINT('',#1014);
#1016=CARTESIAN_POINT('',(21.562000274658203,-44,24.562000274658203));
#1017=VERTEX_POINT('',#1016);
#1018=CARTESIAN_POINT('',(21.691999435424805,-44,24.415000915527344));
#1019=VERTEX_POINT('',#1018);
#1020=CARTESIAN_POINT('',(21.88800048828125,-44,24.075000762939453));
#1021=VERTEX_POINT('',#1020);
#1022=CARTESIAN_POINT('',(20.304000854492188,-44,22.010000228881836));
#1023=VERTEX_POINT('',#1022);
#1024=CARTESIAN_POINT('',(20.111000061035156,-44,22.048999786376953));
#1025=VERTEX_POINT('',#1024);
#1026=CARTESIAN_POINT('',(19.437999725341797,-44,22.437999725341797));
#1027=VERTEX_POINT('',#1026);
#1028=CARTESIAN_POINT('',(19.749000549316406,-44,22.198999404907227));
#1029=VERTEX_POINT('',#1028);
#1030=CARTESIAN_POINT('',(19.308000564575195,-44,22.584999084472656));
#1031=VERTEX_POINT('',#1030);
#1032=CARTESIAN_POINT('',(21.691999435424805,-44,22.584999084472656));
#1033=VERTEX_POINT('',#1032);
#1034=CARTESIAN_POINT('',(21.415000915527344,-44,22.308000564575195));
#1035=VERTEX_POINT('',#1034);
#1036=CARTESIAN_POINT('',(21.250999450683594,-44,22.198999404907227));
#1037=VERTEX_POINT('',#1036);
#1038=CARTESIAN_POINT('',(21.075000762939453,-44,22.11199951171875));
#1039=VERTEX_POINT('',#1038);
#1040=CARTESIAN_POINT('',(21.415000915527344,-44,24.691999435424805));
#1041=VERTEX_POINT('',#1040);
#1042=CARTESIAN_POINT('',(21.801000595092773,-44,24.250999450683594));
#1043=VERTEX_POINT('',#1042);
#1044=CARTESIAN_POINT('',(21.88800048828125,-44,22.924999237060547));
#1045=VERTEX_POINT('',#1044);
#1046=CARTESIAN_POINT('',(21.801000595092773,-44,22.749000549316406));
#1047=VERTEX_POINT('',#1046);
#1048=FACE_SURFACE('',(#1053),#1049,.T.);
#1049=PLANE('',#1050);
#1050=AXIS2_PLACEMENT_3D('',#34,#1051,#1052);
#1051=DIRECTION('',(1,0,0));
#1052=DIRECTION('',(0,0,-1));
#1053=FACE_BOUND('',#1054,.T.);
#1054=EDGE_LOOP('',(#1055,#1056,#1057));
#1055=ORIENTED_EDGE('',*,*,#1058,.T.);
#1056=ORIENTED_EDGE('',*,*,#1059,.T.);
#1057=ORIENTED_EDGE('',*,*,#1060,.T.);
#1058=EDGE_CURVE('',#35,#37,#1061,.F.);
#1059=EDGE_CURVE('',#37,#39,#1062,.T.);
#1060=EDGE_CURVE('',#39,#35,#1063,.T.);
#1061=LINE('',#34,#1064);
#1062=LINE('',#36,#1065);
#1063=LINE('',#38,#1066);
#1064=VECTOR('',#1067,1.0);
#1065=VECTOR('',#1068,1.0);
#1066=VECTOR('',#1069,1.0);
#1067=DIRECTION('',(0,0,-1));
#1068=DIRECTION('',(0,1,0));
#1069=DIRECTION('',(0,-0.2026056040359523,0.9792604195071027));
#1070=FACE_SURFACE('',(#1075),#1071,.T.);
#1071=PLANE('',#1072);
#1072=AXIS2_PLACEMENT_3D('',#34,#1073,#1074);
#1073=DIRECTION('',(1,-0,0));
#1074=DIRECTION('',(0,0.2026056040359523,-0.9792604195071027));
#1075=FACE_BOUND('',#1076,.T.);
#1076=EDGE_LOOP('',(#1077,#1078,#1079));
#1077=ORIENTED_EDGE('',*,*,#1080,.T.);
#1078=ORIENTED_EDGE('',*,*,#1081,.T.);
#1079=ORIENTED_EDGE('',*,*,#1082,.T.);
#1080=EDGE_CURVE('',#35,#39,#1083,.F.);
#1081=EDGE_CURVE('',#39,#41,#1084,.T.);
#1082=EDGE_CURVE('',#41,#35,#1085,.T.);
#1083=LINE('',#34,#1086);
#1084=LINE('',#38,#1087);
#1085=LINE('',#40,#1088);
#1086=VECTOR('',#1089,1.0);
#1087=VECTOR('',#1090,1.0);
#1088=VECTOR('',#1091,1.0);
#1089=DIRECTION('',(0,0.2026056040359523,-0.9792604195071027));
#1090=DIRECTION('',(0,0,1));
#1091=DIRECTION('',(0,-1,0));
#1092=FACE_SURFACE('',(#1097),#1093,.T.);
#1093=PLANE('',#1094);
#1094=AXIS2_PLACEMENT_3D('',#42,#1095,#1096);
#1095=DIRECTION('',(-0,1,0));
#1096=DIRECTION('',(0.8110183321166249,0,0.5850207389236453));
#1097=FACE_BOUND('',#1098,.T.);
#1098=EDGE_LOOP('',(#1099,#1100,#1101));
#1099=ORIENTED_EDGE('',*,*,#1102,.T.);
#1100=ORIENTED_EDGE('',*,*,#1103,.T.);
#1101=ORIENTED_EDGE('',*,*,#1104,.T.);
#1102=EDGE_CURVE('',#43,#45,#1105,.F.);
#1103=EDGE_CURVE('',#45,#47,#1106,.T.);
#1104=EDGE_CURVE('',#47,#43,#1107,.T.);
#1105=LINE('',#42,#1108);
#1106=LINE('',#44,#1109);
#1107=LINE('',#46,#1110);
#1108=VECTOR('',#1111,1.0);
#1109=VECTOR('',#1112,1.0);
#1110=VECTOR('',#1113,1.0);
#1111=DIRECTION('',(0.8110183321166249,0,0.5850207389236453));
#1112=DIRECTION('',(-0.6412261173772876,0,-0.7673519833774126));
#1113=DIRECTION('',(-0.19493913069718588,0,0.9808153421123803));
#1114=FACE_SURFACE('',(#1119),#1115,.T.);
#1115=PLANE('',#1116);
#1116=AXIS2_PLACEMENT_3D('',#48,#1117,#1118);
#1117=DIRECTION('',(0,1,0));
#1118=DIRECTION('',(-0.9978356316136276,0,-0.06575752643030885));
#1119=FACE_BOUND('',#1120,.T.);
#1120=EDGE_LOOP('',(#1121,#1122,#1123));
#1121=ORIENTED_EDGE('',*,*,#1124,.T.);
#1122=ORIENTED_EDGE('',*,*,#1125,.T.);
#1123=ORIENTED_EDGE('',*,*,#1126,.T.);
#1124=EDGE_CURVE('',#49,#51,#1127,.F.);
#1125=EDGE_CURVE('',#51,#53,#1128,.T.);
#1126=EDGE_CURVE('',#53,#49,#1129,.T.);
#1127=LINE('',#48,#1130);
#1128=LINE('',#50,#1131);
#1129=LINE('',#52,#1132);
#1130=VECTOR('',#1133,1.0);
#1131=VECTOR('',#1134,1.0);
#1132=VECTOR('',#1135,1.0);
#1133=DIRECTION('',(-0.9978356316136276,0,-0.06575752643030885));
#1134=DIRECTION('',(-0.9999742198916675,0,0.007180498036429683));
#1135=DIRECTION('',(1,0,0));
#1136=FACE_SURFACE('',(#1141),#1137,.T.);
#1137=PLANE('',#1138);
#1138=AXIS2_PLACEMENT_3D('',#50,#1139,#1140);
#1139=DIRECTION('',(0,1,0));
#1140=DIRECTION('',(-0.9808150390795618,0,-0.19494065536813387));
#1141=FACE_BOUND('',#1142,.T.);
#1142=EDGE_LOOP('',(#1143,#1144,#1145));
#1143=ORIENTED_EDGE('',*,*,#1146,.T.);
#1144=ORIENTED_EDGE('',*,*,#1147,.T.);
#1145=ORIENTED_EDGE('',*,*,#1148,.T.);
#1146=EDGE_CURVE('',#51,#55,#1149,.F.);
#1147=EDGE_CURVE('',#55,#53,#1150,.T.);
#1148=EDGE_CURVE('',#53,#51,#1151,.T.);
#1149=LINE('',#50,#1152);
#1150=LINE('',#54,#1153);
#1151=LINE('',#52,#1154);
#1152=VECTOR('',#1155,1.0);
#1153=VECTOR('',#1156,1.0);
#1154=VECTOR('',#1157,1.0);
#1155=DIRECTION('',(-0.9808150390795618,0,-0.19494065536813387));
#1156=DIRECTION('',(-0.9994706929059574,0,0.03253204607898688));
#1157=DIRECTION('',(0.9999742198916675,0,-0.007180498036429683));
#1158=FACE_SURFACE('',(#1163),#1159,.T.);
#1159=PLANE('',#1160);
#1160=AXIS2_PLACEMENT_3D('',#56,#1161,#1162);
#1161=DIRECTION('',(0,1,-0));
#1162=DIRECTION('',(-0.9965964810039029,0,0.0824345440372987));
#1163=FACE_BOUND('',#1164,.T.);
#1164=EDGE_LOOP('',(#1165,#1166,#1167));
#1165=ORIENTED_EDGE('',*,*,#1168,.T.);
#1166=ORIENTED_EDGE('',*,*,#1169,.T.);
#1167=ORIENTED_EDGE('',*,*,#1170,.T.);
#1168=EDGE_CURVE('',#57,#53,#1171,.F.);
#1169=EDGE_CURVE('',#53,#55,#1172,.T.);
#1170=EDGE_CURVE('',#55,#57,#1173,.T.);
#1171=LINE('',#56,#1174);
#1172=LINE('',#52,#1175);
#1173=LINE('',#54,#1176);
#1174=VECTOR('',#1177,1.0);
#1175=VECTOR('',#1178,1.0);
#1176=VECTOR('',#1179,1.0);
#1177=DIRECTION('',(-0.9965964810039029,0,0.0824345440372987));
#1178=DIRECTION('',(0.9994706929059574,0,-0.03253204607898688));
#1179=DIRECTION('',(-0.9470654060829435,0,-0.3210406774864349));
#1180=FACE_SURFACE('',(#1185),#1181,.T.);
#1181=PLANE('',#1182);
#1182=AXIS2_PLACEMENT_3D('',#58,#1183,#1184);
#1183=DIRECTION('',(0,1,-0));
#1184=DIRECTION('',(-0.8795428199650942,0,0.4758197430202429));
#1185=FACE_BOUND('',#1186,.T.);
#1186=EDGE_LOOP('',(#1187,#1188,#1189));
#1187=ORIENTED_EDGE('',*,*,#1190,.T.);
#1188=ORIENTED_EDGE('',*,*,#1191,.T.);
#1189=ORIENTED_EDGE('',*,*,#1192,.T.);
#1190=EDGE_CURVE('',#59,#61,#1193,.F.);
#1191=EDGE_CURVE('',#61,#63,#1194,.T.);
#1192=EDGE_CURVE('',#63,#59,#1195,.T.);
#1193=LINE('',#58,#1196);
#1194=LINE('',#60,#1197);
#1195=LINE('',#62,#1198);
#1196=VECTOR('',#1199,1.0);
#1197=VECTOR('',#1200,1.0);
#1198=VECTOR('',#1201,1.0);
#1199=DIRECTION('',(-0.8795428199650942,0,0.4758197430202429));
#1200=DIRECTION('',(0.9304604746217455,0,-0.36639228317020545));
#1201=DIRECTION('',(-0.32103970227356016,0,-0.9470657366646223));
#1202=FACE_SURFACE('',(#1207),#1203,.T.);
#1203=PLANE('',#1204);
#1204=AXIS2_PLACEMENT_3D('',#64,#1205,#1206);
#1205=DIRECTION('',(0,1,-0));
#1206=DIRECTION('',(-0.5128773459667711,0,0.8584618966466019));
#1207=FACE_BOUND('',#1208,.T.);
#1208=EDGE_LOOP('',(#1209,#1210,#1211));
#1209=ORIENTED_EDGE('',*,*,#1212,.T.);
#1210=ORIENTED_EDGE('',*,*,#1213,.T.);
#1211=ORIENTED_EDGE('',*,*,#1214,.T.);
#1212=EDGE_CURVE('',#65,#67,#1215,.F.);
#1213=EDGE_CURVE('',#67,#69,#1216,.T.);
#1214=EDGE_CURVE('',#69,#65,#1217,.T.);
#1215=LINE('',#64,#1218);
#1216=LINE('',#66,#1219);
#1217=LINE('',#68,#1220);
#1218=VECTOR('',#1221,1.0);
#1219=VECTOR('',#1222,1.0);
#1220=VECTOR('',#1223,1.0);
#1221=DIRECTION('',(-0.5128773459667711,0,0.8584618966466019));
#1222=DIRECTION('',(0.7854107602458522,0,-0.6189749087725871));
#1223=DIRECTION('',(-0.6693710369286362,0,-0.7429282703741205));
#1224=FACE_SURFACE('',(#1229),#1225,.T.);
#1225=PLANE('',#1226);
#1226=AXIS2_PLACEMENT_3D('',#56,#1227,#1228);
#1227=DIRECTION('',(0,1,0));
#1228=DIRECTION('',(-0.8967092528526935,0,-0.44262005811798016));
#1229=FACE_BOUND('',#1230,.T.);
#1230=EDGE_LOOP('',(#1231,#1232,#1233));
#1231=ORIENTED_EDGE('',*,*,#1234,.T.);
#1232=ORIENTED_EDGE('',*,*,#1235,.T.);
#1233=ORIENTED_EDGE('',*,*,#1236,.T.);
#1234=EDGE_CURVE('',#57,#71,#1237,.F.);
#1235=EDGE_CURVE('',#71,#53,#1238,.T.);
#1236=EDGE_CURVE('',#53,#57,#1239,.T.);
#1237=LINE('',#56,#1240);
#1238=LINE('',#70,#1241);
#1239=LINE('',#52,#1242);
#1240=VECTOR('',#1243,1.0);
#1241=VECTOR('',#1244,1.0);
#1242=VECTOR('',#1245,1.0);
#1243=DIRECTION('',(-0.8967092528526935,0,-0.44262005811798016));
#1244=DIRECTION('',(-0.9863105010568928,0,0.16489874318775508));
#1245=DIRECTION('',(0.9965964810039029,0,-0.0824345440372987));
#1246=FACE_SURFACE('',(#1251),#1247,.T.);
#1247=PLANE('',#1248);
#1248=AXIS2_PLACEMENT_3D('',#70,#1249,#1250);
#1249=DIRECTION('',(0,1,0));
#1250=DIRECTION('',(-0.8318143214704898,0,-0.5550539925057638));
#1251=FACE_BOUND('',#1252,.T.);
#1252=EDGE_LOOP('',(#1253,#1254,#1255));
#1253=ORIENTED_EDGE('',*,*,#1256,.T.);
#1254=ORIENTED_EDGE('',*,*,#1257,.T.);
#1255=ORIENTED_EDGE('',*,*,#1258,.T.);
#1256=EDGE_CURVE('',#71,#73,#1259,.F.);
#1257=EDGE_CURVE('',#73,#53,#1260,.T.);
#1258=EDGE_CURVE('',#53,#71,#1261,.T.);
#1259=LINE('',#70,#1262);
#1260=LINE('',#72,#1263);
#1261=LINE('',#52,#1264);
#1262=VECTOR('',#1265,1.0);
#1263=VECTOR('',#1266,1.0);
#1264=VECTOR('',#1267,1.0);
#1265=DIRECTION('',(-0.8318143214704898,0,-0.5550539925057638));
#1266=DIRECTION('',(-0.958225706996185,0,0.28601310188811524));
#1267=DIRECTION('',(0.9863105010568928,0,-0.16489874318775508));
#1268=FACE_SURFACE('',(#1273),#1269,.T.);
#1269=PLANE('',#1270);
#1270=AXIS2_PLACEMENT_3D('',#72,#1271,#1272);
#1271=DIRECTION('',(0,1,0));
#1272=DIRECTION('',(-0.7514869324826223,0,-0.6597479748418018));
#1273=FACE_BOUND('',#1274,.T.);
#1274=EDGE_LOOP('',(#1275,#1276,#1277));
#1275=ORIENTED_EDGE('',*,*,#1278,.T.);
#1276=ORIENTED_EDGE('',*,*,#1279,.T.);
#1277=ORIENTED_EDGE('',*,*,#1280,.T.);
#1278=EDGE_CURVE('',#73,#75,#1281,.F.);
#1279=EDGE_CURVE('',#75,#53,#1282,.T.);
#1280=EDGE_CURVE('',#53,#73,#1283,.T.);
#1281=LINE('',#72,#1284);
#1282=LINE('',#74,#1285);
#1283=LINE('',#52,#1286);
#1284=VECTOR('',#1287,1.0);
#1285=VECTOR('',#1288,1.0);
#1286=VECTOR('',#1289,1.0);
#1287=DIRECTION('',(-0.7514869324826223,0,-0.6597479748418018));
#1288=DIRECTION('',(-0.8967729798921213,0,0.44249092932556816));
#1289=DIRECTION('',(0.958225706996185,0,-0.28601310188811524));
#1290=FACE_SURFACE('',(#1295),#1291,.T.);
#1291=PLANE('',#1292);
#1292=AXIS2_PLACEMENT_3D('',#74,#1293,#1294);
#1293=DIRECTION('',(0,1,0));
#1294=DIRECTION('',(-0.6597492902351278,0,-0.7514857776659815));
#1295=FACE_BOUND('',#1296,.T.);
#1296=EDGE_LOOP('',(#1297,#1298,#1299));
#1297=ORIENTED_EDGE('',*,*,#1300,.T.);
#1298=ORIENTED_EDGE('',*,*,#1301,.T.);
#1299=ORIENTED_EDGE('',*,*,#1302,.T.);
#1300=EDGE_CURVE('',#75,#77,#1303,.F.);
#1301=EDGE_CURVE('',#77,#53,#1304,.T.);
#1302=EDGE_CURVE('',#53,#75,#1305,.T.);
#1303=LINE('',#74,#1306);
#1304=LINE('',#76,#1307);
#1305=LINE('',#52,#1308);
#1306=VECTOR('',#1309,1.0);
#1307=VECTOR('',#1310,1.0);
#1308=VECTOR('',#1311,1.0);
#1309=DIRECTION('',(-0.6597492902351278,0,-0.7514857776659815));
#1310=DIRECTION('',(-0.7918103400776528,0,0.6107670467093913));
#1311=DIRECTION('',(0.8967729798921213,0,-0.44249092932556816));
#1312=FACE_SURFACE('',(#1317),#1313,.T.);
#1313=PLANE('',#1314);
#1314=AXIS2_PLACEMENT_3D('',#78,#1315,#1316);
#1315=DIRECTION('',(0,1,-0));
#1316=DIRECTION('',(-0.6559131505527956,0,0.7548363656660333));
#1317=FACE_BOUND('',#1318,.T.);
#1318=EDGE_LOOP('',(#1319,#1320,#1321));
#1319=ORIENTED_EDGE('',*,*,#1322,.T.);
#1320=ORIENTED_EDGE('',*,*,#1323,.T.);
#1321=ORIENTED_EDGE('',*,*,#1324,.T.);
#1322=EDGE_CURVE('',#79,#53,#1325,.F.);
#1323=EDGE_CURVE('',#53,#77,#1326,.T.);
#1324=EDGE_CURVE('',#77,#79,#1327,.T.);
#1325=LINE('',#78,#1328);
#1326=LINE('',#52,#1329);
#1327=LINE('',#76,#1330);
#1328=VECTOR('',#1331,1.0);
#1329=VECTOR('',#1332,1.0);
#1330=VECTOR('',#1333,1.0);
#1331=DIRECTION('',(-0.6559131505527956,0,0.7548363656660333));
#1332=DIRECTION('',(0.7918103400776528,0,-0.6107670467093913));
#1333=DIRECTION('',(-0.5550524785774041,0,-0.831815331684311));
#1334=FACE_SURFACE('',(#1339),#1335,.T.);
#1335=PLANE('',#1336);
#1336=AXIS2_PLACEMENT_3D('',#62,#1337,#1338);
#1337=DIRECTION('',(0,1,-0));
#1338=DIRECTION('',(-0.9235991661029752,0,0.3833595966894386));
#1339=FACE_BOUND('',#1340,.T.);
#1340=EDGE_LOOP('',(#1341,#1342,#1343));
#1341=ORIENTED_EDGE('',*,*,#1344,.T.);
#1342=ORIENTED_EDGE('',*,*,#1345,.T.);
#1343=ORIENTED_EDGE('',*,*,#1346,.T.);
#1344=EDGE_CURVE('',#63,#81,#1347,.F.);
#1345=EDGE_CURVE('',#81,#79,#1348,.T.);
#1346=EDGE_CURVE('',#79,#63,#1349,.T.);
#1347=LINE('',#62,#1350);
#1348=LINE('',#80,#1351);
#1349=LINE('',#78,#1352);
#1350=VECTOR('',#1353,1.0);
#1351=VECTOR('',#1354,1.0);
#1352=VECTOR('',#1355,1.0);
#1353=DIRECTION('',(-0.9235991661029752,0,0.3833595966894386));
#1354=DIRECTION('',(0.9630013455076911,0,-0.26949658355974837));
#1355=DIRECTION('',(-0.4426211582072767,0,-0.8967087098424152));
#1356=FACE_SURFACE('',(#1361),#1357,.T.);
#1357=PLANE('',#1358);
#1358=AXIS2_PLACEMENT_3D('',#58,#1359,#1360);
#1359=DIRECTION('',(0,1,0));
#1360=DIRECTION('',(-0.19493913069718588,0,-0.9808153421123803));
#1361=FACE_BOUND('',#1362,.T.);
#1362=EDGE_LOOP('',(#1363,#1364,#1365));
#1363=ORIENTED_EDGE('',*,*,#1366,.T.);
#1364=ORIENTED_EDGE('',*,*,#1367,.T.);
#1365=ORIENTED_EDGE('',*,*,#1368,.T.);
#1366=EDGE_CURVE('',#59,#83,#1369,.F.);
#1367=EDGE_CURVE('',#83,#67,#1370,.T.);
#1368=EDGE_CURVE('',#67,#59,#1371,.T.);
#1369=LINE('',#58,#1372);
#1370=LINE('',#82,#1373);
#1371=LINE('',#66,#1374);
#1372=VECTOR('',#1375,1.0);
#1373=VECTOR('',#1376,1.0);
#1374=VECTOR('',#1377,1.0);
#1375=DIRECTION('',(-0.19493913069718588,0,-0.9808153421123803));
#1376=DIRECTION('',(-0.8407594881125631,0,0.5414087948571773));
#1377=DIRECTION('',(0.8958700130838999,0,-0.44431623834500256));
#1378=FACE_SURFACE('',(#1383),#1379,.T.);
#1379=PLANE('',#1380);
#1380=AXIS2_PLACEMENT_3D('',#82,#1381,#1382);
#1381=DIRECTION('',(0,1,0));
#1382=DIRECTION('',(-0.0657580710433444,0,-0.9978355957233929));
#1383=FACE_BOUND('',#1384,.T.);
#1384=EDGE_LOOP('',(#1385,#1386,#1387));
#1385=ORIENTED_EDGE('',*,*,#1388,.T.);
#1386=ORIENTED_EDGE('',*,*,#1389,.T.);
#1387=ORIENTED_EDGE('',*,*,#1390,.T.);
#1388=EDGE_CURVE('',#83,#69,#1391,.F.);
#1389=EDGE_CURVE('',#69,#67,#1392,.T.);
#1390=EDGE_CURVE('',#67,#83,#1393,.T.);
#1391=LINE('',#82,#1394);
#1392=LINE('',#68,#1395);
#1393=LINE('',#66,#1396);
#1394=VECTOR('',#1397,1.0);
#1395=VECTOR('',#1398,1.0);
#1396=VECTOR('',#1399,1.0);
#1397=DIRECTION('',(-0.0657580710433444,0,-0.9978355957233929));
#1398=DIRECTION('',(-0.7854107602458522,0,0.6189749087725871));
#1399=DIRECTION('',(0.8407594881125631,0,-0.5414087948571773));
#1400=FACE_SURFACE('',(#1405),#1401,.T.);
#1401=PLANE('',#1402);
#1402=AXIS2_PLACEMENT_3D('',#84,#1403,#1404);
#1403=DIRECTION('',(0,1,0));
#1404=DIRECTION('',(-0.9801886557104992,0,-0.19806614858790147));
#1405=FACE_BOUND('',#1406,.T.);
#1406=EDGE_LOOP('',(#1407,#1408,#1409));
#1407=ORIENTED_EDGE('',*,*,#1410,.T.);
#1408=ORIENTED_EDGE('',*,*,#1411,.T.);
#1409=ORIENTED_EDGE('',*,*,#1412,.T.);
#1410=EDGE_CURVE('',#85,#87,#1413,.F.);
#1411=EDGE_CURVE('',#87,#45,#1414,.T.);
#1412=EDGE_CURVE('',#45,#85,#1415,.T.);
#1413=LINE('',#84,#1416);
#1414=LINE('',#86,#1417);
#1415=LINE('',#44,#1418);
#1416=VECTOR('',#1419,1.0);
#1417=VECTOR('',#1420,1.0);
#1418=VECTOR('',#1421,1.0);
#1419=DIRECTION('',(-0.9801886557104992,0,-0.19806614858790147));
#1420=DIRECTION('',(-0.5777129640972388,0,0.8162399960268931));
#1421=DIRECTION('',(0.5895146122248507,0,-0.807757712419624));
#1422=FACE_SURFACE('',(#1427),#1423,.T.);
#1423=PLANE('',#1424);
#1424=AXIS2_PLACEMENT_3D('',#88,#1425,#1426);
#1425=DIRECTION('',(-1,-0,0));
#1426=DIRECTION('',(0,-0.29640387375752353,-0.9550626909378955));
#1427=FACE_BOUND('',#1428,.T.);
#1428=EDGE_LOOP('',(#1429,#1430,#1431));
#1429=ORIENTED_EDGE('',*,*,#1432,.T.);
#1430=ORIENTED_EDGE('',*,*,#1433,.T.);
#1431=ORIENTED_EDGE('',*,*,#1434,.T.);
#1432=EDGE_CURVE('',#89,#91,#1435,.F.);
#1433=EDGE_CURVE('',#91,#93,#1436,.T.);
#1434=EDGE_CURVE('',#93,#89,#1437,.T.);
#1435=LINE('',#88,#1438);
#1436=LINE('',#90,#1439);
#1437=LINE('',#92,#1440);
#1438=VECTOR('',#1441,1.0);
#1439=VECTOR('',#1442,1.0);
#1440=VECTOR('',#1443,1.0);
#1441=DIRECTION('',(0,-0.29640387375752353,-0.9550626909378955));
#1442=DIRECTION('',(0,0,1));
#1443=DIRECTION('',(0,1,0));
#1444=FACE_SURFACE('',(#1449),#1445,.T.);
#1445=PLANE('',#1446);
#1446=AXIS2_PLACEMENT_3D('',#94,#1447,#1448);
#1447=DIRECTION('',(-1,0,0));
#1448=DIRECTION('',(0,0,1));
#1449=FACE_BOUND('',#1450,.T.);
#1450=EDGE_LOOP('',(#1451,#1452,#1453));
#1451=ORIENTED_EDGE('',*,*,#1454,.T.);
#1452=ORIENTED_EDGE('',*,*,#1455,.T.);
#1453=ORIENTED_EDGE('',*,*,#1456,.T.);
#1454=EDGE_CURVE('',#95,#91,#1457,.F.);
#1455=EDGE_CURVE('',#91,#97,#1458,.T.);
#1456=EDGE_CURVE('',#97,#95,#1459,.T.);
#1457=LINE('',#94,#1460);
#1458=LINE('',#90,#1461);
#1459=LINE('',#96,#1462);
#1460=VECTOR('',#1463,1.0);
#1461=VECTOR('',#1464,1.0);
#1462=VECTOR('',#1465,1.0);
#1463=DIRECTION('',(0,0,1));
#1464=DIRECTION('',(0,0.5273497417652796,-0.849648309514056));
#1465=DIRECTION('',(0,-1,0));
#1466=FACE_SURFACE('',(#1471),#1467,.T.);
#1467=PLANE('',#1468);
#1468=AXIS2_PLACEMENT_3D('',#88,#1469,#1470);
#1469=DIRECTION('',(-1,0,-0));
#1470=DIRECTION('',(0,0,-1));
#1471=FACE_BOUND('',#1472,.T.);
#1472=EDGE_LOOP('',(#1473,#1474,#1475));
#1473=ORIENTED_EDGE('',*,*,#1476,.T.);
#1474=ORIENTED_EDGE('',*,*,#1477,.T.);
#1475=ORIENTED_EDGE('',*,*,#1478,.T.);
#1476=EDGE_CURVE('',#89,#97,#1479,.F.);
#1477=EDGE_CURVE('',#97,#91,#1480,.T.);
#1478=EDGE_CURVE('',#91,#89,#1481,.T.);
#1479=LINE('',#88,#1482);
#1480=LINE('',#96,#1483);
#1481=LINE('',#90,#1484);
#1482=VECTOR('',#1485,1.0);
#1483=VECTOR('',#1486,1.0);
#1484=VECTOR('',#1487,1.0);
#1485=DIRECTION('',(0,0,-1));
#1486=DIRECTION('',(0,-0.5273497417652796,0.849648309514056));
#1487=DIRECTION('',(0,0.29640387375752353,0.9550626909378955));
#1488=FACE_SURFACE('',(#1493),#1489,.T.);
#1489=PLANE('',#1490);
#1490=AXIS2_PLACEMENT_3D('',#98,#1491,#1492);
#1491=DIRECTION('',(0,1,0));
#1492=DIRECTION('',(-0.9760701101029011,0,-0.2174560649044088));
#1493=FACE_BOUND('',#1494,.T.);
#1494=EDGE_LOOP('',(#1495,#1496,#1497));
#1495=ORIENTED_EDGE('',*,*,#1498,.T.);
#1496=ORIENTED_EDGE('',*,*,#1499,.T.);
#1497=ORIENTED_EDGE('',*,*,#1500,.T.);
#1498=EDGE_CURVE('',#99,#65,#1501,.F.);
#1499=EDGE_CURVE('',#65,#101,#1502,.T.);
#1500=EDGE_CURVE('',#101,#99,#1503,.T.);
#1501=LINE('',#98,#1504);
#1502=LINE('',#64,#1505);
#1503=LINE('',#100,#1506);
#1504=VECTOR('',#1507,1.0);
#1505=VECTOR('',#1508,1.0);
#1506=VECTOR('',#1509,1.0);
#1507=DIRECTION('',(-0.9760701101029011,0,-0.2174560649044088));
#1508=DIRECTION('',(0.8359432299720558,0,0.548815922021115));
#1509=DIRECTION('',(0.19493940948721727,0,-0.9808152867022286));
#1510=FACE_SURFACE('',(#1515),#1511,.T.);
#1511=PLANE('',#1512);
#1512=AXIS2_PLACEMENT_3D('',#68,#1513,#1514);
#1513=DIRECTION('',(0,1,0));
#1514=DIRECTION('',(0.0657580710433444,0,-0.9978355957233929));
#1515=FACE_BOUND('',#1516,.T.);
#1516=EDGE_LOOP('',(#1517,#1518,#1519));
#1517=ORIENTED_EDGE('',*,*,#1520,.T.);
#1518=ORIENTED_EDGE('',*,*,#1521,.T.);
#1519=ORIENTED_EDGE('',*,*,#1522,.T.);
#1520=EDGE_CURVE('',#69,#101,#1523,.F.);
#1521=EDGE_CURVE('',#101,#65,#1524,.T.);
#1522=EDGE_CURVE('',#65,#69,#1525,.T.);
#1523=LINE('',#68,#1526);
#1524=LINE('',#100,#1527);
#1525=LINE('',#64,#1528);
#1526=VECTOR('',#1529,1.0);
#1527=VECTOR('',#1530,1.0);
#1528=VECTOR('',#1531,1.0);
#1529=DIRECTION('',(0.0657580710433444,0,-0.9978355957233929));
#1530=DIRECTION('',(-0.8359432299720558,0,-0.548815922021115));
#1531=DIRECTION('',(0.6693710369286362,0,0.7429282703741205));
#1532=FACE_SURFACE('',(#1537),#1533,.T.);
#1533=PLANE('',#1534);
#1534=AXIS2_PLACEMENT_3D('',#102,#1535,#1536);
#1535=DIRECTION('',(0,1,-0));
#1536=DIRECTION('',(-0.9801886557104992,0,0.19806614858790147));
#1537=FACE_BOUND('',#1538,.T.);
#1538=EDGE_LOOP('',(#1539,#1540,#1541));
#1539=ORIENTED_EDGE('',*,*,#1542,.T.);
#1540=ORIENTED_EDGE('',*,*,#1543,.T.);
#1541=ORIENTED_EDGE('',*,*,#1544,.T.);
#1542=EDGE_CURVE('',#103,#105,#1545,.F.);
#1543=EDGE_CURVE('',#105,#41,#1546,.T.);
#1544=EDGE_CURVE('',#41,#103,#1547,.T.);
#1545=LINE('',#102,#1548);
#1546=LINE('',#104,#1549);
#1547=LINE('',#40,#1550);
#1548=VECTOR('',#1551,1.0);
#1549=VECTOR('',#1552,1.0);
#1550=VECTOR('',#1553,1.0);
#1551=DIRECTION('',(-0.9801886557104992,0,0.19806614858790147));
#1552=DIRECTION('',(0.308092771591396,0,0.9513563181548393));
#1553=DIRECTION('',(-0.2996450936402124,0,-0.9540507417623804));
#1554=FACE_SURFACE('',(#1559),#1555,.T.);
#1555=PLANE('',#1556);
#1556=AXIS2_PLACEMENT_3D('',#106,#1557,#1558);
#1557=DIRECTION('',(0,-0,1));
#1558=DIRECTION('',(0,1,0));
#1559=FACE_BOUND('',#1560,.T.);
#1560=EDGE_LOOP('',(#1561,#1562,#1563));
#1561=ORIENTED_EDGE('',*,*,#1564,.T.);
#1562=ORIENTED_EDGE('',*,*,#1565,.T.);
#1563=ORIENTED_EDGE('',*,*,#1566,.T.);
#1564=EDGE_CURVE('',#107,#109,#1567,.F.);
#1565=EDGE_CURVE('',#109,#89,#1568,.T.);
#1566=EDGE_CURVE('',#89,#107,#1569,.T.);
#1567=LINE('',#106,#1570);
#1568=LINE('',#108,#1571);
#1569=LINE('',#88,#1572);
#1570=VECTOR('',#1573,1.0);
#1571=VECTOR('',#1574,1.0);
#1572=VECTOR('',#1575,1.0);
#1573=DIRECTION('',(0,1,0));
#1574=DIRECTION('',(-1,0,0));
#1575=DIRECTION('',(0.9239888740392305,-0.38241935182691167,0));
#1576=FACE_SURFACE('',(#1581),#1577,.T.);
#1577=PLANE('',#1578);
#1578=AXIS2_PLACEMENT_3D('',#106,#1579,#1580);
#1579=DIRECTION('',(0,0,1));
#1580=DIRECTION('',(-0.9239888740392305,0.38241935182691167,0));
#1581=FACE_BOUND('',#1582,.T.);
#1582=EDGE_LOOP('',(#1583,#1584,#1585));
#1583=ORIENTED_EDGE('',*,*,#1586,.T.);
#1584=ORIENTED_EDGE('',*,*,#1587,.T.);
#1585=ORIENTED_EDGE('',*,*,#1588,.T.);
#1586=EDGE_CURVE('',#107,#89,#1589,.F.);
#1587=EDGE_CURVE('',#89,#93,#1590,.T.);
#1588=EDGE_CURVE('',#93,#107,#1591,.T.);
#1589=LINE('',#106,#1592);
#1590=LINE('',#88,#1593);
#1591=LINE('',#92,#1594);
#1592=VECTOR('',#1595,1.0);
#1593=VECTOR('',#1596,1.0);
#1594=VECTOR('',#1597,1.0);
#1595=DIRECTION('',(-0.9239888740392305,0.38241935182691167,0));
#1596=DIRECTION('',(0,-1,0));
#1597=DIRECTION('',(1,0,0));
#1598=FACE_SURFACE('',(#1603),#1599,.T.);
#1599=PLANE('',#1600);
#1600=AXIS2_PLACEMENT_3D('',#110,#1601,#1602);
#1601=DIRECTION('',(0,1,0));
#1602=DIRECTION('',(-0.947145432411413,0,0.3208045041176908));
#1603=FACE_BOUND('',#1604,.T.);
#1604=EDGE_LOOP('',(#1605,#1606,#1607));
#1605=ORIENTED_EDGE('',*,*,#1608,.T.);
#1606=ORIENTED_EDGE('',*,*,#1609,.T.);
#1607=ORIENTED_EDGE('',*,*,#1610,.T.);
#1608=EDGE_CURVE('',#111,#113,#1611,.F.);
#1609=EDGE_CURVE('',#113,#115,#1612,.T.);
#1610=EDGE_CURVE('',#115,#111,#1613,.T.);
#1611=LINE('',#110,#1614);
#1612=LINE('',#112,#1615);
#1613=LINE('',#114,#1616);
#1614=VECTOR('',#1617,1.0);
#1615=VECTOR('',#1618,1.0);
#1616=VECTOR('',#1619,1.0);
#1617=DIRECTION('',(-0.947145432411413,0,0.3208045041176908));
#1618=DIRECTION('',(0,0,1));
#1619=DIRECTION('',(0.0159486474693149,0,-0.9998728122335857));
#1620=FACE_SURFACE('',(#1625),#1621,.T.);
#1621=PLANE('',#1622);
#1622=AXIS2_PLACEMENT_3D('',#116,#1623,#1624);
#1623=DIRECTION('',(0,1,0));
#1624=DIRECTION('',(-0.8964542110716484,0,0.44313637568124387));
#1625=FACE_BOUND('',#1626,.T.);
#1626=EDGE_LOOP('',(#1627,#1628,#1629));
#1627=ORIENTED_EDGE('',*,*,#1630,.T.);
#1628=ORIENTED_EDGE('',*,*,#1631,.T.);
#1629=ORIENTED_EDGE('',*,*,#1632,.T.);
#1630=EDGE_CURVE('',#117,#111,#1633,.F.);
#1631=EDGE_CURVE('',#111,#115,#1634,.T.);
#1632=EDGE_CURVE('',#115,#117,#1635,.T.);
#1633=LINE('',#116,#1636);
#1634=LINE('',#110,#1637);
#1635=LINE('',#114,#1638);
#1636=VECTOR('',#1639,1.0);
#1637=VECTOR('',#1640,1.0);
#1638=VECTOR('',#1641,1.0);
#1639=DIRECTION('',(-0.8964542110716484,0,0.44313637568124387));
#1640=DIRECTION('',(-0.0159486474693149,0,0.9998728122335857));
#1641=DIRECTION('',(0.03079909791794197,0,-0.9995255952537888));
#1642=FACE_SURFACE('',(#1647),#1643,.T.);
#1643=PLANE('',#1644);
#1644=AXIS2_PLACEMENT_3D('',#118,#1645,#1646);
#1645=DIRECTION('',(0,1,-0));
#1646=DIRECTION('',(-0.8964542110716484,0,0.44313637568124387));
#1647=FACE_BOUND('',#1648,.T.);
#1648=EDGE_LOOP('',(#1649,#1650,#1651));
#1649=ORIENTED_EDGE('',*,*,#1652,.T.);
#1650=ORIENTED_EDGE('',*,*,#1653,.T.);
#1651=ORIENTED_EDGE('',*,*,#1654,.T.);
#1652=EDGE_CURVE('',#119,#121,#1655,.F.);
#1653=EDGE_CURVE('',#121,#41,#1656,.T.);
#1654=EDGE_CURVE('',#41,#119,#1657,.T.);
#1655=LINE('',#118,#1658);
#1656=LINE('',#120,#1659);
#1657=LINE('',#40,#1660);
#1658=VECTOR('',#1661,1.0);
#1659=VECTOR('',#1662,1.0);
#1660=VECTOR('',#1663,1.0);
#1661=DIRECTION('',(-0.8964542110716484,0,0.44313637568124387));
#1662=DIRECTION('',(0.29114536172805455,0,0.956678827164185));
#1663=DIRECTION('',(-0.28274932713991674,0,-0.9591938375541851));
#1664=FACE_SURFACE('',(#1669),#1665,.T.);
#1665=PLANE('',#1666);
#1666=AXIS2_PLACEMENT_3D('',#120,#1667,#1668);
#1667=DIRECTION('',(0,1,-0));
#1668=DIRECTION('',(-0.947145432411413,0,0.3208045041176908));
#1669=FACE_BOUND('',#1670,.T.);
#1670=EDGE_LOOP('',(#1671,#1672,#1673));
#1671=ORIENTED_EDGE('',*,*,#1674,.T.);
#1672=ORIENTED_EDGE('',*,*,#1675,.T.);
#1673=ORIENTED_EDGE('',*,*,#1676,.T.);
#1674=EDGE_CURVE('',#121,#103,#1677,.F.);
#1675=EDGE_CURVE('',#103,#41,#1678,.T.);
#1676=EDGE_CURVE('',#41,#121,#1679,.T.);
#1677=LINE('',#120,#1680);
#1678=LINE('',#102,#1681);
#1679=LINE('',#40,#1682);
#1680=VECTOR('',#1683,1.0);
#1681=VECTOR('',#1684,1.0);
#1682=VECTOR('',#1685,1.0);
#1683=DIRECTION('',(-0.947145432411413,0,0.3208045041176908));
#1684=DIRECTION('',(0.2996450936402124,0,0.9540507417623804));
#1685=DIRECTION('',(-0.29114536172805455,0,-0.956678827164185));
#1686=FACE_SURFACE('',(#1691),#1687,.T.);
#1687=PLANE('',#1688);
#1688=AXIS2_PLACEMENT_3D('',#104,#1689,#1690);
#1689=DIRECTION('',(0,1,-0));
#1690=DIRECTION('',(-0.9978074433456018,0,0.06618388024370983));
#1691=FACE_BOUND('',#1692,.T.);
#1692=EDGE_LOOP('',(#1693,#1694,#1695));
#1693=ORIENTED_EDGE('',*,*,#1696,.T.);
#1694=ORIENTED_EDGE('',*,*,#1697,.T.);
#1695=ORIENTED_EDGE('',*,*,#1698,.T.);
#1696=EDGE_CURVE('',#105,#123,#1699,.F.);
#1697=EDGE_CURVE('',#123,#41,#1700,.T.);
#1698=EDGE_CURVE('',#41,#105,#1701,.T.);
#1699=LINE('',#104,#1702);
#1700=LINE('',#122,#1703);
#1701=LINE('',#40,#1704);
#1702=VECTOR('',#1705,1.0);
#1703=VECTOR('',#1706,1.0);
#1704=VECTOR('',#1707,1.0);
#1705=DIRECTION('',(-0.9978074433456018,0,0.06618388024370983));
#1706=DIRECTION('',(0.3162684323264494,0,0.948669741645516));
#1707=DIRECTION('',(-0.308092771591396,0,-0.9513563181548393));
#1708=FACE_SURFACE('',(#1713),#1709,.T.);
#1709=PLANE('',#1710);
#1710=AXIS2_PLACEMENT_3D('',#122,#1711,#1712);
#1711=DIRECTION('',(0,1,-0));
#1712=DIRECTION('',(-0.9978074433456018,0,-0.06618388024370983));
#1713=FACE_BOUND('',#1714,.T.);
#1714=EDGE_LOOP('',(#1715,#1716,#1717));
#1715=ORIENTED_EDGE('',*,*,#1718,.T.);
#1716=ORIENTED_EDGE('',*,*,#1719,.T.);
#1717=ORIENTED_EDGE('',*,*,#1720,.T.);
#1718=EDGE_CURVE('',#123,#85,#1721,.F.);
#1719=EDGE_CURVE('',#85,#41,#1722,.T.);
#1720=EDGE_CURVE('',#41,#123,#1723,.T.);
#1721=LINE('',#122,#1724);
#1722=LINE('',#84,#1725);
#1723=LINE('',#40,#1726);
#1724=VECTOR('',#1727,1.0);
#1725=VECTOR('',#1728,1.0);
#1726=VECTOR('',#1729,1.0);
#1727=DIRECTION('',(-0.9978074433456018,0,-0.06618388024370983));
#1728=DIRECTION('',(0.3240249576838768,0,0.9460485330034406));
#1729=DIRECTION('',(-0.3162684323264494,0,-0.948669741645516));
#1730=FACE_SURFACE('',(#1735),#1731,.T.);
#1731=PLANE('',#1732);
#1732=AXIS2_PLACEMENT_3D('',#44,#1733,#1734);
#1733=DIRECTION('',(-0,1,0));
#1734=DIRECTION('',(0.7966383881030107,0,0.6044561841859483));
#1735=FACE_BOUND('',#1736,.T.);
#1736=EDGE_LOOP('',(#1737,#1738,#1739));
#1737=ORIENTED_EDGE('',*,*,#1740,.T.);
#1738=ORIENTED_EDGE('',*,*,#1741,.T.);
#1739=ORIENTED_EDGE('',*,*,#1742,.T.);
#1740=EDGE_CURVE('',#45,#41,#1743,.F.);
#1741=EDGE_CURVE('',#41,#85,#1744,.T.);
#1742=EDGE_CURVE('',#85,#45,#1745,.T.);
#1743=LINE('',#44,#1746);
#1744=LINE('',#40,#1747);
#1745=LINE('',#84,#1748);
#1746=VECTOR('',#1749,1.0);
#1747=VECTOR('',#1750,1.0);
#1748=VECTOR('',#1751,1.0);
#1749=DIRECTION('',(0.7966383881030107,0,0.6044561841859483));
#1750=DIRECTION('',(-0.3240249576838768,0,-0.9460485330034406));
#1751=DIRECTION('',(-0.5895146122248507,0,0.807757712419624));
#1752=FACE_SURFACE('',(#1757),#1753,.T.);
#1753=PLANE('',#1754);
#1754=AXIS2_PLACEMENT_3D('',#124,#1755,#1756);
#1755=DIRECTION('',(0,1,0));
#1756=DIRECTION('',(-0.9660855199186335,0,-0.25822232320917515));
#1757=FACE_BOUND('',#1758,.T.);
#1758=EDGE_LOOP('',(#1759,#1760,#1761));
#1759=ORIENTED_EDGE('',*,*,#1762,.T.);
#1760=ORIENTED_EDGE('',*,*,#1763,.T.);
#1761=ORIENTED_EDGE('',*,*,#1764,.T.);
#1762=EDGE_CURVE('',#125,#127,#1765,.F.);
#1763=EDGE_CURVE('',#127,#129,#1766,.T.);
#1764=EDGE_CURVE('',#129,#125,#1767,.T.);
#1765=LINE('',#124,#1768);
#1766=LINE('',#126,#1769);
#1767=LINE('',#128,#1770);
#1768=VECTOR('',#1771,1.0);
#1769=VECTOR('',#1772,1.0);
#1770=VECTOR('',#1773,1.0);
#1771=DIRECTION('',(-0.9660855199186335,0,-0.25822232320917515));
#1772=DIRECTION('',(0.8845929699863525,0,0.4663638895226819));
#1773=DIRECTION('',(0.8328392308114582,0,-0.5535149642253394));
#1774=FACE_SURFACE('',(#1779),#1775,.T.);
#1775=PLANE('',#1776);
#1776=AXIS2_PLACEMENT_3D('',#130,#1777,#1778);
#1777=DIRECTION('',(0,1,0));
#1778=DIRECTION('',(-0.7079100335279943,0,-0.7063026153359437));
#1779=FACE_BOUND('',#1780,.T.);
#1780=EDGE_LOOP('',(#1781,#1782,#1783));
#1781=ORIENTED_EDGE('',*,*,#1784,.T.);
#1782=ORIENTED_EDGE('',*,*,#1785,.T.);
#1783=ORIENTED_EDGE('',*,*,#1786,.T.);
#1784=EDGE_CURVE('',#131,#127,#1787,.F.);
#1785=EDGE_CURVE('',#127,#133,#1788,.T.);
#1786=EDGE_CURVE('',#133,#131,#1789,.T.);
#1787=LINE('',#130,#1790);
#1788=LINE('',#126,#1791);
#1789=LINE('',#132,#1792);
#1790=VECTOR('',#1793,1.0);
#1791=VECTOR('',#1794,1.0);
#1792=VECTOR('',#1795,1.0);
#1793=DIRECTION('',(-0.7079100335279943,0,-0.7063026153359437));
#1794=DIRECTION('',(0.46816657953956436,0,0.8836402287142797));
#1795=DIRECTION('',(0.6624631433869201,0,-0.7490945091601733));
#1796=FACE_SURFACE('',(#1801),#1797,.T.);
#1797=PLANE('',#1798);
#1798=AXIS2_PLACEMENT_3D('',#132,#1799,#1800);
#1799=DIRECTION('',(0,1,0));
#1800=DIRECTION('',(-0.46816657953956436,0,-0.8836402287142797));
#1801=FACE_BOUND('',#1802,.T.);
#1802=EDGE_LOOP('',(#1803,#1804,#1805));
#1803=ORIENTED_EDGE('',*,*,#1806,.T.);
#1804=ORIENTED_EDGE('',*,*,#1807,.T.);
#1805=ORIENTED_EDGE('',*,*,#1808,.T.);
#1806=EDGE_CURVE('',#133,#127,#1809,.F.);
#1807=EDGE_CURVE('',#127,#135,#1810,.T.);
#1808=EDGE_CURVE('',#135,#133,#1811,.T.);
#1809=LINE('',#132,#1812);
#1810=LINE('',#126,#1813);
#1811=LINE('',#134,#1814);
#1812=VECTOR('',#1815,1.0);
#1813=VECTOR('',#1816,1.0);
#1814=VECTOR('',#1817,1.0);
#1815=DIRECTION('',(-0.46816657953956436,0,-0.8836402287142797));
#1816=DIRECTION('',(0.25974267340456664,0,0.9656778674136882));
#1817=DIRECTION('',(0.5535284008098762,0,-0.8328303005395884));
#1818=FACE_SURFACE('',(#1823),#1819,.T.);
#1819=PLANE('',#1820);
#1820=AXIS2_PLACEMENT_3D('',#136,#1821,#1822);
#1821=DIRECTION('',(0,1,0));
#1822=DIRECTION('',(0.658098602149573,0,-0.7529317564353213));
#1823=FACE_BOUND('',#1824,.T.);
#1824=EDGE_LOOP('',(#1825,#1826,#1827));
#1825=ORIENTED_EDGE('',*,*,#1828,.T.);
#1826=ORIENTED_EDGE('',*,*,#1829,.T.);
#1827=ORIENTED_EDGE('',*,*,#1830,.T.);
#1828=EDGE_CURVE('',#137,#39,#1831,.F.);
#1829=EDGE_CURVE('',#39,#139,#1832,.T.);
#1830=EDGE_CURVE('',#139,#137,#1833,.T.);
#1831=LINE('',#136,#1834);
#1832=LINE('',#38,#1835);
#1833=LINE('',#138,#1836);
#1834=VECTOR('',#1837,1.0);
#1835=VECTOR('',#1838,1.0);
#1836=VECTOR('',#1839,1.0);
#1837=DIRECTION('',(0.658098602149573,0,-0.7529317564353213));
#1838=DIRECTION('',(-0.6722445378061256,0,0.7403291709704735));
#1839=DIRECTION('',(0.19806614858790147,0,0.9801886557104992));
#1840=FACE_SURFACE('',(#1845),#1841,.T.);
#1841=PLANE('',#1842);
#1842=AXIS2_PLACEMENT_3D('',#136,#1843,#1844);
#1843=DIRECTION('',(-0,1,0));
#1844=DIRECTION('',(0.06618388024370983,0,0.9978074433456018));
#1845=FACE_BOUND('',#1846,.T.);
#1846=EDGE_LOOP('',(#1847,#1848,#1849));
#1847=ORIENTED_EDGE('',*,*,#1850,.T.);
#1848=ORIENTED_EDGE('',*,*,#1851,.T.);
#1849=ORIENTED_EDGE('',*,*,#1852,.T.);
#1850=EDGE_CURVE('',#137,#141,#1853,.F.);
#1851=EDGE_CURVE('',#141,#39,#1854,.T.);
#1852=EDGE_CURVE('',#39,#137,#1855,.T.);
#1853=LINE('',#136,#1856);
#1854=LINE('',#140,#1857);
#1855=LINE('',#38,#1858);
#1856=VECTOR('',#1859,1.0);
#1857=VECTOR('',#1860,1.0);
#1858=VECTOR('',#1861,1.0);
#1859=DIRECTION('',(0.06618388024370983,0,0.9978074433456018));
#1860=DIRECTION('',(0.6457368290058478,0,-0.7635600485000982));
#1861=DIRECTION('',(-0.658098602149573,0,0.7529317564353213));
#1862=FACE_SURFACE('',(#1867),#1863,.T.);
#1863=PLANE('',#1864);
#1864=AXIS2_PLACEMENT_3D('',#142,#1865,#1866);
#1865=DIRECTION('',(-0,1,-0));
#1866=DIRECTION('',(-0.19806614858790147,0,0.9801886557104992));
#1867=FACE_BOUND('',#1868,.T.);
#1868=EDGE_LOOP('',(#1869,#1870,#1871));
#1869=ORIENTED_EDGE('',*,*,#1872,.T.);
#1870=ORIENTED_EDGE('',*,*,#1873,.T.);
#1871=ORIENTED_EDGE('',*,*,#1874,.T.);
#1872=EDGE_CURVE('',#143,#145,#1875,.F.);
#1873=EDGE_CURVE('',#145,#39,#1876,.T.);
#1874=EDGE_CURVE('',#39,#143,#1877,.T.);
#1875=LINE('',#142,#1878);
#1876=LINE('',#144,#1879);
#1877=LINE('',#38,#1880);
#1878=VECTOR('',#1881,1.0);
#1879=VECTOR('',#1882,1.0);
#1880=VECTOR('',#1883,1.0);
#1881=DIRECTION('',(-0.19806614858790147,0,0.9801886557104992));
#1882=DIRECTION('',(0.6272971513736818,0,-0.778779997097039));
#1883=DIRECTION('',(-0.6354081529470299,0,0.7721764559791007));
#1884=FACE_SURFACE('',(#1889),#1885,.T.);
#1885=PLANE('',#1886);
#1886=AXIS2_PLACEMENT_3D('',#40,#1887,#1888);
#1887=DIRECTION('',(0,1,0));
#1888=DIRECTION('',(0,0,-1));
#1889=FACE_BOUND('',#1890,.T.);
#1890=EDGE_LOOP('',(#1891,#1892,#1893));
#1891=ORIENTED_EDGE('',*,*,#1894,.T.);
#1892=ORIENTED_EDGE('',*,*,#1895,.T.);
#1893=ORIENTED_EDGE('',*,*,#1896,.T.);
#1894=EDGE_CURVE('',#41,#39,#1897,.F.);
#1895=EDGE_CURVE('',#39,#145,#1898,.T.);
#1896=EDGE_CURVE('',#145,#41,#1899,.T.);
#1897=LINE('',#40,#1900);
#1898=LINE('',#38,#1901);
#1899=LINE('',#144,#1902);
#1900=VECTOR('',#1903,1.0);
#1901=VECTOR('',#1904,1.0);
#1902=VECTOR('',#1905,1.0);
#1903=DIRECTION('',(0,0,-1));
#1904=DIRECTION('',(-0.6272971513736818,0,0.778779997097039));
#1905=DIRECTION('',(0.24341283790577914,0,0.9699227754531053));
#1906=FACE_SURFACE('',(#1911),#1907,.T.);
#1907=PLANE('',#1908);
#1908=AXIS2_PLACEMENT_3D('',#146,#1909,#1910);
#1909=DIRECTION('',(0,-1,-0));
#1910=DIRECTION('',(-0.613584181500682,0,-0.7896293131667153));
#1911=FACE_BOUND('',#1912,.T.);
#1912=EDGE_LOOP('',(#1913,#1914,#1915));
#1913=ORIENTED_EDGE('',*,*,#1916,.T.);
#1914=ORIENTED_EDGE('',*,*,#1917,.T.);
#1915=ORIENTED_EDGE('',*,*,#1918,.T.);
#1916=EDGE_CURVE('',#147,#149,#1919,.F.);
#1917=EDGE_CURVE('',#149,#151,#1920,.T.);
#1918=EDGE_CURVE('',#151,#147,#1921,.T.);
#1919=LINE('',#146,#1922);
#1920=LINE('',#148,#1923);
#1921=LINE('',#150,#1924);
#1922=VECTOR('',#1925,1.0);
#1923=VECTOR('',#1926,1.0);
#1924=VECTOR('',#1927,1.0);
#1925=DIRECTION('',(-0.613584181500682,0,-0.7896293131667153));
#1926=DIRECTION('',(0.6676318711914561,0,0.7444915611136201));
#1927=DIRECTION('',(-0.6597492902351278,0,0.7514857776659815));
#1928=FACE_SURFACE('',(#1933),#1929,.T.);
#1929=PLANE('',#1930);
#1930=AXIS2_PLACEMENT_3D('',#152,#1931,#1932);
#1931=DIRECTION('',(0,-1,-0));
#1932=DIRECTION('',(-0.5565742922764374,0,-0.830797843748395));
#1933=FACE_BOUND('',#1934,.T.);
#1934=EDGE_LOOP('',(#1935,#1936,#1937));
#1935=ORIENTED_EDGE('',*,*,#1938,.T.);
#1936=ORIENTED_EDGE('',*,*,#1939,.T.);
#1937=ORIENTED_EDGE('',*,*,#1940,.T.);
#1938=EDGE_CURVE('',#153,#149,#1941,.F.);
#1939=EDGE_CURVE('',#149,#147,#1942,.T.);
#1940=EDGE_CURVE('',#147,#153,#1943,.T.);
#1941=LINE('',#152,#1944);
#1942=LINE('',#148,#1945);
#1943=LINE('',#146,#1946);
#1944=VECTOR('',#1947,1.0);
#1945=VECTOR('',#1948,1.0);
#1946=VECTOR('',#1949,1.0);
#1947=DIRECTION('',(-0.5565742922764374,0,-0.830797843748395));
#1948=DIRECTION('',(0.613584181500682,0,0.7896293131667153));
#1949=DIRECTION('',(-0.7514869324826223,0,0.6597479748418018));
#1950=FACE_SURFACE('',(#1955),#1951,.T.);
#1951=PLANE('',#1952);
#1952=AXIS2_PLACEMENT_3D('',#154,#1953,#1954);
#1953=DIRECTION('',(0,-1,-0));
#1954=DIRECTION('',(-0.4968500147325502,0,-0.8678364263271418));
#1955=FACE_BOUND('',#1956,.T.);
#1956=EDGE_LOOP('',(#1957,#1958,#1959));
#1957=ORIENTED_EDGE('',*,*,#1960,.T.);
#1958=ORIENTED_EDGE('',*,*,#1961,.T.);
#1959=ORIENTED_EDGE('',*,*,#1962,.T.);
#1960=EDGE_CURVE('',#155,#149,#1963,.F.);
#1961=EDGE_CURVE('',#149,#153,#1964,.T.);
#1962=EDGE_CURVE('',#153,#155,#1965,.T.);
#1963=LINE('',#154,#1966);
#1964=LINE('',#148,#1967);
#1965=LINE('',#152,#1968);
#1966=VECTOR('',#1969,1.0);
#1967=VECTOR('',#1970,1.0);
#1968=VECTOR('',#1971,1.0);
#1969=DIRECTION('',(-0.4968500147325502,0,-0.8678364263271418));
#1970=DIRECTION('',(0.5565742922764374,0,0.830797843748395));
#1971=DIRECTION('',(-0.8318143214704898,0,0.5550539925057638));
#1972=FACE_SURFACE('',(#1977),#1973,.T.);
#1973=PLANE('',#1974);
#1974=AXIS2_PLACEMENT_3D('',#156,#1975,#1976);
#1975=DIRECTION('',(0,-1,-0));
#1976=DIRECTION('',(-0.8181433425627139,0,-0.5750143224479801));
#1977=FACE_BOUND('',#1978,.T.);
#1978=EDGE_LOOP('',(#1979,#1980,#1981));
#1979=ORIENTED_EDGE('',*,*,#1982,.T.);
#1980=ORIENTED_EDGE('',*,*,#1983,.T.);
#1981=ORIENTED_EDGE('',*,*,#1984,.T.);
#1982=EDGE_CURVE('',#157,#159,#1985,.F.);
#1983=EDGE_CURVE('',#159,#161,#1986,.T.);
#1984=EDGE_CURVE('',#161,#157,#1987,.T.);
#1985=LINE('',#156,#1988);
#1986=LINE('',#158,#1989);
#1987=LINE('',#160,#1990);
#1988=VECTOR('',#1991,1.0);
#1989=VECTOR('',#1992,1.0);
#1990=VECTOR('',#1993,1.0);
#1991=DIRECTION('',(-0.8181433425627139,0,-0.5750143224479801));
#1992=DIRECTION('',(0.8185349962848878,0,0.5744566649077185));
#1993=DIRECTION('',(-0.997838151498635,0,-0.06571927733768188));
#1994=FACE_SURFACE('',(#1999),#1995,.T.);
#1995=PLANE('',#1996);
#1996=AXIS2_PLACEMENT_3D('',#160,#1997,#1998);
#1997=DIRECTION('',(0,-1,-0));
#1998=DIRECTION('',(-0.8185349962848878,0,-0.5744566649077185));
#1999=FACE_BOUND('',#2000,.T.);
#2000=EDGE_LOOP('',(#2001,#2002,#2003));
#2001=ORIENTED_EDGE('',*,*,#2004,.T.);
#2002=ORIENTED_EDGE('',*,*,#2005,.T.);
#2003=ORIENTED_EDGE('',*,*,#2006,.T.);
#2004=EDGE_CURVE('',#161,#159,#2007,.F.);
#2005=EDGE_CURVE('',#159,#163,#2008,.T.);
#2006=EDGE_CURVE('',#163,#161,#2009,.T.);
#2007=LINE('',#160,#2010);
#2008=LINE('',#158,#2011);
#2009=LINE('',#162,#2012);
#2010=VECTOR('',#2013,1.0);
#2011=VECTOR('',#2014,1.0);
#2012=VECTOR('',#2015,1.0);
#2013=DIRECTION('',(-0.8185349962848878,0,-0.5744566649077185));
#2014=DIRECTION('',(0.8374989328365158,0,0.5464389604500188));
#2015=DIRECTION('',(-0.9978356902343596,0,0.06575663688571143));
#2016=FACE_SURFACE('',(#2021),#2017,.T.);
#2017=PLANE('',#2018);
#2018=AXIS2_PLACEMENT_3D('',#164,#2019,#2020);
#2019=DIRECTION('',(0,1,0));
#2020=DIRECTION('',(0.44313637568124387,0,-0.8964542110716484));
#2021=FACE_BOUND('',#2022,.T.);
#2022=EDGE_LOOP('',(#2023,#2024,#2025));
#2023=ORIENTED_EDGE('',*,*,#2026,.T.);
#2024=ORIENTED_EDGE('',*,*,#2027,.T.);
#2025=ORIENTED_EDGE('',*,*,#2028,.T.);
#2026=EDGE_CURVE('',#165,#135,#2029,.F.);
#2027=EDGE_CURVE('',#135,#127,#2030,.T.);
#2028=EDGE_CURVE('',#127,#165,#2031,.T.);
#2029=LINE('',#164,#2032);
#2030=LINE('',#134,#2033);
#2031=LINE('',#126,#2034);
#2032=VECTOR('',#2035,1.0);
#2033=VECTOR('',#2036,1.0);
#2034=VECTOR('',#2037,1.0);
#2035=DIRECTION('',(0.44313637568124387,0,-0.8964542110716484));
#2036=DIRECTION('',(-0.25974267340456664,0,-0.9656778674136882));
#2037=DIRECTION('',(0.1231123697888589,0,0.9923927369771361));
#2038=FACE_SURFACE('',(#2043),#2039,.T.);
#2039=PLANE('',#2040);
#2040=AXIS2_PLACEMENT_3D('',#166,#2041,#2042);
#2041=DIRECTION('',(-0,1,0));
#2042=DIRECTION('',(0.9981306949977663,0,0.06111559296346774));
#2043=FACE_BOUND('',#2044,.T.);
#2044=EDGE_LOOP('',(#2045,#2046,#2047));
#2045=ORIENTED_EDGE('',*,*,#2048,.T.);
#2046=ORIENTED_EDGE('',*,*,#2049,.T.);
#2047=ORIENTED_EDGE('',*,*,#2050,.T.);
#2048=EDGE_CURVE('',#167,#169,#2051,.F.);
#2049=EDGE_CURVE('',#169,#39,#2052,.T.);
#2050=EDGE_CURVE('',#39,#167,#2053,.T.);
#2051=LINE('',#166,#2054);
#2052=LINE('',#168,#2055);
#2053=LINE('',#38,#2056);
#2054=VECTOR('',#2057,1.0);
#2055=VECTOR('',#2058,1.0);
#2056=VECTOR('',#2059,1.0);
#2057=DIRECTION('',(0.9981306949977663,0,0.06111559296346774));
#2058=DIRECTION('',(0.8052521448336503,0,-0.5929325284050505));
#2059=DIRECTION('',(-0.8138434799476757,0,0.5810841506586265));
#2060=FACE_SURFACE('',(#2065),#2061,.T.);
#2061=PLANE('',#2062);
#2062=AXIS2_PLACEMENT_3D('',#170,#2063,#2064);
#2063=DIRECTION('',(0,1,0));
#2064=DIRECTION('',(0.3208045041176908,0,-0.947145432411413));
#2065=FACE_BOUND('',#2066,.T.);
#2066=EDGE_LOOP('',(#2067,#2068,#2069));
#2067=ORIENTED_EDGE('',*,*,#2070,.T.);
#2068=ORIENTED_EDGE('',*,*,#2071,.T.);
#2069=ORIENTED_EDGE('',*,*,#2072,.T.);
#2070=EDGE_CURVE('',#171,#165,#2073,.F.);
#2071=EDGE_CURVE('',#165,#127,#2074,.T.);
#2072=EDGE_CURVE('',#127,#171,#2075,.T.);
#2073=LINE('',#170,#2076);
#2074=LINE('',#164,#2077);
#2075=LINE('',#126,#2078);
#2076=VECTOR('',#2079,1.0);
#2077=VECTOR('',#2080,1.0);
#2078=VECTOR('',#2081,1.0);
#2079=DIRECTION('',(0.3208045041176908,0,-0.947145432411413));
#2080=DIRECTION('',(-0.1231123697888589,0,-0.9923927369771361));
#2081=DIRECTION('',(0.04666975163774758,0,0.9989103734980787));
#2082=FACE_SURFACE('',(#2087),#2083,.T.);
#2083=PLANE('',#2084);
#2084=AXIS2_PLACEMENT_3D('',#126,#2085,#2086);
#2085=DIRECTION('',(0,1,-0));
#2086=DIRECTION('',(-0.5211585533328443,0,0.8534598773744532));
#2087=FACE_BOUND('',#2088,.T.);
#2088=EDGE_LOOP('',(#2089,#2090,#2091));
#2089=ORIENTED_EDGE('',*,*,#2092,.T.);
#2090=ORIENTED_EDGE('',*,*,#2093,.T.);
#2091=ORIENTED_EDGE('',*,*,#2094,.T.);
#2092=EDGE_CURVE('',#127,#89,#2095,.F.);
#2093=EDGE_CURVE('',#89,#171,#2096,.T.);
#2094=EDGE_CURVE('',#171,#127,#2097,.T.);
#2095=LINE('',#126,#2098);
#2096=LINE('',#88,#2099);
#2097=LINE('',#170,#2100);
#2098=VECTOR('',#2101,1.0);
#2099=VECTOR('',#2102,1.0);
#2100=VECTOR('',#2103,1.0);
#2101=DIRECTION('',(-0.5211585533328443,0,0.8534598773744532));
#2102=DIRECTION('',(0.5753187427160216,0,-0.8179293027393358));
#2103=DIRECTION('',(-0.04666975163774758,0,-0.9989103734980787));
#2104=FACE_SURFACE('',(#2109),#2105,.T.);
#2105=PLANE('',#2106);
#2106=AXIS2_PLACEMENT_3D('',#172,#2107,#2108);
#2107=DIRECTION('',(0,1,0));
#2108=DIRECTION('',(0.19806614858790147,0,-0.9801886557104992));
#2109=FACE_BOUND('',#2110,.T.);
#2110=EDGE_LOOP('',(#2111,#2112,#2113));
#2111=ORIENTED_EDGE('',*,*,#2114,.T.);
#2112=ORIENTED_EDGE('',*,*,#2115,.T.);
#2113=ORIENTED_EDGE('',*,*,#2116,.T.);
#2114=EDGE_CURVE('',#173,#171,#2117,.F.);
#2115=EDGE_CURVE('',#171,#89,#2118,.T.);
#2116=EDGE_CURVE('',#89,#173,#2119,.T.);
#2117=LINE('',#172,#2120);
#2118=LINE('',#170,#2121);
#2119=LINE('',#88,#2122);
#2120=VECTOR('',#2123,1.0);
#2121=VECTOR('',#2124,1.0);
#2122=VECTOR('',#2125,1.0);
#2123=DIRECTION('',(0.19806614858790147,0,-0.9801886557104992));
#2124=DIRECTION('',(-0.5753187427160216,0,0.8179293027393358));
#2125=DIRECTION('',(0.5821373590228253,0,-0.8130904594385119));
#2126=FACE_SURFACE('',(#2131),#2127,.T.);
#2127=PLANE('',#2128);
#2128=AXIS2_PLACEMENT_3D('',#174,#2129,#2130);
#2129=DIRECTION('',(-0,-1,0));
#2130=DIRECTION('',(-0.5550524785774041,0,0.831815331684311));
#2131=FACE_BOUND('',#2132,.T.);
#2132=EDGE_LOOP('',(#2133,#2134,#2135));
#2133=ORIENTED_EDGE('',*,*,#2136,.T.);
#2134=ORIENTED_EDGE('',*,*,#2137,.T.);
#2135=ORIENTED_EDGE('',*,*,#2138,.T.);
#2136=EDGE_CURVE('',#175,#151,#2139,.F.);
#2137=EDGE_CURVE('',#151,#149,#2140,.T.);
#2138=EDGE_CURVE('',#149,#175,#2141,.T.);
#2139=LINE('',#174,#2142);
#2140=LINE('',#150,#2143);
#2141=LINE('',#148,#2144);
#2142=VECTOR('',#2145,1.0);
#2143=VECTOR('',#2146,1.0);
#2144=VECTOR('',#2147,1.0);
#2145=DIRECTION('',(-0.5550524785774041,0,0.831815331684311));
#2146=DIRECTION('',(-0.6676318711914561,0,-0.7444915611136201));
#2147=DIRECTION('',(0.7184478252083025,0,0.6955808525638556));
#2148=FACE_SURFACE('',(#2153),#2149,.T.);
#2149=PLANE('',#2150);
#2150=AXIS2_PLACEMENT_3D('',#162,#2151,#2152);
#2151=DIRECTION('',(0,-1,-0));
#2152=DIRECTION('',(-0.8374989328365158,0,-0.5464389604500188));
#2153=FACE_BOUND('',#2154,.T.);
#2154=EDGE_LOOP('',(#2155,#2156,#2157));
#2155=ORIENTED_EDGE('',*,*,#2158,.T.);
#2156=ORIENTED_EDGE('',*,*,#2159,.T.);
#2157=ORIENTED_EDGE('',*,*,#2160,.T.);
#2158=EDGE_CURVE('',#163,#159,#2161,.F.);
#2159=EDGE_CURVE('',#159,#177,#2162,.T.);
#2160=EDGE_CURVE('',#177,#163,#2163,.T.);
#2161=LINE('',#162,#2164);
#2162=LINE('',#158,#2165);
#2163=LINE('',#176,#2166);
#2164=VECTOR('',#2167,1.0);
#2165=VECTOR('',#2168,1.0);
#2166=VECTOR('',#2169,1.0);
#2167=DIRECTION('',(-0.8374989328365158,0,-0.5464389604500188));
#2168=DIRECTION('',(0.8567846511213688,0,0.5156743755538318));
#2169=DIRECTION('',(-0.9808150390795618,0,0.19494065536813387));
#2170=FACE_SURFACE('',(#2175),#2171,.T.);
#2171=PLANE('',#2172);
#2172=AXIS2_PLACEMENT_3D('',#178,#2173,#2174);
#2173=DIRECTION('',(-0,-1,0));
#2174=DIRECTION('',(-0.44378997892365757,0,0.896130824493243));
#2175=FACE_BOUND('',#2176,.T.);
#2176=EDGE_LOOP('',(#2177,#2178,#2179));
#2177=ORIENTED_EDGE('',*,*,#2180,.T.);
#2178=ORIENTED_EDGE('',*,*,#2181,.T.);
#2179=ORIENTED_EDGE('',*,*,#2182,.T.);
#2180=EDGE_CURVE('',#179,#175,#2183,.F.);
#2181=EDGE_CURVE('',#175,#149,#2184,.T.);
#2182=EDGE_CURVE('',#149,#179,#2185,.T.);
#2183=LINE('',#178,#2186);
#2184=LINE('',#174,#2187);
#2185=LINE('',#148,#2188);
#2186=VECTOR('',#2189,1.0);
#2187=VECTOR('',#2190,1.0);
#2188=VECTOR('',#2191,1.0);
#2189=DIRECTION('',(-0.44378997892365757,0,0.896130824493243));
#2190=DIRECTION('',(-0.7184478252083025,0,-0.6955808525638556));
#2191=DIRECTION('',(0.7185300489820355,0,0.6954959156672839));
#2192=FACE_SURFACE('',(#2197),#2193,.T.);
#2193=PLANE('',#2194);
#2194=AXIS2_PLACEMENT_3D('',#180,#2195,#2196);
#2195=DIRECTION('',(0,1,0));
#2196=DIRECTION('',(-0.777133170614987,0,-0.6293361860960304));
#2197=FACE_BOUND('',#2198,.T.);
#2198=EDGE_LOOP('',(#2199,#2200,#2201));
#2199=ORIENTED_EDGE('',*,*,#2202,.T.);
#2200=ORIENTED_EDGE('',*,*,#2203,.T.);
#2201=ORIENTED_EDGE('',*,*,#2204,.T.);
#2202=EDGE_CURVE('',#181,#97,#2205,.F.);
#2203=EDGE_CURVE('',#97,#183,#2206,.T.);
#2204=EDGE_CURVE('',#183,#181,#2207,.T.);
#2205=LINE('',#180,#2208);
#2206=LINE('',#96,#2209);
#2207=LINE('',#182,#2210);
#2208=VECTOR('',#2211,1.0);
#2209=VECTOR('',#2212,1.0);
#2210=VECTOR('',#2213,1.0);
#2211=DIRECTION('',(-0.777133170614987,0,-0.6293361860960304));
#2212=DIRECTION('',(0.7659467611061856,0,0.6429040046157309));
#2213=DIRECTION('',(0.9801886557104992,0,-0.19806614858790147));
#2214=FACE_SURFACE('',(#2219),#2215,.T.);
#2215=PLANE('',#2216);
#2216=AXIS2_PLACEMENT_3D('',#184,#2217,#2218);
#2217=DIRECTION('',(0,1,0));
#2218=DIRECTION('',(0.947145432411413,0,-0.3208045041176908));
#2219=FACE_BOUND('',#2220,.T.);
#2220=EDGE_LOOP('',(#2221,#2222,#2223));
#2221=ORIENTED_EDGE('',*,*,#2224,.T.);
#2222=ORIENTED_EDGE('',*,*,#2225,.T.);
#2223=ORIENTED_EDGE('',*,*,#2226,.T.);
#2224=EDGE_CURVE('',#185,#183,#2227,.F.);
#2225=EDGE_CURVE('',#183,#97,#2228,.T.);
#2226=EDGE_CURVE('',#97,#185,#2229,.T.);
#2227=LINE('',#184,#2230);
#2228=LINE('',#182,#2231);
#2229=LINE('',#96,#2232);
#2230=VECTOR('',#2233,1.0);
#2231=VECTOR('',#2234,1.0);
#2232=VECTOR('',#2235,1.0);
#2233=DIRECTION('',(0.947145432411413,0,-0.3208045041176908));
#2234=DIRECTION('',(-0.7659467611061856,0,-0.6429040046157309));
#2235=DIRECTION('',(0.7531500594624284,0,0.6578487576424695));
#2236=FACE_SURFACE('',(#2241),#2237,.T.);
#2237=PLANE('',#2238);
#2238=AXIS2_PLACEMENT_3D('',#186,#2239,#2240);
#2239=DIRECTION('',(0,1,0));
#2240=DIRECTION('',(0.8879871121061323,0,-0.4598683384767985));
#2241=FACE_BOUND('',#2242,.T.);
#2242=EDGE_LOOP('',(#2243,#2244,#2245));
#2243=ORIENTED_EDGE('',*,*,#2246,.T.);
#2244=ORIENTED_EDGE('',*,*,#2247,.T.);
#2245=ORIENTED_EDGE('',*,*,#2248,.T.);
#2246=EDGE_CURVE('',#187,#59,#2249,.F.);
#2247=EDGE_CURVE('',#59,#67,#2250,.T.);
#2248=EDGE_CURVE('',#67,#187,#2251,.T.);
#2249=LINE('',#186,#2252);
#2250=LINE('',#58,#2253);
#2251=LINE('',#66,#2254);
#2252=VECTOR('',#2255,1.0);
#2253=VECTOR('',#2256,1.0);
#2254=VECTOR('',#2257,1.0);
#2255=DIRECTION('',(0.8879871121061323,0,-0.4598683384767985));
#2256=DIRECTION('',(-0.8958700130838999,0,0.44431623834500256));
#2257=DIRECTION('',(0.6624631433869201,0,0.7490945091601733));
#2258=FACE_SURFACE('',(#2263),#2259,.T.);
#2259=PLANE('',#2260);
#2260=AXIS2_PLACEMENT_3D('',#188,#2261,#2262);
#2261=DIRECTION('',(0,1,0));
#2262=DIRECTION('',(0.8328303005395884,0,-0.5535284008098762));
#2263=FACE_BOUND('',#2264,.T.);
#2264=EDGE_LOOP('',(#2265,#2266,#2267));
#2265=ORIENTED_EDGE('',*,*,#2268,.T.);
#2266=ORIENTED_EDGE('',*,*,#2269,.T.);
#2267=ORIENTED_EDGE('',*,*,#2270,.T.);
#2268=EDGE_CURVE('',#189,#191,#2271,.F.);
#2269=EDGE_CURVE('',#191,#97,#2272,.T.);
#2270=EDGE_CURVE('',#97,#189,#2273,.T.);
#2271=LINE('',#188,#2274);
#2272=LINE('',#190,#2275);
#2273=LINE('',#96,#2276);
#2274=VECTOR('',#2277,1.0);
#2275=VECTOR('',#2278,1.0);
#2276=VECTOR('',#2279,1.0);
#2277=DIRECTION('',(0.8328303005395884,0,-0.5535284008098762));
#2278=DIRECTION('',(-0.7388745265819165,0,-0.6738430336275272));
#2279=DIRECTION('',(0.7233797481981405,0,0.6904503891640549));
#2280=FACE_SURFACE('',(#2285),#2281,.T.);
#2281=PLANE('',#2282);
#2282=AXIS2_PLACEMENT_3D('',#190,#2283,#2284);
#2283=DIRECTION('',(0,1,0));
#2284=DIRECTION('',(0.8964542110716484,0,-0.44313637568124387));
#2285=FACE_BOUND('',#2286,.T.);
#2286=EDGE_LOOP('',(#2287,#2288,#2289));
#2287=ORIENTED_EDGE('',*,*,#2290,.T.);
#2288=ORIENTED_EDGE('',*,*,#2291,.T.);
#2289=ORIENTED_EDGE('',*,*,#2292,.T.);
#2290=EDGE_CURVE('',#191,#185,#2293,.F.);
#2291=EDGE_CURVE('',#185,#97,#2294,.T.);
#2292=EDGE_CURVE('',#97,#191,#2295,.T.);
#2293=LINE('',#190,#2296);
#2294=LINE('',#184,#2297);
#2295=LINE('',#96,#2298);
#2296=VECTOR('',#2299,1.0);
#2297=VECTOR('',#2300,1.0);
#2298=VECTOR('',#2301,1.0);
#2299=DIRECTION('',(0.8964542110716484,0,-0.44313637568124387));
#2300=DIRECTION('',(-0.7531500594624284,0,-0.6578487576424695));
#2301=DIRECTION('',(0.7388745265819165,0,0.6738430336275272));
#2302=FACE_SURFACE('',(#2307),#2303,.T.);
#2303=PLANE('',#2304);
#2304=AXIS2_PLACEMENT_3D('',#192,#2305,#2306);
#2305=DIRECTION('',(-0,1,0));
#2306=DIRECTION('',(0.7490896858123527,0,0.6624685974516457));
#2307=FACE_BOUND('',#2308,.T.);
#2308=EDGE_LOOP('',(#2309,#2310,#2311));
#2309=ORIENTED_EDGE('',*,*,#2312,.T.);
#2310=ORIENTED_EDGE('',*,*,#2313,.T.);
#2311=ORIENTED_EDGE('',*,*,#2314,.T.);
#2312=EDGE_CURVE('',#193,#67,#2315,.F.);
#2313=EDGE_CURVE('',#67,#65,#2316,.T.);
#2314=EDGE_CURVE('',#65,#193,#2317,.T.);
#2315=LINE('',#192,#2318);
#2316=LINE('',#66,#2319);
#2317=LINE('',#64,#2320);
#2318=VECTOR('',#2321,1.0);
#2319=VECTOR('',#2322,1.0);
#2320=VECTOR('',#2323,1.0);
#2321=DIRECTION('',(0.7490896858123527,0,0.6624685974516457));
#2322=DIRECTION('',(0.5128773459667711,0,-0.8584618966466019));
#2323=DIRECTION('',(-0.5260491458620199,0,0.8504541705099925));
#2324=FACE_SURFACE('',(#2329),#2325,.T.);
#2325=PLANE('',#2326);
#2326=AXIS2_PLACEMENT_3D('',#194,#2327,#2328);
#2327=DIRECTION('',(-0,1,0));
#2328=DIRECTION('',(0.8328392308114582,0,0.5535149642253394));
#2329=FACE_BOUND('',#2330,.T.);
#2330=EDGE_LOOP('',(#2331,#2332,#2333));
#2331=ORIENTED_EDGE('',*,*,#2334,.T.);
#2332=ORIENTED_EDGE('',*,*,#2335,.T.);
#2333=ORIENTED_EDGE('',*,*,#2336,.T.);
#2334=EDGE_CURVE('',#195,#193,#2337,.F.);
#2335=EDGE_CURVE('',#193,#65,#2338,.T.);
#2336=EDGE_CURVE('',#65,#195,#2339,.T.);
#2337=LINE('',#194,#2340);
#2338=LINE('',#192,#2341);
#2339=LINE('',#64,#2342);
#2340=VECTOR('',#2343,1.0);
#2341=VECTOR('',#2344,1.0);
#2342=VECTOR('',#2345,1.0);
#2343=DIRECTION('',(0.8328392308114582,0,0.5535149642253394));
#2344=DIRECTION('',(0.5260491458620199,0,-0.8504541705099925));
#2345=DIRECTION('',(-0.5393667198417335,0,0.8420709836629979));
#2346=FACE_SURFACE('',(#2351),#2347,.T.);
#2347=PLANE('',#2348);
#2348=AXIS2_PLACEMENT_3D('',#196,#2349,#2350);
#2349=DIRECTION('',(-0,1,0));
#2350=DIRECTION('',(0.8964503517032765,0,0.4431441830048904));
#2351=FACE_BOUND('',#2352,.T.);
#2352=EDGE_LOOP('',(#2353,#2354,#2355));
#2353=ORIENTED_EDGE('',*,*,#2356,.T.);
#2354=ORIENTED_EDGE('',*,*,#2357,.T.);
#2355=ORIENTED_EDGE('',*,*,#2358,.T.);
#2356=EDGE_CURVE('',#197,#195,#2359,.F.);
#2357=EDGE_CURVE('',#195,#65,#2360,.T.);
#2358=EDGE_CURVE('',#65,#197,#2361,.T.);
#2359=LINE('',#196,#2362);
#2360=LINE('',#194,#2363);
#2361=LINE('',#64,#2364);
#2362=VECTOR('',#2365,1.0);
#2363=VECTOR('',#2366,1.0);
#2364=VECTOR('',#2367,1.0);
#2365=DIRECTION('',(0.8964503517032765,0,0.4431441830048904));
#2366=DIRECTION('',(0.5393667198417335,0,-0.8420709836629979));
#2367=DIRECTION('',(-0.552414393221751,0,0.8335696360601462));
#2368=FACE_SURFACE('',(#2373),#2369,.T.);
#2369=PLANE('',#2370);
#2370=AXIS2_PLACEMENT_3D('',#198,#2371,#2372);
#2371=DIRECTION('',(0,1,0));
#2372=DIRECTION('',(0.6624631433869201,0,-0.7490945091601733));
#2373=FACE_BOUND('',#2374,.T.);
#2374=EDGE_LOOP('',(#2375,#2376,#2377));
#2375=ORIENTED_EDGE('',*,*,#2378,.T.);
#2376=ORIENTED_EDGE('',*,*,#2379,.T.);
#2377=ORIENTED_EDGE('',*,*,#2380,.T.);
#2378=EDGE_CURVE('',#199,#201,#2381,.F.);
#2379=EDGE_CURVE('',#201,#97,#2382,.T.);
#2380=EDGE_CURVE('',#97,#199,#2383,.T.);
#2381=LINE('',#198,#2384);
#2382=LINE('',#200,#2385);
#2383=LINE('',#96,#2386);
#2384=VECTOR('',#2387,1.0);
#2385=VECTOR('',#2388,1.0);
#2386=VECTOR('',#2389,1.0);
#2387=DIRECTION('',(0.6624631433869201,0,-0.7490945091601733));
#2388=DIRECTION('',(-0.7071067811865475,0,-0.7071067811865475));
#2389=DIRECTION('',(0.6904503891640549,0,0.7233797481981405));
#2390=FACE_SURFACE('',(#2395),#2391,.T.);
#2391=PLANE('',#2392);
#2392=AXIS2_PLACEMENT_3D('',#200,#2393,#2394);
#2393=DIRECTION('',(0,1,0));
#2394=DIRECTION('',(0.7490945091601733,0,-0.6624631433869201));
#2395=FACE_BOUND('',#2396,.T.);
#2396=EDGE_LOOP('',(#2397,#2398,#2399));
#2397=ORIENTED_EDGE('',*,*,#2400,.T.);
#2398=ORIENTED_EDGE('',*,*,#2401,.T.);
#2399=ORIENTED_EDGE('',*,*,#2402,.T.);
#2400=EDGE_CURVE('',#201,#189,#2403,.F.);
#2401=EDGE_CURVE('',#189,#97,#2404,.T.);
#2402=EDGE_CURVE('',#97,#201,#2405,.T.);
#2403=LINE('',#200,#2406);
#2404=LINE('',#188,#2407);
#2405=LINE('',#96,#2408);
#2406=VECTOR('',#2409,1.0);
#2407=VECTOR('',#2410,1.0);
#2408=VECTOR('',#2411,1.0);
#2409=DIRECTION('',(0.7490945091601733,0,-0.6624631433869201));
#2410=DIRECTION('',(-0.7233797481981405,0,-0.6904503891640549));
#2411=DIRECTION('',(0.7071067811865475,0,0.7071067811865475));
#2412=FACE_SURFACE('',(#2417),#2413,.T.);
#2413=PLANE('',#2414);
#2414=AXIS2_PLACEMENT_3D('',#114,#2415,#2416);
#2415=DIRECTION('',(-0,1,0));
#2416=DIRECTION('',(0.947145432411413,0,0.3208045041176908));
#2417=FACE_BOUND('',#2418,.T.);
#2418=EDGE_LOOP('',(#2419,#2420,#2421));
#2419=ORIENTED_EDGE('',*,*,#2422,.T.);
#2420=ORIENTED_EDGE('',*,*,#2423,.T.);
#2421=ORIENTED_EDGE('',*,*,#2424,.T.);
#2422=EDGE_CURVE('',#115,#197,#2425,.F.);
#2423=EDGE_CURVE('',#197,#65,#2426,.T.);
#2424=EDGE_CURVE('',#65,#115,#2427,.T.);
#2425=LINE('',#114,#2428);
#2426=LINE('',#196,#2429);
#2427=LINE('',#64,#2430);
#2428=VECTOR('',#2431,1.0);
#2429=VECTOR('',#2432,1.0);
#2430=VECTOR('',#2433,1.0);
#2431=DIRECTION('',(0.947145432411413,0,0.3208045041176908));
#2432=DIRECTION('',(0.552414393221751,0,-0.8335696360601462));
#2433=DIRECTION('',(-0.564928912969929,0,0.8251395780658047));
#2434=FACE_SURFACE('',(#2439),#2435,.T.);
#2435=PLANE('',#2436);
#2436=AXIS2_PLACEMENT_3D('',#64,#2437,#2438);
#2437=DIRECTION('',(0,1,0));
#2438=DIRECTION('',(-0.9757982839858627,0,-0.21867260681266318));
#2439=FACE_BOUND('',#2440,.T.);
#2440=EDGE_LOOP('',(#2441,#2442,#2443));
#2441=ORIENTED_EDGE('',*,*,#2444,.T.);
#2442=ORIENTED_EDGE('',*,*,#2445,.T.);
#2443=ORIENTED_EDGE('',*,*,#2446,.T.);
#2444=EDGE_CURVE('',#65,#203,#2447,.F.);
#2445=EDGE_CURVE('',#203,#115,#2448,.T.);
#2446=EDGE_CURVE('',#115,#65,#2449,.T.);
#2447=LINE('',#64,#2450);
#2448=LINE('',#202,#2451);
#2449=LINE('',#114,#2452);
#2450=VECTOR('',#2453,1.0);
#2451=VECTOR('',#2454,1.0);
#2452=VECTOR('',#2455,1.0);
#2453=DIRECTION('',(-0.9757982839858627,0,-0.21867260681266318));
#2454=DIRECTION('',(-0.044318473536599866,0,0.9990174537531292));
#2455=DIRECTION('',(0.564928912969929,0,-0.8251395780658047));
#2456=FACE_SURFACE('',(#2461),#2457,.T.);
#2457=PLANE('',#2458);
#2458=AXIS2_PLACEMENT_3D('',#204,#2459,#2460);
#2459=DIRECTION('',(0,1,0));
#2460=DIRECTION('',(0.44313637568124387,0,-0.8964542110716484));
#2461=FACE_BOUND('',#2462,.T.);
#2462=EDGE_LOOP('',(#2463,#2464,#2465));
#2463=ORIENTED_EDGE('',*,*,#2466,.T.);
#2464=ORIENTED_EDGE('',*,*,#2467,.T.);
#2465=ORIENTED_EDGE('',*,*,#2468,.T.);
#2466=EDGE_CURVE('',#205,#207,#2469,.F.);
#2467=EDGE_CURVE('',#207,#97,#2470,.T.);
#2468=EDGE_CURVE('',#97,#205,#2471,.T.);
#2469=LINE('',#204,#2472);
#2470=LINE('',#206,#2473);
#2471=LINE('',#96,#2474);
#2472=VECTOR('',#2475,1.0);
#2473=VECTOR('',#2476,1.0);
#2474=VECTOR('',#2477,1.0);
#2475=DIRECTION('',(0.44313637568124387,0,-0.8964542110716484));
#2476=DIRECTION('',(-0.6738430336275272,0,-0.7388745265819165));
#2477=DIRECTION('',(0.6578487576424695,0,0.7531500594624284));
#2478=FACE_SURFACE('',(#2483),#2479,.T.);
#2479=PLANE('',#2480);
#2480=AXIS2_PLACEMENT_3D('',#206,#2481,#2482);
#2481=DIRECTION('',(0,1,0));
#2482=DIRECTION('',(0.5535284008098762,0,-0.8328303005395884));
#2483=FACE_BOUND('',#2484,.T.);
#2484=EDGE_LOOP('',(#2485,#2486,#2487));
#2485=ORIENTED_EDGE('',*,*,#2488,.T.);
#2486=ORIENTED_EDGE('',*,*,#2489,.T.);
#2487=ORIENTED_EDGE('',*,*,#2490,.T.);
#2488=EDGE_CURVE('',#207,#199,#2491,.F.);
#2489=EDGE_CURVE('',#199,#97,#2492,.T.);
#2490=EDGE_CURVE('',#97,#207,#2493,.T.);
#2491=LINE('',#206,#2494);
#2492=LINE('',#198,#2495);
#2493=LINE('',#96,#2496);
#2494=VECTOR('',#2497,1.0);
#2495=VECTOR('',#2498,1.0);
#2496=VECTOR('',#2499,1.0);
#2497=DIRECTION('',(0.5535284008098762,0,-0.8328303005395884));
#2498=DIRECTION('',(-0.6904503891640549,0,-0.7233797481981405));
#2499=DIRECTION('',(0.6738430336275272,0,0.7388745265819165));
#2500=FACE_SURFACE('',(#2505),#2501,.T.);
#2501=PLANE('',#2502);
#2502=AXIS2_PLACEMENT_3D('',#208,#2503,#2504);
#2503=DIRECTION('',(0,1,-0));
#2504=DIRECTION('',(-0.3208045041176908,0,0.947145432411413));
#2505=FACE_BOUND('',#2506,.T.);
#2506=EDGE_LOOP('',(#2507,#2508,#2509));
#2507=ORIENTED_EDGE('',*,*,#2510,.T.);
#2508=ORIENTED_EDGE('',*,*,#2511,.T.);
#2509=ORIENTED_EDGE('',*,*,#2512,.T.);
#2510=EDGE_CURVE('',#209,#211,#2513,.F.);
#2511=EDGE_CURVE('',#211,#53,#2514,.T.);
#2512=EDGE_CURVE('',#53,#209,#2515,.T.);
#2513=LINE('',#208,#2516);
#2514=LINE('',#210,#2517);
#2515=LINE('',#52,#2518);
#2516=VECTOR('',#2519,1.0);
#2517=VECTOR('',#2520,1.0);
#2518=VECTOR('',#2521,1.0);
#2519=DIRECTION('',(-0.3208045041176908,0,0.947145432411413));
#2520=DIRECTION('',(0.9887778833242341,0,0.14939309705889137));
#2521=DIRECTION('',(-0.9835901658350458,0,-0.18041725436495024));
#2522=FACE_SURFACE('',(#2527),#2523,.T.);
#2523=PLANE('',#2524);
#2524=AXIS2_PLACEMENT_3D('',#212,#2525,#2526);
#2525=DIRECTION('',(0,-1,0));
#2526=DIRECTION('',(0.06111559296346774,0,-0.9981306949977663));
#2527=FACE_BOUND('',#2528,.T.);
#2528=EDGE_LOOP('',(#2529,#2530,#2531));
#2529=ORIENTED_EDGE('',*,*,#2532,.T.);
#2530=ORIENTED_EDGE('',*,*,#2533,.T.);
#2531=ORIENTED_EDGE('',*,*,#2534,.T.);
#2532=EDGE_CURVE('',#213,#215,#2535,.F.);
#2533=EDGE_CURVE('',#215,#217,#2536,.T.);
#2534=EDGE_CURVE('',#217,#213,#2537,.T.);
#2535=LINE('',#212,#2538);
#2536=LINE('',#214,#2539);
#2537=LINE('',#216,#2540);
#2538=VECTOR('',#2541,1.0);
#2539=VECTOR('',#2542,1.0);
#2540=VECTOR('',#2543,1.0);
#2541=DIRECTION('',(0.06111559296346774,0,-0.9981306949977663));
#2542=DIRECTION('',(0.9701709996880018,0,0.2424215983867428));
#2543=DIRECTION('',(-0.977306797350699,0,-0.21182876068211245));
#2544=FACE_SURFACE('',(#2549),#2545,.T.);
#2545=PLANE('',#2546);
#2546=AXIS2_PLACEMENT_3D('',#218,#2547,#2548);
#2547=DIRECTION('',(0,1,0));
#2548=DIRECTION('',(0.3208045041176908,0,-0.947145432411413));
#2549=FACE_BOUND('',#2550,.T.);
#2550=EDGE_LOOP('',(#2551,#2552,#2553));
#2551=ORIENTED_EDGE('',*,*,#2554,.T.);
#2552=ORIENTED_EDGE('',*,*,#2555,.T.);
#2553=ORIENTED_EDGE('',*,*,#2556,.T.);
#2554=EDGE_CURVE('',#219,#205,#2557,.F.);
#2555=EDGE_CURVE('',#205,#97,#2558,.T.);
#2556=EDGE_CURVE('',#97,#219,#2559,.T.);
#2557=LINE('',#218,#2560);
#2558=LINE('',#204,#2561);
#2559=LINE('',#96,#2562);
#2560=VECTOR('',#2563,1.0);
#2561=VECTOR('',#2564,1.0);
#2562=VECTOR('',#2565,1.0);
#2563=DIRECTION('',(0.3208045041176908,0,-0.947145432411413));
#2564=DIRECTION('',(-0.6578487576424695,0,-0.7531500594624284));
#2565=DIRECTION('',(0.6429040046157309,0,0.7659467611061856));
#2566=FACE_SURFACE('',(#2571),#2567,.T.);
#2567=PLANE('',#2568);
#2568=AXIS2_PLACEMENT_3D('',#220,#2569,#2570);
#2569=DIRECTION('',(0,1,-0));
#2570=DIRECTION('',(-0.6176131068642546,0,-0.7864820724145482));
#2571=FACE_BOUND('',#2572,.T.);
#2572=EDGE_LOOP('',(#2573,#2574,#2575));
#2573=ORIENTED_EDGE('',*,*,#2576,.T.);
#2574=ORIENTED_EDGE('',*,*,#2577,.T.);
#2575=ORIENTED_EDGE('',*,*,#2578,.T.);
#2576=EDGE_CURVE('',#221,#97,#2579,.F.);
#2577=EDGE_CURVE('',#97,#223,#2580,.T.);
#2578=EDGE_CURVE('',#223,#221,#2581,.T.);
#2579=LINE('',#220,#2582);
#2580=LINE('',#96,#2583);
#2581=LINE('',#222,#2584);
#2582=VECTOR('',#2585,1.0);
#2583=VECTOR('',#2586,1.0);
#2584=VECTOR('',#2587,1.0);
#2585=DIRECTION('',(-0.6176131068642546,0,-0.7864820724145482));
#2586=DIRECTION('',(0.607949691223888,0,0.7939755493343476));
#2587=DIRECTION('',(-0.06618388024370983,0,-0.9978074433456018));
#2588=FACE_SURFACE('',(#2593),#2589,.T.);
#2589=PLANE('',#2590);
#2590=AXIS2_PLACEMENT_3D('',#224,#2591,#2592);
#2591=DIRECTION('',(0,-1,-0));
#2592=DIRECTION('',(-0.5102745772660959,0,-0.860011543989909));
#2593=FACE_BOUND('',#2594,.T.);
#2594=EDGE_LOOP('',(#2595,#2596,#2597));
#2595=ORIENTED_EDGE('',*,*,#2598,.T.);
#2596=ORIENTED_EDGE('',*,*,#2599,.T.);
#2597=ORIENTED_EDGE('',*,*,#2600,.T.);
#2598=EDGE_CURVE('',#225,#91,#2601,.F.);
#2599=EDGE_CURVE('',#91,#227,#2602,.T.);
#2600=EDGE_CURVE('',#227,#225,#2603,.T.);
#2601=LINE('',#224,#2604);
#2602=LINE('',#90,#2605);
#2603=LINE('',#226,#2606);
#2604=VECTOR('',#2607,1.0);
#2605=VECTOR('',#2608,1.0);
#2606=VECTOR('',#2609,1.0);
#2607=DIRECTION('',(-0.5102745772660959,0,-0.860011543989909));
#2608=DIRECTION('',(0.5239381387261854,0,0.8517563189012103));
#2609=DIRECTION('',(-0.8964503517032765,0,0.4431441830048904));
#2610=FACE_SURFACE('',(#2615),#2611,.T.);
#2611=PLANE('',#2612);
#2612=AXIS2_PLACEMENT_3D('',#228,#2613,#2614);
#2613=DIRECTION('',(0,-1,-0));
#2614=DIRECTION('',(-0.4964112484594827,0,-0.868087479694816));
#2615=FACE_BOUND('',#2616,.T.);
#2616=EDGE_LOOP('',(#2617,#2618,#2619));
#2617=ORIENTED_EDGE('',*,*,#2620,.T.);
#2618=ORIENTED_EDGE('',*,*,#2621,.T.);
#2619=ORIENTED_EDGE('',*,*,#2622,.T.);
#2620=EDGE_CURVE('',#229,#91,#2623,.F.);
#2621=EDGE_CURVE('',#91,#225,#2624,.T.);
#2622=EDGE_CURVE('',#225,#229,#2625,.T.);
#2623=LINE('',#228,#2626);
#2624=LINE('',#90,#2627);
#2625=LINE('',#224,#2628);
#2626=VECTOR('',#2629,1.0);
#2627=VECTOR('',#2630,1.0);
#2628=VECTOR('',#2631,1.0);
#2629=DIRECTION('',(-0.4964112484594827,0,-0.868087479694816));
#2630=DIRECTION('',(0.5102745772660959,0,0.860011543989909));
#2631=DIRECTION('',(-0.8328392308114582,0,0.5535149642253394));
#2632=FACE_SURFACE('',(#2637),#2633,.T.);
#2633=PLANE('',#2634);
#2634=AXIS2_PLACEMENT_3D('',#230,#2635,#2636);
#2635=DIRECTION('',(0,-1,-0));
#2636=DIRECTION('',(-0.46964789995260675,0,-0.8828538101351244));
#2637=FACE_BOUND('',#2638,.T.);
#2638=EDGE_LOOP('',(#2639,#2640,#2641));
#2639=ORIENTED_EDGE('',*,*,#2642,.T.);
#2640=ORIENTED_EDGE('',*,*,#2643,.T.);
#2641=ORIENTED_EDGE('',*,*,#2644,.T.);
#2642=EDGE_CURVE('',#231,#91,#2645,.F.);
#2643=EDGE_CURVE('',#91,#233,#2646,.T.);
#2644=EDGE_CURVE('',#233,#231,#2647,.T.);
#2645=LINE('',#230,#2648);
#2646=LINE('',#90,#2649);
#2647=LINE('',#232,#2650);
#2648=VECTOR('',#2651,1.0);
#2649=VECTOR('',#2652,1.0);
#2650=VECTOR('',#2653,1.0);
#2651=DIRECTION('',(-0.46964789995260675,0,-0.8828538101351244));
#2652=DIRECTION('',(0.4827892887870926,0,0.875736548644884));
#2653=DIRECTION('',(-0.6624631433869201,0,0.7490945091601733));
#2654=FACE_SURFACE('',(#2659),#2655,.T.);
#2655=PLANE('',#2656);
#2656=AXIS2_PLACEMENT_3D('',#234,#2657,#2658);
#2657=DIRECTION('',(-0,1,0));
#2658=DIRECTION('',(0.9801886557104992,0,0.19806614858790147));
#2659=FACE_BOUND('',#2660,.T.);
#2660=EDGE_LOOP('',(#2661,#2662,#2663));
#2661=ORIENTED_EDGE('',*,*,#2664,.T.);
#2662=ORIENTED_EDGE('',*,*,#2665,.T.);
#2663=ORIENTED_EDGE('',*,*,#2666,.T.);
#2664=EDGE_CURVE('',#235,#237,#2667,.F.);
#2665=EDGE_CURVE('',#237,#97,#2668,.T.);
#2666=EDGE_CURVE('',#97,#235,#2669,.T.);
#2667=LINE('',#234,#2670);
#2668=LINE('',#236,#2671);
#2669=LINE('',#96,#2672);
#2670=VECTOR('',#2673,1.0);
#2671=VECTOR('',#2674,1.0);
#2672=VECTOR('',#2675,1.0);
#2673=DIRECTION('',(0.9801886557104992,0,0.19806614858790147));
#2674=DIRECTION('',(-0.7996232522856197,0,-0.6005020019984681));
#2675=DIRECTION('',(0.7939755493343476,0,0.607949691223888));
#2676=FACE_SURFACE('',(#2681),#2677,.T.);
#2677=PLANE('',#2678);
#2678=AXIS2_PLACEMENT_3D('',#238,#2679,#2680);
#2679=DIRECTION('',(0,-1,-0));
#2680=DIRECTION('',(-0.43629856386094973,0,-0.8998019577511892));
#2681=FACE_BOUND('',#2682,.T.);
#2682=EDGE_LOOP('',(#2683,#2684,#2685));
#2683=ORIENTED_EDGE('',*,*,#2686,.T.);
#2684=ORIENTED_EDGE('',*,*,#2687,.T.);
#2685=ORIENTED_EDGE('',*,*,#2688,.T.);
#2686=EDGE_CURVE('',#239,#91,#2689,.F.);
#2687=EDGE_CURVE('',#91,#241,#2690,.T.);
#2688=EDGE_CURVE('',#241,#239,#2691,.T.);
#2689=LINE('',#238,#2692);
#2690=LINE('',#90,#2693);
#2691=LINE('',#240,#2694);
#2692=VECTOR('',#2695,1.0);
#2693=VECTOR('',#2696,1.0);
#2694=VECTOR('',#2697,1.0);
#2695=DIRECTION('',(-0.43629856386094973,0,-0.8998019577511892));
#2696=DIRECTION('',(0.4461321091210895,0,0.8949671173910069));
#2697=DIRECTION('',(-0.3208045041176908,0,0.947145432411413));
#2698=FACE_SURFACE('',(#2703),#2699,.T.);
#2699=PLANE('',#2700);
#2700=AXIS2_PLACEMENT_3D('',#242,#2701,#2702);
#2701=DIRECTION('',(-0,-1,0));
#2702=DIRECTION('',(-0.44313637568124387,0,0.8964542110716484));
#2703=FACE_BOUND('',#2704,.T.);
#2704=EDGE_LOOP('',(#2705,#2706,#2707));
#2705=ORIENTED_EDGE('',*,*,#2708,.T.);
#2706=ORIENTED_EDGE('',*,*,#2709,.T.);
#2707=ORIENTED_EDGE('',*,*,#2710,.T.);
#2708=EDGE_CURVE('',#243,#241,#2711,.F.);
#2709=EDGE_CURVE('',#241,#91,#2712,.T.);
#2710=EDGE_CURVE('',#91,#243,#2713,.T.);
#2711=LINE('',#242,#2714);
#2712=LINE('',#240,#2715);
#2713=LINE('',#90,#2716);
#2714=VECTOR('',#2717,1.0);
#2715=VECTOR('',#2718,1.0);
#2716=VECTOR('',#2719,1.0);
#2717=DIRECTION('',(-0.44313637568124387,0,0.8964542110716484));
#2718=DIRECTION('',(-0.4461321091210895,0,-0.8949671173910069));
#2719=DIRECTION('',(0.45732800563005593,0,0.8892980913430747));
#2720=FACE_SURFACE('',(#2725),#2721,.T.);
#2721=PLANE('',#2722);
#2722=AXIS2_PLACEMENT_3D('',#244,#2723,#2724);
#2723=DIRECTION('',(0,-1,-0));
#2724=DIRECTION('',(-0.4279427625438881,0,-0.9038058375482566));
#2725=FACE_BOUND('',#2726,.T.);
#2726=EDGE_LOOP('',(#2727,#2728,#2729));
#2727=ORIENTED_EDGE('',*,*,#2730,.T.);
#2728=ORIENTED_EDGE('',*,*,#2731,.T.);
#2729=ORIENTED_EDGE('',*,*,#2732,.T.);
#2730=EDGE_CURVE('',#245,#91,#2733,.F.);
#2731=EDGE_CURVE('',#91,#239,#2734,.T.);
#2732=EDGE_CURVE('',#239,#245,#2735,.T.);
#2733=LINE('',#244,#2736);
#2734=LINE('',#90,#2737);
#2735=LINE('',#238,#2738);
#2736=VECTOR('',#2739,1.0);
#2737=VECTOR('',#2740,1.0);
#2738=VECTOR('',#2741,1.0);
#2739=DIRECTION('',(-0.4279427625438881,0,-0.9038058375482566));
#2740=DIRECTION('',(0.43629856386094973,0,0.8998019577511892));
#2741=DIRECTION('',(-0.19806614858790147,0,0.9801886557104992));
#2742=FACE_SURFACE('',(#2747),#2743,.T.);
#2743=PLANE('',#2744);
#2744=AXIS2_PLACEMENT_3D('',#246,#2745,#2746);
#2745=DIRECTION('',(-0,-1,-0));
#2746=DIRECTION('',(-0.5911538269293432,0,0.8065588341260619));
#2747=FACE_BOUND('',#2748,.T.);
#2748=EDGE_LOOP('',(#2749,#2750,#2751));
#2749=ORIENTED_EDGE('',*,*,#2752,.T.);
#2750=ORIENTED_EDGE('',*,*,#2753,.T.);
#2751=ORIENTED_EDGE('',*,*,#2754,.T.);
#2752=EDGE_CURVE('',#247,#93,#2755,.F.);
#2753=EDGE_CURVE('',#93,#245,#2756,.T.);
#2754=EDGE_CURVE('',#245,#247,#2757,.T.);
#2755=LINE('',#246,#2758);
#2756=LINE('',#92,#2759);
#2757=LINE('',#244,#2760);
#2758=VECTOR('',#2761,1.0);
#2759=VECTOR('',#2762,1.0);
#2760=VECTOR('',#2763,1.0);
#2761=DIRECTION('',(-0.5911538269293432,0,0.8065588341260619));
#2762=DIRECTION('',(0.5821373590228253,0,-0.8130904594385119));
#2763=DIRECTION('',(-0.06618388024370983,0,0.9978074433456018));
#2764=FACE_SURFACE('',(#2769),#2765,.T.);
#2765=PLANE('',#2766);
#2766=AXIS2_PLACEMENT_3D('',#248,#2767,#2768);
#2767=DIRECTION('',(0,1,0));
#2768=DIRECTION('',(0.9812032846839609,0,-0.19297697822643528));
#2769=FACE_BOUND('',#2770,.T.);
#2770=EDGE_LOOP('',(#2771,#2772,#2773));
#2771=ORIENTED_EDGE('',*,*,#2774,.T.);
#2772=ORIENTED_EDGE('',*,*,#2775,.T.);
#2773=ORIENTED_EDGE('',*,*,#2776,.T.);
#2774=EDGE_CURVE('',#249,#251,#2777,.F.);
#2775=EDGE_CURVE('',#251,#253,#2778,.T.);
#2776=EDGE_CURVE('',#253,#249,#2779,.T.);
#2777=LINE('',#248,#2780);
#2778=LINE('',#250,#2781);
#2779=LINE('',#252,#2782);
#2780=VECTOR('',#2783,1.0);
#2781=VECTOR('',#2784,1.0);
#2782=VECTOR('',#2785,1.0);
#2783=DIRECTION('',(0.9812032846839609,0,-0.19297697822643528));
#2784=DIRECTION('',(-0.9831135542801748,0,0.1829965556796135));
#2785=DIRECTION('',(0.7490945091601733,0,0.6624631433869201));
#2786=FACE_SURFACE('',(#2791),#2787,.T.);
#2787=PLANE('',#2788);
#2788=AXIS2_PLACEMENT_3D('',#254,#2789,#2790);
#2789=DIRECTION('',(-0,1,0));
#2790=DIRECTION('',(0.8964542110716484,0,0.44313637568124387));
#2791=FACE_BOUND('',#2792,.T.);
#2792=EDGE_LOOP('',(#2793,#2794,#2795));
#2793=ORIENTED_EDGE('',*,*,#2796,.T.);
#2794=ORIENTED_EDGE('',*,*,#2797,.T.);
#2795=ORIENTED_EDGE('',*,*,#2798,.T.);
#2796=EDGE_CURVE('',#255,#257,#2799,.F.);
#2797=EDGE_CURVE('',#257,#251,#2800,.T.);
#2798=EDGE_CURVE('',#251,#255,#2801,.T.);
#2799=LINE('',#254,#2802);
#2800=LINE('',#256,#2803);
#2801=LINE('',#250,#2804);
#2802=VECTOR('',#2805,1.0);
#2803=VECTOR('',#2806,1.0);
#2804=VECTOR('',#2807,1.0);
#2805=DIRECTION('',(0.8964542110716484,0,0.44313637568124387));
#2806=DIRECTION('',(0.9846958917238138,0,-0.17428138403812182));
#2807=DIRECTION('',(-0.9859646808453703,0,0.16695402997677877));
#2808=FACE_SURFACE('',(#2813),#2809,.T.);
#2809=PLANE('',#2810);
#2810=AXIS2_PLACEMENT_3D('',#256,#2811,#2812);
#2811=DIRECTION('',(-0,1,0));
#2812=DIRECTION('',(0.8328303005395884,0,0.5535284008098762));
#2813=FACE_BOUND('',#2814,.T.);
#2814=EDGE_LOOP('',(#2815,#2816,#2817));
#2815=ORIENTED_EDGE('',*,*,#2818,.T.);
#2816=ORIENTED_EDGE('',*,*,#2819,.T.);
#2817=ORIENTED_EDGE('',*,*,#2820,.T.);
#2818=EDGE_CURVE('',#257,#253,#2821,.F.);
#2819=EDGE_CURVE('',#253,#251,#2822,.T.);
#2820=EDGE_CURVE('',#251,#257,#2823,.T.);
#2821=LINE('',#256,#2824);
#2822=LINE('',#252,#2825);
#2823=LINE('',#250,#2826);
#2824=VECTOR('',#2827,1.0);
#2825=VECTOR('',#2828,1.0);
#2826=VECTOR('',#2829,1.0);
#2827=DIRECTION('',(0.8328303005395884,0,0.5535284008098762));
#2828=DIRECTION('',(0.9831135542801748,0,-0.1829965556796135));
#2829=DIRECTION('',(-0.9846958917238138,0,0.17428138403812182));
#2830=FACE_SURFACE('',(#2835),#2831,.T.);
#2831=PLANE('',#2832);
#2832=AXIS2_PLACEMENT_3D('',#250,#2833,#2834);
#2833=DIRECTION('',(0,1,0));
#2834=DIRECTION('',(-0.9916007286020876,0,-0.1293367505228466));
#2835=FACE_BOUND('',#2836,.T.);
#2836=EDGE_LOOP('',(#2837,#2838,#2839));
#2837=ORIENTED_EDGE('',*,*,#2840,.T.);
#2838=ORIENTED_EDGE('',*,*,#2841,.T.);
#2839=ORIENTED_EDGE('',*,*,#2842,.T.);
#2840=EDGE_CURVE('',#251,#97,#2843,.F.);
#2841=EDGE_CURVE('',#97,#237,#2844,.T.);
#2842=EDGE_CURVE('',#237,#251,#2845,.T.);
#2843=LINE('',#250,#2846);
#2844=LINE('',#96,#2847);
#2845=LINE('',#236,#2848);
#2846=VECTOR('',#2849,1.0);
#2847=VECTOR('',#2850,1.0);
#2848=VECTOR('',#2851,1.0);
#2849=DIRECTION('',(-0.9916007286020876,0,-0.1293367505228466));
#2850=DIRECTION('',(0.7996232522856197,0,0.6005020019984681));
#2851=DIRECTION('',(0.9869309381248568,0,-0.16114379718745053));
#2852=FACE_SURFACE('',(#2857),#2853,.T.);
#2853=PLANE('',#2854);
#2854=AXIS2_PLACEMENT_3D('',#236,#2855,#2856);
#2855=DIRECTION('',(-0,1,0));
#2856=DIRECTION('',(0.947145432411413,0,0.3208045041176908));
#2857=FACE_BOUND('',#2858,.T.);
#2858=EDGE_LOOP('',(#2859,#2860,#2861));
#2859=ORIENTED_EDGE('',*,*,#2862,.T.);
#2860=ORIENTED_EDGE('',*,*,#2863,.T.);
#2861=ORIENTED_EDGE('',*,*,#2864,.T.);
#2862=EDGE_CURVE('',#237,#255,#2865,.F.);
#2863=EDGE_CURVE('',#255,#251,#2866,.T.);
#2864=EDGE_CURVE('',#251,#237,#2867,.T.);
#2865=LINE('',#236,#2868);
#2866=LINE('',#254,#2869);
#2867=LINE('',#250,#2870);
#2868=VECTOR('',#2871,1.0);
#2869=VECTOR('',#2872,1.0);
#2870=VECTOR('',#2873,1.0);
#2871=DIRECTION('',(0.947145432411413,0,0.3208045041176908));
#2872=DIRECTION('',(0.9859646808453703,0,-0.16695402997677877));
#2873=DIRECTION('',(-0.9869309381248568,0,0.16114379718745053));
#2874=FACE_SURFACE('',(#2879),#2875,.T.);
#2875=PLANE('',#2876);
#2876=AXIS2_PLACEMENT_3D('',#216,#2877,#2878);
#2877=DIRECTION('',(0,-1,0));
#2878=DIRECTION('',(-0.9339397895233077,0,-0.3574303702053864));
#2879=FACE_BOUND('',#2880,.T.);
#2880=EDGE_LOOP('',(#2881,#2882,#2883));
#2881=ORIENTED_EDGE('',*,*,#2884,.T.);
#2882=ORIENTED_EDGE('',*,*,#2885,.T.);
#2883=ORIENTED_EDGE('',*,*,#2886,.T.);
#2884=EDGE_CURVE('',#217,#259,#2887,.F.);
#2885=EDGE_CURVE('',#259,#159,#2888,.T.);
#2886=EDGE_CURVE('',#159,#217,#2889,.T.);
#2887=LINE('',#216,#2890);
#2888=LINE('',#258,#2891);
#2889=LINE('',#158,#2892);
#2890=VECTOR('',#2893,1.0);
#2891=VECTOR('',#2894,1.0);
#2892=VECTOR('',#2895,1.0);
#2893=DIRECTION('',(-0.9339397895233077,0,-0.3574303702053864));
#2894=DIRECTION('',(0.02838216784349239,0,-0.9995971451282281));
#2895=DIRECTION('',(0.4101398444774836,0,0.912022646633287));
#2896=FACE_SURFACE('',(#2901),#2897,.T.);
#2897=PLANE('',#2898);
#2898=AXIS2_PLACEMENT_3D('',#260,#2899,#2900);
#2899=DIRECTION('',(0,-1,-0));
#2900=DIRECTION('',(-0.7531500594624284,0,-0.6578487576424695));
#2901=FACE_BOUND('',#2902,.T.);
#2902=EDGE_LOOP('',(#2903,#2904,#2905));
#2903=ORIENTED_EDGE('',*,*,#2906,.T.);
#2904=ORIENTED_EDGE('',*,*,#2907,.T.);
#2905=ORIENTED_EDGE('',*,*,#2908,.T.);
#2906=EDGE_CURVE('',#261,#95,#2909,.F.);
#2907=EDGE_CURVE('',#95,#263,#2910,.T.);
#2908=EDGE_CURVE('',#263,#261,#2911,.T.);
#2909=LINE('',#260,#2912);
#2910=LINE('',#94,#2913);
#2911=LINE('',#262,#2914);
#2912=VECTOR('',#2915,1.0);
#2913=VECTOR('',#2916,1.0);
#2914=VECTOR('',#2917,1.0);
#2915=DIRECTION('',(-0.7531500594624284,0,-0.6578487576424695));
#2916=DIRECTION('',(0.7659467611061856,0,0.6429040046157309));
#2917=DIRECTION('',(-0.947145432411413,0,0.3208045041176908));
#2918=FACE_SURFACE('',(#2923),#2919,.T.);
#2919=PLANE('',#2920);
#2920=AXIS2_PLACEMENT_3D('',#64,#2921,#2922);
#2921=DIRECTION('',(0,1,0));
#2922=DIRECTION('',(-0.9357810187611532,0,-0.3525817421908549));
#2923=FACE_BOUND('',#2924,.T.);
#2924=EDGE_LOOP('',(#2925,#2926,#2927));
#2925=ORIENTED_EDGE('',*,*,#2928,.T.);
#2926=ORIENTED_EDGE('',*,*,#2929,.T.);
#2927=ORIENTED_EDGE('',*,*,#2930,.T.);
#2928=EDGE_CURVE('',#65,#265,#2931,.F.);
#2929=EDGE_CURVE('',#265,#267,#2932,.T.);
#2930=EDGE_CURVE('',#267,#65,#2933,.T.);
#2931=LINE('',#64,#2934);
#2932=LINE('',#264,#2935);
#2933=LINE('',#266,#2936);
#2934=VECTOR('',#2937,1.0);
#2935=VECTOR('',#2938,1.0);
#2936=VECTOR('',#2939,1.0);
#2937=DIRECTION('',(-0.9357810187611532,0,-0.3525817421908549));
#2938=DIRECTION('',(-0.3208045041176908,0,0.947145432411413));
#2939=DIRECTION('',(0.9460653714975173,0,0.32397579053575054));
#2940=FACE_SURFACE('',(#2945),#2941,.T.);
#2941=PLANE('',#2942);
#2942=AXIS2_PLACEMENT_3D('',#268,#2943,#2944);
#2943=DIRECTION('',(0,-1,0));
#2944=DIRECTION('',(0.055080241599027455,0,-0.9984819312262955));
#2945=FACE_BOUND('',#2946,.T.);
#2946=EDGE_LOOP('',(#2947,#2948,#2949));
#2947=ORIENTED_EDGE('',*,*,#2950,.T.);
#2948=ORIENTED_EDGE('',*,*,#2951,.T.);
#2949=ORIENTED_EDGE('',*,*,#2952,.T.);
#2950=EDGE_CURVE('',#269,#159,#2953,.F.);
#2951=EDGE_CURVE('',#159,#271,#2954,.T.);
#2952=EDGE_CURVE('',#271,#269,#2955,.T.);
#2953=LINE('',#268,#2956);
#2954=LINE('',#158,#2957);
#2955=LINE('',#270,#2958);
#2956=VECTOR('',#2959,1.0);
#2957=VECTOR('',#2960,1.0);
#2958=VECTOR('',#2961,1.0);
#2959=DIRECTION('',(0.055080241599027455,0,-0.9984819312262955));
#2960=DIRECTION('',(-0.04081643938266166,0,0.9991666619118762));
#2961=DIRECTION('',(-0.7490896858123527,0,-0.6624685974516457));
#2962=FACE_SURFACE('',(#2967),#2963,.T.);
#2963=PLANE('',#2964);
#2964=AXIS2_PLACEMENT_3D('',#272,#2965,#2966);
#2965=DIRECTION('',(0,-1,0));
#2966=DIRECTION('',(0.0711260177344973,0,-0.9974673376112283));
#2967=FACE_BOUND('',#2968,.T.);
#2968=EDGE_LOOP('',(#2969,#2970,#2971));
#2969=ORIENTED_EDGE('',*,*,#2972,.T.);
#2970=ORIENTED_EDGE('',*,*,#2973,.T.);
#2971=ORIENTED_EDGE('',*,*,#2974,.T.);
#2972=EDGE_CURVE('',#273,#159,#2975,.F.);
#2973=EDGE_CURVE('',#159,#269,#2976,.T.);
#2974=EDGE_CURVE('',#269,#273,#2977,.T.);
#2975=LINE('',#272,#2978);
#2976=LINE('',#158,#2979);
#2977=LINE('',#268,#2980);
#2978=VECTOR('',#2981,1.0);
#2979=VECTOR('',#2982,1.0);
#2980=VECTOR('',#2983,1.0);
#2981=DIRECTION('',(0.0711260177344973,0,-0.9974673376112283));
#2982=DIRECTION('',(-0.055080241599027455,0,0.9984819312262955));
#2983=DIRECTION('',(-0.8328392308114582,0,-0.5535149642253394));
#2984=FACE_SURFACE('',(#2989),#2985,.T.);
#2985=PLANE('',#2986);
#2986=AXIS2_PLACEMENT_3D('',#274,#2987,#2988);
#2987=DIRECTION('',(0,-1,-0));
#2988=DIRECTION('',(-0.7233797481981405,0,-0.6904503891640549));
#2989=FACE_BOUND('',#2990,.T.);
#2990=EDGE_LOOP('',(#2991,#2992,#2993));
#2991=ORIENTED_EDGE('',*,*,#2994,.T.);
#2992=ORIENTED_EDGE('',*,*,#2995,.T.);
#2993=ORIENTED_EDGE('',*,*,#2996,.T.);
#2994=EDGE_CURVE('',#275,#95,#2997,.F.);
#2995=EDGE_CURVE('',#95,#277,#2998,.T.);
#2996=EDGE_CURVE('',#277,#275,#2999,.T.);
#2997=LINE('',#274,#3000);
#2998=LINE('',#94,#3001);
#2999=LINE('',#276,#3002);
#3000=VECTOR('',#3003,1.0);
#3001=VECTOR('',#3004,1.0);
#3002=VECTOR('',#3005,1.0);
#3003=DIRECTION('',(-0.7233797481981405,0,-0.6904503891640549));
#3004=DIRECTION('',(0.7388745265819165,0,0.6738430336275272));
#3005=DIRECTION('',(-0.8328303005395884,0,0.5535284008098762));
#3006=FACE_SURFACE('',(#3011),#3007,.T.);
#3007=PLANE('',#3008);
#3008=AXIS2_PLACEMENT_3D('',#278,#3009,#3010);
#3009=DIRECTION('',(0,-1,-0));
#3010=DIRECTION('',(-0.7071067811865475,0,-0.7071067811865475));
#3011=FACE_BOUND('',#3012,.T.);
#3012=EDGE_LOOP('',(#3013,#3014,#3015));
#3013=ORIENTED_EDGE('',*,*,#3016,.T.);
#3014=ORIENTED_EDGE('',*,*,#3017,.T.);
#3015=ORIENTED_EDGE('',*,*,#3018,.T.);
#3016=EDGE_CURVE('',#279,#95,#3019,.F.);
#3017=EDGE_CURVE('',#95,#275,#3020,.T.);
#3018=EDGE_CURVE('',#275,#279,#3021,.T.);
#3019=LINE('',#278,#3022);
#3020=LINE('',#94,#3023);
#3021=LINE('',#274,#3024);
#3022=VECTOR('',#3025,1.0);
#3023=VECTOR('',#3026,1.0);
#3024=VECTOR('',#3027,1.0);
#3025=DIRECTION('',(-0.7071067811865475,0,-0.7071067811865475));
#3026=DIRECTION('',(0.7233797481981405,0,0.6904503891640549));
#3027=DIRECTION('',(-0.7490945091601733,0,0.6624631433869201));
#3028=FACE_SURFACE('',(#3033),#3029,.T.);
#3029=PLANE('',#3030);
#3030=AXIS2_PLACEMENT_3D('',#280,#3031,#3032);
#3031=DIRECTION('',(0,-1,-0));
#3032=DIRECTION('',(-0.6904503891640549,0,-0.7233797481981405));
#3033=FACE_BOUND('',#3034,.T.);
#3034=EDGE_LOOP('',(#3035,#3036,#3037));
#3035=ORIENTED_EDGE('',*,*,#3038,.T.);
#3036=ORIENTED_EDGE('',*,*,#3039,.T.);
#3037=ORIENTED_EDGE('',*,*,#3040,.T.);
#3038=EDGE_CURVE('',#281,#95,#3041,.F.);
#3039=EDGE_CURVE('',#95,#279,#3042,.T.);
#3040=EDGE_CURVE('',#279,#281,#3043,.T.);
#3041=LINE('',#280,#3044);
#3042=LINE('',#94,#3045);
#3043=LINE('',#278,#3046);
#3044=VECTOR('',#3047,1.0);
#3045=VECTOR('',#3048,1.0);
#3046=VECTOR('',#3049,1.0);
#3047=DIRECTION('',(-0.6904503891640549,0,-0.7233797481981405));
#3048=DIRECTION('',(0.7071067811865475,0,0.7071067811865475));
#3049=DIRECTION('',(-0.6624631433869201,0,0.7490945091601733));
#3050=FACE_SURFACE('',(#3055),#3051,.T.);
#3051=PLANE('',#3052);
#3052=AXIS2_PLACEMENT_3D('',#260,#3053,#3054);
#3053=DIRECTION('',(-0,-1,0));
#3054=DIRECTION('',(-0.8964542110716484,0,0.44313637568124387));
#3055=FACE_BOUND('',#3056,.T.);
#3056=EDGE_LOOP('',(#3057,#3058,#3059));
#3057=ORIENTED_EDGE('',*,*,#3060,.T.);
#3058=ORIENTED_EDGE('',*,*,#3061,.T.);
#3059=ORIENTED_EDGE('',*,*,#3062,.T.);
#3060=EDGE_CURVE('',#261,#277,#3063,.F.);
#3061=EDGE_CURVE('',#277,#95,#3064,.T.);
#3062=EDGE_CURVE('',#95,#261,#3065,.T.);
#3063=LINE('',#260,#3066);
#3064=LINE('',#276,#3067);
#3065=LINE('',#94,#3068);
#3066=VECTOR('',#3069,1.0);
#3067=VECTOR('',#3070,1.0);
#3068=VECTOR('',#3071,1.0);
#3069=DIRECTION('',(-0.8964542110716484,0,0.44313637568124387));
#3070=DIRECTION('',(-0.7388745265819165,0,-0.6738430336275272));
#3071=DIRECTION('',(0.7531500594624284,0,0.6578487576424695));
#3072=FACE_SURFACE('',(#3077),#3073,.T.);
#3073=PLANE('',#3074);
#3074=AXIS2_PLACEMENT_3D('',#80,#3075,#3076);
#3075=DIRECTION('',(0,1,0));
#3076=DIRECTION('',(0.9235991661029752,0,-0.3833595966894386));
#3077=FACE_BOUND('',#3078,.T.);
#3078=EDGE_LOOP('',(#3079,#3080,#3081));
#3079=ORIENTED_EDGE('',*,*,#3082,.T.);
#3080=ORIENTED_EDGE('',*,*,#3083,.T.);
#3081=ORIENTED_EDGE('',*,*,#3084,.T.);
#3082=EDGE_CURVE('',#81,#63,#3085,.F.);
#3083=EDGE_CURVE('',#63,#61,#3086,.T.);
#3084=EDGE_CURVE('',#61,#81,#3087,.T.);
#3085=LINE('',#80,#3088);
#3086=LINE('',#62,#3089);
#3087=LINE('',#60,#3090);
#3088=VECTOR('',#3091,1.0);
#3089=VECTOR('',#3092,1.0);
#3090=VECTOR('',#3093,1.0);
#3091=DIRECTION('',(0.9235991661029752,0,-0.3833595966894386));
#3092=DIRECTION('',(-0.9304604746217455,0,0.36639228317020545));
#3093=DIRECTION('',(0.44313637568124387,0,0.8964542110716484));
#3094=FACE_SURFACE('',(#3099),#3095,.T.);
#3095=PLANE('',#3096);
#3096=AXIS2_PLACEMENT_3D('',#282,#3097,#3098);
#3097=DIRECTION('',(-0,1,0));
#3098=DIRECTION('',(0.9027133042544434,0,0.43024259473234966));
#3099=FACE_BOUND('',#3100,.T.);
#3100=EDGE_LOOP('',(#3101,#3102,#3103));
#3101=ORIENTED_EDGE('',*,*,#3104,.T.);
#3102=ORIENTED_EDGE('',*,*,#3105,.T.);
#3103=ORIENTED_EDGE('',*,*,#3106,.T.);
#3104=EDGE_CURVE('',#283,#65,#3107,.F.);
#3105=EDGE_CURVE('',#65,#285,#3108,.T.);
#3106=EDGE_CURVE('',#285,#283,#3109,.T.);
#3107=LINE('',#282,#3110);
#3108=LINE('',#64,#3111);
#3109=LINE('',#284,#3112);
#3110=VECTOR('',#3113,1.0);
#3111=VECTOR('',#3114,1.0);
#3112=VECTOR('',#3115,1.0);
#3113=DIRECTION('',(0.9027133042544434,0,0.43024259473234966));
#3114=DIRECTION('',(-0.8924702057393201,0,-0.45110634208312284));
#3115=DIRECTION('',(0.19806614858790147,0,0.9801886557104992));
#3116=FACE_SURFACE('',(#3121),#3117,.T.);
#3117=PLANE('',#3118);
#3118=AXIS2_PLACEMENT_3D('',#286,#3119,#3120);
#3119=DIRECTION('',(0,-1,-0));
#3120=DIRECTION('',(-0.6578487576424695,0,-0.7531500594624284));
#3121=FACE_BOUND('',#3122,.T.);
#3122=EDGE_LOOP('',(#3123,#3124,#3125));
#3123=ORIENTED_EDGE('',*,*,#3126,.T.);
#3124=ORIENTED_EDGE('',*,*,#3127,.T.);
#3125=ORIENTED_EDGE('',*,*,#3128,.T.);
#3126=EDGE_CURVE('',#287,#95,#3129,.F.);
#3127=EDGE_CURVE('',#95,#289,#3130,.T.);
#3128=EDGE_CURVE('',#289,#287,#3131,.T.);
#3129=LINE('',#286,#3132);
#3130=LINE('',#94,#3133);
#3131=LINE('',#288,#3134);
#3132=VECTOR('',#3135,1.0);
#3133=VECTOR('',#3136,1.0);
#3134=VECTOR('',#3137,1.0);
#3135=DIRECTION('',(-0.6578487576424695,0,-0.7531500594624284));
#3136=DIRECTION('',(0.6738430336275272,0,0.7388745265819165));
#3137=DIRECTION('',(-0.44313637568124387,0,0.8964542110716484));
#3138=FACE_SURFACE('',(#3143),#3139,.T.);
#3139=PLANE('',#3140);
#3140=AXIS2_PLACEMENT_3D('',#290,#3141,#3142);
#3141=DIRECTION('',(-0,-1,0));
#3142=DIRECTION('',(-0.19806614858790147,0,0.9801886557104992));
#3143=FACE_BOUND('',#3144,.T.);
#3144=EDGE_LOOP('',(#3145,#3146,#3147));
#3145=ORIENTED_EDGE('',*,*,#3148,.T.);
#3146=ORIENTED_EDGE('',*,*,#3149,.T.);
#3147=ORIENTED_EDGE('',*,*,#3150,.T.);
#3148=EDGE_CURVE('',#291,#293,#3151,.F.);
#3149=EDGE_CURVE('',#293,#95,#3152,.T.);
#3150=EDGE_CURVE('',#95,#291,#3153,.T.);
#3151=LINE('',#290,#3154);
#3152=LINE('',#292,#3155);
#3153=LINE('',#94,#3156);
#3154=VECTOR('',#3157,1.0);
#3155=VECTOR('',#3158,1.0);
#3156=VECTOR('',#3159,1.0);
#3157=DIRECTION('',(-0.19806614858790147,0,0.9801886557104992));
#3158=DIRECTION('',(-0.6293361860960304,0,-0.777133170614987));
#3159=DIRECTION('',(0.6429040046157309,0,0.7659467611061856));
#3160=FACE_SURFACE('',(#3165),#3161,.T.);
#3161=PLANE('',#3162);
#3162=AXIS2_PLACEMENT_3D('',#294,#3163,#3164);
#3163=DIRECTION('',(0,1,-0));
#3164=DIRECTION('',(-0.00925660798837123,0,0.9999571566865001));
#3165=FACE_BOUND('',#3166,.T.);
#3166=EDGE_LOOP('',(#3167,#3168,#3169));
#3167=ORIENTED_EDGE('',*,*,#3170,.T.);
#3168=ORIENTED_EDGE('',*,*,#3171,.T.);
#3169=ORIENTED_EDGE('',*,*,#3172,.T.);
#3170=EDGE_CURVE('',#295,#127,#3173,.F.);
#3171=EDGE_CURVE('',#127,#297,#3174,.T.);
#3172=EDGE_CURVE('',#297,#295,#3175,.T.);
#3173=LINE('',#294,#3176);
#3174=LINE('',#126,#3177);
#3175=LINE('',#296,#3178);
#3176=VECTOR('',#3179,1.0);
#3177=VECTOR('',#3180,1.0);
#3178=VECTOR('',#3181,1.0);
#3179=DIRECTION('',(-0.00925660798837123,0,0.9999571566865001));
#3180=DIRECTION('',(0.016491562519148253,0,-0.9998640049355098));
#3181=DIRECTION('',(-0.44313637568124387,0,-0.8964542110716484));
#3182=FACE_SURFACE('',(#3187),#3183,.T.);
#3183=PLANE('',#3184);
#3184=AXIS2_PLACEMENT_3D('',#90,#3185,#3186);
#3185=DIRECTION('',(0,-1,0));
#3186=DIRECTION('',(0,0,-1));
#3187=FACE_BOUND('',#3188,.T.);
#3188=EDGE_LOOP('',(#3189,#3190,#3191));
#3189=ORIENTED_EDGE('',*,*,#3192,.T.);
#3190=ORIENTED_EDGE('',*,*,#3193,.T.);
#3191=ORIENTED_EDGE('',*,*,#3194,.T.);
#3192=EDGE_CURVE('',#91,#95,#3195,.F.);
#3193=EDGE_CURVE('',#95,#293,#3196,.T.);
#3194=EDGE_CURVE('',#293,#91,#3197,.T.);
#3195=LINE('',#90,#3198);
#3196=LINE('',#94,#3199);
#3197=LINE('',#292,#3200);
#3198=VECTOR('',#3201,1.0);
#3199=VECTOR('',#3202,1.0);
#3200=VECTOR('',#3203,1.0);
#3201=DIRECTION('',(0,0,-1));
#3202=DIRECTION('',(0.6293361860960304,0,0.777133170614987));
#3203=DIRECTION('',(-0.8873618558618429,0,0.46107367823529666));
#3204=FACE_SURFACE('',(#3209),#3205,.T.);
#3205=PLANE('',#3206);
#3206=AXIS2_PLACEMENT_3D('',#280,#3207,#3208);
#3207=DIRECTION('',(-0,-1,0));
#3208=DIRECTION('',(-0.5535284008098762,0,0.8328303005395884));
#3209=FACE_BOUND('',#3210,.T.);
#3210=EDGE_LOOP('',(#3211,#3212,#3213));
#3211=ORIENTED_EDGE('',*,*,#3214,.T.);
#3212=ORIENTED_EDGE('',*,*,#3215,.T.);
#3213=ORIENTED_EDGE('',*,*,#3216,.T.);
#3214=EDGE_CURVE('',#281,#289,#3217,.F.);
#3215=EDGE_CURVE('',#289,#95,#3218,.T.);
#3216=EDGE_CURVE('',#95,#281,#3219,.T.);
#3217=LINE('',#280,#3220);
#3218=LINE('',#288,#3221);
#3219=LINE('',#94,#3222);
#3220=VECTOR('',#3223,1.0);
#3221=VECTOR('',#3224,1.0);
#3222=VECTOR('',#3225,1.0);
#3223=DIRECTION('',(-0.5535284008098762,0,0.8328303005395884));
#3224=DIRECTION('',(-0.6738430336275272,0,-0.7388745265819165));
#3225=DIRECTION('',(0.6904503891640549,0,0.7233797481981405));
#3226=FACE_SURFACE('',(#3231),#3227,.T.);
#3227=PLANE('',#3228);
#3228=AXIS2_PLACEMENT_3D('',#298,#3229,#3230);
#3229=DIRECTION('',(0,1,0));
#3230=DIRECTION('',(-0.5535284008098762,0,-0.8328303005395884));
#3231=FACE_BOUND('',#3232,.T.);
#3232=EDGE_LOOP('',(#3233,#3234,#3235));
#3233=ORIENTED_EDGE('',*,*,#3236,.T.);
#3234=ORIENTED_EDGE('',*,*,#3237,.T.);
#3235=ORIENTED_EDGE('',*,*,#3238,.T.);
#3236=EDGE_CURVE('',#299,#297,#3239,.F.);
#3237=EDGE_CURVE('',#297,#127,#3240,.T.);
#3238=EDGE_CURVE('',#127,#299,#3241,.T.);
#3239=LINE('',#298,#3242);
#3240=LINE('',#296,#3243);
#3241=LINE('',#126,#3244);
#3242=VECTOR('',#3245,1.0);
#3243=VECTOR('',#3246,1.0);
#3244=VECTOR('',#3247,1.0);
#3245=DIRECTION('',(-0.5535284008098762,0,-0.8328303005395884));
#3246=DIRECTION('',(-0.016491562519148253,0,0.9998640049355098));
#3247=DIRECTION('',(0.025730187398029056,0,-0.9996689239225466));
#3248=FACE_SURFACE('',(#3253),#3249,.T.);
#3249=PLANE('',#3250);
#3250=AXIS2_PLACEMENT_3D('',#300,#3251,#3252);
#3251=DIRECTION('',(0,1,-0));
#3252=DIRECTION('',(-0.6451704680469181,0,0.7640386555404907));
#3253=FACE_BOUND('',#3254,.T.);
#3254=EDGE_LOOP('',(#3255,#3256,#3257));
#3255=ORIENTED_EDGE('',*,*,#3258,.T.);
#3256=ORIENTED_EDGE('',*,*,#3259,.T.);
#3257=ORIENTED_EDGE('',*,*,#3260,.T.);
#3258=EDGE_CURVE('',#301,#89,#3261,.F.);
#3259=EDGE_CURVE('',#89,#303,#3262,.T.);
#3260=EDGE_CURVE('',#303,#301,#3263,.T.);
#3261=LINE('',#300,#3264);
#3262=LINE('',#88,#3265);
#3263=LINE('',#302,#3266);
#3264=VECTOR('',#3267,1.0);
#3265=VECTOR('',#3268,1.0);
#3266=VECTOR('',#3269,1.0);
#3267=DIRECTION('',(-0.6451704680469181,0,0.7640386555404907));
#3268=DIRECTION('',(0.6614748071206689,0,-0.7499673856539855));
#3269=DIRECTION('',(-0.5535284008098762,0,-0.8328303005395884));
#3270=FACE_SURFACE('',(#3275),#3271,.T.);
#3271=PLANE('',#3272);
#3272=AXIS2_PLACEMENT_3D('',#304,#3273,#3274);
#3273=DIRECTION('',(-0,-1,-0));
#3274=DIRECTION('',(-0.8996992057990929,0,0.43651041119826833));
#3275=FACE_BOUND('',#3276,.T.);
#3276=EDGE_LOOP('',(#3277,#3278,#3279));
#3277=ORIENTED_EDGE('',*,*,#3280,.T.);
#3278=ORIENTED_EDGE('',*,*,#3281,.T.);
#3279=ORIENTED_EDGE('',*,*,#3282,.T.);
#3280=EDGE_CURVE('',#305,#91,#3283,.F.);
#3281=EDGE_CURVE('',#91,#293,#3284,.T.);
#3282=EDGE_CURVE('',#293,#305,#3285,.T.);
#3283=LINE('',#304,#3286);
#3284=LINE('',#90,#3287);
#3285=LINE('',#292,#3288);
#3286=VECTOR('',#3289,1.0);
#3287=VECTOR('',#3290,1.0);
#3288=VECTOR('',#3291,1.0);
#3289=DIRECTION('',(-0.8996992057990929,0,0.43651041119826833));
#3290=DIRECTION('',(0.8873618558618429,0,-0.46107367823529666));
#3291=DIRECTION('',(-0.06618388024370983,0,0.9978074433456018));
#3292=FACE_SURFACE('',(#3297),#3293,.T.);
#3293=PLANE('',#3294);
#3294=AXIS2_PLACEMENT_3D('',#306,#3295,#3296);
#3295=DIRECTION('',(0,1,0));
#3296=DIRECTION('',(-0.6624631433869201,0,-0.7490945091601733));
#3297=FACE_BOUND('',#3298,.T.);
#3298=EDGE_LOOP('',(#3299,#3300,#3301));
#3299=ORIENTED_EDGE('',*,*,#3302,.T.);
#3300=ORIENTED_EDGE('',*,*,#3303,.T.);
#3301=ORIENTED_EDGE('',*,*,#3304,.T.);
#3302=EDGE_CURVE('',#307,#299,#3305,.F.);
#3303=EDGE_CURVE('',#299,#127,#3306,.T.);
#3304=EDGE_CURVE('',#127,#307,#3307,.T.);
#3305=LINE('',#306,#3308);
#3306=LINE('',#298,#3309);
#3307=LINE('',#126,#3310);
#3308=VECTOR('',#3311,1.0);
#3309=VECTOR('',#3312,1.0);
#3310=VECTOR('',#3313,1.0);
#3311=DIRECTION('',(-0.6624631433869201,0,-0.7490945091601733));
#3312=DIRECTION('',(-0.025730187398029056,0,0.9996689239225466));
#3313=DIRECTION('',(0.036921854981712535,0,-0.9993181558566367));
#3314=FACE_SURFACE('',(#3319),#3315,.T.);
#3315=PLANE('',#3316);
#3316=AXIS2_PLACEMENT_3D('',#308,#3317,#3318);
#3317=DIRECTION('',(0,1,0));
#3318=DIRECTION('',(-0.6624631433869201,0,-0.7490945091601733));
#3319=FACE_BOUND('',#3320,.T.);
#3320=EDGE_LOOP('',(#3321,#3322,#3323));
#3321=ORIENTED_EDGE('',*,*,#3324,.T.);
#3322=ORIENTED_EDGE('',*,*,#3325,.T.);
#3323=ORIENTED_EDGE('',*,*,#3326,.T.);
#3324=EDGE_CURVE('',#309,#303,#3327,.F.);
#3325=EDGE_CURVE('',#303,#89,#3328,.T.);
#3326=EDGE_CURVE('',#89,#309,#3329,.T.);
#3327=LINE('',#308,#3330);
#3328=LINE('',#302,#3331);
#3329=LINE('',#88,#3332);
#3330=VECTOR('',#3333,1.0);
#3331=VECTOR('',#3334,1.0);
#3332=VECTOR('',#3335,1.0);
#3333=DIRECTION('',(-0.6624631433869201,0,-0.7490945091601733));
#3334=DIRECTION('',(-0.6614748071206689,0,0.7499673856539855));
#3335=DIRECTION('',(0.6779860309213841,0,-0.7350747865866901));
#3336=FACE_SURFACE('',(#3341),#3337,.T.);
#3337=PLANE('',#3338);
#3338=AXIS2_PLACEMENT_3D('',#306,#3339,#3340);
#3339=DIRECTION('',(0,1,-0));
#3340=DIRECTION('',(-0.036921854981712535,0,0.9993181558566367));
#3341=FACE_BOUND('',#3342,.T.);
#3342=EDGE_LOOP('',(#3343,#3344,#3345));
#3343=ORIENTED_EDGE('',*,*,#3346,.T.);
#3344=ORIENTED_EDGE('',*,*,#3347,.T.);
#3345=ORIENTED_EDGE('',*,*,#3348,.T.);
#3346=EDGE_CURVE('',#307,#127,#3349,.F.);
#3347=EDGE_CURVE('',#127,#311,#3350,.T.);
#3348=EDGE_CURVE('',#311,#307,#3351,.T.);
#3349=LINE('',#306,#3352);
#3350=LINE('',#126,#3353);
#3351=LINE('',#310,#3354);
#3352=VECTOR('',#3355,1.0);
#3353=VECTOR('',#3356,1.0);
#3354=VECTOR('',#3357,1.0);
#3355=DIRECTION('',(-0.036921854981712535,0,0.9993181558566367));
#3356=DIRECTION('',(0.049743463847863385,0,-0.9987620276143945));
#3357=DIRECTION('',(-0.7490945091601733,0,-0.6624631433869201));
#3358=FACE_SURFACE('',(#3363),#3359,.T.);
#3359=PLANE('',#3360);
#3360=AXIS2_PLACEMENT_3D('',#312,#3361,#3362);
#3361=DIRECTION('',(0,1,-0));
#3362=DIRECTION('',(-0.7099412530761916,0,0.7042609013573073));
#3363=FACE_BOUND('',#3364,.T.);
#3364=EDGE_LOOP('',(#3365,#3366,#3367));
#3365=ORIENTED_EDGE('',*,*,#3368,.T.);
#3366=ORIENTED_EDGE('',*,*,#3369,.T.);
#3367=ORIENTED_EDGE('',*,*,#3370,.T.);
#3368=EDGE_CURVE('',#313,#89,#3371,.F.);
#3369=EDGE_CURVE('',#89,#315,#3372,.T.);
#3370=EDGE_CURVE('',#315,#313,#3373,.T.);
#3371=LINE('',#312,#3374);
#3372=LINE('',#88,#3375);
#3373=LINE('',#314,#3376);
#3374=VECTOR('',#3377,1.0);
#3375=VECTOR('',#3378,1.0);
#3376=VECTOR('',#3379,1.0);
#3377=DIRECTION('',(-0.7099412530761916,0,0.7042609013573073));
#3378=DIRECTION('',(0.7245346983632834,0,-0.6892383266096175));
#3379=DIRECTION('',(-0.8964503517032765,0,-0.4431441830048904));
#3380=FACE_SURFACE('',(#3385),#3381,.T.);
#3381=PLANE('',#3382);
#3382=AXIS2_PLACEMENT_3D('',#316,#3383,#3384);
#3383=DIRECTION('',(0,1,-0));
#3384=DIRECTION('',(-0.06415760351593537,0,0.9979397786996429));
#3385=FACE_BOUND('',#3386,.T.);
#3386=EDGE_LOOP('',(#3387,#3388,#3389));
#3387=ORIENTED_EDGE('',*,*,#3390,.T.);
#3388=ORIENTED_EDGE('',*,*,#3391,.T.);
#3389=ORIENTED_EDGE('',*,*,#3392,.T.);
#3390=EDGE_CURVE('',#317,#127,#3393,.F.);
#3391=EDGE_CURVE('',#127,#319,#3394,.T.);
#3392=EDGE_CURVE('',#319,#317,#3395,.T.);
#3393=LINE('',#316,#3396);
#3394=LINE('',#126,#3397);
#3395=LINE('',#318,#3398);
#3396=VECTOR('',#3399,1.0);
#3397=VECTOR('',#3400,1.0);
#3398=VECTOR('',#3401,1.0);
#3399=DIRECTION('',(-0.06415760351593537,0,0.9979397786996429));
#3400=DIRECTION('',(0.07967692473182365,0,-0.9968207399855199));
#3401=DIRECTION('',(-0.8964542110716484,0,-0.44313637568124387));
#3402=FACE_SURFACE('',(#3407),#3403,.T.);
#3403=PLANE('',#3404);
#3404=AXIS2_PLACEMENT_3D('',#320,#3405,#3406);
#3405=DIRECTION('',(0,1,0));
#3406=DIRECTION('',(-0.9801867750519246,0,-0.19807545535302362));
#3407=FACE_BOUND('',#3408,.T.);
#3408=EDGE_LOOP('',(#3409,#3410,#3411));
#3409=ORIENTED_EDGE('',*,*,#3412,.T.);
#3410=ORIENTED_EDGE('',*,*,#3413,.T.);
#3411=ORIENTED_EDGE('',*,*,#3414,.T.);
#3412=EDGE_CURVE('',#321,#323,#3415,.F.);
#3413=EDGE_CURVE('',#323,#89,#3416,.T.);
#3414=EDGE_CURVE('',#89,#321,#3417,.T.);
#3415=LINE('',#320,#3418);
#3416=LINE('',#322,#3419);
#3417=LINE('',#88,#3420);
#3418=VECTOR('',#3421,1.0);
#3419=VECTOR('',#3422,1.0);
#3420=VECTOR('',#3423,1.0);
#3421=DIRECTION('',(-0.9801867750519246,0,-0.19807545535302362));
#3422=DIRECTION('',(-0.7377699502492109,0,0.6750522205794727));
#3423=DIRECTION('',(0.7494842757978325,0,-0.6620221448953191));
#3424=FACE_SURFACE('',(#3429),#3425,.T.);
#3425=PLANE('',#3426);
#3426=AXIS2_PLACEMENT_3D('',#322,#3427,#3428);
#3427=DIRECTION('',(0,1,0));
#3428=DIRECTION('',(-0.947145432411413,0,-0.3208045041176908));
#3429=FACE_BOUND('',#3430,.T.);
#3430=EDGE_LOOP('',(#3431,#3432,#3433));
#3431=ORIENTED_EDGE('',*,*,#3434,.T.);
#3432=ORIENTED_EDGE('',*,*,#3435,.T.);
#3433=ORIENTED_EDGE('',*,*,#3436,.T.);
#3434=EDGE_CURVE('',#323,#315,#3437,.F.);
#3435=EDGE_CURVE('',#315,#89,#3438,.T.);
#3436=EDGE_CURVE('',#89,#323,#3439,.T.);
#3437=LINE('',#322,#3440);
#3438=LINE('',#314,#3441);
#3439=LINE('',#88,#3442);
#3440=VECTOR('',#3443,1.0);
#3441=VECTOR('',#3444,1.0);
#3442=VECTOR('',#3445,1.0);
#3443=DIRECTION('',(-0.947145432411413,0,-0.3208045041176908));
#3444=DIRECTION('',(-0.7245346983632834,0,0.6892383266096175));
#3445=DIRECTION('',(0.7377699502492109,0,-0.6750522205794727));
#3446=FACE_SURFACE('',(#3451),#3447,.T.);
#3447=PLANE('',#3448);
#3448=AXIS2_PLACEMENT_3D('',#324,#3449,#3450);
#3449=DIRECTION('',(0,1,-0));
#3450=DIRECTION('',(-0.09602943423315674,0,0.9953784947249261));
#3451=FACE_BOUND('',#3452,.T.);
#3452=EDGE_LOOP('',(#3453,#3454,#3455));
#3453=ORIENTED_EDGE('',*,*,#3456,.T.);
#3454=ORIENTED_EDGE('',*,*,#3457,.T.);
#3455=ORIENTED_EDGE('',*,*,#3458,.T.);
#3456=EDGE_CURVE('',#325,#127,#3459,.F.);
#3457=EDGE_CURVE('',#127,#327,#3460,.T.);
#3458=EDGE_CURVE('',#327,#325,#3461,.T.);
#3459=LINE('',#324,#3462);
#3460=LINE('',#126,#3463);
#3461=LINE('',#326,#3464);
#3462=VECTOR('',#3465,1.0);
#3463=VECTOR('',#3466,1.0);
#3464=VECTOR('',#3467,1.0);
#3465=DIRECTION('',(-0.09602943423315674,0,0.9953784947249261));
#3466=DIRECTION('',(0.11284777699203073,0,-0.993612288182849));
#3467=DIRECTION('',(-0.9801886557104992,0,-0.19806614858790147));
#3468=FACE_SURFACE('',(#3473),#3469,.T.);
#3469=PLANE('',#3470);
#3470=AXIS2_PLACEMENT_3D('',#328,#3471,#3472);
#3471=DIRECTION('',(0,-1,-0));
#3472=DIRECTION('',(-0.7864275278113617,0,-0.6176825588443549));
#3473=FACE_BOUND('',#3474,.T.);
#3474=EDGE_LOOP('',(#3475,#3476,#3477));
#3475=ORIENTED_EDGE('',*,*,#3478,.T.);
#3476=ORIENTED_EDGE('',*,*,#3479,.T.);
#3477=ORIENTED_EDGE('',*,*,#3480,.T.);
#3478=EDGE_CURVE('',#329,#95,#3481,.F.);
#3479=EDGE_CURVE('',#95,#331,#3482,.T.);
#3480=EDGE_CURVE('',#331,#329,#3483,.T.);
#3481=LINE('',#328,#3484);
#3482=LINE('',#94,#3485);
#3483=LINE('',#330,#3486);
#3484=VECTOR('',#3487,1.0);
#3485=VECTOR('',#3488,1.0);
#3486=VECTOR('',#3489,1.0);
#3487=DIRECTION('',(-0.7864275278113617,0,-0.6176825588443549));
#3488=DIRECTION('',(0.7939755493343476,0,0.607949691223888));
#3489=DIRECTION('',(-0.9981306949977663,0,-0.06111559296346774));
#3490=FACE_SURFACE('',(#3495),#3491,.T.);
#3491=PLANE('',#3492);
#3492=AXIS2_PLACEMENT_3D('',#332,#3493,#3494);
#3493=DIRECTION('',(-0.8328303005395883,0,-0.5535284008098762));
#3494=DIRECTION('',(0,1,0));
#3495=FACE_BOUND('',#3496,.T.);
#3496=EDGE_LOOP('',(#3497,#3498,#3499));
#3497=ORIENTED_EDGE('',*,*,#3500,.T.);
#3498=ORIENTED_EDGE('',*,*,#3501,.T.);
#3499=ORIENTED_EDGE('',*,*,#3502,.T.);
#3500=EDGE_CURVE('',#333,#335,#3503,.F.);
#3501=EDGE_CURVE('',#335,#337,#3504,.T.);
#3502=EDGE_CURVE('',#337,#333,#3505,.T.);
#3503=LINE('',#332,#3506);
#3504=LINE('',#334,#3507);
#3505=LINE('',#336,#3508);
#3506=VECTOR('',#3509,1.0);
#3507=VECTOR('',#3510,1.0);
#3508=VECTOR('',#3511,1.0);
#3509=DIRECTION('',(0,1,0));
#3510=DIRECTION('',(0.5535284008098762,0,-0.8328303005395884));
#3511=DIRECTION('',(-0.018157083541323372,-0.999461855082944,0.02731886804817577));
#3512=FACE_SURFACE('',(#3517),#3513,.T.);
#3513=PLANE('',#3514);
#3514=AXIS2_PLACEMENT_3D('',#338,#3515,#3516);
#3515=DIRECTION('',(0,-1,0));
#3516=DIRECTION('',(0.9934451513893048,0,-0.11430980352131367));
#3517=FACE_BOUND('',#3518,.T.);
#3518=EDGE_LOOP('',(#3519,#3520,#3521));
#3519=ORIENTED_EDGE('',*,*,#3522,.T.);
#3520=ORIENTED_EDGE('',*,*,#3523,.T.);
#3521=ORIENTED_EDGE('',*,*,#3524,.T.);
#3522=EDGE_CURVE('',#339,#149,#3525,.F.);
#3523=EDGE_CURVE('',#149,#341,#3526,.T.);
#3524=EDGE_CURVE('',#341,#339,#3527,.T.);
#3525=LINE('',#338,#3528);
#3526=LINE('',#148,#3529);
#3527=LINE('',#340,#3530);
#3528=VECTOR('',#3531,1.0);
#3529=VECTOR('',#3532,1.0);
#3530=VECTOR('',#3533,1.0);
#3531=DIRECTION('',(0.9934451513893048,0,-0.11430980352131367));
#3532=DIRECTION('',(-0.9919316667122265,0,0.12677369038370806));
#3533=DIRECTION('',(0.19806614858790147,0,-0.9801886557104992));
#3534=FACE_SURFACE('',(#3539),#3535,.T.);
#3535=PLANE('',#3536);
#3536=AXIS2_PLACEMENT_3D('',#342,#3537,#3538);
#3537=DIRECTION('',(0,-1,0));
#3538=DIRECTION('',(0.9948517818033639,0,-0.10134067417711402));
#3539=FACE_BOUND('',#3540,.T.);
#3540=EDGE_LOOP('',(#3541,#3542,#3543));
#3541=ORIENTED_EDGE('',*,*,#3544,.T.);
#3542=ORIENTED_EDGE('',*,*,#3545,.T.);
#3543=ORIENTED_EDGE('',*,*,#3546,.T.);
#3544=EDGE_CURVE('',#343,#149,#3547,.F.);
#3545=EDGE_CURVE('',#149,#339,#3548,.T.);
#3546=EDGE_CURVE('',#339,#343,#3549,.T.);
#3547=LINE('',#342,#3550);
#3548=LINE('',#148,#3551);
#3549=LINE('',#338,#3552);
#3550=VECTOR('',#3553,1.0);
#3551=VECTOR('',#3554,1.0);
#3552=VECTOR('',#3555,1.0);
#3553=DIRECTION('',(0.9948517818033639,0,-0.10134067417711402));
#3554=DIRECTION('',(-0.9934451513893048,0,0.11430980352131367));
#3555=DIRECTION('',(0.06111559296346774,0,-0.9981306949977663));
#3556=FACE_SURFACE('',(#3561),#3557,.T.);
#3557=PLANE('',#3558);
#3558=AXIS2_PLACEMENT_3D('',#344,#3559,#3560);
#3559=DIRECTION('',(0,-1,0));
#3560=DIRECTION('',(0.10659407491981016,0,-0.9943026215353099));
#3561=FACE_BOUND('',#3562,.T.);
#3562=EDGE_LOOP('',(#3563,#3564,#3565));
#3563=ORIENTED_EDGE('',*,*,#3566,.T.);
#3564=ORIENTED_EDGE('',*,*,#3567,.T.);
#3565=ORIENTED_EDGE('',*,*,#3568,.T.);
#3566=EDGE_CURVE('',#345,#159,#3569,.F.);
#3567=EDGE_CURVE('',#159,#347,#3570,.T.);
#3568=EDGE_CURVE('',#347,#345,#3571,.T.);
#3569=LINE('',#344,#3572);
#3570=LINE('',#158,#3573);
#3571=LINE('',#346,#3574);
#3572=VECTOR('',#3575,1.0);
#3573=VECTOR('',#3576,1.0);
#3574=VECTOR('',#3577,1.0);
#3575=DIRECTION('',(0.10659407491981016,0,-0.9943026215353099));
#3576=DIRECTION('',(-0.08840312712139192,0,0.9960847790801539));
#3577=DIRECTION('',(-0.947145432411413,0,-0.3208045041176908));
#3578=FACE_SURFACE('',(#3583),#3579,.T.);
#3579=PLANE('',#3580);
#3580=AXIS2_PLACEMENT_3D('',#156,#3581,#3582);
#3581=DIRECTION('',(-0,-1,0));
#3582=DIRECTION('',(-1,0,0));
#3583=FACE_BOUND('',#3584,.T.);
#3584=EDGE_LOOP('',(#3585,#3586,#3587));
#3585=ORIENTED_EDGE('',*,*,#3588,.T.);
#3586=ORIENTED_EDGE('',*,*,#3589,.T.);
#3587=ORIENTED_EDGE('',*,*,#3590,.T.);
#3588=EDGE_CURVE('',#157,#217,#3591,.F.);
#3589=EDGE_CURVE('',#217,#159,#3592,.T.);
#3590=EDGE_CURVE('',#159,#157,#3593,.T.);
#3591=LINE('',#156,#3594);
#3592=LINE('',#216,#3595);
#3593=LINE('',#158,#3596);
#3594=VECTOR('',#3597,1.0);
#3595=VECTOR('',#3598,1.0);
#3596=VECTOR('',#3599,1.0);
#3597=DIRECTION('',(-1,0,0));
#3598=DIRECTION('',(-0.4101398444774836,0,-0.912022646633287));
#3599=DIRECTION('',(0.8181433425627139,0,0.5750143224479801));
#3600=FACE_SURFACE('',(#3605),#3601,.T.);
#3601=PLANE('',#3602);
#3602=AXIS2_PLACEMENT_3D('',#348,#3603,#3604);
#3603=DIRECTION('',(0,-1,0));
#3604=DIRECTION('',(0.9971826939153152,0,-0.0750111655408369));
#3605=FACE_BOUND('',#3606,.T.);
#3606=EDGE_LOOP('',(#3607,#3608,#3609));
#3607=ORIENTED_EDGE('',*,*,#3610,.T.);
#3608=ORIENTED_EDGE('',*,*,#3611,.T.);
#3609=ORIENTED_EDGE('',*,*,#3612,.T.);
#3610=EDGE_CURVE('',#349,#149,#3613,.F.);
#3611=EDGE_CURVE('',#149,#351,#3614,.T.);
#3612=EDGE_CURVE('',#351,#349,#3615,.T.);
#3613=LINE('',#348,#3616);
#3614=LINE('',#148,#3617);
#3615=LINE('',#350,#3618);
#3616=VECTOR('',#3619,1.0);
#3617=VECTOR('',#3620,1.0);
#3618=VECTOR('',#3621,1.0);
#3619=DIRECTION('',(0.9971826939153152,0,-0.0750111655408369));
#3620=DIRECTION('',(-0.9961066877046759,0,0.08815592271662344));
#3621=DIRECTION('',(-0.19806614858790147,0,-0.9801886557104992));
#3622=FACE_SURFACE('',(#3627),#3623,.T.);
#3623=PLANE('',#3624);
#3624=AXIS2_PLACEMENT_3D('',#352,#3625,#3626);
#3625=DIRECTION('',(0,-1,0));
#3626=DIRECTION('',(0.9980596284681994,0,-0.06226538381733224));
#3627=FACE_BOUND('',#3628,.T.);
#3628=EDGE_LOOP('',(#3629,#3630,#3631));
#3629=ORIENTED_EDGE('',*,*,#3632,.T.);
#3630=ORIENTED_EDGE('',*,*,#3633,.T.);
#3631=ORIENTED_EDGE('',*,*,#3634,.T.);
#3632=EDGE_CURVE('',#353,#149,#3635,.F.);
#3633=EDGE_CURVE('',#149,#349,#3636,.T.);
#3634=EDGE_CURVE('',#349,#353,#3637,.T.);
#3635=LINE('',#352,#3638);
#3636=LINE('',#148,#3639);
#3637=LINE('',#348,#3640);
#3638=VECTOR('',#3641,1.0);
#3639=VECTOR('',#3642,1.0);
#3640=VECTOR('',#3643,1.0);
#3641=DIRECTION('',(0.9980596284681994,0,-0.06226538381733224));
#3642=DIRECTION('',(-0.9971826939153152,0,0.0750111655408369));
#3643=DIRECTION('',(-0.3208045041176908,0,-0.947145432411413));
#3644=FACE_SURFACE('',(#3649),#3645,.T.);
#3645=PLANE('',#3646);
#3646=AXIS2_PLACEMENT_3D('',#354,#3647,#3648);
#3647=DIRECTION('',(-0,1,0));
#3648=DIRECTION('',(0.9981318798508337,0,0.0610962390449761));
#3649=FACE_BOUND('',#3650,.T.);
#3650=EDGE_LOOP('',(#3651,#3652,#3653));
#3651=ORIENTED_EDGE('',*,*,#3654,.T.);
#3652=ORIENTED_EDGE('',*,*,#3655,.T.);
#3653=ORIENTED_EDGE('',*,*,#3656,.T.);
#3654=EDGE_CURVE('',#355,#357,#3657,.F.);
#3655=EDGE_CURVE('',#357,#359,#3658,.T.);
#3656=EDGE_CURVE('',#359,#355,#3659,.T.);
#3657=LINE('',#354,#3660);
#3658=LINE('',#356,#3661);
#3659=LINE('',#358,#3662);
#3660=VECTOR('',#3663,1.0);
#3661=VECTOR('',#3664,1.0);
#3662=VECTOR('',#3665,1.0);
#3663=DIRECTION('',(0.9981318798508337,0,0.0610962390449761));
#3664=DIRECTION('',(-0.017030568578022542,0,-0.9998549693500098));
#3665=DIRECTION('',(0,0,1));
#3666=FACE_SURFACE('',(#3671),#3667,.T.);
#3667=PLANE('',#3668);
#3668=AXIS2_PLACEMENT_3D('',#360,#3669,#3670);
#3669=DIRECTION('',(0,-1,0));
#3670=DIRECTION('',(0.998739972346233,0,-0.05018433657871381));
#3671=FACE_BOUND('',#3672,.T.);
#3672=EDGE_LOOP('',(#3673,#3674,#3675));
#3673=ORIENTED_EDGE('',*,*,#3676,.T.);
#3674=ORIENTED_EDGE('',*,*,#3677,.T.);
#3675=ORIENTED_EDGE('',*,*,#3678,.T.);
#3676=EDGE_CURVE('',#361,#149,#3679,.F.);
#3677=EDGE_CURVE('',#149,#353,#3680,.T.);
#3678=EDGE_CURVE('',#353,#361,#3681,.T.);
#3679=LINE('',#360,#3682);
#3680=LINE('',#148,#3683);
#3681=LINE('',#352,#3684);
#3682=VECTOR('',#3685,1.0);
#3683=VECTOR('',#3686,1.0);
#3684=VECTOR('',#3687,1.0);
#3685=DIRECTION('',(0.998739972346233,0,-0.05018433657871381));
#3686=DIRECTION('',(-0.9980596284681994,0,0.06226538381733224));
#3687=DIRECTION('',(-0.44313637568124387,0,-0.8964542110716484));
#3688=FACE_SURFACE('',(#3693),#3689,.T.);
#3689=PLANE('',#3690);
#3690=AXIS2_PLACEMENT_3D('',#112,#3691,#3692);
#3691=DIRECTION('',(0,1,0));
#3692=DIRECTION('',(-0.9801886557104992,0,0.19806614858790147));
#3693=FACE_BOUND('',#3694,.T.);
#3694=EDGE_LOOP('',(#3695,#3696,#3697));
#3695=ORIENTED_EDGE('',*,*,#3698,.T.);
#3696=ORIENTED_EDGE('',*,*,#3699,.T.);
#3697=ORIENTED_EDGE('',*,*,#3700,.T.);
#3698=EDGE_CURVE('',#113,#363,#3701,.F.);
#3699=EDGE_CURVE('',#363,#357,#3702,.T.);
#3700=EDGE_CURVE('',#357,#113,#3703,.T.);
#3701=LINE('',#112,#3704);
#3702=LINE('',#362,#3705);
#3703=LINE('',#356,#3706);
#3704=VECTOR('',#3707,1.0);
#3705=VECTOR('',#3708,1.0);
#3706=VECTOR('',#3709,1.0);
#3707=DIRECTION('',(-0.9801886557104992,0,0.19806614858790147));
#3708=DIRECTION('',(0,0,1));
#3709=DIRECTION('',(0.01669469048234111,0,-0.9998606339434006));
#3710=FACE_SURFACE('',(#3715),#3711,.T.);
#3711=PLANE('',#3712);
#3712=AXIS2_PLACEMENT_3D('',#364,#3713,#3714);
#3713=DIRECTION('',(0,-1,0));
#3714=DIRECTION('',(0.999580459926916,0,-0.028963841808279617));
#3715=FACE_BOUND('',#3716,.T.);
#3716=EDGE_LOOP('',(#3717,#3718,#3719));
#3717=ORIENTED_EDGE('',*,*,#3720,.T.);
#3718=ORIENTED_EDGE('',*,*,#3721,.T.);
#3719=ORIENTED_EDGE('',*,*,#3722,.T.);
#3720=EDGE_CURVE('',#365,#149,#3723,.F.);
#3721=EDGE_CURVE('',#149,#367,#3724,.T.);
#3722=EDGE_CURVE('',#367,#365,#3725,.T.);
#3723=LINE('',#364,#3726);
#3724=LINE('',#148,#3727);
#3725=LINE('',#366,#3728);
#3726=VECTOR('',#3729,1.0);
#3727=VECTOR('',#3730,1.0);
#3728=VECTOR('',#3731,1.0);
#3729=DIRECTION('',(0.999580459926916,0,-0.028963841808279617));
#3730=DIRECTION('',(-0.999240741518309,0,0.03896075576705456));
#3731=DIRECTION('',(-0.6624631433869201,0,-0.7490945091601733));
#3732=FACE_SURFACE('',(#3737),#3733,.T.);
#3733=PLANE('',#3734);
#3734=AXIS2_PLACEMENT_3D('',#368,#3735,#3736);
#3735=DIRECTION('',(0,-1,-0));
#3736=DIRECTION('',(-0.19806614858790147,0,-0.9801886557104992));
#3737=FACE_BOUND('',#3738,.T.);
#3738=EDGE_LOOP('',(#3739,#3740,#3741));
#3739=ORIENTED_EDGE('',*,*,#3742,.T.);
#3740=ORIENTED_EDGE('',*,*,#3743,.T.);
#3741=ORIENTED_EDGE('',*,*,#3744,.T.);
#3742=EDGE_CURVE('',#369,#371,#3745,.F.);
#3743=EDGE_CURVE('',#371,#217,#3746,.T.);
#3744=EDGE_CURVE('',#217,#369,#3747,.T.);
#3745=LINE('',#368,#3748);
#3746=LINE('',#370,#3749);
#3747=LINE('',#216,#3750);
#3748=VECTOR('',#3751,1.0);
#3749=VECTOR('',#3752,1.0);
#3750=VECTOR('',#3753,1.0);
#3751=DIRECTION('',(-0.19806614858790147,0,-0.9801886557104992));
#3752=DIRECTION('',(0.9545866202222874,0,0.29793352361322273));
#3753=DIRECTION('',(-0.9624614714532771,0,-0.2714183412520105));
#3754=FACE_SURFACE('',(#3759),#3755,.T.);
#3755=PLANE('',#3756);
#3756=AXIS2_PLACEMENT_3D('',#372,#3757,#3758);
#3757=DIRECTION('',(0,-1,0));
#3758=DIRECTION('',(0.9997956538203847,0,-0.020215108257674468));
#3759=FACE_BOUND('',#3760,.T.);
#3760=EDGE_LOOP('',(#3761,#3762,#3763));
#3761=ORIENTED_EDGE('',*,*,#3764,.T.);
#3762=ORIENTED_EDGE('',*,*,#3765,.T.);
#3763=ORIENTED_EDGE('',*,*,#3766,.T.);
#3764=EDGE_CURVE('',#373,#149,#3767,.F.);
#3765=EDGE_CURVE('',#149,#365,#3768,.T.);
#3766=EDGE_CURVE('',#365,#373,#3769,.T.);
#3767=LINE('',#372,#3770);
#3768=LINE('',#148,#3771);
#3769=LINE('',#364,#3772);
#3770=VECTOR('',#3773,1.0);
#3771=VECTOR('',#3774,1.0);
#3772=VECTOR('',#3775,1.0);
#3773=DIRECTION('',(0.9997956538203847,0,-0.020215108257674468));
#3774=DIRECTION('',(-0.999580459926916,0,0.028963841808279617));
#3775=DIRECTION('',(-0.7490945091601733,0,-0.6624631433869201));
#3776=FACE_SURFACE('',(#3781),#3777,.T.);
#3777=PLANE('',#3778);
#3778=AXIS2_PLACEMENT_3D('',#334,#3779,#3780);
#3779=DIRECTION('',(-0,1,0));
#3780=DIRECTION('',(0.9634938699054111,0,0.26773039172775076));
#3781=FACE_BOUND('',#3782,.T.);
#3782=EDGE_LOOP('',(#3783,#3784,#3785));
#3783=ORIENTED_EDGE('',*,*,#3786,.T.);
#3784=ORIENTED_EDGE('',*,*,#3787,.T.);
#3785=ORIENTED_EDGE('',*,*,#3788,.T.);
#3786=EDGE_CURVE('',#335,#65,#3789,.F.);
#3787=EDGE_CURVE('',#65,#337,#3790,.T.);
#3788=EDGE_CURVE('',#337,#335,#3791,.T.);
#3789=LINE('',#334,#3792);
#3790=LINE('',#64,#3793);
#3791=LINE('',#336,#3794);
#3792=VECTOR('',#3795,1.0);
#3793=VECTOR('',#3796,1.0);
#3794=VECTOR('',#3797,1.0);
#3795=DIRECTION('',(0.9634938699054111,0,0.26773039172775076));
#3796=DIRECTION('',(-0.9553646395999879,0,-0.2954291884732877));
#3797=DIRECTION('',(-0.5535284008098762,0,0.8328303005395884));
#3798=FACE_SURFACE('',(#3803),#3799,.T.);
#3799=PLANE('',#3800);
#3800=AXIS2_PLACEMENT_3D('',#336,#3801,#3802);
#3801=DIRECTION('',(-0,1,0));
#3802=DIRECTION('',(0.9553646395999879,0,0.2954291884732877));
#3803=FACE_BOUND('',#3804,.T.);
#3804=EDGE_LOOP('',(#3805,#3806,#3807));
#3805=ORIENTED_EDGE('',*,*,#3808,.T.);
#3806=ORIENTED_EDGE('',*,*,#3809,.T.);
#3807=ORIENTED_EDGE('',*,*,#3810,.T.);
#3808=EDGE_CURVE('',#337,#65,#3811,.F.);
#3809=EDGE_CURVE('',#65,#267,#3812,.T.);
#3810=EDGE_CURVE('',#267,#337,#3813,.T.);
#3811=LINE('',#336,#3814);
#3812=LINE('',#64,#3815);
#3813=LINE('',#266,#3816);
#3814=VECTOR('',#3817,1.0);
#3815=VECTOR('',#3818,1.0);
#3816=VECTOR('',#3819,1.0);
#3817=DIRECTION('',(0.9553646395999879,0,0.2954291884732877));
#3818=DIRECTION('',(-0.9460653714975173,0,-0.32397579053575054));
#3819=DIRECTION('',(-0.44313637568124387,0,0.8964542110716484));
#3820=FACE_SURFACE('',(#3825),#3821,.T.);
#3821=PLANE('',#3822);
#3822=AXIS2_PLACEMENT_3D('',#374,#3823,#3824);
#3823=DIRECTION('',(0,1,-0));
#3824=DIRECTION('',(-0.7490945091601733,0,0.6624631433869201));
#3825=FACE_BOUND('',#3826,.T.);
#3826=EDGE_LOOP('',(#3827,#3828,#3829));
#3827=ORIENTED_EDGE('',*,*,#3830,.T.);
#3828=ORIENTED_EDGE('',*,*,#3831,.T.);
#3829=ORIENTED_EDGE('',*,*,#3832,.T.);
#3830=EDGE_CURVE('',#375,#203,#3833,.F.);
#3831=EDGE_CURVE('',#203,#65,#3834,.T.);
#3832=EDGE_CURVE('',#65,#375,#3835,.T.);
#3833=LINE('',#374,#3836);
#3834=LINE('',#202,#3837);
#3835=LINE('',#64,#3838);
#3836=VECTOR('',#3839,1.0);
#3837=VECTOR('',#3840,1.0);
#3838=VECTOR('',#3841,1.0);
#3839=DIRECTION('',(-0.7490945091601733,0,0.6624631433869201));
#3840=DIRECTION('',(0.9757982839858627,0,0.21867260681266318));
#3841=DIRECTION('',(-0.9702754076893111,0,-0.24200337442552547));
#3842=FACE_SURFACE('',(#3847),#3843,.T.);
#3843=PLANE('',#3844);
#3844=AXIS2_PLACEMENT_3D('',#362,#3845,#3846);
#3845=DIRECTION('',(0,1,-0));
#3846=DIRECTION('',(-0.9978074433456018,0,0.06618388024370983));
#3847=FACE_BOUND('',#3848,.T.);
#3848=EDGE_LOOP('',(#3849,#3850,#3851));
#3849=ORIENTED_EDGE('',*,*,#3852,.T.);
#3850=ORIENTED_EDGE('',*,*,#3853,.T.);
#3851=ORIENTED_EDGE('',*,*,#3854,.T.);
#3852=EDGE_CURVE('',#363,#359,#3855,.F.);
#3853=EDGE_CURVE('',#359,#357,#3856,.T.);
#3854=EDGE_CURVE('',#357,#363,#3857,.T.);
#3855=LINE('',#362,#3858);
#3856=LINE('',#358,#3859);
#3857=LINE('',#356,#3860);
#3858=VECTOR('',#3861,1.0);
#3859=VECTOR('',#3862,1.0);
#3860=VECTOR('',#3863,1.0);
#3861=DIRECTION('',(-0.9978074433456018,0,0.06618388024370983));
#3862=DIRECTION('',(0.017030568578022542,0,0.9998549693500098));
#3863=DIRECTION('',(0,0,-1));
#3864=FACE_SURFACE('',(#3869),#3865,.T.);
#3865=PLANE('',#3866);
#3866=AXIS2_PLACEMENT_3D('',#376,#3867,#3868);
#3867=DIRECTION('',(0,1,0));
#3868=DIRECTION('',(0.9981318798508337,0,-0.0610962390449761));
#3869=FACE_BOUND('',#3870,.T.);
#3870=EDGE_LOOP('',(#3871,#3872,#3873));
#3871=ORIENTED_EDGE('',*,*,#3874,.T.);
#3872=ORIENTED_EDGE('',*,*,#3875,.T.);
#3873=ORIENTED_EDGE('',*,*,#3876,.T.);
#3874=EDGE_CURVE('',#377,#355,#3877,.F.);
#3875=EDGE_CURVE('',#355,#359,#3878,.T.);
#3876=EDGE_CURVE('',#359,#377,#3879,.T.);
#3877=LINE('',#376,#3880);
#3878=LINE('',#354,#3881);
#3879=LINE('',#358,#3882);
#3880=VECTOR('',#3883,1.0);
#3881=VECTOR('',#3884,1.0);
#3882=VECTOR('',#3885,1.0);
#3883=DIRECTION('',(0.9981318798508337,0,-0.0610962390449761));
#3884=DIRECTION('',(0,0,-1));
#3885=DIRECTION('',(-0.017030568578022542,0,0.9998549693500098));
#3886=FACE_SURFACE('',(#3891),#3887,.T.);
#3887=PLANE('',#3888);
#3888=AXIS2_PLACEMENT_3D('',#358,#3889,#3890);
#3889=DIRECTION('',(0,1,0));
#3890=DIRECTION('',(-0.9978074433456018,0,-0.06618388024370983));
#3891=FACE_BOUND('',#3892,.T.);
#3892=EDGE_LOOP('',(#3893,#3894,#3895));
#3893=ORIENTED_EDGE('',*,*,#3896,.T.);
#3894=ORIENTED_EDGE('',*,*,#3897,.T.);
#3895=ORIENTED_EDGE('',*,*,#3898,.T.);
#3896=EDGE_CURVE('',#359,#327,#3899,.F.);
#3897=EDGE_CURVE('',#327,#377,#3900,.T.);
#3898=EDGE_CURVE('',#377,#359,#3901,.T.);
#3899=LINE('',#358,#3902);
#3900=LINE('',#326,#3903);
#3901=LINE('',#376,#3904);
#3902=VECTOR('',#3905,1.0);
#3903=VECTOR('',#3906,1.0);
#3904=VECTOR('',#3907,1.0);
#3905=DIRECTION('',(-0.9978074433456018,0,-0.06618388024370983));
#3906=DIRECTION('',(0,0,1));
#3907=DIRECTION('',(0.017030568578022542,0,-0.9998549693500098));
#3908=FACE_SURFACE('',(#3913),#3909,.T.);
#3909=PLANE('',#3910);
#3910=AXIS2_PLACEMENT_3D('',#378,#3911,#3912);
#3911=DIRECTION('',(0,1,0));
#3912=DIRECTION('',(0.9801867750519246,0,-0.19807545535302362));
#3913=FACE_BOUND('',#3914,.T.);
#3914=EDGE_LOOP('',(#3915,#3916,#3917));
#3915=ORIENTED_EDGE('',*,*,#3918,.T.);
#3916=ORIENTED_EDGE('',*,*,#3919,.T.);
#3917=ORIENTED_EDGE('',*,*,#3920,.T.);
#3918=EDGE_CURVE('',#379,#377,#3921,.F.);
#3919=EDGE_CURVE('',#377,#327,#3922,.T.);
#3920=EDGE_CURVE('',#327,#379,#3923,.T.);
#3921=LINE('',#378,#3924);
#3922=LINE('',#376,#3925);
#3923=LINE('',#326,#3926);
#3924=VECTOR('',#3927,1.0);
#3925=VECTOR('',#3928,1.0);
#3926=VECTOR('',#3929,1.0);
#3927=DIRECTION('',(0.9801867750519246,0,-0.19807545535302362));
#3928=DIRECTION('',(0,0,-1));
#3929=DIRECTION('',(-0.016694687728320858,0,0.9998606339893845));
#3930=FACE_SURFACE('',(#3935),#3931,.T.);
#3931=PLANE('',#3932);
#3932=AXIS2_PLACEMENT_3D('',#126,#3933,#3934);
#3933=DIRECTION('',(-0,1,0));
#3934=DIRECTION('',(0.9660855199186335,0,0.25822232320917515));
#3935=FACE_BOUND('',#3936,.T.);
#3936=EDGE_LOOP('',(#3937,#3938,#3939));
#3937=ORIENTED_EDGE('',*,*,#3940,.T.);
#3938=ORIENTED_EDGE('',*,*,#3941,.T.);
#3939=ORIENTED_EDGE('',*,*,#3942,.T.);
#3940=EDGE_CURVE('',#127,#125,#3943,.F.);
#3941=EDGE_CURVE('',#125,#327,#3944,.T.);
#3942=EDGE_CURVE('',#327,#127,#3945,.T.);
#3943=LINE('',#126,#3946);
#3944=LINE('',#124,#3947);
#3945=LINE('',#326,#3948);
#3946=VECTOR('',#3949,1.0);
#3947=VECTOR('',#3950,1.0);
#3948=VECTOR('',#3951,1.0);
#3949=DIRECTION('',(0.9660855199186335,0,0.25822232320917515));
#3950=DIRECTION('',(0.04734629933064102,0,-0.9988785351281172));
#3951=DIRECTION('',(-0.11284777699203073,0,0.993612288182849));
#3952=FACE_SURFACE('',(#3957),#3953,.T.);
#3953=PLANE('',#3954);
#3954=AXIS2_PLACEMENT_3D('',#380,#3955,#3956);
#3955=DIRECTION('',(0,1,0));
#3956=DIRECTION('',(0.947145432411413,0,-0.3208045041176908));
#3957=FACE_BOUND('',#3958,.T.);
#3958=EDGE_LOOP('',(#3959,#3960,#3961));
#3959=ORIENTED_EDGE('',*,*,#3962,.T.);
#3960=ORIENTED_EDGE('',*,*,#3963,.T.);
#3961=ORIENTED_EDGE('',*,*,#3964,.T.);
#3962=EDGE_CURVE('',#381,#379,#3965,.F.);
#3963=EDGE_CURVE('',#379,#327,#3966,.T.);
#3964=EDGE_CURVE('',#327,#381,#3967,.T.);
#3965=LINE('',#380,#3968);
#3966=LINE('',#378,#3969);
#3967=LINE('',#326,#3970);
#3968=VECTOR('',#3971,1.0);
#3969=VECTOR('',#3972,1.0);
#3970=VECTOR('',#3973,1.0);
#3971=DIRECTION('',(0.947145432411413,0,-0.3208045041176908));
#3972=DIRECTION('',(0.016694687728320858,0,-0.9998606339893845));
#3973=DIRECTION('',(-0.032593379822797156,0,0.9994686946531777));
#3974=FACE_SURFACE('',(#3979),#3975,.T.);
#3975=PLANE('',#3976);
#3976=AXIS2_PLACEMENT_3D('',#382,#3977,#3978);
#3977=DIRECTION('',(-0,1,0));
#3978=DIRECTION('',(0.7219745181057975,0,0.6919196450498436));
#3979=FACE_BOUND('',#3980,.T.);
#3980=EDGE_LOOP('',(#3981,#3982,#3983));
#3981=ORIENTED_EDGE('',*,*,#3984,.T.);
#3982=ORIENTED_EDGE('',*,*,#3985,.T.);
#3983=ORIENTED_EDGE('',*,*,#3986,.T.);
#3984=EDGE_CURVE('',#383,#109,#3987,.F.);
#3985=EDGE_CURVE('',#109,#385,#3988,.T.);
#3986=EDGE_CURVE('',#385,#383,#3989,.T.);
#3987=LINE('',#382,#3990);
#3988=LINE('',#108,#3991);
#3989=LINE('',#384,#3992);
#3990=VECTOR('',#3993,1.0);
#3991=VECTOR('',#3994,1.0);
#3992=VECTOR('',#3995,1.0);
#3993=DIRECTION('',(0.7219745181057975,0,0.6919196450498436));
#3994=DIRECTION('',(-0.7069419593837365,0,-0.7072715645794644));
#3995=DIRECTION('',(-0.7490896858123527,0,0.6624685974516457));
#3996=FACE_SURFACE('',(#4001),#3997,.T.);
#3997=PLANE('',#3998);
#3998=AXIS2_PLACEMENT_3D('',#386,#3999,#4000);
#3999=DIRECTION('',(0,-1,-0));
#4000=DIRECTION('',(-0.5535284008098762,0,-0.8328303005395884));
#4001=FACE_BOUND('',#4002,.T.);
#4002=EDGE_LOOP('',(#4003,#4004,#4005));
#4003=ORIENTED_EDGE('',*,*,#4006,.T.);
#4004=ORIENTED_EDGE('',*,*,#4007,.T.);
#4005=ORIENTED_EDGE('',*,*,#4008,.T.);
#4006=EDGE_CURVE('',#387,#259,#4009,.F.);
#4007=EDGE_CURVE('',#259,#217,#4010,.T.);
#4008=EDGE_CURVE('',#217,#387,#4011,.T.);
#4009=LINE('',#386,#4012);
#4010=LINE('',#258,#4013);
#4011=LINE('',#216,#4014);
#4012=VECTOR('',#4015,1.0);
#4013=VECTOR('',#4016,1.0);
#4014=VECTOR('',#4017,1.0);
#4015=DIRECTION('',(-0.5535284008098762,0,-0.8328303005395884));
#4016=DIRECTION('',(0.9339397895233077,0,0.3574303702053864));
#4017=DIRECTION('',(-0.9399925482742644,0,-0.34119497239680235));
#4018=FACE_SURFACE('',(#4023),#4019,.T.);
#4019=PLANE('',#4020);
#4020=AXIS2_PLACEMENT_3D('',#388,#4021,#4022);
#4021=DIRECTION('',(0,1,-0));
#4022=DIRECTION('',(-0.6624631433869201,0,0.7490945091601733));
#4023=FACE_BOUND('',#4024,.T.);
#4024=EDGE_LOOP('',(#4025,#4026,#4027));
#4025=ORIENTED_EDGE('',*,*,#4028,.T.);
#4026=ORIENTED_EDGE('',*,*,#4029,.T.);
#4027=ORIENTED_EDGE('',*,*,#4030,.T.);
#4028=EDGE_CURVE('',#389,#385,#4031,.F.);
#4029=EDGE_CURVE('',#385,#109,#4032,.T.);
#4030=EDGE_CURVE('',#109,#389,#4033,.T.);
#4031=LINE('',#388,#4034);
#4032=LINE('',#384,#4035);
#4033=LINE('',#108,#4036);
#4034=VECTOR('',#4037,1.0);
#4035=VECTOR('',#4038,1.0);
#4036=VECTOR('',#4039,1.0);
#4037=DIRECTION('',(-0.6624631433869201,0,0.7490945091601733));
#4038=DIRECTION('',(0.7069419593837365,0,0.7072715645794644));
#4039=DIRECTION('',(-0.6915837427117764,0,-0.7222962874172699));
#4040=FACE_SURFACE('',(#4045),#4041,.T.);
#4041=PLANE('',#4042);
#4042=AXIS2_PLACEMENT_3D('',#390,#4043,#4044);
#4043=DIRECTION('',(0,1,-0));
#4044=DIRECTION('',(-0.5535284008098762,0,0.8328303005395884));
#4045=FACE_BOUND('',#4046,.T.);
#4046=EDGE_LOOP('',(#4047,#4048,#4049));
#4047=ORIENTED_EDGE('',*,*,#4050,.T.);
#4048=ORIENTED_EDGE('',*,*,#4051,.T.);
#4049=ORIENTED_EDGE('',*,*,#4052,.T.);
#4050=EDGE_CURVE('',#391,#389,#4053,.F.);
#4051=EDGE_CURVE('',#389,#109,#4054,.T.);
#4052=EDGE_CURVE('',#109,#391,#4055,.T.);
#4053=LINE('',#390,#4056);
#4054=LINE('',#388,#4057);
#4055=LINE('',#108,#4058);
#4056=VECTOR('',#4059,1.0);
#4057=VECTOR('',#4060,1.0);
#4058=VECTOR('',#4061,1.0);
#4059=DIRECTION('',(-0.5535284008098762,0,0.8328303005395884));
#4060=DIRECTION('',(0.6915837427117764,0,0.7222962874172699));
#4061=DIRECTION('',(-0.6762828639458776,0,-0.7366420351386158));
#4062=FACE_SURFACE('',(#4067),#4063,.T.);
#4063=PLANE('',#4064);
#4064=AXIS2_PLACEMENT_3D('',#392,#4065,#4066);
#4065=DIRECTION('',(0,-1,0));
#4066=DIRECTION('',(0.9999948284553297,0,-0.003216063213856177));
#4067=FACE_BOUND('',#4068,.T.);
#4068=EDGE_LOOP('',(#4069,#4070,#4071));
#4069=ORIENTED_EDGE('',*,*,#4072,.T.);
#4070=ORIENTED_EDGE('',*,*,#4073,.T.);
#4071=ORIENTED_EDGE('',*,*,#4074,.T.);
#4072=EDGE_CURVE('',#393,#149,#4075,.F.);
#4073=EDGE_CURVE('',#149,#395,#4076,.T.);
#4074=EDGE_CURVE('',#395,#393,#4077,.T.);
#4075=LINE('',#392,#4078);
#4076=LINE('',#148,#4079);
#4077=LINE('',#394,#4080);
#4078=VECTOR('',#4081,1.0);
#4079=VECTOR('',#4082,1.0);
#4080=VECTOR('',#4083,1.0);
#4081=DIRECTION('',(0.9999948284553297,0,-0.003216063213856177));
#4082=DIRECTION('',(-0.9999735444924299,0,0.007273947707132528));
#4083=DIRECTION('',(-0.947145432411413,0,-0.3208045041176908));
#4084=FACE_SURFACE('',(#4089),#4085,.T.);
#4085=PLANE('',#4086);
#4086=AXIS2_PLACEMENT_3D('',#148,#4087,#4088);
#4087=DIRECTION('',(0,-1,0));
#4088=DIRECTION('',(-0.9997956538203847,0,0.020215108257674468));
#4089=FACE_BOUND('',#4090,.T.);
#4090=EDGE_LOOP('',(#4091,#4092,#4093));
#4091=ORIENTED_EDGE('',*,*,#4094,.T.);
#4092=ORIENTED_EDGE('',*,*,#4095,.T.);
#4093=ORIENTED_EDGE('',*,*,#4096,.T.);
#4094=EDGE_CURVE('',#149,#373,#4097,.F.);
#4095=EDGE_CURVE('',#373,#397,#4098,.T.);
#4096=EDGE_CURVE('',#397,#149,#4099,.T.);
#4097=LINE('',#148,#4100);
#4098=LINE('',#372,#4101);
#4099=LINE('',#396,#4102);
#4100=VECTOR('',#4103,1.0);
#4101=VECTOR('',#4104,1.0);
#4102=VECTOR('',#4105,1.0);
#4103=DIRECTION('',(-0.9997956538203847,0,0.020215108257674468));
#4104=DIRECTION('',(-0.8328303005395884,0,-0.5535284008098762));
#4105=DIRECTION('',(0.999915885864494,0,-0.012970011404170843));
#4106=FACE_SURFACE('',(#4111),#4107,.T.);
#4107=PLANE('',#4108);
#4108=AXIS2_PLACEMENT_3D('',#330,#4109,#4110);
#4109=DIRECTION('',(0,-1,-0));
#4110=DIRECTION('',(-0.7939755493343476,0,-0.607949691223888));
#4111=FACE_BOUND('',#4112,.T.);
#4112=EDGE_LOOP('',(#4113,#4114,#4115));
#4113=ORIENTED_EDGE('',*,*,#4116,.T.);
#4114=ORIENTED_EDGE('',*,*,#4117,.T.);
#4115=ORIENTED_EDGE('',*,*,#4118,.T.);
#4116=EDGE_CURVE('',#331,#95,#4119,.F.);
#4117=EDGE_CURVE('',#95,#393,#4120,.T.);
#4118=EDGE_CURVE('',#393,#331,#4121,.T.);
#4119=LINE('',#330,#4122);
#4120=LINE('',#94,#4123);
#4121=LINE('',#392,#4124);
#4122=VECTOR('',#4125,1.0);
#4123=VECTOR('',#4126,1.0);
#4124=VECTOR('',#4127,1.0);
#4125=DIRECTION('',(-0.7939755493343476,0,-0.607949691223888));
#4126=DIRECTION('',(0.7996232522856197,0,0.6005020019984681));
#4127=DIRECTION('',(-0.9801886557104992,0,-0.19806614858790147));
#4128=FACE_SURFACE('',(#4133),#4129,.T.);
#4129=PLANE('',#4130);
#4130=AXIS2_PLACEMENT_3D('',#398,#4131,#4132);
#4131=DIRECTION('',(0.8317744883383313,-0,0.555113682545753));
#4132=DIRECTION('',(0.012869932075371612,0.9997312075775491,-0.01928412414165092));
#4133=FACE_BOUND('',#4134,.T.);
#4134=EDGE_LOOP('',(#4135,#4136,#4137));
#4135=ORIENTED_EDGE('',*,*,#4138,.T.);
#4136=ORIENTED_EDGE('',*,*,#4139,.T.);
#4137=ORIENTED_EDGE('',*,*,#4140,.T.);
#4138=EDGE_CURVE('',#399,#401,#4141,.F.);
#4139=EDGE_CURVE('',#401,#403,#4142,.T.);
#4140=EDGE_CURVE('',#403,#399,#4143,.T.);
#4141=LINE('',#398,#4144);
#4142=LINE('',#400,#4145);
#4143=LINE('',#402,#4146);
#4144=VECTOR('',#4147,1.0);
#4145=VECTOR('',#4148,1.0);
#4146=VECTOR('',#4149,1.0);
#4147=DIRECTION('',(0.012869932075371612,0.9997312075775491,-0.01928412414165092));
#4148=DIRECTION('',(-0.5551136825457531,0,0.8317744883383315));
#4149=DIRECTION('',(0,-1,0));
#4150=FACE_SURFACE('',(#4155),#4151,.T.);
#4151=PLANE('',#4152);
#4152=AXIS2_PLACEMENT_3D('',#398,#4153,#4154);
#4153=DIRECTION('',(0.8969291224726834,-0,0.4421743426075083));
#4154=DIRECTION('',(0,1,0));
#4155=FACE_BOUND('',#4156,.T.);
#4156=EDGE_LOOP('',(#4157,#4158,#4159));
#4157=ORIENTED_EDGE('',*,*,#4160,.T.);
#4158=ORIENTED_EDGE('',*,*,#4161,.T.);
#4159=ORIENTED_EDGE('',*,*,#4162,.T.);
#4160=EDGE_CURVE('',#399,#403,#4163,.F.);
#4161=EDGE_CURVE('',#403,#405,#4164,.T.);
#4162=EDGE_CURVE('',#405,#399,#4165,.T.);
#4163=LINE('',#398,#4166);
#4164=LINE('',#402,#4167);
#4165=LINE('',#404,#4168);
#4166=VECTOR('',#4169,1.0);
#4167=VECTOR('',#4170,1.0);
#4168=VECTOR('',#4171,1.0);
#4169=DIRECTION('',(0,1,0));
#4170=DIRECTION('',(-0.4421743426075084,0,0.8969291224726834));
#4171=DIRECTION('',(0.010245960032960322,-0.9997314986028556,-0.02078343100384414));
#4172=FACE_SURFACE('',(#4177),#4173,.T.);
#4173=PLANE('',#4174);
#4174=AXIS2_PLACEMENT_3D('',#406,#4175,#4176);
#4175=DIRECTION('',(-0,-1,0));
#4176=DIRECTION('',(-0.6614748071206689,0,0.7499673856539855));
#4177=FACE_BOUND('',#4178,.T.);
#4178=EDGE_LOOP('',(#4179,#4180,#4181));
#4179=ORIENTED_EDGE('',*,*,#4182,.T.);
#4180=ORIENTED_EDGE('',*,*,#4183,.T.);
#4181=ORIENTED_EDGE('',*,*,#4184,.T.);
#4182=EDGE_CURVE('',#407,#93,#4185,.F.);
#4183=EDGE_CURVE('',#93,#409,#4186,.T.);
#4184=EDGE_CURVE('',#409,#407,#4187,.T.);
#4185=LINE('',#406,#4188);
#4186=LINE('',#92,#4189);
#4187=LINE('',#408,#4190);
#4188=VECTOR('',#4191,1.0);
#4189=VECTOR('',#4192,1.0);
#4190=VECTOR('',#4193,1.0);
#4191=DIRECTION('',(-0.6614748071206689,0,0.7499673856539855));
#4192=DIRECTION('',(0.6451704680469181,0,-0.7640386555404907));
#4193=DIRECTION('',(0.5535284008098762,0,0.8328303005395884));
#4194=FACE_SURFACE('',(#4199),#4195,.T.);
#4195=PLANE('',#4196);
#4196=AXIS2_PLACEMENT_3D('',#108,#4197,#4198);
#4197=DIRECTION('',(0,1,0));
#4198=DIRECTION('',(0,0,-1));
#4199=FACE_BOUND('',#4200,.T.);
#4200=EDGE_LOOP('',(#4201,#4202,#4203));
#4201=ORIENTED_EDGE('',*,*,#4204,.T.);
#4202=ORIENTED_EDGE('',*,*,#4205,.T.);
#4203=ORIENTED_EDGE('',*,*,#4206,.T.);
#4204=EDGE_CURVE('',#109,#53,#4207,.F.);
#4205=EDGE_CURVE('',#53,#391,#4208,.T.);
#4206=EDGE_CURVE('',#391,#109,#4209,.T.);
#4207=LINE('',#108,#4210);
#4208=LINE('',#52,#4211);
#4209=LINE('',#390,#4212);
#4210=VECTOR('',#4213,1.0);
#4211=VECTOR('',#4214,1.0);
#4212=VECTOR('',#4215,1.0);
#4213=DIRECTION('',(0,0,-1));
#4214=DIRECTION('',(-0.9928106890814724,0,-0.11969517803809777));
#4215=DIRECTION('',(0.6762828639458776,0,0.7366420351386158));
#4216=FACE_SURFACE('',(#4221),#4217,.T.);
#4217=PLANE('',#4218);
#4218=AXIS2_PLACEMENT_3D('',#210,#4219,#4220);
#4219=DIRECTION('',(0,1,-0));
#4220=DIRECTION('',(-0.44313637568124387,0,0.8964542110716484));
#4221=FACE_BOUND('',#4222,.T.);
#4222=EDGE_LOOP('',(#4223,#4224,#4225));
#4223=ORIENTED_EDGE('',*,*,#4226,.T.);
#4224=ORIENTED_EDGE('',*,*,#4227,.T.);
#4225=ORIENTED_EDGE('',*,*,#4228,.T.);
#4226=EDGE_CURVE('',#211,#391,#4229,.F.);
#4227=EDGE_CURVE('',#391,#53,#4230,.T.);
#4228=EDGE_CURVE('',#53,#211,#4231,.T.);
#4229=LINE('',#210,#4232);
#4230=LINE('',#390,#4233);
#4231=LINE('',#52,#4234);
#4232=VECTOR('',#4235,1.0);
#4233=VECTOR('',#4236,1.0);
#4234=VECTOR('',#4237,1.0);
#4235=DIRECTION('',(-0.44313637568124387,0,0.8964542110716484));
#4236=DIRECTION('',(0.9928106890814724,0,0.11969517803809777));
#4237=DIRECTION('',(-0.9887778833242341,0,-0.14939309705889137));
#4238=FACE_SURFACE('',(#4243),#4239,.T.);
#4239=PLANE('',#4240);
#4240=AXIS2_PLACEMENT_3D('',#410,#4241,#4242);
#4241=DIRECTION('',(-0,-1,0));
#4242=DIRECTION('',(-0.6942707156365394,0,0.7197139524905207));
#4243=FACE_BOUND('',#4244,.T.);
#4244=EDGE_LOOP('',(#4245,#4246,#4247));
#4245=ORIENTED_EDGE('',*,*,#4248,.T.);
#4246=ORIENTED_EDGE('',*,*,#4249,.T.);
#4247=ORIENTED_EDGE('',*,*,#4250,.T.);
#4248=EDGE_CURVE('',#411,#93,#4251,.F.);
#4249=EDGE_CURVE('',#93,#413,#4252,.T.);
#4250=EDGE_CURVE('',#413,#411,#4253,.T.);
#4251=LINE('',#410,#4254);
#4252=LINE('',#92,#4255);
#4253=LINE('',#412,#4256);
#4254=VECTOR('',#4257,1.0);
#4255=VECTOR('',#4258,1.0);
#4256=VECTOR('',#4259,1.0);
#4257=DIRECTION('',(-0.6942707156365394,0,0.7197139524905207));
#4258=DIRECTION('',(0.6779860309213841,0,-0.7350747865866901));
#4259=DIRECTION('',(0.7490896858123527,0,0.6624685974516457));
#4260=FACE_SURFACE('',(#4265),#4261,.T.);
#4261=PLANE('',#4262);
#4262=AXIS2_PLACEMENT_3D('',#382,#4263,#4264);
#4263=DIRECTION('',(0,1,-0));
#4264=DIRECTION('',(-0.8328392308114582,0,0.5535149642253394));
#4265=FACE_BOUND('',#4266,.T.);
#4266=EDGE_LOOP('',(#4267,#4268,#4269));
#4267=ORIENTED_EDGE('',*,*,#4270,.T.);
#4268=ORIENTED_EDGE('',*,*,#4271,.T.);
#4269=ORIENTED_EDGE('',*,*,#4272,.T.);
#4270=EDGE_CURVE('',#383,#415,#4273,.F.);
#4271=EDGE_CURVE('',#415,#109,#4274,.T.);
#4272=EDGE_CURVE('',#109,#383,#4275,.T.);
#4273=LINE('',#382,#4276);
#4274=LINE('',#414,#4277);
#4275=LINE('',#108,#4278);
#4276=VECTOR('',#4279,1.0);
#4277=VECTOR('',#4280,1.0);
#4278=VECTOR('',#4281,1.0);
#4279=DIRECTION('',(-0.8328392308114582,0,0.5535149642253394));
#4280=DIRECTION('',(0.7363289336285376,0,0.6766237518011472));
#4281=DIRECTION('',(-0.7219745181057975,0,-0.6919196450498436));
#4282=FACE_SURFACE('',(#4287),#4283,.T.);
#4283=PLANE('',#4284);
#4284=AXIS2_PLACEMENT_3D('',#414,#4285,#4286);
#4285=DIRECTION('',(0,1,-0));
#4286=DIRECTION('',(-0.8964503517032765,0,0.4431441830048904));
#4287=FACE_BOUND('',#4288,.T.);
#4288=EDGE_LOOP('',(#4289,#4290,#4291));
#4289=ORIENTED_EDGE('',*,*,#4292,.T.);
#4290=ORIENTED_EDGE('',*,*,#4293,.T.);
#4291=ORIENTED_EDGE('',*,*,#4294,.T.);
#4292=EDGE_CURVE('',#415,#417,#4295,.F.);
#4293=EDGE_CURVE('',#417,#109,#4296,.T.);
#4294=EDGE_CURVE('',#109,#415,#4297,.T.);
#4295=LINE('',#414,#4298);
#4296=LINE('',#416,#4299);
#4297=LINE('',#108,#4300);
#4298=VECTOR('',#4301,1.0);
#4299=VECTOR('',#4302,1.0);
#4300=VECTOR('',#4303,1.0);
#4301=DIRECTION('',(-0.8964503517032765,0,0.4431441830048904));
#4302=DIRECTION('',(0.7496039240029048,0,0.6618866648599647));
#4303=DIRECTION('',(-0.7363289336285376,0,-0.6766237518011472));
#4304=FACE_SURFACE('',(#4309),#4305,.T.);
#4305=PLANE('',#4306);
#4306=AXIS2_PLACEMENT_3D('',#418,#4307,#4308);
#4307=DIRECTION('',(-0,1,0));
#4308=DIRECTION('',(0.77206464147985,0,0.6355440105740836));
#4309=FACE_BOUND('',#4310,.T.);
#4310=EDGE_LOOP('',(#4311,#4312,#4313));
#4311=ORIENTED_EDGE('',*,*,#4314,.T.);
#4312=ORIENTED_EDGE('',*,*,#4315,.T.);
#4313=ORIENTED_EDGE('',*,*,#4316,.T.);
#4314=EDGE_CURVE('',#419,#109,#4317,.F.);
#4315=EDGE_CURVE('',#109,#421,#4318,.T.);
#4316=EDGE_CURVE('',#421,#419,#4319,.T.);
#4317=LINE('',#418,#4320);
#4318=LINE('',#108,#4321);
#4319=LINE('',#420,#4322);
#4320=VECTOR('',#4323,1.0);
#4321=VECTOR('',#4324,1.0);
#4322=VECTOR('',#4325,1.0);
#4323=DIRECTION('',(0.77206464147985,0,0.6355440105740836));
#4324=DIRECTION('',(-0.7615585190396628,0,-0.6480961518772624));
#4325=DIRECTION('',(-0.9801867750519246,0,0.19807545535302362));
#4326=FACE_SURFACE('',(#4331),#4327,.T.);
#4327=PLANE('',#4328);
#4328=AXIS2_PLACEMENT_3D('',#416,#4329,#4330);
#4329=DIRECTION('',(0,1,-0));
#4330=DIRECTION('',(-0.947145432411413,0,0.3208045041176908));
#4331=FACE_BOUND('',#4332,.T.);
#4332=EDGE_LOOP('',(#4333,#4334,#4335));
#4333=ORIENTED_EDGE('',*,*,#4336,.T.);
#4334=ORIENTED_EDGE('',*,*,#4337,.T.);
#4335=ORIENTED_EDGE('',*,*,#4338,.T.);
#4336=EDGE_CURVE('',#417,#421,#4339,.F.);
#4337=EDGE_CURVE('',#421,#109,#4340,.T.);
#4338=EDGE_CURVE('',#109,#417,#4341,.T.);
#4339=LINE('',#416,#4342);
#4340=LINE('',#420,#4343);
#4341=LINE('',#108,#4344);
#4342=VECTOR('',#4345,1.0);
#4343=VECTOR('',#4346,1.0);
#4344=VECTOR('',#4347,1.0);
#4345=DIRECTION('',(-0.947145432411413,0,0.3208045041176908));
#4346=DIRECTION('',(0.7615585190396628,0,0.6480961518772624));
#4347=DIRECTION('',(-0.7496039240029048,0,-0.6618866648599647));
#4348=FACE_SURFACE('',(#4353),#4349,.T.);
#4349=PLANE('',#4350);
#4350=AXIS2_PLACEMENT_3D('',#108,#4351,#4352);
#4351=DIRECTION('',(0,1,0));
#4352=DIRECTION('',(-0.77206464147985,0,-0.6355440105740836));
#4353=FACE_BOUND('',#4354,.T.);
#4354=EDGE_LOOP('',(#4355,#4356,#4357));
#4355=ORIENTED_EDGE('',*,*,#4358,.T.);
#4356=ORIENTED_EDGE('',*,*,#4359,.T.);
#4357=ORIENTED_EDGE('',*,*,#4360,.T.);
#4358=EDGE_CURVE('',#109,#419,#4361,.F.);
#4359=EDGE_CURVE('',#419,#423,#4362,.T.);
#4360=EDGE_CURVE('',#423,#109,#4363,.T.);
#4361=LINE('',#108,#4364);
#4362=LINE('',#418,#4365);
#4363=LINE('',#422,#4366);
#4364=VECTOR('',#4367,1.0);
#4365=VECTOR('',#4368,1.0);
#4366=VECTOR('',#4369,1.0);
#4367=DIRECTION('',(-0.77206464147985,0,-0.6355440105740836));
#4368=DIRECTION('',(-0.9978087256428781,0,0.06616454511999388));
#4369=DIRECTION('',(0.7808992005522979,0,0.6246570567733803));
#4370=FACE_SURFACE('',(#4375),#4371,.T.);
#4371=PLANE('',#4372);
#4372=AXIS2_PLACEMENT_3D('',#320,#4373,#4374);
#4373=DIRECTION('',(0,1,-0));
#4374=DIRECTION('',(-0.7494842757978325,0,0.6620221448953191));
#4375=FACE_BOUND('',#4376,.T.);
#4376=EDGE_LOOP('',(#4377,#4378,#4379));
#4377=ORIENTED_EDGE('',*,*,#4380,.T.);
#4378=ORIENTED_EDGE('',*,*,#4381,.T.);
#4379=ORIENTED_EDGE('',*,*,#4382,.T.);
#4380=EDGE_CURVE('',#321,#89,#4383,.F.);
#4381=EDGE_CURVE('',#89,#423,#4384,.T.);
#4382=EDGE_CURVE('',#423,#321,#4385,.T.);
#4383=LINE('',#320,#4386);
#4384=LINE('',#88,#4387);
#4385=LINE('',#422,#4388);
#4386=VECTOR('',#4389,1.0);
#4387=VECTOR('',#4390,1.0);
#4388=VECTOR('',#4391,1.0);
#4389=DIRECTION('',(-0.7494842757978325,0,0.6620221448953191));
#4390=DIRECTION('',(0.7594173086523333,0,-0.6506038359241718));
#4391=DIRECTION('',(-0.9978087256428781,0,-0.06616454511999388));
#4392=FACE_SURFACE('',(#4397),#4393,.T.);
#4393=PLANE('',#4394);
#4394=AXIS2_PLACEMENT_3D('',#108,#4395,#4396);
#4395=DIRECTION('',(0,1,0));
#4396=DIRECTION('',(-0.7808992005522979,0,-0.6246570567733803));
#4397=FACE_BOUND('',#4398,.T.);
#4398=EDGE_LOOP('',(#4399,#4400,#4401));
#4399=ORIENTED_EDGE('',*,*,#4402,.T.);
#4400=ORIENTED_EDGE('',*,*,#4403,.T.);
#4401=ORIENTED_EDGE('',*,*,#4404,.T.);
#4402=EDGE_CURVE('',#109,#423,#4405,.F.);
#4403=EDGE_CURVE('',#423,#89,#4406,.T.);
#4404=EDGE_CURVE('',#89,#109,#4407,.T.);
#4405=LINE('',#108,#4408);
#4406=LINE('',#422,#4409);
#4407=LINE('',#88,#4410);
#4408=VECTOR('',#4411,1.0);
#4409=VECTOR('',#4412,1.0);
#4410=VECTOR('',#4413,1.0);
#4411=DIRECTION('',(-0.7808992005522979,0,-0.6246570567733803));
#4412=DIRECTION('',(-0.7594173086523333,0,0.6506038359241718));
#4413=DIRECTION('',(1,0,0));
#4414=FACE_SURFACE('',(#4419),#4415,.T.);
#4415=PLANE('',#4416);
#4416=AXIS2_PLACEMENT_3D('',#424,#4417,#4418);
#4417=DIRECTION('',(0,-1,0));
#4418=DIRECTION('',(0.44313637568124387,0,0.8964542110716484));
#4419=FACE_BOUND('',#4420,.T.);
#4420=EDGE_LOOP('',(#4421,#4422,#4423));
#4421=ORIENTED_EDGE('',*,*,#4424,.T.);
#4422=ORIENTED_EDGE('',*,*,#4425,.T.);
#4423=ORIENTED_EDGE('',*,*,#4426,.T.);
#4424=EDGE_CURVE('',#425,#409,#4427,.F.);
#4425=EDGE_CURVE('',#409,#93,#4428,.T.);
#4426=EDGE_CURVE('',#93,#425,#4429,.T.);
#4427=LINE('',#424,#4430);
#4428=LINE('',#408,#4431);
#4429=LINE('',#92,#4432);
#4430=VECTOR('',#4433,1.0);
#4431=VECTOR('',#4434,1.0);
#4432=VECTOR('',#4435,1.0);
#4433=DIRECTION('',(0.44313637568124387,0,0.8964542110716484));
#4434=DIRECTION('',(-0.6451704680469181,0,0.7640386555404907));
#4435=DIRECTION('',(0.6296080262229756,0,-0.7769129509253972));
#4436=FACE_SURFACE('',(#4441),#4437,.T.);
#4437=PLANE('',#4438);
#4438=AXIS2_PLACEMENT_3D('',#426,#4439,#4440);
#4439=DIRECTION('',(-0,-1,0));
#4440=DIRECTION('',(-0.7245346983632834,0,0.6892383266096175));
#4441=FACE_BOUND('',#4442,.T.);
#4442=EDGE_LOOP('',(#4443,#4444,#4445));
#4443=ORIENTED_EDGE('',*,*,#4446,.T.);
#4444=ORIENTED_EDGE('',*,*,#4447,.T.);
#4445=ORIENTED_EDGE('',*,*,#4448,.T.);
#4446=EDGE_CURVE('',#427,#93,#4449,.F.);
#4447=EDGE_CURVE('',#93,#429,#4450,.T.);
#4448=EDGE_CURVE('',#429,#427,#4451,.T.);
#4449=LINE('',#426,#4452);
#4450=LINE('',#92,#4453);
#4451=LINE('',#428,#4454);
#4452=VECTOR('',#4455,1.0);
#4453=VECTOR('',#4456,1.0);
#4454=VECTOR('',#4457,1.0);
#4455=DIRECTION('',(-0.7245346983632834,0,0.6892383266096175));
#4456=DIRECTION('',(0.7099412530761916,0,-0.7042609013573073));
#4457=DIRECTION('',(0.8964503517032765,0,0.4431441830048904));
#4458=FACE_SURFACE('',(#4463),#4459,.T.);
#4459=PLANE('',#4460);
#4460=AXIS2_PLACEMENT_3D('',#92,#4461,#4462);
#4461=DIRECTION('',(0,-1,0));
#4462=DIRECTION('',(0.6614748071206689,0,-0.7499673856539855));
#4463=FACE_BOUND('',#4464,.T.);
#4464=EDGE_LOOP('',(#4465,#4466,#4467));
#4465=ORIENTED_EDGE('',*,*,#4468,.T.);
#4466=ORIENTED_EDGE('',*,*,#4469,.T.);
#4467=ORIENTED_EDGE('',*,*,#4470,.T.);
#4468=EDGE_CURVE('',#93,#407,#4471,.F.);
#4469=EDGE_CURVE('',#407,#413,#4472,.T.);
#4470=EDGE_CURVE('',#413,#93,#4473,.T.);
#4471=LINE('',#92,#4474);
#4472=LINE('',#406,#4475);
#4473=LINE('',#412,#4476);
#4474=VECTOR('',#4477,1.0);
#4475=VECTOR('',#4478,1.0);
#4476=VECTOR('',#4479,1.0);
#4477=DIRECTION('',(0.6614748071206689,0,-0.7499673856539855));
#4478=DIRECTION('',(0.6624631433869201,0,0.7490945091601733));
#4479=DIRECTION('',(-0.6779860309213841,0,0.7350747865866901));
#4480=FACE_SURFACE('',(#4485),#4481,.T.);
#4481=PLANE('',#4482);
#4482=AXIS2_PLACEMENT_3D('',#430,#4483,#4484);
#4483=DIRECTION('',(0.9809929779342055,-0,0.19404323550121394));
#4484=DIRECTION('',(0.004498240342332914,0.9997312696859166,-0.022741025614682348));
#4485=FACE_BOUND('',#4486,.T.);
#4486=EDGE_LOOP('',(#4487,#4488,#4489));
#4487=ORIENTED_EDGE('',*,*,#4490,.T.);
#4488=ORIENTED_EDGE('',*,*,#4491,.T.);
#4489=ORIENTED_EDGE('',*,*,#4492,.T.);
#4490=EDGE_CURVE('',#431,#433,#4493,.F.);
#4491=EDGE_CURVE('',#433,#435,#4494,.T.);
#4492=EDGE_CURVE('',#435,#431,#4495,.T.);
#4493=LINE('',#430,#4496);
#4494=LINE('',#432,#4497);
#4495=LINE('',#434,#4498);
#4496=VECTOR('',#4499,1.0);
#4497=VECTOR('',#4500,1.0);
#4498=VECTOR('',#4501,1.0);
#4499=DIRECTION('',(0.004498240342332914,0.9997312696859166,-0.022741025614682348));
#4500=DIRECTION('',(-0.1940432355012139,0,0.9809929779342055));
#4501=DIRECTION('',(0,-1,0));
#4502=FACE_SURFACE('',(#4507),#4503,.T.);
#4503=PLANE('',#4504);
#4504=AXIS2_PLACEMENT_3D('',#436,#4505,#4506);
#4505=DIRECTION('',(0.9977851957884243,0,0.06651844154409839));
#4506=DIRECTION('',(0.001541047969466543,-0.9997316037314329,-0.023115918146009988));
#4507=FACE_BOUND('',#4508,.T.);
#4508=EDGE_LOOP('',(#4509,#4510,#4511));
#4509=ORIENTED_EDGE('',*,*,#4512,.T.);
#4510=ORIENTED_EDGE('',*,*,#4513,.T.);
#4511=ORIENTED_EDGE('',*,*,#4514,.T.);
#4512=EDGE_CURVE('',#437,#431,#4515,.F.);
#4513=EDGE_CURVE('',#431,#435,#4516,.T.);
#4514=EDGE_CURVE('',#435,#437,#4517,.T.);
#4515=LINE('',#436,#4518);
#4516=LINE('',#430,#4519);
#4517=LINE('',#434,#4520);
#4518=VECTOR('',#4521,1.0);
#4519=VECTOR('',#4522,1.0);
#4520=VECTOR('',#4523,1.0);
#4521=DIRECTION('',(0.001541047969466543,-0.9997316037314329,-0.023115918146009988));
#4522=DIRECTION('',(0,1,0));
#4523=DIRECTION('',(-0.06651844154409839,0,0.9977851957884244));
#4524=FACE_SURFACE('',(#4529),#4525,.T.);
#4525=PLANE('',#4526);
#4526=AXIS2_PLACEMENT_3D('',#438,#4527,#4528);
#4527=DIRECTION('',(0,-1,0));
#4528=DIRECTION('',(0.9978087256428781,0,0.06616454511999388));
#4529=FACE_BOUND('',#4530,.T.);
#4530=EDGE_LOOP('',(#4531,#4532,#4533));
#4531=ORIENTED_EDGE('',*,*,#4534,.T.);
#4532=ORIENTED_EDGE('',*,*,#4535,.T.);
#4533=ORIENTED_EDGE('',*,*,#4536,.T.);
#4534=EDGE_CURVE('',#439,#441,#4537,.F.);
#4535=EDGE_CURVE('',#441,#93,#4538,.T.);
#4536=EDGE_CURVE('',#93,#439,#4539,.T.);
#4537=LINE('',#438,#4540);
#4538=LINE('',#440,#4541);
#4539=LINE('',#92,#4542);
#4540=VECTOR('',#4543,1.0);
#4541=VECTOR('',#4544,1.0);
#4542=VECTOR('',#4545,1.0);
#4543=DIRECTION('',(0.9978087256428781,0,0.06616454511999388));
#4544=DIRECTION('',(-0.7594173086523333,0,0.6506038359241718));
#4545=DIRECTION('',(0.7494842757978325,0,-0.6620221448953191));
#4546=FACE_SURFACE('',(#4551),#4547,.T.);
#4547=PLANE('',#4548);
#4548=AXIS2_PLACEMENT_3D('',#60,#4549,#4550);
#4549=DIRECTION('',(0,1,0));
#4550=DIRECTION('',(0.8795428199650942,0,-0.4758197430202429));
#4551=FACE_BOUND('',#4552,.T.);
#4552=EDGE_LOOP('',(#4553,#4554,#4555));
#4553=ORIENTED_EDGE('',*,*,#4556,.T.);
#4554=ORIENTED_EDGE('',*,*,#4557,.T.);
#4555=ORIENTED_EDGE('',*,*,#4558,.T.);
#4556=EDGE_CURVE('',#61,#59,#4559,.F.);
#4557=EDGE_CURVE('',#59,#187,#4560,.T.);
#4558=EDGE_CURVE('',#187,#61,#4561,.T.);
#4559=LINE('',#60,#4562);
#4560=LINE('',#58,#4563);
#4561=LINE('',#186,#4564);
#4562=VECTOR('',#4565,1.0);
#4563=VECTOR('',#4566,1.0);
#4564=VECTOR('',#4567,1.0);
#4565=DIRECTION('',(0.8795428199650942,0,-0.4758197430202429));
#4566=DIRECTION('',(-0.8879871121061323,0,0.4598683384767985));
#4567=DIRECTION('',(0.5535284008098762,0,0.8328303005395884));
#4568=FACE_SURFACE('',(#4573),#4569,.T.);
#4569=PLANE('',#4570);
#4570=AXIS2_PLACEMENT_3D('',#80,#4571,#4572);
#4571=DIRECTION('',(-0,1,0));
#4572=DIRECTION('',(0.3208045041176908,0,0.947145432411413));
#4573=FACE_BOUND('',#4574,.T.);
#4574=EDGE_LOOP('',(#4575,#4576,#4577));
#4575=ORIENTED_EDGE('',*,*,#4578,.T.);
#4576=ORIENTED_EDGE('',*,*,#4579,.T.);
#4577=ORIENTED_EDGE('',*,*,#4580,.T.);
#4578=EDGE_CURVE('',#81,#443,#4581,.F.);
#4579=EDGE_CURVE('',#443,#79,#4582,.T.);
#4580=EDGE_CURVE('',#79,#81,#4583,.T.);
#4581=LINE('',#80,#4584);
#4582=LINE('',#442,#4585);
#4583=LINE('',#78,#4586);
#4584=VECTOR('',#4587,1.0);
#4585=VECTOR('',#4588,1.0);
#4586=VECTOR('',#4589,1.0);
#4587=DIRECTION('',(0.3208045041176908,0,0.947145432411413));
#4588=DIRECTION('',(0.9579708217301529,0,-0.28686565621150206));
#4589=DIRECTION('',(-0.9630013455076911,0,0.26949658355974837));
#4590=FACE_SURFACE('',(#4595),#4591,.T.);
#4591=PLANE('',#4592);
#4592=AXIS2_PLACEMENT_3D('',#442,#4593,#4594);
#4593=DIRECTION('',(-0,1,0));
#4594=DIRECTION('',(0.19806614858790147,0,0.9801886557104992));
#4595=FACE_BOUND('',#4596,.T.);
#4596=EDGE_LOOP('',(#4597,#4598,#4599));
#4597=ORIENTED_EDGE('',*,*,#4600,.T.);
#4598=ORIENTED_EDGE('',*,*,#4601,.T.);
#4599=ORIENTED_EDGE('',*,*,#4602,.T.);
#4600=EDGE_CURVE('',#443,#445,#4603,.F.);
#4601=EDGE_CURVE('',#445,#79,#4604,.T.);
#4602=EDGE_CURVE('',#79,#443,#4605,.T.);
#4603=LINE('',#442,#4606);
#4604=LINE('',#444,#4607);
#4605=LINE('',#78,#4608);
#4606=VECTOR('',#4609,1.0);
#4607=VECTOR('',#4610,1.0);
#4608=VECTOR('',#4611,1.0);
#4609=DIRECTION('',(0.19806614858790147,0,0.9801886557104992));
#4610=DIRECTION('',(0.9526376346019653,0,-0.3041077722452561));
#4611=DIRECTION('',(-0.9579708217301529,0,0.28686565621150206));
#4612=FACE_SURFACE('',(#4617),#4613,.T.);
#4613=PLANE('',#4614);
#4614=AXIS2_PLACEMENT_3D('',#52,#4615,#4616);
#4615=DIRECTION('',(0,1,0));
#4616=DIRECTION('',(0.6559131505527956,0,-0.7548363656660333));
#4617=FACE_BOUND('',#4618,.T.);
#4618=EDGE_LOOP('',(#4619,#4620,#4621));
#4619=ORIENTED_EDGE('',*,*,#4622,.T.);
#4620=ORIENTED_EDGE('',*,*,#4623,.T.);
#4621=ORIENTED_EDGE('',*,*,#4624,.T.);
#4622=EDGE_CURVE('',#53,#79,#4625,.F.);
#4623=EDGE_CURVE('',#79,#445,#4626,.T.);
#4624=EDGE_CURVE('',#445,#53,#4627,.T.);
#4625=LINE('',#52,#4628);
#4626=LINE('',#78,#4629);
#4627=LINE('',#444,#4630);
#4628=VECTOR('',#4631,1.0);
#4629=VECTOR('',#4632,1.0);
#4630=VECTOR('',#4633,1.0);
#4631=DIRECTION('',(0.6559131505527956,0,-0.7548363656660333));
#4632=DIRECTION('',(-0.9526376346019653,0,0.3041077722452561));
#4633=DIRECTION('',(0.9624614714532771,0,0.2714183412520105));
#4634=FACE_SURFACE('',(#4639),#4635,.T.);
#4635=PLANE('',#4636);
#4636=AXIS2_PLACEMENT_3D('',#444,#4637,#4638);
#4637=DIRECTION('',(0,1,0));
#4638=DIRECTION('',(0.06111559296346774,0,0.9981306949977663));
#4639=FACE_BOUND('',#4640,.T.);
#4640=EDGE_LOOP('',(#4641,#4642,#4643));
#4641=ORIENTED_EDGE('',*,*,#4644,.T.);
#4642=ORIENTED_EDGE('',*,*,#4645,.T.);
#4643=ORIENTED_EDGE('',*,*,#4646,.T.);
#4644=EDGE_CURVE('',#445,#447,#4647,.F.);
#4645=EDGE_CURVE('',#447,#53,#4648,.T.);
#4646=EDGE_CURVE('',#53,#445,#4649,.T.);
#4647=LINE('',#444,#4650);
#4648=LINE('',#446,#4651);
#4649=LINE('',#52,#4652);
#4650=VECTOR('',#4653,1.0);
#4651=VECTOR('',#4654,1.0);
#4652=VECTOR('',#4655,1.0);
#4653=DIRECTION('',(0.06111559296346774,0,0.9981306949977663));
#4654=DIRECTION('',(0.9701709996880018,0,0.2424215983867428));
#4655=DIRECTION('',(-0.9624614714532771,0,-0.2714183412520105));
#4656=FACE_SURFACE('',(#4661),#4657,.T.);
#4657=PLANE('',#4658);
#4658=AXIS2_PLACEMENT_3D('',#446,#4659,#4660);
#4659=DIRECTION('',(0,1,-0));
#4660=DIRECTION('',(-0.06111559296346774,0,0.9981306949977663));
#4661=FACE_BOUND('',#4662,.T.);
#4662=EDGE_LOOP('',(#4663,#4664,#4665));
#4663=ORIENTED_EDGE('',*,*,#4666,.T.);
#4664=ORIENTED_EDGE('',*,*,#4667,.T.);
#4665=ORIENTED_EDGE('',*,*,#4668,.T.);
#4666=EDGE_CURVE('',#447,#449,#4669,.F.);
#4667=EDGE_CURVE('',#449,#53,#4670,.T.);
#4668=EDGE_CURVE('',#53,#447,#4671,.T.);
#4669=LINE('',#446,#4672);
#4670=LINE('',#448,#4673);
#4671=LINE('',#52,#4674);
#4672=VECTOR('',#4675,1.0);
#4673=VECTOR('',#4676,1.0);
#4674=VECTOR('',#4677,1.0);
#4675=DIRECTION('',(-0.06111559296346774,0,0.9981306949977663));
#4676=DIRECTION('',(0.977306797350699,0,0.21182876068211245));
#4677=DIRECTION('',(-0.9701709996880018,0,-0.2424215983867428));
#4678=FACE_SURFACE('',(#4683),#4679,.T.);
#4679=PLANE('',#4680);
#4680=AXIS2_PLACEMENT_3D('',#448,#4681,#4682);
#4681=DIRECTION('',(0,1,-0));
#4682=DIRECTION('',(-0.19806614858790147,0,0.9801886557104992));
#4683=FACE_BOUND('',#4684,.T.);
#4684=EDGE_LOOP('',(#4685,#4686,#4687));
#4685=ORIENTED_EDGE('',*,*,#4688,.T.);
#4686=ORIENTED_EDGE('',*,*,#4689,.T.);
#4687=ORIENTED_EDGE('',*,*,#4690,.T.);
#4688=EDGE_CURVE('',#449,#209,#4691,.F.);
#4689=EDGE_CURVE('',#209,#53,#4692,.T.);
#4690=EDGE_CURVE('',#53,#449,#4693,.T.);
#4691=LINE('',#448,#4694);
#4692=LINE('',#208,#4695);
#4693=LINE('',#52,#4696);
#4694=VECTOR('',#4697,1.0);
#4695=VECTOR('',#4698,1.0);
#4696=VECTOR('',#4699,1.0);
#4697=DIRECTION('',(-0.19806614858790147,0,0.9801886557104992));
#4698=DIRECTION('',(0.9835901658350458,0,0.18041725436495024));
#4699=DIRECTION('',(-0.977306797350699,0,-0.21182876068211245));
#4700=FACE_SURFACE('',(#4705),#4701,.T.);
#4701=PLANE('',#4702);
#4702=AXIS2_PLACEMENT_3D('',#130,#4703,#4704);
#4703=DIRECTION('',(0,1,0));
#4704=DIRECTION('',(0.7490896858123527,0,-0.6624685974516457));
#4705=FACE_BOUND('',#4706,.T.);
#4706=EDGE_LOOP('',(#4707,#4708,#4709));
#4707=ORIENTED_EDGE('',*,*,#4710,.T.);
#4708=ORIENTED_EDGE('',*,*,#4711,.T.);
#4709=ORIENTED_EDGE('',*,*,#4712,.T.);
#4710=EDGE_CURVE('',#131,#129,#4713,.F.);
#4711=EDGE_CURVE('',#129,#127,#4714,.T.);
#4712=EDGE_CURVE('',#127,#131,#4715,.T.);
#4713=LINE('',#130,#4716);
#4714=LINE('',#128,#4717);
#4715=LINE('',#126,#4718);
#4716=VECTOR('',#4719,1.0);
#4717=VECTOR('',#4720,1.0);
#4718=VECTOR('',#4721,1.0);
#4719=DIRECTION('',(0.7490896858123527,0,-0.6624685974516457));
#4720=DIRECTION('',(-0.8845929699863525,0,-0.4663638895226819));
#4721=DIRECTION('',(0.7079100335279943,0,0.7063026153359437));
#4722=FACE_SURFACE('',(#4727),#4723,.T.);
#4723=PLANE('',#4724);
#4724=AXIS2_PLACEMENT_3D('',#380,#4725,#4726);
#4725=DIRECTION('',(0,1,0));
#4726=DIRECTION('',(0.032593379822797156,0,-0.9994686946531777));
#4727=FACE_BOUND('',#4728,.T.);
#4728=EDGE_LOOP('',(#4729,#4730,#4731));
#4729=ORIENTED_EDGE('',*,*,#4732,.T.);
#4730=ORIENTED_EDGE('',*,*,#4733,.T.);
#4731=ORIENTED_EDGE('',*,*,#4734,.T.);
#4732=EDGE_CURVE('',#381,#327,#4735,.F.);
#4733=EDGE_CURVE('',#327,#125,#4736,.T.);
#4734=EDGE_CURVE('',#125,#381,#4737,.T.);
#4735=LINE('',#380,#4738);
#4736=LINE('',#326,#4739);
#4737=LINE('',#124,#4740);
#4738=VECTOR('',#4741,1.0);
#4739=VECTOR('',#4742,1.0);
#4740=VECTOR('',#4743,1.0);
#4741=DIRECTION('',(0.032593379822797156,0,-0.9994686946531777));
#4742=DIRECTION('',(-0.04734629933064102,0,0.9988785351281172));
#4743=DIRECTION('',(0.8964503517032765,0,-0.4431441830048904));
#4744=FACE_SURFACE('',(#4749),#4745,.T.);
#4745=PLANE('',#4746);
#4746=AXIS2_PLACEMENT_3D('',#356,#4747,#4748);
#4747=DIRECTION('',(-0,1,0));
#4748=DIRECTION('',(0.9801867750519246,0,0.19807545535302362));
#4749=FACE_BOUND('',#4750,.T.);
#4750=EDGE_LOOP('',(#4751,#4752,#4753));
#4751=ORIENTED_EDGE('',*,*,#4754,.T.);
#4752=ORIENTED_EDGE('',*,*,#4755,.T.);
#4753=ORIENTED_EDGE('',*,*,#4756,.T.);
#4754=EDGE_CURVE('',#357,#115,#4757,.F.);
#4755=EDGE_CURVE('',#115,#113,#4758,.T.);
#4756=EDGE_CURVE('',#113,#357,#4759,.T.);
#4757=LINE('',#356,#4760);
#4758=LINE('',#114,#4761);
#4759=LINE('',#112,#4762);
#4760=VECTOR('',#4763,1.0);
#4761=VECTOR('',#4764,1.0);
#4762=VECTOR('',#4765,1.0);
#4763=DIRECTION('',(0.9801867750519246,0,0.19807545535302362));
#4764=DIRECTION('',(0,0,-1));
#4765=DIRECTION('',(-0.01669469048234111,0,0.9998606339434006));
#4766=FACE_SURFACE('',(#4771),#4767,.T.);
#4767=PLANE('',#4768);
#4768=AXIS2_PLACEMENT_3D('',#202,#4769,#4770);
#4769=DIRECTION('',(0,1,0));
#4770=DIRECTION('',(-0.8328303005395884,0,0.5535284008098762));
#4771=FACE_BOUND('',#4772,.T.);
#4772=EDGE_LOOP('',(#4773,#4774,#4775));
#4773=ORIENTED_EDGE('',*,*,#4776,.T.);
#4774=ORIENTED_EDGE('',*,*,#4777,.T.);
#4775=ORIENTED_EDGE('',*,*,#4778,.T.);
#4776=EDGE_CURVE('',#203,#117,#4779,.F.);
#4777=EDGE_CURVE('',#117,#115,#4780,.T.);
#4778=EDGE_CURVE('',#115,#203,#4781,.T.);
#4779=LINE('',#202,#4782);
#4780=LINE('',#116,#4783);
#4781=LINE('',#114,#4784);
#4782=VECTOR('',#4785,1.0);
#4783=VECTOR('',#4786,1.0);
#4784=VECTOR('',#4787,1.0);
#4785=DIRECTION('',(-0.8328303005395884,0,0.5535284008098762));
#4786=DIRECTION('',(-0.03079909791794197,0,0.9995255952537888));
#4787=DIRECTION('',(0.044318473536599866,0,-0.9990174537531292));
#4788=FACE_SURFACE('',(#4793),#4789,.T.);
#4789=PLANE('',#4790);
#4790=AXIS2_PLACEMENT_3D('',#88,#4791,#4792);
#4791=DIRECTION('',(0,1,0));
#4792=DIRECTION('',(0.7099412530761916,0,-0.7042609013573073));
#4793=FACE_BOUND('',#4794,.T.);
#4794=EDGE_LOOP('',(#4795,#4796,#4797));
#4795=ORIENTED_EDGE('',*,*,#4798,.T.);
#4796=ORIENTED_EDGE('',*,*,#4799,.T.);
#4797=ORIENTED_EDGE('',*,*,#4800,.T.);
#4798=EDGE_CURVE('',#89,#313,#4801,.F.);
#4799=EDGE_CURVE('',#313,#451,#4802,.T.);
#4800=EDGE_CURVE('',#451,#89,#4803,.T.);
#4801=LINE('',#88,#4804);
#4802=LINE('',#312,#4805);
#4803=LINE('',#450,#4806);
#4804=VECTOR('',#4807,1.0);
#4805=VECTOR('',#4808,1.0);
#4806=VECTOR('',#4809,1.0);
#4807=DIRECTION('',(0.7099412530761916,0,-0.7042609013573073));
#4808=DIRECTION('',(-0.8328392308114582,0,-0.5535149642253394));
#4809=DIRECTION('',(-0.6942707156365394,0,0.7197139524905207));
#4810=FACE_SURFACE('',(#4815),#4811,.T.);
#4811=PLANE('',#4812);
#4812=AXIS2_PLACEMENT_3D('',#88,#4813,#4814);
#4813=DIRECTION('',(0,1,0));
#4814=DIRECTION('',(0.6942707156365394,0,-0.7197139524905207));
#4815=FACE_BOUND('',#4816,.T.);
#4816=EDGE_LOOP('',(#4817,#4818,#4819));
#4817=ORIENTED_EDGE('',*,*,#4820,.T.);
#4818=ORIENTED_EDGE('',*,*,#4821,.T.);
#4819=ORIENTED_EDGE('',*,*,#4822,.T.);
#4820=EDGE_CURVE('',#89,#451,#4823,.F.);
#4821=EDGE_CURVE('',#451,#309,#4824,.T.);
#4822=EDGE_CURVE('',#309,#89,#4825,.T.);
#4823=LINE('',#88,#4826);
#4824=LINE('',#450,#4827);
#4825=LINE('',#308,#4828);
#4826=VECTOR('',#4829,1.0);
#4827=VECTOR('',#4830,1.0);
#4828=VECTOR('',#4831,1.0);
#4829=DIRECTION('',(0.6942707156365394,0,-0.7197139524905207));
#4830=DIRECTION('',(-0.7490896858123527,0,-0.6624685974516457));
#4831=DIRECTION('',(-0.6779860309213841,0,0.7350747865866901));
#4832=FACE_SURFACE('',(#4837),#4833,.T.);
#4833=PLANE('',#4834);
#4834=AXIS2_PLACEMENT_3D('',#300,#4835,#4836);
#4835=DIRECTION('',(0,1,0));
#4836=DIRECTION('',(-0.44313637568124387,0,-0.8964542110716484));
#4837=FACE_BOUND('',#4838,.T.);
#4838=EDGE_LOOP('',(#4839,#4840,#4841));
#4839=ORIENTED_EDGE('',*,*,#4842,.T.);
#4840=ORIENTED_EDGE('',*,*,#4843,.T.);
#4841=ORIENTED_EDGE('',*,*,#4844,.T.);
#4842=EDGE_CURVE('',#301,#453,#4845,.F.);
#4843=EDGE_CURVE('',#453,#89,#4846,.T.);
#4844=EDGE_CURVE('',#89,#301,#4847,.T.);
#4845=LINE('',#300,#4848);
#4846=LINE('',#452,#4849);
#4847=LINE('',#88,#4850);
#4848=VECTOR('',#4851,1.0);
#4849=VECTOR('',#4852,1.0);
#4850=VECTOR('',#4853,1.0);
#4851=DIRECTION('',(-0.44313637568124387,0,-0.8964542110716484));
#4852=DIRECTION('',(-0.6296080262229756,0,0.7769129509253972));
#4853=DIRECTION('',(0.6451704680469181,0,-0.7640386555404907));
#4854=FACE_SURFACE('',(#4859),#4855,.T.);
#4855=PLANE('',#4856);
#4856=AXIS2_PLACEMENT_3D('',#452,#4857,#4858);
#4857=DIRECTION('',(0,1,0));
#4858=DIRECTION('',(-0.3208045041176908,0,-0.947145432411413));
#4859=FACE_BOUND('',#4860,.T.);
#4860=EDGE_LOOP('',(#4861,#4862,#4863));
#4861=ORIENTED_EDGE('',*,*,#4864,.T.);
#4862=ORIENTED_EDGE('',*,*,#4865,.T.);
#4863=ORIENTED_EDGE('',*,*,#4866,.T.);
#4864=EDGE_CURVE('',#453,#455,#4867,.F.);
#4865=EDGE_CURVE('',#455,#89,#4868,.T.);
#4866=EDGE_CURVE('',#89,#453,#4869,.T.);
#4867=LINE('',#452,#4870);
#4868=LINE('',#454,#4871);
#4869=LINE('',#88,#4872);
#4870=VECTOR('',#4873,1.0);
#4871=VECTOR('',#4874,1.0);
#4872=VECTOR('',#4875,1.0);
#4873=DIRECTION('',(-0.3208045041176908,0,-0.947145432411413));
#4874=DIRECTION('',(-0.6151985768634928,0,0.7883721906721045));
#4875=DIRECTION('',(0.6296080262229756,0,-0.7769129509253972));
#4876=FACE_SURFACE('',(#4881),#4877,.T.);
#4877=PLANE('',#4878);
#4878=AXIS2_PLACEMENT_3D('',#88,#4879,#4880);
#4879=DIRECTION('',(0,1,0));
#4880=DIRECTION('',(0.6151985768634928,0,-0.7883721906721045));
#4881=FACE_BOUND('',#4882,.T.);
#4882=EDGE_LOOP('',(#4883,#4884,#4885));
#4883=ORIENTED_EDGE('',*,*,#4886,.T.);
#4884=ORIENTED_EDGE('',*,*,#4887,.T.);
#4885=ORIENTED_EDGE('',*,*,#4888,.T.);
#4886=EDGE_CURVE('',#89,#455,#4889,.F.);
#4887=EDGE_CURVE('',#455,#457,#4890,.T.);
#4888=EDGE_CURVE('',#457,#89,#4891,.T.);
#4889=LINE('',#88,#4892);
#4890=LINE('',#454,#4893);
#4891=LINE('',#456,#4894);
#4892=VECTOR('',#4895,1.0);
#4893=VECTOR('',#4896,1.0);
#4894=VECTOR('',#4897,1.0);
#4895=DIRECTION('',(0.6151985768634928,0,-0.7883721906721045));
#4896=DIRECTION('',(-0.19806614858790147,0,-0.9801886557104992));
#4897=DIRECTION('',(-0.6022360606299163,0,0.7983180614748483));
#4898=FACE_SURFACE('',(#4903),#4899,.T.);
#4899=PLANE('',#4900);
#4900=AXIS2_PLACEMENT_3D('',#88,#4901,#4902);
#4901=DIRECTION('',(0,1,0));
#4902=DIRECTION('',(0.6022360606299163,0,-0.7983180614748483));
#4903=FACE_BOUND('',#4904,.T.);
#4904=EDGE_LOOP('',(#4905,#4906,#4907));
#4905=ORIENTED_EDGE('',*,*,#4908,.T.);
#4906=ORIENTED_EDGE('',*,*,#4909,.T.);
#4907=ORIENTED_EDGE('',*,*,#4910,.T.);
#4908=EDGE_CURVE('',#89,#457,#4911,.F.);
#4909=EDGE_CURVE('',#457,#459,#4912,.T.);
#4910=EDGE_CURVE('',#459,#89,#4913,.T.);
#4911=LINE('',#88,#4914);
#4912=LINE('',#456,#4915);
#4913=LINE('',#458,#4916);
#4914=VECTOR('',#4917,1.0);
#4915=VECTOR('',#4918,1.0);
#4916=VECTOR('',#4919,1.0);
#4917=DIRECTION('',(0.6022360606299163,0,-0.7983180614748483));
#4918=DIRECTION('',(-0.06618388024370983,0,-0.9978074433456018));
#4919=DIRECTION('',(-0.5911538269293432,0,0.8065588341260619));
#4920=FACE_SURFACE('',(#4925),#4921,.T.);
#4921=PLANE('',#4922);
#4922=AXIS2_PLACEMENT_3D('',#458,#4923,#4924);
#4923=DIRECTION('',(0,1,0));
#4924=DIRECTION('',(0.06618388024370983,0,-0.9978074433456018));
#4925=FACE_BOUND('',#4926,.T.);
#4926=EDGE_LOOP('',(#4927,#4928,#4929));
#4927=ORIENTED_EDGE('',*,*,#4930,.T.);
#4928=ORIENTED_EDGE('',*,*,#4931,.T.);
#4929=ORIENTED_EDGE('',*,*,#4932,.T.);
#4930=EDGE_CURVE('',#459,#173,#4933,.F.);
#4931=EDGE_CURVE('',#173,#89,#4934,.T.);
#4932=EDGE_CURVE('',#89,#459,#4935,.T.);
#4933=LINE('',#458,#4936);
#4934=LINE('',#172,#4937);
#4935=LINE('',#88,#4938);
#4936=VECTOR('',#4939,1.0);
#4937=VECTOR('',#4940,1.0);
#4938=VECTOR('',#4941,1.0);
#4939=DIRECTION('',(0.06618388024370983,0,-0.9978074433456018));
#4940=DIRECTION('',(-0.5821373590228253,0,0.8130904594385119));
#4941=DIRECTION('',(0.5911538269293432,0,-0.8065588341260619));
#4942=FACE_SURFACE('',(#4947),#4943,.T.);
#4943=PLANE('',#4944);
#4944=AXIS2_PLACEMENT_3D('',#460,#4945,#4946);
#4945=DIRECTION('',(0,-1,0));
#4946=DIRECTION('',(0.7069419593837365,0,0.7072715645794644));
#4947=FACE_BOUND('',#4948,.T.);
#4948=EDGE_LOOP('',(#4949,#4950,#4951));
#4949=ORIENTED_EDGE('',*,*,#4952,.T.);
#4950=ORIENTED_EDGE('',*,*,#4953,.T.);
#4951=ORIENTED_EDGE('',*,*,#4954,.T.);
#4952=EDGE_CURVE('',#461,#107,#4955,.F.);
#4953=EDGE_CURVE('',#107,#463,#4956,.T.);
#4954=EDGE_CURVE('',#463,#461,#4957,.T.);
#4955=LINE('',#460,#4958);
#4956=LINE('',#106,#4959);
#4957=LINE('',#462,#4960);
#4958=VECTOR('',#4961,1.0);
#4959=VECTOR('',#4962,1.0);
#4960=VECTOR('',#4963,1.0);
#4961=DIRECTION('',(0.7069419593837365,0,0.7072715645794644));
#4962=DIRECTION('',(-0.7219745181057975,0,-0.6919196450498436));
#4963=DIRECTION('',(0.7490896858123527,0,-0.6624685974516457));
#4964=FACE_SURFACE('',(#4969),#4965,.T.);
#4965=PLANE('',#4966);
#4966=AXIS2_PLACEMENT_3D('',#464,#4967,#4968);
#4967=DIRECTION('',(0,-1,0));
#4968=DIRECTION('',(0.7363289336285376,0,0.6766237518011472));
#4969=FACE_BOUND('',#4970,.T.);
#4970=EDGE_LOOP('',(#4971,#4972,#4973));
#4971=ORIENTED_EDGE('',*,*,#4974,.T.);
#4972=ORIENTED_EDGE('',*,*,#4975,.T.);
#4973=ORIENTED_EDGE('',*,*,#4976,.T.);
#4974=EDGE_CURVE('',#465,#107,#4977,.F.);
#4975=EDGE_CURVE('',#107,#467,#4978,.T.);
#4976=EDGE_CURVE('',#467,#465,#4979,.T.);
#4977=LINE('',#464,#4980);
#4978=LINE('',#106,#4981);
#4979=LINE('',#466,#4982);
#4980=VECTOR('',#4983,1.0);
#4981=VECTOR('',#4984,1.0);
#4982=VECTOR('',#4985,1.0);
#4983=DIRECTION('',(0.7363289336285376,0,0.6766237518011472));
#4984=DIRECTION('',(-0.7496039240029048,0,-0.6618866648599647));
#4985=DIRECTION('',(0.8964503517032765,0,-0.4431441830048904));
#4986=FACE_SURFACE('',(#4991),#4987,.T.);
#4987=PLANE('',#4988);
#4988=AXIS2_PLACEMENT_3D('',#468,#4989,#4990);
#4989=DIRECTION('',(-0,1,0));
#4990=DIRECTION('',(0.19493940948721727,0,0.9808152867022286));
#4991=FACE_BOUND('',#4992,.T.);
#4992=EDGE_LOOP('',(#4993,#4994,#4995));
#4993=ORIENTED_EDGE('',*,*,#4996,.T.);
#4994=ORIENTED_EDGE('',*,*,#4997,.T.);
#4995=ORIENTED_EDGE('',*,*,#4998,.T.);
#4996=EDGE_CURVE('',#469,#471,#4999,.F.);
#4997=EDGE_CURVE('',#471,#473,#5000,.T.);
#4998=EDGE_CURVE('',#473,#469,#5001,.T.);
#4999=LINE('',#468,#5002);
#5000=LINE('',#470,#5003);
#5001=LINE('',#472,#5004);
#5002=VECTOR('',#5005,1.0);
#5003=VECTOR('',#5006,1.0);
#5004=VECTOR('',#5007,1.0);
#5005=DIRECTION('',(0.19493940948721727,0,0.9808152867022286));
#5006=DIRECTION('',(0.9020075811162328,0,-0.4317201913379113));
#5007=DIRECTION('',(-0.9492488879639372,0,0.31452591101406663));
#5008=FACE_SURFACE('',(#5013),#5009,.T.);
#5009=PLANE('',#5010);
#5010=AXIS2_PLACEMENT_3D('',#474,#5011,#5012);
#5011=DIRECTION('',(-0,1,0));
#5012=DIRECTION('',(0.4426211582072767,0,0.8967087098424152));
#5013=FACE_BOUND('',#5014,.T.);
#5014=EDGE_LOOP('',(#5015,#5016,#5017));
#5015=ORIENTED_EDGE('',*,*,#5018,.T.);
#5016=ORIENTED_EDGE('',*,*,#5019,.T.);
#5017=ORIENTED_EDGE('',*,*,#5020,.T.);
#5018=EDGE_CURVE('',#475,#477,#5021,.F.);
#5019=EDGE_CURVE('',#477,#479,#5022,.T.);
#5020=EDGE_CURVE('',#479,#475,#5023,.T.);
#5021=LINE('',#474,#5024);
#5022=LINE('',#476,#5025);
#5023=LINE('',#478,#5026);
#5024=VECTOR('',#5027,1.0);
#5025=VECTOR('',#5028,1.0);
#5026=VECTOR('',#5029,1.0);
#5027=DIRECTION('',(0.4426211582072767,0,0.8967087098424152));
#5028=DIRECTION('',(0.9644758641925316,0,-0.2641709813550104));
#5029=DIRECTION('',(-0.9896369525703581,0,0.143592138041241));
#5030=FACE_SURFACE('',(#5035),#5031,.T.);
#5031=PLANE('',#5032);
#5032=AXIS2_PLACEMENT_3D('',#460,#5033,#5034);
#5033=DIRECTION('',(0,-1,0));
#5034=DIRECTION('',(0.6624631433869201,0,-0.7490945091601733));
#5035=FACE_BOUND('',#5036,.T.);
#5036=EDGE_LOOP('',(#5037,#5038,#5039));
#5037=ORIENTED_EDGE('',*,*,#5040,.T.);
#5038=ORIENTED_EDGE('',*,*,#5041,.T.);
#5039=ORIENTED_EDGE('',*,*,#5042,.T.);
#5040=EDGE_CURVE('',#461,#481,#5043,.F.);
#5041=EDGE_CURVE('',#481,#107,#5044,.T.);
#5042=EDGE_CURVE('',#107,#461,#5045,.T.);
#5043=LINE('',#460,#5046);
#5044=LINE('',#480,#5047);
#5045=LINE('',#106,#5048);
#5046=VECTOR('',#5049,1.0);
#5047=VECTOR('',#5050,1.0);
#5048=VECTOR('',#5051,1.0);
#5049=DIRECTION('',(0.6624631433869201,0,-0.7490945091601733));
#5050=DIRECTION('',(0.6915837427117764,0,0.7222962874172699));
#5051=DIRECTION('',(-0.7069419593837365,0,-0.7072715645794644));
#5052=FACE_SURFACE('',(#5057),#5053,.T.);
#5053=PLANE('',#5054);
#5054=AXIS2_PLACEMENT_3D('',#482,#5055,#5056);
#5055=DIRECTION('',(-0,-1,0));
#5056=DIRECTION('',(-0.9573897027295772,0,0.28879916396584593));
#5057=FACE_BOUND('',#5058,.T.);
#5058=EDGE_LOOP('',(#5059,#5060,#5061));
#5059=ORIENTED_EDGE('',*,*,#5062,.T.);
#5060=ORIENTED_EDGE('',*,*,#5063,.T.);
#5061=ORIENTED_EDGE('',*,*,#5064,.T.);
#5062=EDGE_CURVE('',#483,#91,#5065,.F.);
#5063=EDGE_CURVE('',#91,#485,#5066,.T.);
#5064=EDGE_CURVE('',#485,#483,#5067,.T.);
#5065=LINE('',#482,#5068);
#5066=LINE('',#90,#5069);
#5067=LINE('',#484,#5070);
#5068=VECTOR('',#5071,1.0);
#5069=VECTOR('',#5072,1.0);
#5070=VECTOR('',#5073,1.0);
#5071=DIRECTION('',(-0.9573897027295772,0,0.28879916396584593));
#5072=DIRECTION('',(0.9478651446553137,0,-0.3186717237967019));
#5073=DIRECTION('',(0.5535284008098762,0,0.8328303005395884));
#5074=FACE_SURFACE('',(#5079),#5075,.T.);
#5075=PLANE('',#5076);
#5076=AXIS2_PLACEMENT_3D('',#156,#5077,#5078);
#5077=DIRECTION('',(-0.06571927733768186,0,0.997838151498635));
#5078=DIRECTION('',(0.997838151498635,0,0.06571927733768188));
#5079=FACE_BOUND('',#5080,.T.);
#5080=EDGE_LOOP('',(#5081,#5082,#5083));
#5081=ORIENTED_EDGE('',*,*,#5084,.T.);
#5082=ORIENTED_EDGE('',*,*,#5085,.T.);
#5083=ORIENTED_EDGE('',*,*,#5086,.T.);
#5084=EDGE_CURVE('',#157,#161,#5087,.F.);
#5085=EDGE_CURVE('',#161,#49,#5088,.T.);
#5086=EDGE_CURVE('',#49,#157,#5089,.T.);
#5087=LINE('',#156,#5090);
#5088=LINE('',#160,#5091);
#5089=LINE('',#48,#5092);
#5090=VECTOR('',#5093,1.0);
#5091=VECTOR('',#5094,1.0);
#5092=VECTOR('',#5095,1.0);
#5093=DIRECTION('',(0.997838151498635,0,0.06571927733768188));
#5094=DIRECTION('',(-0.00505826828512714,0.9999871513853232,-0.00033314594734567605));
#5095=DIRECTION('',(0,-1,0));
#5096=FACE_SURFACE('',(#5101),#5097,.T.);
#5097=PLANE('',#5098);
#5098=AXIS2_PLACEMENT_3D('',#486,#5099,#5100);
#5099=DIRECTION('',(0,-1,0));
#5100=DIRECTION('',(0.44313637568124387,0,0.8964542110716484));
#5101=FACE_BOUND('',#5102,.T.);
#5102=EDGE_LOOP('',(#5103,#5104,#5105));
#5103=ORIENTED_EDGE('',*,*,#5106,.T.);
#5104=ORIENTED_EDGE('',*,*,#5107,.T.);
#5105=ORIENTED_EDGE('',*,*,#5108,.T.);
#5106=EDGE_CURVE('',#487,#485,#5109,.F.);
#5107=EDGE_CURVE('',#485,#91,#5110,.T.);
#5108=EDGE_CURVE('',#91,#487,#5111,.T.);
#5109=LINE('',#486,#5112);
#5110=LINE('',#484,#5113);
#5111=LINE('',#90,#5114);
#5112=VECTOR('',#5115,1.0);
#5113=VECTOR('',#5116,1.0);
#5114=VECTOR('',#5117,1.0);
#5115=DIRECTION('',(0.44313637568124387,0,0.8964542110716484));
#5116=DIRECTION('',(-0.9478651446553137,0,0.3186717237967019));
#5117=DIRECTION('',(0.9370135933717886,0,-0.3492928940538134));
#5118=FACE_SURFACE('',(#5123),#5119,.T.);
#5119=PLANE('',#5120);
#5120=AXIS2_PLACEMENT_3D('',#488,#5121,#5122);
#5121=DIRECTION('',(0,-1,0));
#5122=DIRECTION('',(0.6762828639458776,0,0.7366420351386158));
#5123=FACE_BOUND('',#5124,.T.);
#5124=EDGE_LOOP('',(#5125,#5126,#5127));
#5125=ORIENTED_EDGE('',*,*,#5128,.T.);
#5126=ORIENTED_EDGE('',*,*,#5129,.T.);
#5127=ORIENTED_EDGE('',*,*,#5130,.T.);
#5128=EDGE_CURVE('',#489,#107,#5131,.F.);
#5129=EDGE_CURVE('',#107,#481,#5132,.T.);
#5130=EDGE_CURVE('',#481,#489,#5133,.T.);
#5131=LINE('',#488,#5134);
#5132=LINE('',#106,#5135);
#5133=LINE('',#480,#5136);
#5134=VECTOR('',#5137,1.0);
#5135=VECTOR('',#5138,1.0);
#5136=VECTOR('',#5139,1.0);
#5137=DIRECTION('',(0.6762828639458776,0,0.7366420351386158));
#5138=DIRECTION('',(-0.6915837427117764,0,-0.7222962874172699));
#5139=DIRECTION('',(0.5535284008098762,0,-0.8328303005395884));
#5140=FACE_SURFACE('',(#5145),#5141,.T.);
#5141=PLANE('',#5142);
#5142=AXIS2_PLACEMENT_3D('',#490,#5143,#5144);
#5143=DIRECTION('',(0,1,0));
#5144=DIRECTION('',(0.9999187531630057,0,-0.012747041732885617));
#5145=FACE_BOUND('',#5146,.T.);
#5146=EDGE_LOOP('',(#5147,#5148,#5149));
#5147=ORIENTED_EDGE('',*,*,#5150,.T.);
#5148=ORIENTED_EDGE('',*,*,#5151,.T.);
#5149=ORIENTED_EDGE('',*,*,#5152,.T.);
#5150=EDGE_CURVE('',#491,#493,#5153,.F.);
#5151=EDGE_CURVE('',#493,#249,#5154,.T.);
#5152=EDGE_CURVE('',#249,#491,#5155,.T.);
#5153=LINE('',#490,#5156);
#5154=LINE('',#492,#5157);
#5155=LINE('',#248,#5158);
#5156=VECTOR('',#5159,1.0);
#5157=VECTOR('',#5160,1.0);
#5158=VECTOR('',#5161,1.0);
#5159=DIRECTION('',(0.9999187531630057,0,-0.012747041732885617));
#5160=DIRECTION('',(-0.9999997352614569,0,0.0007276517133732494));
#5161=DIRECTION('',(0.6624631433869201,0,0.7490945091601733));
#5162=FACE_SURFACE('',(#5167),#5163,.T.);
#5163=PLANE('',#5164);
#5164=AXIS2_PLACEMENT_3D('',#494,#5165,#5166);
#5165=DIRECTION('',(-0,1,0));
#5166=DIRECTION('',(0.9982725384876353,0,0.05875320332928738));
#5167=FACE_BOUND('',#5168,.T.);
#5168=EDGE_LOOP('',(#5169,#5170,#5171));
#5169=ORIENTED_EDGE('',*,*,#5172,.T.);
#5170=ORIENTED_EDGE('',*,*,#5173,.T.);
#5171=ORIENTED_EDGE('',*,*,#5174,.T.);
#5172=EDGE_CURVE('',#495,#497,#5175,.F.);
#5173=EDGE_CURVE('',#497,#491,#5176,.T.);
#5174=EDGE_CURVE('',#491,#495,#5177,.T.);
#5175=LINE('',#494,#5178);
#5176=LINE('',#496,#5179);
#5177=LINE('',#490,#5180);
#5178=VECTOR('',#5181,1.0);
#5179=VECTOR('',#5182,1.0);
#5180=VECTOR('',#5183,1.0);
#5181=DIRECTION('',(0.9982725384876353,0,0.05875320332928738));
#5182=DIRECTION('',(-0.9973670758475467,0,-0.07251838398167815));
#5183=DIRECTION('',(0.5535284008098762,0,0.8328303005395884));
#5184=FACE_SURFACE('',(#5189),#5185,.T.);
#5185=PLANE('',#5186);
#5186=AXIS2_PLACEMENT_3D('',#498,#5187,#5188);
#5187=DIRECTION('',(-0,1,0));
#5188=DIRECTION('',(0.9990522701620437,0,0.04352656067353477));
#5189=FACE_BOUND('',#5190,.T.);
#5190=EDGE_LOOP('',(#5191,#5192,#5193));
#5191=ORIENTED_EDGE('',*,*,#5194,.T.);
#5192=ORIENTED_EDGE('',*,*,#5195,.T.);
#5193=ORIENTED_EDGE('',*,*,#5196,.T.);
#5194=EDGE_CURVE('',#499,#497,#5197,.F.);
#5195=EDGE_CURVE('',#497,#495,#5198,.T.);
#5196=EDGE_CURVE('',#495,#499,#5199,.T.);
#5197=LINE('',#498,#5200);
#5198=LINE('',#496,#5201);
#5199=LINE('',#494,#5202);
#5200=VECTOR('',#5203,1.0);
#5201=VECTOR('',#5204,1.0);
#5202=VECTOR('',#5205,1.0);
#5203=DIRECTION('',(0.9990522701620437,0,0.04352656067353477));
#5204=DIRECTION('',(-0.9982725384876353,0,-0.05875320332928738));
#5205=DIRECTION('',(0.44313637568124387,0,0.8964542110716484));
#5206=FACE_SURFACE('',(#5211),#5207,.T.);
#5207=PLANE('',#5208);
#5208=AXIS2_PLACEMENT_3D('',#496,#5209,#5210);
#5209=DIRECTION('',(0,1,0));
#5210=DIRECTION('',(-0.9996335227609014,0,-0.027070651499927774));
#5211=FACE_BOUND('',#5212,.T.);
#5212=EDGE_LOOP('',(#5213,#5214,#5215));
#5213=ORIENTED_EDGE('',*,*,#5216,.T.);
#5214=ORIENTED_EDGE('',*,*,#5217,.T.);
#5215=ORIENTED_EDGE('',*,*,#5218,.T.);
#5216=EDGE_CURVE('',#497,#285,#5219,.F.);
#5217=EDGE_CURVE('',#285,#501,#5220,.T.);
#5218=EDGE_CURVE('',#501,#497,#5221,.T.);
#5219=LINE('',#496,#5222);
#5220=LINE('',#284,#5223);
#5221=LINE('',#500,#5224);
#5222=VECTOR('',#5225,1.0);
#5223=VECTOR('',#5226,1.0);
#5224=VECTOR('',#5227,1.0);
#5225=DIRECTION('',(-0.9996335227609014,0,-0.027070651499927774));
#5226=DIRECTION('',(0.9911803422950823,0,0.13251991943780886));
#5227=DIRECTION('',(0.5550531518469728,0,-0.831814882425616));
#5228=FACE_SURFACE('',(#5233),#5229,.T.);
#5229=PLANE('',#5230);
#5230=AXIS2_PLACEMENT_3D('',#284,#5231,#5232);
#5231=DIRECTION('',(-0,1,0));
#5232=DIRECTION('',(0.9996335227609014,0,0.027070651499927774));
#5233=FACE_BOUND('',#5234,.T.);
#5234=EDGE_LOOP('',(#5235,#5236,#5237));
#5235=ORIENTED_EDGE('',*,*,#5238,.T.);
#5236=ORIENTED_EDGE('',*,*,#5239,.T.);
#5237=ORIENTED_EDGE('',*,*,#5240,.T.);
#5238=EDGE_CURVE('',#285,#497,#5241,.F.);
#5239=EDGE_CURVE('',#497,#499,#5242,.T.);
#5240=EDGE_CURVE('',#499,#285,#5243,.T.);
#5241=LINE('',#284,#5244);
#5242=LINE('',#496,#5245);
#5243=LINE('',#498,#5246);
#5244=VECTOR('',#5247,1.0);
#5245=VECTOR('',#5248,1.0);
#5246=VECTOR('',#5249,1.0);
#5247=DIRECTION('',(0.9996335227609014,0,0.027070651499927774));
#5248=DIRECTION('',(-0.9990522701620437,0,-0.04352656067353477));
#5249=DIRECTION('',(0.3208045041176908,0,0.947145432411413));
#5250=FACE_SURFACE('',(#5255),#5251,.T.);
#5251=PLANE('',#5252);
#5252=AXIS2_PLACEMENT_3D('',#502,#5253,#5254);
#5253=DIRECTION('',(-0,1,0));
#5254=DIRECTION('',(0.9136669253035452,0,0.40646371253331576));
#5255=FACE_BOUND('',#5256,.T.);
#5256=EDGE_LOOP('',(#5257,#5258,#5259));
#5257=ORIENTED_EDGE('',*,*,#5260,.T.);
#5258=ORIENTED_EDGE('',*,*,#5261,.T.);
#5259=ORIENTED_EDGE('',*,*,#5262,.T.);
#5260=EDGE_CURVE('',#503,#65,#5263,.F.);
#5261=EDGE_CURVE('',#65,#283,#5264,.T.);
#5262=EDGE_CURVE('',#283,#503,#5265,.T.);
#5263=LINE('',#502,#5266);
#5264=LINE('',#64,#5267);
#5265=LINE('',#282,#5268);
#5266=VECTOR('',#5269,1.0);
#5267=VECTOR('',#5270,1.0);
#5268=VECTOR('',#5271,1.0);
#5269=DIRECTION('',(0.9136669253035452,0,0.40646371253331576));
#5270=DIRECTION('',(-0.9027133042544434,0,-0.43024259473234966));
#5271=DIRECTION('',(0.06111559296346774,0,0.9981306949977663));
#5272=FACE_SURFACE('',(#5277),#5273,.T.);
#5273=PLANE('',#5274);
#5274=AXIS2_PLACEMENT_3D('',#500,#5275,#5276);
#5275=DIRECTION('',(0,1,0));
#5276=DIRECTION('',(-0.9911803422950823,0,-0.13251991943780886));
#5277=FACE_BOUND('',#5278,.T.);
#5278=EDGE_LOOP('',(#5279,#5280,#5281));
#5279=ORIENTED_EDGE('',*,*,#5282,.T.);
#5280=ORIENTED_EDGE('',*,*,#5283,.T.);
#5281=ORIENTED_EDGE('',*,*,#5284,.T.);
#5282=EDGE_CURVE('',#501,#285,#5285,.F.);
#5283=EDGE_CURVE('',#285,#65,#5286,.T.);
#5284=EDGE_CURVE('',#65,#501,#5287,.T.);
#5285=LINE('',#500,#5288);
#5286=LINE('',#284,#5289);
#5287=LINE('',#64,#5290);
#5288=VECTOR('',#5291,1.0);
#5289=VECTOR('',#5292,1.0);
#5290=VECTOR('',#5293,1.0);
#5291=DIRECTION('',(-0.9911803422950823,0,-0.13251991943780886));
#5292=DIRECTION('',(0.8924702057393201,0,0.45110634208312284));
#5293=DIRECTION('',(0.9335891892828602,0,-0.35834512087395837));
#5294=FACE_SURFACE('',(#5299),#5295,.T.);
#5295=PLANE('',#5296);
#5296=AXIS2_PLACEMENT_3D('',#64,#5297,#5298);
#5297=DIRECTION('',(0,1,0));
#5298=DIRECTION('',(-0.9136669253035452,0,-0.40646371253331576));
#5299=FACE_BOUND('',#5300,.T.);
#5300=EDGE_LOOP('',(#5301,#5302,#5303));
#5301=ORIENTED_EDGE('',*,*,#5304,.T.);
#5302=ORIENTED_EDGE('',*,*,#5305,.T.);
#5303=ORIENTED_EDGE('',*,*,#5306,.T.);
#5304=EDGE_CURVE('',#65,#503,#5307,.F.);
#5305=EDGE_CURVE('',#503,#505,#5308,.T.);
#5306=EDGE_CURVE('',#505,#65,#5309,.T.);
#5307=LINE('',#64,#5310);
#5308=LINE('',#502,#5311);
#5309=LINE('',#504,#5312);
#5310=VECTOR('',#5313,1.0);
#5311=VECTOR('',#5314,1.0);
#5312=VECTOR('',#5315,1.0);
#5313=DIRECTION('',(-0.9136669253035452,0,-0.40646371253331576));
#5314=DIRECTION('',(-0.06111559296346774,0,0.9981306949977663));
#5315=DIRECTION('',(0.9248119183764048,0,0.380424651710367));
#5316=FACE_SURFACE('',(#5321),#5317,.T.);
#5317=PLANE('',#5318);
#5318=AXIS2_PLACEMENT_3D('',#504,#5319,#5320);
#5319=DIRECTION('',(0,1,-0));
#5320=DIRECTION('',(-0.19806614858790147,0,0.9801886557104992));
#5321=FACE_BOUND('',#5322,.T.);
#5322=EDGE_LOOP('',(#5323,#5324,#5325));
#5323=ORIENTED_EDGE('',*,*,#5326,.T.);
#5324=ORIENTED_EDGE('',*,*,#5327,.T.);
#5325=ORIENTED_EDGE('',*,*,#5328,.T.);
#5326=EDGE_CURVE('',#505,#265,#5329,.F.);
#5327=EDGE_CURVE('',#265,#65,#5330,.T.);
#5328=EDGE_CURVE('',#65,#505,#5331,.T.);
#5329=LINE('',#504,#5332);
#5330=LINE('',#264,#5333);
#5331=LINE('',#64,#5334);
#5332=VECTOR('',#5335,1.0);
#5333=VECTOR('',#5336,1.0);
#5334=VECTOR('',#5337,1.0);
#5335=DIRECTION('',(-0.19806614858790147,0,0.9801886557104992));
#5336=DIRECTION('',(0.9357810187611532,0,0.3525817421908549));
#5337=DIRECTION('',(-0.9248119183764048,0,-0.380424651710367));
#5338=FACE_SURFACE('',(#5343),#5339,.T.);
#5339=PLANE('',#5340);
#5340=AXIS2_PLACEMENT_3D('',#334,#5341,#5342);
#5341=DIRECTION('',(0,1,-0));
#5342=DIRECTION('',(-0.6624631433869201,0,0.7490945091601733));
#5343=FACE_BOUND('',#5344,.T.);
#5344=EDGE_LOOP('',(#5345,#5346,#5347));
#5345=ORIENTED_EDGE('',*,*,#5348,.T.);
#5346=ORIENTED_EDGE('',*,*,#5349,.T.);
#5347=ORIENTED_EDGE('',*,*,#5350,.T.);
#5348=EDGE_CURVE('',#335,#375,#5351,.F.);
#5349=EDGE_CURVE('',#375,#65,#5352,.T.);
#5350=EDGE_CURVE('',#65,#335,#5353,.T.);
#5351=LINE('',#334,#5354);
#5352=LINE('',#374,#5355);
#5353=LINE('',#64,#5356);
#5354=VECTOR('',#5357,1.0);
#5355=VECTOR('',#5358,1.0);
#5356=VECTOR('',#5359,1.0);
#5357=DIRECTION('',(-0.6624631433869201,0,0.7490945091601733));
#5358=DIRECTION('',(0.9702754076893111,0,0.24200337442552547));
#5359=DIRECTION('',(-0.9634938699054111,0,-0.26773039172775076));
#5360=FACE_SURFACE('',(#5365),#5361,.T.);
#5361=PLANE('',#5362);
#5362=AXIS2_PLACEMENT_3D('',#506,#5363,#5364);
#5363=DIRECTION('',(0.8967096956266517,-0,0.4426191610958088));
#5364=DIRECTION('',(0,1,0));
#5365=FACE_BOUND('',#5366,.T.);
#5366=EDGE_LOOP('',(#5367,#5368,#5369));
#5367=ORIENTED_EDGE('',*,*,#5370,.T.);
#5368=ORIENTED_EDGE('',*,*,#5371,.T.);
#5369=ORIENTED_EDGE('',*,*,#5372,.T.);
#5370=EDGE_CURVE('',#507,#509,#5373,.F.);
#5371=EDGE_CURVE('',#509,#511,#5374,.T.);
#5372=EDGE_CURVE('',#511,#507,#5375,.T.);
#5373=LINE('',#506,#5376);
#5374=LINE('',#508,#5377);
#5375=LINE('',#510,#5378);
#5376=VECTOR('',#5379,1.0);
#5377=VECTOR('',#5380,1.0);
#5378=VECTOR('',#5381,1.0);
#5379=DIRECTION('',(0,1,0));
#5380=DIRECTION('',(-0.02404820032464526,-0.9985229486258852,0.04871965854368791));
#5381=DIRECTION('',(0.44261916109580884,0,-0.8967096956266518));
#5382=FACE_SURFACE('',(#5387),#5383,.T.);
#5383=PLANE('',#5384);
#5384=AXIS2_PLACEMENT_3D('',#98,#5385,#5386);
#5385=DIRECTION('',(0,1,0));
#5386=DIRECTION('',(0.32103925899394453,0,-0.9470658869290031));
#5387=FACE_BOUND('',#5388,.T.);
#5388=EDGE_LOOP('',(#5389,#5390,#5391));
#5389=ORIENTED_EDGE('',*,*,#5392,.T.);
#5390=ORIENTED_EDGE('',*,*,#5393,.T.);
#5391=ORIENTED_EDGE('',*,*,#5394,.T.);
#5392=EDGE_CURVE('',#99,#513,#5395,.F.);
#5393=EDGE_CURVE('',#513,#65,#5396,.T.);
#5394=EDGE_CURVE('',#65,#99,#5397,.T.);
#5395=LINE('',#98,#5398);
#5396=LINE('',#512,#5399);
#5397=LINE('',#64,#5400);
#5398=VECTOR('',#5401,1.0);
#5399=VECTOR('',#5402,1.0);
#5400=VECTOR('',#5403,1.0);
#5401=DIRECTION('',(0.32103925899394453,0,-0.9470658869290031));
#5402=DIRECTION('',(-0.9914972948991331,0,0.13012730000926598));
#5403=DIRECTION('',(0.9760701101029011,0,0.2174560649044088));
#5404=FACE_SURFACE('',(#5409),#5405,.T.);
#5405=PLANE('',#5406);
#5406=AXIS2_PLACEMENT_3D('',#368,#5407,#5408);
#5407=DIRECTION('',(-0.9981306949977661,0,0.06111559296346773));
#5408=DIRECTION('',(0.06111559296346774,0,0.9981306949977663));
#5409=FACE_BOUND('',#5410,.T.);
#5410=EDGE_LOOP('',(#5411,#5412,#5413));
#5411=ORIENTED_EDGE('',*,*,#5414,.T.);
#5412=ORIENTED_EDGE('',*,*,#5415,.T.);
#5413=ORIENTED_EDGE('',*,*,#5416,.T.);
#5414=EDGE_CURVE('',#369,#215,#5417,.F.);
#5415=EDGE_CURVE('',#215,#445,#5418,.T.);
#5416=EDGE_CURVE('',#445,#369,#5419,.T.);
#5417=LINE('',#368,#5420);
#5418=LINE('',#214,#5421);
#5419=LINE('',#444,#5422);
#5420=VECTOR('',#5423,1.0);
#5421=VECTOR('',#5424,1.0);
#5422=VECTOR('',#5425,1.0);
#5423=DIRECTION('',(0.06111559296346774,0,0.9981306949977663));
#5424=DIRECTION('',(-0.0019991025975822853,0.9994648785898486,-0.03264904369477998));
#5425=DIRECTION('',(0,-1,0));
#5426=FACE_SURFACE('',(#5431),#5427,.T.);
#5427=PLANE('',#5428);
#5428=AXIS2_PLACEMENT_3D('',#514,#5429,#5430);
#5429=DIRECTION('',(-0,-1,0));
#5430=DIRECTION('',(0.03079909791794197,0,0.9995255952537888));
#5431=FACE_BOUND('',#5432,.T.);
#5432=EDGE_LOOP('',(#5433,#5434,#5435));
#5433=ORIENTED_EDGE('',*,*,#5436,.T.);
#5434=ORIENTED_EDGE('',*,*,#5437,.T.);
#5435=ORIENTED_EDGE('',*,*,#5438,.T.);
#5436=EDGE_CURVE('',#515,#517,#5439,.F.);
#5437=EDGE_CURVE('',#517,#519,#5440,.T.);
#5438=EDGE_CURVE('',#519,#515,#5441,.T.);
#5439=LINE('',#514,#5442);
#5440=LINE('',#516,#5443);
#5441=LINE('',#518,#5444);
#5442=VECTOR('',#5445,1.0);
#5443=VECTOR('',#5446,1.0);
#5444=VECTOR('',#5447,1.0);
#5445=DIRECTION('',(0.03079909791794197,0,0.9995255952537888));
#5446=DIRECTION('',(-0.044318473536599866,0,-0.9990174537531292));
#5447=DIRECTION('',(0.8328303005395884,0,0.5535284008098762));
#5448=FACE_SURFACE('',(#5453),#5449,.T.);
#5449=PLANE('',#5450);
#5450=AXIS2_PLACEMENT_3D('',#520,#5451,#5452);
#5451=DIRECTION('',(-0,-1,0));
#5452=DIRECTION('',(0,0,1));
#5453=FACE_BOUND('',#5454,.T.);
#5454=EDGE_LOOP('',(#5455,#5456,#5457));
#5455=ORIENTED_EDGE('',*,*,#5458,.T.);
#5456=ORIENTED_EDGE('',*,*,#5459,.T.);
#5457=ORIENTED_EDGE('',*,*,#5460,.T.);
#5458=EDGE_CURVE('',#521,#517,#5461,.F.);
#5459=EDGE_CURVE('',#517,#523,#5462,.T.);
#5460=EDGE_CURVE('',#523,#521,#5463,.T.);
#5461=LINE('',#520,#5464);
#5462=LINE('',#516,#5465);
#5463=LINE('',#522,#5466);
#5464=VECTOR('',#5467,1.0);
#5465=VECTOR('',#5468,1.0);
#5466=VECTOR('',#5469,1.0);
#5467=DIRECTION('',(0,0,1));
#5468=DIRECTION('',(-0.0159486474693149,0,-0.9998728122335857));
#5469=DIRECTION('',(0.947145432411413,0,0.3208045041176908));
#5470=FACE_SURFACE('',(#5475),#5471,.T.);
#5471=PLANE('',#5472);
#5472=AXIS2_PLACEMENT_3D('',#156,#5473,#5474);
#5473=DIRECTION('',(0,-0,1));
#5474=DIRECTION('',(0,1,0));
#5475=FACE_BOUND('',#5476,.T.);
#5476=EDGE_LOOP('',(#5477,#5478,#5479));
#5477=ORIENTED_EDGE('',*,*,#5480,.T.);
#5478=ORIENTED_EDGE('',*,*,#5481,.T.);
#5479=ORIENTED_EDGE('',*,*,#5482,.T.);
#5480=EDGE_CURVE('',#157,#49,#5483,.F.);
#5481=EDGE_CURVE('',#49,#217,#5484,.T.);
#5482=EDGE_CURVE('',#217,#157,#5485,.T.);
#5483=LINE('',#156,#5486);
#5484=LINE('',#48,#5487);
#5485=LINE('',#216,#5488);
#5486=VECTOR('',#5489,1.0);
#5487=VECTOR('',#5490,1.0);
#5488=VECTOR('',#5491,1.0);
#5489=DIRECTION('',(0,1,0));
#5490=DIRECTION('',(-0.9076230621234834,-0.41978610875253025,0));
#5491=DIRECTION('',(1,0,0));
#5492=FACE_SURFACE('',(#5497),#5493,.T.);
#5493=PLANE('',#5494);
#5494=AXIS2_PLACEMENT_3D('',#496,#5495,#5496);
#5495=DIRECTION('',(0,1,0));
#5496=DIRECTION('',(0.6597485673027674,0,-0.751486412346854));
#5497=FACE_BOUND('',#5498,.T.);
#5498=EDGE_LOOP('',(#5499,#5500,#5501));
#5499=ORIENTED_EDGE('',*,*,#5502,.T.);
#5500=ORIENTED_EDGE('',*,*,#5503,.T.);
#5501=ORIENTED_EDGE('',*,*,#5504,.T.);
#5502=EDGE_CURVE('',#497,#493,#5505,.F.);
#5503=EDGE_CURVE('',#493,#491,#5506,.T.);
#5504=EDGE_CURVE('',#491,#497,#5507,.T.);
#5505=LINE('',#496,#5508);
#5506=LINE('',#492,#5509);
#5507=LINE('',#490,#5510);
#5508=VECTOR('',#5511,1.0);
#5509=VECTOR('',#5512,1.0);
#5510=VECTOR('',#5513,1.0);
#5511=DIRECTION('',(0.6597485673027674,0,-0.751486412346854));
#5512=DIRECTION('',(-0.9999187531630057,0,0.012747041732885617));
#5513=DIRECTION('',(0.9973670758475467,0,0.07251838398167815));
#5514=FACE_SURFACE('',(#5519),#5515,.T.);
#5515=PLANE('',#5516);
#5516=AXIS2_PLACEMENT_3D('',#512,#5517,#5518);
#5517=DIRECTION('',(0,1,0));
#5518=DIRECTION('',(0.4426211582072767,0,-0.8967087098424152));
#5519=FACE_BOUND('',#5520,.T.);
#5520=EDGE_LOOP('',(#5521,#5522,#5523));
#5521=ORIENTED_EDGE('',*,*,#5524,.T.);
#5522=ORIENTED_EDGE('',*,*,#5525,.T.);
#5523=ORIENTED_EDGE('',*,*,#5526,.T.);
#5524=EDGE_CURVE('',#513,#501,#5527,.F.);
#5525=EDGE_CURVE('',#501,#65,#5528,.T.);
#5526=EDGE_CURVE('',#65,#513,#5529,.T.);
#5527=LINE('',#512,#5530);
#5528=LINE('',#500,#5531);
#5529=LINE('',#64,#5532);
#5530=VECTOR('',#5533,1.0);
#5531=VECTOR('',#5534,1.0);
#5532=VECTOR('',#5535,1.0);
#5533=DIRECTION('',(0.4426211582072767,0,-0.8967087098424152));
#5534=DIRECTION('',(-0.9335891892828602,0,0.35834512087395837));
#5535=DIRECTION('',(0.9914972948991331,0,-0.13012730000926598));
#5536=FACE_SURFACE('',(#5541),#5537,.T.);
#5537=PLANE('',#5538);
#5538=AXIS2_PLACEMENT_3D('',#106,#5539,#5540);
#5539=DIRECTION('',(-0,-1,0));
#5540=DIRECTION('',(-1,0,0));
#5541=FACE_BOUND('',#5542,.T.);
#5542=EDGE_LOOP('',(#5543,#5544,#5545));
#5543=ORIENTED_EDGE('',*,*,#5546,.T.);
#5544=ORIENTED_EDGE('',*,*,#5547,.T.);
#5545=ORIENTED_EDGE('',*,*,#5548,.T.);
#5546=EDGE_CURVE('',#107,#93,#5549,.F.);
#5547=EDGE_CURVE('',#93,#441,#5550,.T.);
#5548=EDGE_CURVE('',#441,#107,#5551,.T.);
#5549=LINE('',#106,#5552);
#5550=LINE('',#92,#5553);
#5551=LINE('',#440,#5554);
#5552=VECTOR('',#5555,1.0);
#5553=VECTOR('',#5556,1.0);
#5554=VECTOR('',#5557,1.0);
#5555=DIRECTION('',(-1,0,0));
#5556=DIRECTION('',(0.7594173086523333,0,-0.6506038359241718));
#5557=DIRECTION('',(0.7808992005522979,0,0.6246570567733803));
#5558=FACE_SURFACE('',(#5563),#5559,.T.);
#5559=PLANE('',#5560);
#5560=AXIS2_PLACEMENT_3D('',#106,#5561,#5562);
#5561=DIRECTION('',(0,-1,0));
#5562=DIRECTION('',(-0.7808992005522979,0,-0.6246570567733803));
#5563=FACE_BOUND('',#5564,.T.);
#5564=EDGE_LOOP('',(#5565,#5566,#5567));
#5565=ORIENTED_EDGE('',*,*,#5568,.T.);
#5566=ORIENTED_EDGE('',*,*,#5569,.T.);
#5567=ORIENTED_EDGE('',*,*,#5570,.T.);
#5568=EDGE_CURVE('',#107,#441,#5571,.F.);
#5569=EDGE_CURVE('',#441,#525,#5572,.T.);
#5570=EDGE_CURVE('',#525,#107,#5573,.T.);
#5571=LINE('',#106,#5574);
#5572=LINE('',#440,#5575);
#5573=LINE('',#524,#5576);
#5574=VECTOR('',#5577,1.0);
#5575=VECTOR('',#5578,1.0);
#5576=VECTOR('',#5579,1.0);
#5577=DIRECTION('',(-0.7808992005522979,0,-0.6246570567733803));
#5578=DIRECTION('',(0.9978087256428781,0,-0.06616454511999388));
#5579=DIRECTION('',(0.77206464147985,0,0.6355440105740836));
#5580=FACE_SURFACE('',(#5585),#5581,.T.);
#5581=PLANE('',#5582);
#5582=AXIS2_PLACEMENT_3D('',#106,#5583,#5584);
#5583=DIRECTION('',(0,-1,0));
#5584=DIRECTION('',(-0.77206464147985,0,-0.6355440105740836));
#5585=FACE_BOUND('',#5586,.T.);
#5586=EDGE_LOOP('',(#5587,#5588,#5589));
#5587=ORIENTED_EDGE('',*,*,#5590,.T.);
#5588=ORIENTED_EDGE('',*,*,#5591,.T.);
#5589=ORIENTED_EDGE('',*,*,#5592,.T.);
#5590=EDGE_CURVE('',#107,#525,#5593,.F.);
#5591=EDGE_CURVE('',#525,#527,#5594,.T.);
#5592=EDGE_CURVE('',#527,#107,#5595,.T.);
#5593=LINE('',#106,#5596);
#5594=LINE('',#524,#5597);
#5595=LINE('',#526,#5598);
#5596=VECTOR('',#5599,1.0);
#5597=VECTOR('',#5600,1.0);
#5598=VECTOR('',#5601,1.0);
#5599=DIRECTION('',(-0.77206464147985,0,-0.6355440105740836));
#5600=DIRECTION('',(0.9801867750519246,0,-0.19807545535302362));
#5601=DIRECTION('',(0.7615585190396628,0,0.6480961518772624));
#5602=FACE_SURFACE('',(#5607),#5603,.T.);
#5603=PLANE('',#5604);
#5604=AXIS2_PLACEMENT_3D('',#526,#5605,#5606);
#5605=DIRECTION('',(0,-1,0));
#5606=DIRECTION('',(0.947145432411413,0,-0.3208045041176908));
#5607=FACE_BOUND('',#5608,.T.);
#5608=EDGE_LOOP('',(#5609,#5610,#5611));
#5609=ORIENTED_EDGE('',*,*,#5612,.T.);
#5610=ORIENTED_EDGE('',*,*,#5613,.T.);
#5611=ORIENTED_EDGE('',*,*,#5614,.T.);
#5612=EDGE_CURVE('',#527,#467,#5615,.F.);
#5613=EDGE_CURVE('',#467,#107,#5616,.T.);
#5614=EDGE_CURVE('',#107,#527,#5617,.T.);
#5615=LINE('',#526,#5618);
#5616=LINE('',#466,#5619);
#5617=LINE('',#106,#5620);
#5618=VECTOR('',#5621,1.0);
#5619=VECTOR('',#5622,1.0);
#5620=VECTOR('',#5623,1.0);
#5621=DIRECTION('',(0.947145432411413,0,-0.3208045041176908));
#5622=DIRECTION('',(0.7496039240029048,0,0.6618866648599647));
#5623=DIRECTION('',(-0.7615585190396628,0,-0.6480961518772624));
#5624=FACE_SURFACE('',(#5629),#5625,.T.);
#5625=PLANE('',#5626);
#5626=AXIS2_PLACEMENT_3D('',#462,#5627,#5628);
#5627=DIRECTION('',(0,-1,0));
#5628=DIRECTION('',(0.7219745181057975,0,0.6919196450498436));
#5629=FACE_BOUND('',#5630,.T.);
#5630=EDGE_LOOP('',(#5631,#5632,#5633));
#5631=ORIENTED_EDGE('',*,*,#5634,.T.);
#5632=ORIENTED_EDGE('',*,*,#5635,.T.);
#5633=ORIENTED_EDGE('',*,*,#5636,.T.);
#5634=EDGE_CURVE('',#463,#107,#5637,.F.);
#5635=EDGE_CURVE('',#107,#465,#5638,.T.);
#5636=EDGE_CURVE('',#465,#463,#5639,.T.);
#5637=LINE('',#462,#5640);
#5638=LINE('',#106,#5641);
#5639=LINE('',#464,#5642);
#5640=VECTOR('',#5643,1.0);
#5641=VECTOR('',#5644,1.0);
#5642=VECTOR('',#5645,1.0);
#5643=DIRECTION('',(0.7219745181057975,0,0.6919196450498436));
#5644=DIRECTION('',(-0.7363289336285376,0,-0.6766237518011472));
#5645=DIRECTION('',(0.8328392308114582,0,-0.5535149642253394));
#5646=FACE_SURFACE('',(#5651),#5647,.T.);
#5647=PLANE('',#5648);
#5648=AXIS2_PLACEMENT_3D('',#528,#5649,#5650);
#5649=DIRECTION('',(0,-1,0));
#5650=DIRECTION('',(0.9887778833242341,0,0.14939309705889137));
#5651=FACE_BOUND('',#5652,.T.);
#5652=EDGE_LOOP('',(#5653,#5654,#5655));
#5653=ORIENTED_EDGE('',*,*,#5656,.T.);
#5654=ORIENTED_EDGE('',*,*,#5657,.T.);
#5655=ORIENTED_EDGE('',*,*,#5658,.T.);
#5656=EDGE_CURVE('',#529,#217,#5659,.F.);
#5657=EDGE_CURVE('',#217,#489,#5660,.T.);
#5658=EDGE_CURVE('',#489,#529,#5661,.T.);
#5659=LINE('',#528,#5662);
#5660=LINE('',#216,#5663);
#5661=LINE('',#488,#5664);
#5662=VECTOR('',#5665,1.0);
#5663=VECTOR('',#5666,1.0);
#5664=VECTOR('',#5667,1.0);
#5665=DIRECTION('',(0.9887778833242341,0,0.14939309705889137));
#5666=DIRECTION('',(-0.9928106890814724,0,-0.11969517803809777));
#5667=DIRECTION('',(0.44313637568124387,0,-0.8964542110716484));
#5668=FACE_SURFACE('',(#5673),#5669,.T.);
#5669=PLANE('',#5670);
#5670=AXIS2_PLACEMENT_3D('',#444,#5671,#5672);
#5671=DIRECTION('',(-0.9801886557104991,0,0.19806614858790147));
#5672=DIRECTION('',(-0.19806614858790147,0,-0.9801886557104992));
#5673=FACE_BOUND('',#5674,.T.);
#5674=EDGE_LOOP('',(#5675,#5676,#5677));
#5675=ORIENTED_EDGE('',*,*,#5678,.T.);
#5676=ORIENTED_EDGE('',*,*,#5679,.T.);
#5677=ORIENTED_EDGE('',*,*,#5680,.T.);
#5678=EDGE_CURVE('',#445,#443,#5681,.F.);
#5679=EDGE_CURVE('',#443,#369,#5682,.T.);
#5680=EDGE_CURVE('',#369,#445,#5683,.T.);
#5681=LINE('',#444,#5684);
#5682=LINE('',#442,#5685);
#5683=LINE('',#368,#5686);
#5684=VECTOR('',#5687,1.0);
#5685=VECTOR('',#5688,1.0);
#5686=VECTOR('',#5689,1.0);
#5687=DIRECTION('',(-0.19806614858790147,0,-0.9801886557104992));
#5688=DIRECTION('',(0.006496429019428964,-0.9994619585479648,0.032149491838312616));
#5689=DIRECTION('',(0,1,0));
#5690=FACE_SURFACE('',(#5695),#5691,.T.);
#5691=PLANE('',#5692);
#5692=AXIS2_PLACEMENT_3D('',#530,#5693,#5694);
#5693=DIRECTION('',(0,-1,0));
#5694=DIRECTION('',(0.9978074433456018,0,-0.06618388024370983));
#5695=FACE_BOUND('',#5696,.T.);
#5696=EDGE_LOOP('',(#5697,#5698,#5699));
#5697=ORIENTED_EDGE('',*,*,#5700,.T.);
#5698=ORIENTED_EDGE('',*,*,#5701,.T.);
#5699=ORIENTED_EDGE('',*,*,#5702,.T.);
#5700=EDGE_CURVE('',#531,#533,#5703,.F.);
#5701=EDGE_CURVE('',#533,#517,#5704,.T.);
#5702=EDGE_CURVE('',#517,#531,#5705,.T.);
#5703=LINE('',#530,#5706);
#5704=LINE('',#532,#5707);
#5705=LINE('',#516,#5708);
#5706=VECTOR('',#5709,1.0);
#5707=VECTOR('',#5710,1.0);
#5708=VECTOR('',#5711,1.0);
#5709=DIRECTION('',(0.9978074433456018,0,-0.06618388024370983));
#5710=DIRECTION('',(-0.05054514443886399,0,0.9987217772601408));
#5711=DIRECTION('',(0.03367221243742316,0,-0.9994329302707456));
#5712=FACE_SURFACE('',(#5717),#5713,.T.);
#5713=PLANE('',#5714);
#5714=AXIS2_PLACEMENT_3D('',#52,#5715,#5716);
#5715=DIRECTION('',(-0,0,1));
#5716=DIRECTION('',(0,-1,0));
#5717=FACE_BOUND('',#5718,.T.);
#5718=EDGE_LOOP('',(#5719,#5720,#5721));
#5719=ORIENTED_EDGE('',*,*,#5722,.T.);
#5720=ORIENTED_EDGE('',*,*,#5723,.T.);
#5721=ORIENTED_EDGE('',*,*,#5724,.T.);
#5722=EDGE_CURVE('',#53,#217,#5725,.F.);
#5723=EDGE_CURVE('',#217,#49,#5726,.T.);
#5724=EDGE_CURVE('',#49,#53,#5727,.T.);
#5725=LINE('',#52,#5728);
#5726=LINE('',#216,#5729);
#5727=LINE('',#48,#5730);
#5728=VECTOR('',#5731,1.0);
#5729=VECTOR('',#5732,1.0);
#5730=VECTOR('',#5733,1.0);
#5731=DIRECTION('',(0,-1,0));
#5732=DIRECTION('',(0.9076230621234834,0.41978610875253025,0));
#5733=DIRECTION('',(-1,0,0));
#5734=FACE_SURFACE('',(#5739),#5735,.T.);
#5735=PLANE('',#5736);
#5736=AXIS2_PLACEMENT_3D('',#366,#5737,#5738);
#5737=DIRECTION('',(-0.8328303005395883,0,0.5535284008098762));
#5738=DIRECTION('',(0.018157083541323372,0.999461855082944,0.02731886804817577));
#5739=FACE_BOUND('',#5740,.T.);
#5740=EDGE_LOOP('',(#5741,#5742,#5743));
#5741=ORIENTED_EDGE('',*,*,#5744,.T.);
#5742=ORIENTED_EDGE('',*,*,#5745,.T.);
#5743=ORIENTED_EDGE('',*,*,#5746,.T.);
#5744=EDGE_CURVE('',#367,#495,#5747,.F.);
#5745=EDGE_CURVE('',#495,#491,#5748,.T.);
#5746=EDGE_CURVE('',#491,#367,#5749,.T.);
#5747=LINE('',#366,#5750);
#5748=LINE('',#494,#5751);
#5749=LINE('',#490,#5752);
#5750=VECTOR('',#5753,1.0);
#5751=VECTOR('',#5754,1.0);
#5752=VECTOR('',#5755,1.0);
#5753=DIRECTION('',(0.018157083541323372,0.999461855082944,0.02731886804817577));
#5754=DIRECTION('',(-0.5535284008098762,0,-0.8328303005395884));
#5755=DIRECTION('',(0,-1,0));
#5756=FACE_SURFACE('',(#5761),#5757,.T.);
#5757=PLANE('',#5758);
#5758=AXIS2_PLACEMENT_3D('',#178,#5759,#5760);
#5759=DIRECTION('',(0.896130824493243,-0,0.44378997892365757));
#5760=DIRECTION('',(0,1,0));
#5761=FACE_BOUND('',#5762,.T.);
#5762=EDGE_LOOP('',(#5763,#5764,#5765));
#5763=ORIENTED_EDGE('',*,*,#5766,.T.);
#5764=ORIENTED_EDGE('',*,*,#5767,.T.);
#5765=ORIENTED_EDGE('',*,*,#5768,.T.);
#5766=EDGE_CURVE('',#179,#511,#5769,.F.);
#5767=EDGE_CURVE('',#511,#175,#5770,.T.);
#5768=EDGE_CURVE('',#175,#179,#5771,.T.);
#5769=LINE('',#178,#5772);
#5770=LINE('',#510,#5773);
#5771=LINE('',#174,#5774);
#5772=VECTOR('',#5775,1.0);
#5773=VECTOR('',#5776,1.0);
#5774=VECTOR('',#5777,1.0);
#5775=DIRECTION('',(0,1,0));
#5776=DIRECTION('',(-0.00016498564533700297,-0.9999999308953366,0.00033315020484234897));
#5777=DIRECTION('',(0.44378997892365757,0,-0.896130824493243));
#5778=FACE_SURFACE('',(#5783),#5779,.T.);
#5779=PLANE('',#5780);
#5780=AXIS2_PLACEMENT_3D('',#366,#5781,#5782);
#5781=DIRECTION('',(-0.7490945091601733,0,0.6624631433869201));
#5782=DIRECTION('',(0,1,0));
#5783=FACE_BOUND('',#5784,.T.);
#5784=EDGE_LOOP('',(#5785,#5786,#5787));
#5785=ORIENTED_EDGE('',*,*,#5788,.T.);
#5786=ORIENTED_EDGE('',*,*,#5789,.T.);
#5787=ORIENTED_EDGE('',*,*,#5790,.T.);
#5788=EDGE_CURVE('',#367,#491,#5791,.F.);
#5789=EDGE_CURVE('',#491,#249,#5792,.T.);
#5790=EDGE_CURVE('',#249,#367,#5793,.T.);
#5791=LINE('',#366,#5794);
#5792=LINE('',#490,#5795);
#5793=LINE('',#248,#5796);
#5794=VECTOR('',#5797,1.0);
#5795=VECTOR('',#5798,1.0);
#5796=VECTOR('',#5799,1.0);
#5797=DIRECTION('',(0,1,0));
#5798=DIRECTION('',(-0.6624631433869201,0,-0.7490945091601733));
#5799=DIRECTION('',(0.02165494792358729,-0.9994655871263466,0.024486800130153506));
#5800=FACE_SURFACE('',(#5805),#5801,.T.);
#5801=PLANE('',#5802);
#5802=AXIS2_PLACEMENT_3D('',#534,#5803,#5804);
#5803=DIRECTION('',(-0,1,0));
#5804=DIRECTION('',(0.9981306949977663,0,0.06111559296346774));
#5805=FACE_BOUND('',#5806,.T.);
#5806=EDGE_LOOP('',(#5807,#5808,#5809));
#5807=ORIENTED_EDGE('',*,*,#5810,.T.);
#5808=ORIENTED_EDGE('',*,*,#5811,.T.);
#5809=ORIENTED_EDGE('',*,*,#5812,.T.);
#5810=EDGE_CURVE('',#535,#235,#5813,.F.);
#5811=EDGE_CURVE('',#235,#97,#5814,.T.);
#5812=EDGE_CURVE('',#97,#535,#5815,.T.);
#5813=LINE('',#534,#5816);
#5814=LINE('',#234,#5817);
#5815=LINE('',#96,#5818);
#5816=VECTOR('',#5819,1.0);
#5817=VECTOR('',#5820,1.0);
#5818=VECTOR('',#5821,1.0);
#5819=DIRECTION('',(0.9981306949977663,0,0.06111559296346774));
#5820=DIRECTION('',(-0.7939755493343476,0,-0.607949691223888));
#5821=DIRECTION('',(0.7864275278113617,0,0.6176825588443549));
#5822=FACE_SURFACE('',(#5827),#5823,.T.);
#5823=PLANE('',#5824);
#5824=AXIS2_PLACEMENT_3D('',#180,#5825,#5826);
#5825=DIRECTION('',(0,1,0));
#5826=DIRECTION('',(0.9981306949977663,0,-0.06111559296346774));
#5827=FACE_BOUND('',#5828,.T.);
#5828=EDGE_LOOP('',(#5829,#5830,#5831));
#5829=ORIENTED_EDGE('',*,*,#5832,.T.);
#5830=ORIENTED_EDGE('',*,*,#5833,.T.);
#5831=ORIENTED_EDGE('',*,*,#5834,.T.);
#5832=EDGE_CURVE('',#181,#535,#5835,.F.);
#5833=EDGE_CURVE('',#535,#97,#5836,.T.);
#5834=EDGE_CURVE('',#97,#181,#5837,.T.);
#5835=LINE('',#180,#5838);
#5836=LINE('',#534,#5839);
#5837=LINE('',#96,#5840);
#5838=VECTOR('',#5841,1.0);
#5839=VECTOR('',#5842,1.0);
#5840=VECTOR('',#5843,1.0);
#5841=DIRECTION('',(0.9981306949977663,0,-0.06111559296346774));
#5842=DIRECTION('',(-0.7864275278113617,0,-0.6176825588443549));
#5843=DIRECTION('',(0.777133170614987,0,0.6293361860960304));
#5844=FACE_SURFACE('',(#5849),#5845,.T.);
#5845=PLANE('',#5846);
#5846=AXIS2_PLACEMENT_3D('',#300,#5847,#5848);
#5847=DIRECTION('',(0.8964542110716484,0,-0.44313637568124387));
#5848=DIRECTION('',(0,-1,0));
#5849=FACE_BOUND('',#5850,.T.);
#5850=EDGE_LOOP('',(#5851,#5852,#5853));
#5851=ORIENTED_EDGE('',*,*,#5854,.T.);
#5852=ORIENTED_EDGE('',*,*,#5855,.T.);
#5853=ORIENTED_EDGE('',*,*,#5856,.T.);
#5854=EDGE_CURVE('',#301,#409,#5857,.F.);
#5855=EDGE_CURVE('',#409,#453,#5858,.T.);
#5856=EDGE_CURVE('',#453,#301,#5859,.T.);
#5857=LINE('',#300,#5860);
#5858=LINE('',#408,#5861);
#5859=LINE('',#452,#5862);
#5860=VECTOR('',#5863,1.0);
#5861=VECTOR('',#5864,1.0);
#5862=VECTOR('',#5865,1.0);
#5863=DIRECTION('',(0,-1,0));
#5864=DIRECTION('',(-0.014492225997411828,0.9994650889524107,-0.029317424016950845));
#5865=DIRECTION('',(0.44313637568124387,0,0.8964542110716484));
#5866=FACE_SURFACE('',(#5871),#5867,.T.);
#5867=PLANE('',#5868);
#5868=AXIS2_PLACEMENT_3D('',#536,#5869,#5870);
#5869=DIRECTION('',(0,-1,0));
#5870=DIRECTION('',(0.9835901658350458,0,0.18041725436495024));
#5871=FACE_BOUND('',#5872,.T.);
#5872=EDGE_LOOP('',(#5873,#5874,#5875));
#5873=ORIENTED_EDGE('',*,*,#5876,.T.);
#5874=ORIENTED_EDGE('',*,*,#5877,.T.);
#5875=ORIENTED_EDGE('',*,*,#5878,.T.);
#5876=EDGE_CURVE('',#537,#217,#5879,.F.);
#5877=EDGE_CURVE('',#217,#529,#5880,.T.);
#5878=EDGE_CURVE('',#529,#537,#5881,.T.);
#5879=LINE('',#536,#5882);
#5880=LINE('',#216,#5883);
#5881=LINE('',#528,#5884);
#5882=VECTOR('',#5885,1.0);
#5883=VECTOR('',#5886,1.0);
#5884=VECTOR('',#5887,1.0);
#5885=DIRECTION('',(0.9835901658350458,0,0.18041725436495024));
#5886=DIRECTION('',(-0.9887778833242341,0,-0.14939309705889137));
#5887=DIRECTION('',(0.3208045041176908,0,-0.947145432411413));
#5888=FACE_SURFACE('',(#5893),#5889,.T.);
#5889=PLANE('',#5890);
#5890=AXIS2_PLACEMENT_3D('',#214,#5891,#5892);
#5891=DIRECTION('',(0,-1,-0));
#5892=DIRECTION('',(-0.06111559296346774,0,-0.9981306949977663));
#5893=FACE_BOUND('',#5894,.T.);
#5894=EDGE_LOOP('',(#5895,#5896,#5897));
#5895=ORIENTED_EDGE('',*,*,#5898,.T.);
#5896=ORIENTED_EDGE('',*,*,#5899,.T.);
#5897=ORIENTED_EDGE('',*,*,#5900,.T.);
#5898=EDGE_CURVE('',#215,#369,#5901,.F.);
#5899=EDGE_CURVE('',#369,#217,#5902,.T.);
#5900=EDGE_CURVE('',#217,#215,#5903,.T.);
#5901=LINE('',#214,#5904);
#5902=LINE('',#368,#5905);
#5903=LINE('',#216,#5906);
#5904=VECTOR('',#5907,1.0);
#5905=VECTOR('',#5908,1.0);
#5906=VECTOR('',#5909,1.0);
#5907=DIRECTION('',(-0.06111559296346774,0,-0.9981306949977663));
#5908=DIRECTION('',(0.9624614714532771,0,0.2714183412520105));
#5909=DIRECTION('',(-0.9701709996880018,0,-0.2424215983867428));
#5910=FACE_SURFACE('',(#5915),#5911,.T.);
#5911=PLANE('',#5912);
#5912=AXIS2_PLACEMENT_3D('',#370,#5913,#5914);
#5913=DIRECTION('',(0,-1,-0));
#5914=DIRECTION('',(-0.3208045041176908,0,-0.947145432411413));
#5915=FACE_BOUND('',#5916,.T.);
#5916=EDGE_LOOP('',(#5917,#5918,#5919));
#5917=ORIENTED_EDGE('',*,*,#5920,.T.);
#5918=ORIENTED_EDGE('',*,*,#5921,.T.);
#5919=ORIENTED_EDGE('',*,*,#5922,.T.);
#5920=EDGE_CURVE('',#371,#539,#5923,.F.);
#5921=EDGE_CURVE('',#539,#217,#5924,.T.);
#5922=EDGE_CURVE('',#217,#371,#5925,.T.);
#5923=LINE('',#370,#5926);
#5924=LINE('',#538,#5927);
#5925=LINE('',#216,#5928);
#5926=VECTOR('',#5929,1.0);
#5927=VECTOR('',#5930,1.0);
#5928=VECTOR('',#5931,1.0);
#5929=DIRECTION('',(-0.3208045041176908,0,-0.947145432411413));
#5930=DIRECTION('',(0.9469642819920047,0,0.32133883772642086));
#5931=DIRECTION('',(-0.9545866202222874,0,-0.29793352361322273));
#5932=FACE_SURFACE('',(#5937),#5933,.T.);
#5933=PLANE('',#5934);
#5934=AXIS2_PLACEMENT_3D('',#538,#5935,#5936);
#5935=DIRECTION('',(0,-1,-0));
#5936=DIRECTION('',(-0.44313637568124387,0,-0.8964542110716484));
#5937=FACE_BOUND('',#5938,.T.);
#5938=EDGE_LOOP('',(#5939,#5940,#5941));
#5939=ORIENTED_EDGE('',*,*,#5942,.T.);
#5940=ORIENTED_EDGE('',*,*,#5943,.T.);
#5941=ORIENTED_EDGE('',*,*,#5944,.T.);
#5942=EDGE_CURVE('',#539,#387,#5945,.F.);
#5943=EDGE_CURVE('',#387,#217,#5946,.T.);
#5944=EDGE_CURVE('',#217,#539,#5947,.T.);
#5945=LINE('',#538,#5948);
#5946=LINE('',#386,#5949);
#5947=LINE('',#216,#5950);
#5948=VECTOR('',#5951,1.0);
#5949=VECTOR('',#5952,1.0);
#5950=VECTOR('',#5953,1.0);
#5951=DIRECTION('',(-0.44313637568124387,0,-0.8964542110716484));
#5952=DIRECTION('',(0.9399925482742644,0,0.34119497239680235));
#5953=DIRECTION('',(-0.9469642819920047,0,-0.32133883772642086));
#5954=FACE_SURFACE('',(#5959),#5955,.T.);
#5955=PLANE('',#5956);
#5956=AXIS2_PLACEMENT_3D('',#270,#5957,#5958);
#5957=DIRECTION('',(0,-1,0));
#5958=DIRECTION('',(0.04081643938266166,0,-0.9991666619118762));
#5959=FACE_BOUND('',#5960,.T.);
#5960=EDGE_LOOP('',(#5961,#5962,#5963));
#5961=ORIENTED_EDGE('',*,*,#5964,.T.);
#5962=ORIENTED_EDGE('',*,*,#5965,.T.);
#5963=ORIENTED_EDGE('',*,*,#5966,.T.);
#5964=EDGE_CURVE('',#271,#159,#5967,.F.);
#5965=EDGE_CURVE('',#159,#259,#5968,.T.);
#5966=EDGE_CURVE('',#259,#271,#5969,.T.);
#5967=LINE('',#270,#5970);
#5968=LINE('',#158,#5971);
#5969=LINE('',#258,#5972);
#5970=VECTOR('',#5973,1.0);
#5971=VECTOR('',#5974,1.0);
#5972=VECTOR('',#5975,1.0);
#5973=DIRECTION('',(0.04081643938266166,0,-0.9991666619118762));
#5974=DIRECTION('',(-0.02838216784349239,0,0.9995971451282281));
#5975=DIRECTION('',(-0.6624631433869201,0,-0.7490945091601733));
#5976=FACE_SURFACE('',(#5981),#5977,.T.);
#5977=PLANE('',#5978);
#5978=AXIS2_PLACEMENT_3D('',#346,#5979,#5980);
#5979=DIRECTION('',(0,-1,0));
#5980=DIRECTION('',(0.08840312712139192,0,-0.9960847790801539));
#5981=FACE_BOUND('',#5982,.T.);
#5982=EDGE_LOOP('',(#5983,#5984,#5985));
#5983=ORIENTED_EDGE('',*,*,#5986,.T.);
#5984=ORIENTED_EDGE('',*,*,#5987,.T.);
#5985=ORIENTED_EDGE('',*,*,#5988,.T.);
#5986=EDGE_CURVE('',#347,#159,#5989,.F.);
#5987=EDGE_CURVE('',#159,#273,#5990,.T.);
#5988=EDGE_CURVE('',#273,#347,#5991,.T.);
#5989=LINE('',#346,#5992);
#5990=LINE('',#158,#5993);
#5991=LINE('',#272,#5994);
#5992=VECTOR('',#5995,1.0);
#5993=VECTOR('',#5996,1.0);
#5994=VECTOR('',#5997,1.0);
#5995=DIRECTION('',(0.08840312712139192,0,-0.9960847790801539));
#5996=DIRECTION('',(-0.0711260177344973,0,0.9974673376112283));
#5997=DIRECTION('',(-0.8964503517032765,0,-0.4431441830048904));
#5998=FACE_SURFACE('',(#6003),#5999,.T.);
#5999=PLANE('',#6000);
#6000=AXIS2_PLACEMENT_3D('',#536,#6001,#6002);
#6001=DIRECTION('',(0,-1,0));
#6002=DIRECTION('',(0.19806614858790147,0,-0.9801886557104992));
#6003=FACE_BOUND('',#6004,.T.);
#6004=EDGE_LOOP('',(#6005,#6006,#6007));
#6005=ORIENTED_EDGE('',*,*,#6008,.T.);
#6006=ORIENTED_EDGE('',*,*,#6009,.T.);
#6007=ORIENTED_EDGE('',*,*,#6010,.T.);
#6008=EDGE_CURVE('',#537,#213,#6011,.F.);
#6009=EDGE_CURVE('',#213,#217,#6012,.T.);
#6010=EDGE_CURVE('',#217,#537,#6013,.T.);
#6011=LINE('',#536,#6014);
#6012=LINE('',#212,#6015);
#6013=LINE('',#216,#6016);
#6014=VECTOR('',#6017,1.0);
#6015=VECTOR('',#6018,1.0);
#6016=VECTOR('',#6019,1.0);
#6017=DIRECTION('',(0.19806614858790147,0,-0.9801886557104992));
#6018=DIRECTION('',(0.977306797350699,0,0.21182876068211245));
#6019=DIRECTION('',(-0.9835901658350458,0,-0.18041725436495024));
#6020=FACE_SURFACE('',(#6025),#6021,.T.);
#6021=PLANE('',#6022);
#6022=AXIS2_PLACEMENT_3D('',#106,#6023,#6024);
#6023=DIRECTION('',(0,-1,-0));
#6024=DIRECTION('',(-0.6762828639458776,0,-0.7366420351386158));
#6025=FACE_BOUND('',#6026,.T.);
#6026=EDGE_LOOP('',(#6027,#6028,#6029));
#6027=ORIENTED_EDGE('',*,*,#6030,.T.);
#6028=ORIENTED_EDGE('',*,*,#6031,.T.);
#6029=ORIENTED_EDGE('',*,*,#6032,.T.);
#6030=EDGE_CURVE('',#107,#489,#6033,.F.);
#6031=EDGE_CURVE('',#489,#217,#6034,.T.);
#6032=EDGE_CURVE('',#217,#107,#6035,.T.);
#6033=LINE('',#106,#6036);
#6034=LINE('',#488,#6037);
#6035=LINE('',#216,#6038);
#6036=VECTOR('',#6039,1.0);
#6037=VECTOR('',#6040,1.0);
#6038=VECTOR('',#6041,1.0);
#6039=DIRECTION('',(-0.6762828639458776,0,-0.7366420351386158));
#6040=DIRECTION('',(0.9928106890814724,0,0.11969517803809777));
#6041=DIRECTION('',(0,0,1));
#6042=FACE_SURFACE('',(#6047),#6043,.T.);
#6043=PLANE('',#6044);
#6044=AXIS2_PLACEMENT_3D('',#540,#6045,#6046);
#6045=DIRECTION('',(0,-1,0));
#6046=DIRECTION('',(0.36976086953285264,0,0.9291269554599677));
#6047=FACE_BOUND('',#6048,.T.);
#6048=EDGE_LOOP('',(#6049,#6050,#6051));
#6049=ORIENTED_EDGE('',*,*,#6052,.T.);
#6050=ORIENTED_EDGE('',*,*,#6053,.T.);
#6051=ORIENTED_EDGE('',*,*,#6054,.T.);
#6052=EDGE_CURVE('',#541,#159,#6055,.F.);
#6053=EDGE_CURVE('',#159,#543,#6056,.T.);
#6054=EDGE_CURVE('',#543,#541,#6057,.T.);
#6055=LINE('',#540,#6058);
#6056=LINE('',#158,#6059);
#6057=LINE('',#542,#6060);
#6058=VECTOR('',#6061,1.0);
#6059=VECTOR('',#6062,1.0);
#6060=VECTOR('',#6063,1.0);
#6061=DIRECTION('',(0.36976086953285264,0,0.9291269554599677));
#6062=DIRECTION('',(-0.48177186696341273,0,-0.8762966781875803));
#6063=DIRECTION('',(0.8328303005395884,0,-0.5535284008098762));
#6064=FACE_SURFACE('',(#6069),#6065,.T.);
#6065=PLANE('',#6066);
#6066=AXIS2_PLACEMENT_3D('',#544,#6067,#6068);
#6067=DIRECTION('',(0,-1,0));
#6068=DIRECTION('',(0.12527442118047283,0,-0.9921221292753717));
#6069=FACE_BOUND('',#6070,.T.);
#6070=EDGE_LOOP('',(#6071,#6072,#6073));
#6071=ORIENTED_EDGE('',*,*,#6074,.T.);
#6072=ORIENTED_EDGE('',*,*,#6075,.T.);
#6073=ORIENTED_EDGE('',*,*,#6076,.T.);
#6074=EDGE_CURVE('',#545,#159,#6077,.F.);
#6075=EDGE_CURVE('',#159,#345,#6078,.T.);
#6076=EDGE_CURVE('',#345,#545,#6079,.T.);
#6077=LINE('',#544,#6080);
#6078=LINE('',#158,#6081);
#6079=LINE('',#344,#6082);
#6080=VECTOR('',#6083,1.0);
#6081=VECTOR('',#6084,1.0);
#6082=VECTOR('',#6085,1.0);
#6083=DIRECTION('',(0.12527442118047283,0,-0.9921221292753717));
#6084=DIRECTION('',(-0.10659407491981016,0,0.9943026215353099));
#6085=DIRECTION('',(-0.9801867750519246,0,-0.19807545535302362));
#6086=FACE_SURFACE('',(#6091),#6087,.T.);
#6087=PLANE('',#6088);
#6088=AXIS2_PLACEMENT_3D('',#546,#6089,#6090);
#6089=DIRECTION('',(0,-1,0));
#6090=DIRECTION('',(0.14387509350872124,0,-0.9895958556238282));
#6091=FACE_BOUND('',#6092,.T.);
#6092=EDGE_LOOP('',(#6093,#6094,#6095));
#6093=ORIENTED_EDGE('',*,*,#6096,.T.);
#6094=ORIENTED_EDGE('',*,*,#6097,.T.);
#6095=ORIENTED_EDGE('',*,*,#6098,.T.);
#6096=EDGE_CURVE('',#547,#159,#6099,.F.);
#6097=EDGE_CURVE('',#159,#545,#6100,.T.);
#6098=EDGE_CURVE('',#545,#547,#6101,.T.);
#6099=LINE('',#546,#6102);
#6100=LINE('',#158,#6103);
#6101=LINE('',#544,#6104);
#6102=VECTOR('',#6105,1.0);
#6103=VECTOR('',#6106,1.0);
#6104=VECTOR('',#6107,1.0);
#6105=DIRECTION('',(0.14387509350872124,0,-0.9895958556238282));
#6106=DIRECTION('',(-0.12527442118047283,0,0.9921221292753717));
#6107=DIRECTION('',(-0.9981318798508337,0,-0.0610962390449761));
#6108=FACE_SURFACE('',(#6113),#6109,.T.);
#6109=PLANE('',#6110);
#6110=AXIS2_PLACEMENT_3D('',#548,#6111,#6112);
#6111=DIRECTION('',(0,-1,0));
#6112=DIRECTION('',(0.16200046170298815,0,-0.9867906821651787));
#6113=FACE_BOUND('',#6114,.T.);
#6114=EDGE_LOOP('',(#6115,#6116,#6117));
#6115=ORIENTED_EDGE('',*,*,#6118,.T.);
#6116=ORIENTED_EDGE('',*,*,#6119,.T.);
#6117=ORIENTED_EDGE('',*,*,#6120,.T.);
#6118=EDGE_CURVE('',#549,#159,#6121,.F.);
#6119=EDGE_CURVE('',#159,#547,#6122,.T.);
#6120=EDGE_CURVE('',#547,#549,#6123,.T.);
#6121=LINE('',#548,#6124);
#6122=LINE('',#158,#6125);
#6123=LINE('',#546,#6126);
#6124=VECTOR('',#6127,1.0);
#6125=VECTOR('',#6128,1.0);
#6126=VECTOR('',#6129,1.0);
#6127=DIRECTION('',(0.16200046170298815,0,-0.9867906821651787));
#6128=DIRECTION('',(-0.14387509350872124,0,0.9895958556238282));
#6129=DIRECTION('',(-0.9981318798508337,0,0.0610962390449761));
#6130=FACE_SURFACE('',(#6135),#6131,.T.);
#6131=PLANE('',#6132);
#6132=AXIS2_PLACEMENT_3D('',#516,#6133,#6134);
#6133=DIRECTION('',(0,-1,0));
#6134=DIRECTION('',(0.17919404189292598,0,-0.9838137503359445));
#6135=FACE_BOUND('',#6136,.T.);
#6136=EDGE_LOOP('',(#6137,#6138,#6139));
#6137=ORIENTED_EDGE('',*,*,#6140,.T.);
#6138=ORIENTED_EDGE('',*,*,#6141,.T.);
#6139=ORIENTED_EDGE('',*,*,#6142,.T.);
#6140=EDGE_CURVE('',#517,#159,#6143,.F.);
#6141=EDGE_CURVE('',#159,#549,#6144,.T.);
#6142=EDGE_CURVE('',#549,#517,#6145,.T.);
#6143=LINE('',#516,#6146);
#6144=LINE('',#158,#6147);
#6145=LINE('',#548,#6148);
#6146=VECTOR('',#6149,1.0);
#6147=VECTOR('',#6150,1.0);
#6148=VECTOR('',#6151,1.0);
#6149=DIRECTION('',(0.17919404189292598,0,-0.9838137503359445));
#6150=DIRECTION('',(-0.16200046170298815,0,0.9867906821651787));
#6151=DIRECTION('',(-0.9801867750519246,0,0.19807545535302362));
#6152=FACE_SURFACE('',(#6157),#6153,.T.);
#6153=PLANE('',#6154);
#6154=AXIS2_PLACEMENT_3D('',#226,#6155,#6156);
#6155=DIRECTION('',(0,-1,-0));
#6156=DIRECTION('',(-0.5239381387261854,0,-0.8517563189012103));
#6157=FACE_BOUND('',#6158,.T.);
#6158=EDGE_LOOP('',(#6159,#6160,#6161));
#6159=ORIENTED_EDGE('',*,*,#6162,.T.);
#6160=ORIENTED_EDGE('',*,*,#6163,.T.);
#6161=ORIENTED_EDGE('',*,*,#6164,.T.);
#6162=EDGE_CURVE('',#227,#91,#6165,.F.);
#6163=EDGE_CURVE('',#91,#517,#6166,.T.);
#6164=EDGE_CURVE('',#517,#227,#6167,.T.);
#6165=LINE('',#226,#6168);
#6166=LINE('',#90,#6169);
#6167=LINE('',#516,#6170);
#6168=VECTOR('',#6171,1.0);
#6169=VECTOR('',#6172,1.0);
#6170=VECTOR('',#6173,1.0);
#6171=DIRECTION('',(-0.5239381387261854,0,-0.8517563189012103));
#6172=DIRECTION('',(0.5371225596577703,0,0.8435042121451944));
#6173=DIRECTION('',(-0.947145432411413,0,0.3208045041176908));
#6174=FACE_SURFACE('',(#6179),#6175,.T.);
#6175=PLANE('',#6176);
#6176=AXIS2_PLACEMENT_3D('',#90,#6177,#6178);
#6177=DIRECTION('',(0,-1,0));
#6178=DIRECTION('',(0.971855624148549,0,-0.2355772608101944));
#6179=FACE_BOUND('',#6180,.T.);
#6180=EDGE_LOOP('',(#6181,#6182,#6183));
#6181=ORIENTED_EDGE('',*,*,#6184,.T.);
#6182=ORIENTED_EDGE('',*,*,#6185,.T.);
#6183=ORIENTED_EDGE('',*,*,#6186,.T.);
#6184=EDGE_CURVE('',#91,#519,#6187,.F.);
#6185=EDGE_CURVE('',#519,#517,#6188,.T.);
#6186=EDGE_CURVE('',#517,#91,#6189,.T.);
#6187=LINE('',#90,#6190);
#6188=LINE('',#518,#6191);
#6189=LINE('',#516,#6192);
#6190=VECTOR('',#6193,1.0);
#6191=VECTOR('',#6194,1.0);
#6192=VECTOR('',#6195,1.0);
#6193=DIRECTION('',(0.971855624148549,0,-0.2355772608101944));
#6194=DIRECTION('',(0.044318473536599866,0,0.9990174537531292));
#6195=DIRECTION('',(-0.5371225596577703,0,-0.8435042121451944));
#6196=FACE_SURFACE('',(#6201),#6197,.T.);
#6197=PLANE('',#6198);
#6198=AXIS2_PLACEMENT_3D('',#232,#6199,#6200);
#6199=DIRECTION('',(0,-1,-0));
#6200=DIRECTION('',(-0.4827892887870926,0,-0.875736548644884));
#6201=FACE_BOUND('',#6202,.T.);
#6202=EDGE_LOOP('',(#6203,#6204,#6205));
#6203=ORIENTED_EDGE('',*,*,#6206,.T.);
#6204=ORIENTED_EDGE('',*,*,#6207,.T.);
#6205=ORIENTED_EDGE('',*,*,#6208,.T.);
#6206=EDGE_CURVE('',#233,#91,#6209,.F.);
#6207=EDGE_CURVE('',#91,#229,#6210,.T.);
#6208=EDGE_CURVE('',#229,#233,#6211,.T.);
#6209=LINE('',#232,#6212);
#6210=LINE('',#90,#6213);
#6211=LINE('',#228,#6214);
#6212=VECTOR('',#6215,1.0);
#6213=VECTOR('',#6216,1.0);
#6214=VECTOR('',#6217,1.0);
#6215=DIRECTION('',(-0.4827892887870926,0,-0.875736548644884));
#6216=DIRECTION('',(0.4964112484594827,0,0.868087479694816));
#6217=DIRECTION('',(-0.7490896858123527,0,0.6624685974516457));
#6218=FACE_SURFACE('',(#6223),#6219,.T.);
#6219=PLANE('',#6220);
#6220=AXIS2_PLACEMENT_3D('',#230,#6221,#6222);
#6221=DIRECTION('',(-0,-1,0));
#6222=DIRECTION('',(-0.5535284008098762,0,0.8328303005395884));
#6223=FACE_BOUND('',#6224,.T.);
#6224=EDGE_LOOP('',(#6225,#6226,#6227));
#6225=ORIENTED_EDGE('',*,*,#6228,.T.);
#6226=ORIENTED_EDGE('',*,*,#6229,.T.);
#6227=ORIENTED_EDGE('',*,*,#6230,.T.);
#6228=EDGE_CURVE('',#231,#243,#6231,.F.);
#6229=EDGE_CURVE('',#243,#91,#6232,.T.);
#6230=EDGE_CURVE('',#91,#231,#6233,.T.);
#6231=LINE('',#230,#6234);
#6232=LINE('',#242,#6235);
#6233=LINE('',#90,#6236);
#6234=VECTOR('',#6237,1.0);
#6235=VECTOR('',#6238,1.0);
#6236=VECTOR('',#6239,1.0);
#6237=DIRECTION('',(-0.5535284008098762,0,0.8328303005395884));
#6238=DIRECTION('',(-0.45732800563005593,0,-0.8892980913430747));
#6239=DIRECTION('',(0.46964789995260675,0,0.8828538101351244));
#6240=FACE_SURFACE('',(#6245),#6241,.T.);
#6241=PLANE('',#6242);
#6242=AXIS2_PLACEMENT_3D('',#550,#6243,#6244);
#6243=DIRECTION('',(-0,-1,0));
#6244=DIRECTION('',(-0.9470654060829435,0,0.3210406774864349));
#6245=FACE_BOUND('',#6246,.T.);
#6246=EDGE_LOOP('',(#6247,#6248,#6249));
#6247=ORIENTED_EDGE('',*,*,#6250,.T.);
#6248=ORIENTED_EDGE('',*,*,#6251,.T.);
#6249=ORIENTED_EDGE('',*,*,#6252,.T.);
#6250=EDGE_CURVE('',#551,#177,#6253,.F.);
#6251=EDGE_CURVE('',#177,#159,#6254,.T.);
#6252=EDGE_CURVE('',#159,#551,#6255,.T.);
#6253=LINE('',#550,#6256);
#6254=LINE('',#176,#6257);
#6255=LINE('',#158,#6258);
#6256=VECTOR('',#6259,1.0);
#6257=VECTOR('',#6260,1.0);
#6258=VECTOR('',#6261,1.0);
#6259=DIRECTION('',(-0.9470654060829435,0,0.3210406774864349));
#6260=DIRECTION('',(-0.8567846511213688,0,-0.5156743755538318));
#6261=DIRECTION('',(0.8759200242111034,0,0.4824563308590946));
#6262=FACE_SURFACE('',(#6267),#6263,.T.);
#6263=PLANE('',#6264);
#6264=AXIS2_PLACEMENT_3D('',#552,#6265,#6266);
#6265=DIRECTION('',(0,1,0));
#6266=DIRECTION('',(0.9808153178704683,0,-0.19493925266772844));
#6267=FACE_BOUND('',#6268,.T.);
#6268=EDGE_LOOP('',(#6269,#6270,#6271));
#6269=ORIENTED_EDGE('',*,*,#6272,.T.);
#6270=ORIENTED_EDGE('',*,*,#6273,.T.);
#6271=ORIENTED_EDGE('',*,*,#6274,.T.);
#6272=EDGE_CURVE('',#553,#555,#6275,.F.);
#6273=EDGE_CURVE('',#555,#251,#6276,.T.);
#6274=EDGE_CURVE('',#251,#553,#6277,.T.);
#6275=LINE('',#552,#6278);
#6276=LINE('',#554,#6279);
#6277=LINE('',#250,#6280);
#6278=VECTOR('',#6281,1.0);
#6279=VECTOR('',#6282,1.0);
#6280=VECTOR('',#6283,1.0);
#6281=DIRECTION('',(0.9808153178704683,0,-0.19493925266772844));
#6282=DIRECTION('',(-0.9996378292997717,0,-0.026911154431580823));
#6283=DIRECTION('',(0.9844587854780759,0,0.1756157729107261));
#6284=FACE_SURFACE('',(#6289),#6285,.T.);
#6285=PLANE('',#6286);
#6286=AXIS2_PLACEMENT_3D('',#556,#6287,#6288);
#6287=DIRECTION('',(0,1,0));
#6288=DIRECTION('',(-0.9856215471159079,0,0.1689679432935257));
#6289=FACE_BOUND('',#6290,.T.);
#6290=EDGE_LOOP('',(#6291,#6292,#6293));
#6291=ORIENTED_EDGE('',*,*,#6294,.T.);
#6292=ORIENTED_EDGE('',*,*,#6295,.T.);
#6293=ORIENTED_EDGE('',*,*,#6296,.T.);
#6294=EDGE_CURVE('',#557,#251,#6297,.F.);
#6295=EDGE_CURVE('',#251,#555,#6298,.T.);
#6296=EDGE_CURVE('',#555,#557,#6299,.T.);
#6297=LINE('',#556,#6300);
#6298=LINE('',#250,#6301);
#6299=LINE('',#554,#6302);
#6300=VECTOR('',#6303,1.0);
#6301=VECTOR('',#6304,1.0);
#6302=VECTOR('',#6305,1.0);
#6303=DIRECTION('',(-0.9856215471159079,0,0.1689679432935257));
#6304=DIRECTION('',(0.9996378292997717,0,0.026911154431580823));
#6305=DIRECTION('',(0.977512476353001,0,-0.21087759144637364));
#6306=FACE_SURFACE('',(#6311),#6307,.T.);
#6307=PLANE('',#6308);
#6308=AXIS2_PLACEMENT_3D('',#556,#6309,#6310);
#6309=DIRECTION('',(0,1,0));
#6310=DIRECTION('',(-0.977512476353001,0,0.21087759144637364));
#6311=FACE_BOUND('',#6312,.T.);
#6312=EDGE_LOOP('',(#6313,#6314,#6315));
#6313=ORIENTED_EDGE('',*,*,#6316,.T.);
#6314=ORIENTED_EDGE('',*,*,#6317,.T.);
#6315=ORIENTED_EDGE('',*,*,#6318,.T.);
#6316=EDGE_CURVE('',#557,#555,#6319,.F.);
#6317=EDGE_CURVE('',#555,#559,#6320,.T.);
#6318=EDGE_CURVE('',#559,#557,#6321,.T.);
#6319=LINE('',#556,#6322);
#6320=LINE('',#554,#6323);
#6321=LINE('',#558,#6324);
#6322=VECTOR('',#6325,1.0);
#6323=VECTOR('',#6326,1.0);
#6324=VECTOR('',#6327,1.0);
#6325=DIRECTION('',(-0.977512476353001,0,0.21087759144637364));
#6326=DIRECTION('',(0.9978355945409558,0,-0.06575808898604908));
#6327=DIRECTION('',(0.9743911956946198,0,-0.22485950669875843));
#6328=FACE_SURFACE('',(#6333),#6329,.T.);
#6329=PLANE('',#6330);
#6330=AXIS2_PLACEMENT_3D('',#558,#6331,#6332);
#6331=DIRECTION('',(-0,1,0));
#6332=DIRECTION('',(0.9978355945409558,0,0.06575808898604908));
#6333=FACE_BOUND('',#6334,.T.);
#6334=EDGE_LOOP('',(#6335,#6336,#6337));
#6335=ORIENTED_EDGE('',*,*,#6338,.T.);
#6336=ORIENTED_EDGE('',*,*,#6339,.T.);
#6337=ORIENTED_EDGE('',*,*,#6340,.T.);
#6338=EDGE_CURVE('',#559,#561,#6341,.F.);
#6339=EDGE_CURVE('',#561,#557,#6342,.T.);
#6340=EDGE_CURVE('',#557,#559,#6343,.T.);
#6341=LINE('',#558,#6344);
#6342=LINE('',#560,#6345);
#6343=LINE('',#556,#6346);
#6344=VECTOR('',#6347,1.0);
#6345=VECTOR('',#6348,1.0);
#6346=VECTOR('',#6349,1.0);
#6347=DIRECTION('',(0.9978355945409558,0,0.06575808898604908));
#6348=DIRECTION('',(0.9669040323088948,0,-0.25514033845082185));
#6349=DIRECTION('',(-0.9743911956946198,0,0.22485950669875843));
#6350=FACE_SURFACE('',(#6355),#6351,.T.);
#6351=PLANE('',#6352);
#6352=AXIS2_PLACEMENT_3D('',#250,#6353,#6354);
#6353=DIRECTION('',(0,1,0));
#6354=DIRECTION('',(0.9856215471159079,0,-0.1689679432935257));
#6355=FACE_BOUND('',#6356,.T.);
#6356=EDGE_LOOP('',(#6357,#6358,#6359));
#6357=ORIENTED_EDGE('',*,*,#6360,.T.);
#6358=ORIENTED_EDGE('',*,*,#6361,.T.);
#6359=ORIENTED_EDGE('',*,*,#6362,.T.);
#6360=EDGE_CURVE('',#251,#557,#6363,.F.);
#6361=EDGE_CURVE('',#557,#97,#6364,.T.);
#6362=EDGE_CURVE('',#97,#251,#6365,.T.);
#6363=LINE('',#250,#6366);
#6364=LINE('',#556,#6367);
#6365=LINE('',#96,#6368);
#6366=VECTOR('',#6369,1.0);
#6367=VECTOR('',#6370,1.0);
#6368=VECTOR('',#6371,1.0);
#6369=DIRECTION('',(0.9856215471159079,0,-0.1689679432935257));
#6370=DIRECTION('',(-1,0,0));
#6371=DIRECTION('',(0.9916007286020876,0,0.1293367505228466));
#6372=FACE_SURFACE('',(#6377),#6373,.T.);
#6373=PLANE('',#6374);
#6374=AXIS2_PLACEMENT_3D('',#154,#6375,#6376);
#6375=DIRECTION('',(0.4426200581179801,0,0.8967092528526934));
#6376=DIRECTION('',(-0.039062885775689817,0.9990507042525633,0.019281630826588732));
#6377=FACE_BOUND('',#6378,.T.);
#6378=EDGE_LOOP('',(#6379,#6380,#6381));
#6379=ORIENTED_EDGE('',*,*,#6382,.T.);
#6380=ORIENTED_EDGE('',*,*,#6383,.T.);
#6381=ORIENTED_EDGE('',*,*,#6384,.T.);
#6382=EDGE_CURVE('',#155,#563,#6385,.F.);
#6383=EDGE_CURVE('',#563,#551,#6386,.T.);
#6384=EDGE_CURVE('',#551,#155,#6387,.T.);
#6385=LINE('',#154,#6388);
#6386=LINE('',#562,#6389);
#6387=LINE('',#550,#6390);
#6388=VECTOR('',#6391,1.0);
#6389=VECTOR('',#6392,1.0);
#6390=VECTOR('',#6393,1.0);
#6391=DIRECTION('',(-0.039062885775689817,0.9990507042525633,0.019281630826588732));
#6392=DIRECTION('',(0,-1,0));
#6393=DIRECTION('',(0.8967092528526935,0,-0.44262005811798016));
#6394=FACE_SURFACE('',(#6399),#6395,.T.);
#6395=PLANE('',#6396);
#6396=AXIS2_PLACEMENT_3D('',#562,#6397,#6398);
#6397=DIRECTION('',(0.3210406774864349,0,0.9470654060829435));
#6398=DIRECTION('',(-0.04126078078454198,-0.9990505083053626,0.01398677317491261));
#6399=FACE_BOUND('',#6400,.T.);
#6400=EDGE_LOOP('',(#6401,#6402,#6403));
#6401=ORIENTED_EDGE('',*,*,#6404,.T.);
#6402=ORIENTED_EDGE('',*,*,#6405,.T.);
#6403=ORIENTED_EDGE('',*,*,#6406,.T.);
#6404=EDGE_CURVE('',#563,#177,#6407,.F.);
#6405=EDGE_CURVE('',#177,#551,#6408,.T.);
#6406=EDGE_CURVE('',#551,#563,#6409,.T.);
#6407=LINE('',#562,#6410);
#6408=LINE('',#176,#6411);
#6409=LINE('',#550,#6412);
#6410=VECTOR('',#6413,1.0);
#6411=VECTOR('',#6414,1.0);
#6412=VECTOR('',#6415,1.0);
#6413=DIRECTION('',(-0.04126078078454198,-0.9990505083053626,0.01398677317491261));
#6414=DIRECTION('',(0.9470654060829435,0,-0.3210406774864349));
#6415=DIRECTION('',(0,1,0));
#6416=FACE_SURFACE('',(#6421),#6417,.T.);
#6417=PLANE('',#6418);
#6418=AXIS2_PLACEMENT_3D('',#564,#6419,#6420);
#6419=DIRECTION('',(0,-1,0));
#6420=DIRECTION('',(0.8425541527212657,0,0.5386116409177861));
#6421=FACE_BOUND('',#6422,.T.);
#6422=EDGE_LOOP('',(#6423,#6424,#6425));
#6423=ORIENTED_EDGE('',*,*,#6426,.T.);
#6424=ORIENTED_EDGE('',*,*,#6427,.T.);
#6425=ORIENTED_EDGE('',*,*,#6428,.T.);
#6426=EDGE_CURVE('',#565,#551,#6429,.F.);
#6427=EDGE_CURVE('',#551,#567,#6430,.T.);
#6428=EDGE_CURVE('',#567,#565,#6431,.T.);
#6429=LINE('',#564,#6432);
#6430=LINE('',#550,#6433);
#6431=LINE('',#566,#6434);
#6432=VECTOR('',#6435,1.0);
#6433=VECTOR('',#6436,1.0);
#6434=VECTOR('',#6437,1.0);
#6435=DIRECTION('',(0.8425541527212657,0,0.5386116409177861));
#6436=DIRECTION('',(-0.8463960921818058,0,-0.5325538988115366));
#6437=DIRECTION('',(0.44313637568124387,0,-0.8964542110716484));
#6438=FACE_SURFACE('',(#6443),#6439,.T.);
#6439=PLANE('',#6440);
#6440=AXIS2_PLACEMENT_3D('',#568,#6441,#6442);
#6441=DIRECTION('',(0,1,0));
#6442=DIRECTION('',(-0.5535284008098762,0,-0.8328303005395884));
#6443=FACE_BOUND('',#6444,.T.);
#6444=EDGE_LOOP('',(#6445,#6446,#6447));
#6445=ORIENTED_EDGE('',*,*,#6448,.T.);
#6446=ORIENTED_EDGE('',*,*,#6449,.T.);
#6447=ORIENTED_EDGE('',*,*,#6450,.T.);
#6448=EDGE_CURVE('',#569,#473,#6451,.F.);
#6449=EDGE_CURVE('',#473,#471,#6452,.T.);
#6450=EDGE_CURVE('',#471,#569,#6453,.T.);
#6451=LINE('',#568,#6454);
#6452=LINE('',#472,#6455);
#6453=LINE('',#470,#6456);
#6454=VECTOR('',#6457,1.0);
#6455=VECTOR('',#6458,1.0);
#6456=VECTOR('',#6459,1.0);
#6457=DIRECTION('',(-0.5535284008098762,0,-0.8328303005395884));
#6458=DIRECTION('',(-0.9020075811162328,0,0.4317201913379113));
#6459=DIRECTION('',(0.9100012618428245,0,-0.41460547927453545));
#6460=FACE_SURFACE('',(#6465),#6461,.T.);
#6461=PLANE('',#6462);
#6462=AXIS2_PLACEMENT_3D('',#176,#6463,#6464);
#6463=DIRECTION('',(0.19494065536813387,0,0.9808150390795619));
#6464=DIRECTION('',(-0.0427260734407671,0.9990507340210733,0.008491966809222753));
#6465=FACE_BOUND('',#6466,.T.);
#6466=EDGE_LOOP('',(#6467,#6468,#6469));
#6467=ORIENTED_EDGE('',*,*,#6470,.T.);
#6468=ORIENTED_EDGE('',*,*,#6471,.T.);
#6469=ORIENTED_EDGE('',*,*,#6472,.T.);
#6470=EDGE_CURVE('',#177,#571,#6473,.F.);
#6471=EDGE_CURVE('',#571,#163,#6474,.T.);
#6472=EDGE_CURVE('',#163,#177,#6475,.T.);
#6473=LINE('',#176,#6476);
#6474=LINE('',#570,#6477);
#6475=LINE('',#162,#6478);
#6476=VECTOR('',#6479,1.0);
#6477=VECTOR('',#6480,1.0);
#6478=VECTOR('',#6481,1.0);
#6479=DIRECTION('',(-0.0427260734407671,0.9990507340210733,0.008491966809222753));
#6480=DIRECTION('',(0,-1,0));
#6481=DIRECTION('',(0.9808150390795618,0,-0.19494065536813387));
#6482=FACE_SURFACE('',(#6487),#6483,.T.);
#6483=PLANE('',#6484);
#6484=AXIS2_PLACEMENT_3D('',#572,#6485,#6486);
#6485=DIRECTION('',(-0,1,0));
#6486=DIRECTION('',(0.9470658493629662,0,0.32103936981374026));
#6487=FACE_BOUND('',#6488,.T.);
#6488=EDGE_LOOP('',(#6489,#6490,#6491));
#6489=ORIENTED_EDGE('',*,*,#6492,.T.);
#6490=ORIENTED_EDGE('',*,*,#6493,.T.);
#6491=ORIENTED_EDGE('',*,*,#6494,.T.);
#6492=EDGE_CURVE('',#573,#575,#6495,.F.);
#6493=EDGE_CURVE('',#575,#557,#6496,.T.);
#6494=EDGE_CURVE('',#557,#573,#6497,.T.);
#6495=LINE('',#572,#6498);
#6496=LINE('',#574,#6499);
#6497=LINE('',#556,#6500);
#6498=VECTOR('',#6501,1.0);
#6499=VECTOR('',#6502,1.0);
#6500=VECTOR('',#6503,1.0);
#6501=DIRECTION('',(0.9470658493629662,0,0.32103936981374026));
#6502=DIRECTION('',(0.9252494396715846,0,-0.3793592945841961));
#6503=DIRECTION('',(-0.9521806945043739,0,0.3055354725938842));
#6504=FACE_SURFACE('',(#6509),#6505,.T.);
#6505=PLANE('',#6506);
#6506=AXIS2_PLACEMENT_3D('',#560,#6507,#6508);
#6507=DIRECTION('',(-0,1,0));
#6508=DIRECTION('',(0.9808153178704683,0,0.19493925266772844));
#6509=FACE_BOUND('',#6510,.T.);
#6510=EDGE_LOOP('',(#6511,#6512,#6513));
#6511=ORIENTED_EDGE('',*,*,#6514,.T.);
#6512=ORIENTED_EDGE('',*,*,#6515,.T.);
#6513=ORIENTED_EDGE('',*,*,#6516,.T.);
#6514=EDGE_CURVE('',#561,#573,#6517,.F.);
#6515=EDGE_CURVE('',#573,#557,#6518,.T.);
#6516=EDGE_CURVE('',#557,#561,#6519,.T.);
#6517=LINE('',#560,#6520);
#6518=LINE('',#572,#6521);
#6519=LINE('',#556,#6522);
#6520=VECTOR('',#6523,1.0);
#6521=VECTOR('',#6524,1.0);
#6522=VECTOR('',#6525,1.0);
#6523=DIRECTION('',(0.9808153178704683,0,0.19493925266772844));
#6524=DIRECTION('',(0.9521806945043739,0,-0.3055354725938842));
#6525=DIRECTION('',(-0.9669040323088948,0,0.25514033845082185));
#6526=FACE_SURFACE('',(#6531),#6527,.T.);
#6527=PLANE('',#6528);
#6528=AXIS2_PLACEMENT_3D('',#158,#6529,#6530);
#6529=DIRECTION('',(-0,-1,0));
#6530=DIRECTION('',(-0.17919404189292598,0,0.9838137503359445));
#6531=FACE_BOUND('',#6532,.T.);
#6532=EDGE_LOOP('',(#6533,#6534,#6535));
#6533=ORIENTED_EDGE('',*,*,#6536,.T.);
#6534=ORIENTED_EDGE('',*,*,#6537,.T.);
#6535=ORIENTED_EDGE('',*,*,#6538,.T.);
#6536=EDGE_CURVE('',#159,#517,#6539,.F.);
#6537=EDGE_CURVE('',#517,#533,#6540,.T.);
#6538=EDGE_CURVE('',#533,#159,#6541,.T.);
#6539=LINE('',#158,#6542);
#6540=LINE('',#516,#6543);
#6541=LINE('',#532,#6544);
#6542=VECTOR('',#6545,1.0);
#6543=VECTOR('',#6546,1.0);
#6544=VECTOR('',#6547,1.0);
#6545=DIRECTION('',(-0.17919404189292598,0,0.9838137503359445));
#6546=DIRECTION('',(0.05054514443886399,0,-0.9987217772601408));
#6547=DIRECTION('',(0.7428418681754294,0,0.6694669214275175));
#6548=FACE_SURFACE('',(#6553),#6549,.T.);
#6549=PLANE('',#6550);
#6550=AXIS2_PLACEMENT_3D('',#576,#6551,#6552);
#6551=DIRECTION('',(0,-1,0));
#6552=DIRECTION('',(0.5868536736708468,0,0.8096930070706002));
#6553=FACE_BOUND('',#6554,.T.);
#6554=EDGE_LOOP('',(#6555,#6556,#6557));
#6555=ORIENTED_EDGE('',*,*,#6558,.T.);
#6556=ORIENTED_EDGE('',*,*,#6559,.T.);
#6557=ORIENTED_EDGE('',*,*,#6560,.T.);
#6558=EDGE_CURVE('',#577,#159,#6561,.F.);
#6559=EDGE_CURVE('',#159,#579,#6562,.T.);
#6560=EDGE_CURVE('',#579,#577,#6563,.T.);
#6561=LINE('',#576,#6564);
#6562=LINE('',#158,#6565);
#6563=LINE('',#578,#6566);
#6564=VECTOR('',#6567,1.0);
#6565=VECTOR('',#6568,1.0);
#6566=VECTOR('',#6569,1.0);
#6567=DIRECTION('',(0.5868536736708468,0,0.8096930070706002));
#6568=DIRECTION('',(-0.6751754504241286,0,-0.7376571772473818));
#6569=DIRECTION('',(0.947145432411413,0,-0.3208045041176908));
#6570=FACE_SURFACE('',(#6575),#6571,.T.);
#6571=PLANE('',#6572);
#6572=AXIS2_PLACEMENT_3D('',#532,#6573,#6574);
#6573=DIRECTION('',(0,-1,0));
#6574=DIRECTION('',(0.9801886557104992,0,-0.19806614858790147));
#6575=FACE_BOUND('',#6576,.T.);
#6576=EDGE_LOOP('',(#6577,#6578,#6579));
#6577=ORIENTED_EDGE('',*,*,#6580,.T.);
#6578=ORIENTED_EDGE('',*,*,#6581,.T.);
#6579=ORIENTED_EDGE('',*,*,#6582,.T.);
#6580=EDGE_CURVE('',#533,#579,#6583,.F.);
#6581=EDGE_CURVE('',#579,#159,#6584,.T.);
#6582=EDGE_CURVE('',#159,#533,#6585,.T.);
#6583=LINE('',#532,#6586);
#6584=LINE('',#578,#6587);
#6585=LINE('',#158,#6588);
#6586=VECTOR('',#6589,1.0);
#6587=VECTOR('',#6590,1.0);
#6588=VECTOR('',#6591,1.0);
#6589=DIRECTION('',(0.9801886557104992,0,-0.19806614858790147));
#6590=DIRECTION('',(0.6751754504241286,0,0.7376571772473818));
#6591=DIRECTION('',(-0.7428418681754294,0,-0.6694669214275175));
#6592=FACE_SURFACE('',(#6597),#6593,.T.);
#6593=PLANE('',#6594);
#6594=AXIS2_PLACEMENT_3D('',#158,#6595,#6596);
#6595=DIRECTION('',(0,-1,0));
#6596=DIRECTION('',(-0.5868536736708468,0,-0.8096930070706002));
#6597=FACE_BOUND('',#6598,.T.);
#6598=EDGE_LOOP('',(#6599,#6600,#6601));
#6599=ORIENTED_EDGE('',*,*,#6602,.T.);
#6600=ORIENTED_EDGE('',*,*,#6603,.T.);
#6601=ORIENTED_EDGE('',*,*,#6604,.T.);
#6602=EDGE_CURVE('',#159,#577,#6605,.F.);
#6603=EDGE_CURVE('',#577,#543,#6606,.T.);
#6604=EDGE_CURVE('',#543,#159,#6607,.T.);
#6605=LINE('',#158,#6608);
#6606=LINE('',#576,#6609);
#6607=LINE('',#542,#6610);
#6608=VECTOR('',#6611,1.0);
#6609=VECTOR('',#6612,1.0);
#6610=VECTOR('',#6613,1.0);
#6611=DIRECTION('',(-0.5868536736708468,0,-0.8096930070706002));
#6612=DIRECTION('',(0.8964542110716484,0,-0.44313637568124387));
#6613=DIRECTION('',(0.48177186696341273,0,0.8762966781875803));
#6614=FACE_SURFACE('',(#6619),#6615,.T.);
#6615=PLANE('',#6616);
#6616=AXIS2_PLACEMENT_3D('',#540,#6617,#6618);
#6617=DIRECTION('',(0,-1,0));
#6618=DIRECTION('',(0.7490945091601733,0,-0.6624631433869201));
#6619=FACE_BOUND('',#6620,.T.);
#6620=EDGE_LOOP('',(#6621,#6622,#6623));
#6621=ORIENTED_EDGE('',*,*,#6624,.T.);
#6622=ORIENTED_EDGE('',*,*,#6625,.T.);
#6623=ORIENTED_EDGE('',*,*,#6626,.T.);
#6624=EDGE_CURVE('',#541,#581,#6627,.F.);
#6625=EDGE_CURVE('',#581,#159,#6628,.T.);
#6626=EDGE_CURVE('',#159,#541,#6629,.T.);
#6627=LINE('',#540,#6630);
#6628=LINE('',#580,#6631);
#6629=LINE('',#158,#6632);
#6630=VECTOR('',#6633,1.0);
#6631=VECTOR('',#6634,1.0);
#6632=VECTOR('',#6635,1.0);
#6633=DIRECTION('',(0.7490945091601733,0,-0.6624631433869201));
#6634=DIRECTION('',(0.2643886435091237,0,0.9644162198881795));
#6635=DIRECTION('',(-0.36976086953285264,0,-0.9291269554599677));
#6636=FACE_SURFACE('',(#6641),#6637,.T.);
#6637=PLANE('',#6638);
#6638=AXIS2_PLACEMENT_3D('',#158,#6639,#6640);
#6639=DIRECTION('',(0,-1,0));
#6640=DIRECTION('',(-0.2643886435091237,0,-0.9644162198881795));
#6641=FACE_BOUND('',#6642,.T.);
#6642=EDGE_LOOP('',(#6643,#6644,#6645));
#6643=ORIENTED_EDGE('',*,*,#6646,.T.);
#6644=ORIENTED_EDGE('',*,*,#6647,.T.);
#6645=ORIENTED_EDGE('',*,*,#6648,.T.);
#6646=EDGE_CURVE('',#159,#581,#6649,.F.);
#6647=EDGE_CURVE('',#581,#333,#6650,.T.);
#6648=EDGE_CURVE('',#333,#159,#6651,.T.);
#6649=LINE('',#158,#6652);
#6650=LINE('',#580,#6653);
#6651=LINE('',#332,#6654);
#6652=VECTOR('',#6655,1.0);
#6653=VECTOR('',#6656,1.0);
#6654=VECTOR('',#6657,1.0);
#6655=DIRECTION('',(-0.2643886435091237,0,-0.9644162198881795));
#6656=DIRECTION('',(0.6624631433869201,0,-0.7490945091601733));
#6657=DIRECTION('',(0.17423505243372364,0,0.9847040908330876));
#6658=FACE_SURFACE('',(#6663),#6659,.T.);
#6659=PLANE('',#6660);
#6660=AXIS2_PLACEMENT_3D('',#582,#6661,#6662);
#6661=DIRECTION('',(0,-1,0));
#6662=DIRECTION('',(0.9978074433456018,0,0.06618388024370983));
#6663=FACE_BOUND('',#6664,.T.);
#6664=EDGE_LOOP('',(#6665,#6666,#6667));
#6665=ORIENTED_EDGE('',*,*,#6668,.T.);
#6666=ORIENTED_EDGE('',*,*,#6669,.T.);
#6667=ORIENTED_EDGE('',*,*,#6670,.T.);
#6668=EDGE_CURVE('',#583,#531,#6671,.F.);
#6669=EDGE_CURVE('',#531,#517,#6672,.T.);
#6670=EDGE_CURVE('',#517,#583,#6673,.T.);
#6671=LINE('',#582,#6674);
#6672=LINE('',#530,#6675);
#6673=LINE('',#516,#6676);
#6674=VECTOR('',#6677,1.0);
#6675=VECTOR('',#6678,1.0);
#6676=VECTOR('',#6679,1.0);
#6677=DIRECTION('',(0.9978074433456018,0,0.06618388024370983));
#6678=DIRECTION('',(-0.03367221243742316,0,0.9994329302707456));
#6679=DIRECTION('',(0.016694687728320858,0,-0.9998606339893845));
#6680=FACE_SURFACE('',(#6685),#6681,.T.);
#6681=PLANE('',#6682);
#6682=AXIS2_PLACEMENT_3D('',#570,#6683,#6684);
#6683=DIRECTION('',(0.06575663688571144,0,0.9978356902343596));
#6684=DIRECTION('',(-0.04345872191243138,-0.9990511186017303,0.0028638977581987263));
#6685=FACE_BOUND('',#6686,.T.);
#6686=EDGE_LOOP('',(#6687,#6688,#6689));
#6687=ORIENTED_EDGE('',*,*,#6690,.T.);
#6688=ORIENTED_EDGE('',*,*,#6691,.T.);
#6689=ORIENTED_EDGE('',*,*,#6692,.T.);
#6690=EDGE_CURVE('',#571,#161,#6693,.F.);
#6691=EDGE_CURVE('',#161,#163,#6694,.T.);
#6692=EDGE_CURVE('',#163,#571,#6695,.T.);
#6693=LINE('',#570,#6696);
#6694=LINE('',#160,#6697);
#6695=LINE('',#162,#6698);
#6696=VECTOR('',#6699,1.0);
#6697=VECTOR('',#6700,1.0);
#6698=VECTOR('',#6701,1.0);
#6699=DIRECTION('',(-0.04345872191243138,-0.9990511186017303,0.0028638977581987263));
#6700=DIRECTION('',(0.9978356902343596,0,-0.06575663688571143));
#6701=DIRECTION('',(0,1,0));
#6702=FACE_SURFACE('',(#6707),#6703,.T.);
#6703=PLANE('',#6704);
#6704=AXIS2_PLACEMENT_3D('',#584,#6705,#6706);
#6705=DIRECTION('',(0.06575663688571144,0,0.9978356902343596));
#6706=DIRECTION('',(0,-1,0));
#6707=FACE_BOUND('',#6708,.T.);
#6708=EDGE_LOOP('',(#6709,#6710,#6711));
#6709=ORIENTED_EDGE('',*,*,#6712,.T.);
#6710=ORIENTED_EDGE('',*,*,#6713,.T.);
#6711=ORIENTED_EDGE('',*,*,#6714,.T.);
#6712=EDGE_CURVE('',#585,#161,#6715,.F.);
#6713=EDGE_CURVE('',#161,#571,#6716,.T.);
#6714=EDGE_CURVE('',#571,#585,#6717,.T.);
#6715=LINE('',#584,#6718);
#6716=LINE('',#160,#6719);
#6717=LINE('',#570,#6720);
#6718=VECTOR('',#6721,1.0);
#6719=VECTOR('',#6722,1.0);
#6720=VECTOR('',#6723,1.0);
#6721=DIRECTION('',(0,-1,0));
#6722=DIRECTION('',(0.04345872191243138,0.9990511186017303,-0.0028638977581987263));
#6723=DIRECTION('',(-0.9978356902343596,0,0.06575663688571143));
#6724=FACE_SURFACE('',(#6729),#6725,.T.);
#6725=PLANE('',#6726);
#6726=AXIS2_PLACEMENT_3D('',#148,#6727,#6728);
#6727=DIRECTION('',(0,-1,0));
#6728=DIRECTION('',(0.4968500147325502,0,0.8678364263271418));
#6729=FACE_BOUND('',#6730,.T.);
#6730=EDGE_LOOP('',(#6731,#6732,#6733));
#6731=ORIENTED_EDGE('',*,*,#6734,.T.);
#6732=ORIENTED_EDGE('',*,*,#6735,.T.);
#6733=ORIENTED_EDGE('',*,*,#6736,.T.);
#6734=EDGE_CURVE('',#149,#155,#6737,.F.);
#6735=EDGE_CURVE('',#155,#551,#6738,.T.);
#6736=EDGE_CURVE('',#551,#149,#6739,.T.);
#6737=LINE('',#148,#6740);
#6738=LINE('',#154,#6741);
#6739=LINE('',#550,#6742);
#6740=VECTOR('',#6743,1.0);
#6741=VECTOR('',#6744,1.0);
#6742=VECTOR('',#6745,1.0);
#6743=DIRECTION('',(0.4968500147325502,0,0.8678364263271418));
#6744=DIRECTION('',(-0.8967092528526935,0,0.44262005811798016));
#6745=DIRECTION('',(-0.4346678287349969,0,-0.9005908497552056));
#6746=FACE_SURFACE('',(#6751),#6747,.T.);
#6747=PLANE('',#6748);
#6748=AXIS2_PLACEMENT_3D('',#574,#6749,#6750);
#6749=DIRECTION('',(-0,1,0));
#6750=DIRECTION('',(0.8967086741350511,0,0.4426212305470208));
#6751=FACE_BOUND('',#6752,.T.);
#6752=EDGE_LOOP('',(#6753,#6754,#6755));
#6753=ORIENTED_EDGE('',*,*,#6756,.T.);
#6754=ORIENTED_EDGE('',*,*,#6757,.T.);
#6755=ORIENTED_EDGE('',*,*,#6758,.T.);
#6756=EDGE_CURVE('',#575,#587,#6759,.F.);
#6757=EDGE_CURVE('',#587,#557,#6760,.T.);
#6758=EDGE_CURVE('',#557,#575,#6761,.T.);
#6759=LINE('',#574,#6762);
#6760=LINE('',#586,#6763);
#6761=LINE('',#556,#6764);
#6762=VECTOR('',#6765,1.0);
#6763=VECTOR('',#6766,1.0);
#6764=VECTOR('',#6767,1.0);
#6765=DIRECTION('',(0.8967086741350511,0,0.4426212305470208));
#6766=DIRECTION('',(0.878985017258559,0,-0.47684938862807696));
#6767=DIRECTION('',(-0.9252494396715846,0,0.3793592945841961));
#6768=FACE_SURFACE('',(#6773),#6769,.T.);
#6769=PLANE('',#6770);
#6770=AXIS2_PLACEMENT_3D('',#588,#6771,#6772);
#6771=DIRECTION('',(-0,1,0));
#6772=DIRECTION('',(0.7514862095509921,0,0.6597487982972629));
#6773=FACE_BOUND('',#6774,.T.);
#6774=EDGE_LOOP('',(#6775,#6776,#6777));
#6775=ORIENTED_EDGE('',*,*,#6778,.T.);
#6776=ORIENTED_EDGE('',*,*,#6779,.T.);
#6777=ORIENTED_EDGE('',*,*,#6780,.T.);
#6778=EDGE_CURVE('',#589,#591,#6781,.F.);
#6779=EDGE_CURVE('',#591,#557,#6782,.T.);
#6780=EDGE_CURVE('',#557,#589,#6783,.T.);
#6781=LINE('',#588,#6784);
#6782=LINE('',#590,#6785);
#6783=LINE('',#556,#6786);
#6784=VECTOR('',#6787,1.0);
#6785=VECTOR('',#6788,1.0);
#6786=VECTOR('',#6789,1.0);
#6787=DIRECTION('',(0.7514862095509921,0,0.6597487982972629));
#6788=DIRECTION('',(0.707106724317804,0,-0.7071068380552864));
#6789=DIRECTION('',(-0.8065607874314089,0,0.5911511618681177));
#6790=FACE_SURFACE('',(#6795),#6791,.T.);
#6791=PLANE('',#6792);
#6792=AXIS2_PLACEMENT_3D('',#586,#6793,#6794);
#6793=DIRECTION('',(-0,1,0));
#6794=DIRECTION('',(0.8318149947404431,0,0.5550529835294616));
#6795=FACE_BOUND('',#6796,.T.);
#6796=EDGE_LOOP('',(#6797,#6798,#6799));
#6797=ORIENTED_EDGE('',*,*,#6800,.T.);
#6798=ORIENTED_EDGE('',*,*,#6801,.T.);
#6799=ORIENTED_EDGE('',*,*,#6802,.T.);
#6800=EDGE_CURVE('',#587,#589,#6803,.F.);
#6801=EDGE_CURVE('',#589,#557,#6804,.T.);
#6802=EDGE_CURVE('',#557,#587,#6805,.T.);
#6803=LINE('',#586,#6806);
#6804=LINE('',#588,#6807);
#6805=LINE('',#556,#6808);
#6806=VECTOR('',#6809,1.0);
#6807=VECTOR('',#6810,1.0);
#6808=VECTOR('',#6811,1.0);
#6809=DIRECTION('',(0.8318149947404431,0,0.5550529835294616));
#6810=DIRECTION('',(0.8065607874314089,0,-0.5911511618681177));
#6811=DIRECTION('',(-0.878985017258559,0,0.47684938862807696));
#6812=FACE_SURFACE('',(#6817),#6813,.T.);
#6813=PLANE('',#6814);
#6814=AXIS2_PLACEMENT_3D('',#590,#6815,#6816);
#6815=DIRECTION('',(-0,1,0));
#6816=DIRECTION('',(0.6597485673027674,0,0.751486412346854));
#6817=FACE_BOUND('',#6818,.T.);
#6818=EDGE_LOOP('',(#6819,#6820,#6821));
#6819=ORIENTED_EDGE('',*,*,#6822,.T.);
#6820=ORIENTED_EDGE('',*,*,#6823,.T.);
#6821=ORIENTED_EDGE('',*,*,#6824,.T.);
#6822=EDGE_CURVE('',#591,#593,#6825,.F.);
#6823=EDGE_CURVE('',#593,#557,#6826,.T.);
#6824=EDGE_CURVE('',#557,#591,#6827,.T.);
#6825=LINE('',#590,#6828);
#6826=LINE('',#592,#6829);
#6827=LINE('',#556,#6830);
#6828=VECTOR('',#6831,1.0);
#6829=VECTOR('',#6832,1.0);
#6830=VECTOR('',#6833,1.0);
#6831=DIRECTION('',(0.6597485673027674,0,0.751486412346854));
#6832=DIRECTION('',(0.5911511353380051,0,-0.8065608068760765));
#6833=DIRECTION('',(-0.707106724317804,0,0.7071068380552864));
#6834=FACE_SURFACE('',(#6839),#6835,.T.);
#6835=PLANE('',#6836);
#6836=AXIS2_PLACEMENT_3D('',#566,#6837,#6838);
#6837=DIRECTION('',(0,-1,0));
#6838=DIRECTION('',(0.8463960921818058,0,0.5325538988115366));
#6839=FACE_BOUND('',#6840,.T.);
#6840=EDGE_LOOP('',(#6841,#6842,#6843));
#6841=ORIENTED_EDGE('',*,*,#6844,.T.);
#6842=ORIENTED_EDGE('',*,*,#6845,.T.);
#6843=ORIENTED_EDGE('',*,*,#6846,.T.);
#6844=EDGE_CURVE('',#567,#551,#6847,.F.);
#6845=EDGE_CURVE('',#551,#333,#6848,.T.);
#6846=EDGE_CURVE('',#333,#567,#6849,.T.);
#6847=LINE('',#566,#6850);
#6848=LINE('',#550,#6851);
#6849=LINE('',#332,#6852);
#6850=VECTOR('',#6853,1.0);
#6851=VECTOR('',#6854,1.0);
#6852=VECTOR('',#6855,1.0);
#6853=DIRECTION('',(0.8463960921818058,0,0.5325538988115366));
#6854=DIRECTION('',(-0.8502268130088397,0,-0.5264165332137961));
#6855=DIRECTION('',(0.5535284008098762,0,-0.8328303005395884));
#6856=FACE_SURFACE('',(#6861),#6857,.T.);
#6857=PLANE('',#6858);
#6858=AXIS2_PLACEMENT_3D('',#148,#6859,#6860);
#6859=DIRECTION('',(0,-1,0));
#6860=DIRECTION('',(0.4346678287349969,0,0.9005908497552056));
#6861=FACE_BOUND('',#6862,.T.);
#6862=EDGE_LOOP('',(#6863,#6864,#6865));
#6863=ORIENTED_EDGE('',*,*,#6866,.T.);
#6864=ORIENTED_EDGE('',*,*,#6867,.T.);
#6865=ORIENTED_EDGE('',*,*,#6868,.T.);
#6866=EDGE_CURVE('',#149,#551,#6869,.F.);
#6867=EDGE_CURVE('',#551,#341,#6870,.T.);
#6868=EDGE_CURVE('',#341,#149,#6871,.T.);
#6869=LINE('',#148,#6872);
#6870=LINE('',#550,#6873);
#6871=LINE('',#340,#6874);
#6872=VECTOR('',#6875,1.0);
#6873=VECTOR('',#6876,1.0);
#6874=VECTOR('',#6877,1.0);
#6875=DIRECTION('',(0.4346678287349969,0,0.9005908497552056));
#6876=DIRECTION('',(-0.83876852039619,0,-0.5444881717653619));
#6877=DIRECTION('',(0.9919316667122265,0,-0.12677369038370806));
#6878=FACE_SURFACE('',(#6883),#6879,.T.);
#6879=PLANE('',#6880);
#6880=AXIS2_PLACEMENT_3D('',#342,#6881,#6882);
#6881=DIRECTION('',(0,-1,-0));
#6882=DIRECTION('',(-0.06111559296346774,0,-0.9981306949977663));
#6883=FACE_BOUND('',#6884,.T.);
#6884=EDGE_LOOP('',(#6885,#6886,#6887));
#6885=ORIENTED_EDGE('',*,*,#6888,.T.);
#6886=ORIENTED_EDGE('',*,*,#6889,.T.);
#6887=ORIENTED_EDGE('',*,*,#6890,.T.);
#6888=EDGE_CURVE('',#343,#351,#6891,.F.);
#6889=EDGE_CURVE('',#351,#149,#6892,.T.);
#6890=EDGE_CURVE('',#149,#343,#6893,.T.);
#6891=LINE('',#342,#6894);
#6892=LINE('',#350,#6895);
#6893=LINE('',#148,#6896);
#6894=VECTOR('',#6897,1.0);
#6895=VECTOR('',#6898,1.0);
#6896=VECTOR('',#6899,1.0);
#6897=DIRECTION('',(-0.06111559296346774,0,-0.9981306949977663));
#6898=DIRECTION('',(0.9961066877046759,0,-0.08815592271662344));
#6899=DIRECTION('',(-0.9948517818033639,0,0.10134067417711402));
#6900=FACE_SURFACE('',(#6905),#6901,.T.);
#6901=PLANE('',#6902);
#6902=AXIS2_PLACEMENT_3D('',#366,#6903,#6904);
#6903=DIRECTION('',(0,-1,0));
#6904=DIRECTION('',(0.999240741518309,0,-0.03896075576705456));
#6905=FACE_BOUND('',#6906,.T.);
#6906=EDGE_LOOP('',(#6907,#6908,#6909));
#6907=ORIENTED_EDGE('',*,*,#6910,.T.);
#6908=ORIENTED_EDGE('',*,*,#6911,.T.);
#6909=ORIENTED_EDGE('',*,*,#6912,.T.);
#6910=EDGE_CURVE('',#367,#149,#6913,.F.);
#6911=EDGE_CURVE('',#149,#361,#6914,.T.);
#6912=EDGE_CURVE('',#361,#367,#6915,.T.);
#6913=LINE('',#366,#6916);
#6914=LINE('',#148,#6917);
#6915=LINE('',#360,#6918);
#6916=VECTOR('',#6919,1.0);
#6917=VECTOR('',#6920,1.0);
#6918=VECTOR('',#6921,1.0);
#6919=DIRECTION('',(0.999240741518309,0,-0.03896075576705456));
#6920=DIRECTION('',(-0.998739972346233,0,0.05018433657871381));
#6921=DIRECTION('',(-0.5535284008098762,0,-0.8328303005395884));
#6922=FACE_SURFACE('',(#6927),#6923,.T.);
#6923=PLANE('',#6924);
#6924=AXIS2_PLACEMENT_3D('',#396,#6925,#6926);
#6925=DIRECTION('',(0,-1,-0));
#6926=DIRECTION('',(-0.8964542110716484,0,-0.44313637568124387));
#6927=FACE_BOUND('',#6928,.T.);
#6928=EDGE_LOOP('',(#6929,#6930,#6931));
#6929=ORIENTED_EDGE('',*,*,#6932,.T.);
#6930=ORIENTED_EDGE('',*,*,#6933,.T.);
#6931=ORIENTED_EDGE('',*,*,#6934,.T.);
#6932=EDGE_CURVE('',#397,#395,#6935,.F.);
#6933=EDGE_CURVE('',#395,#149,#6936,.T.);
#6934=EDGE_CURVE('',#149,#397,#6937,.T.);
#6935=LINE('',#396,#6938);
#6936=LINE('',#394,#6939);
#6937=LINE('',#148,#6940);
#6938=VECTOR('',#6941,1.0);
#6939=VECTOR('',#6942,1.0);
#6940=VECTOR('',#6943,1.0);
#6941=DIRECTION('',(-0.8964542110716484,0,-0.44313637568124387));
#6942=DIRECTION('',(0.9999735444924299,0,-0.007273947707132528));
#6943=DIRECTION('',(-0.999915885864494,0,0.012970011404170843));
#6944=FACE_SURFACE('',(#6949),#6945,.T.);
#6945=PLANE('',#6946);
#6946=AXIS2_PLACEMENT_3D('',#564,#6947,#6948);
#6947=DIRECTION('',(0,-1,0));
#6948=DIRECTION('',(0.3208045041176908,0,-0.947145432411413));
#6949=FACE_BOUND('',#6950,.T.);
#6950=EDGE_LOOP('',(#6951,#6952,#6953));
#6951=ORIENTED_EDGE('',*,*,#6954,.T.);
#6952=ORIENTED_EDGE('',*,*,#6955,.T.);
#6953=ORIENTED_EDGE('',*,*,#6956,.T.);
#6954=EDGE_CURVE('',#565,#341,#6957,.F.);
#6955=EDGE_CURVE('',#341,#551,#6958,.T.);
#6956=EDGE_CURVE('',#551,#565,#6959,.T.);
#6957=LINE('',#564,#6960);
#6958=LINE('',#340,#6961);
#6959=LINE('',#550,#6962);
#6960=VECTOR('',#6963,1.0);
#6961=VECTOR('',#6964,1.0);
#6962=VECTOR('',#6965,1.0);
#6963=DIRECTION('',(0.3208045041176908,0,-0.947145432411413));
#6964=DIRECTION('',(0.83876852039619,0,0.5444881717653619));
#6965=DIRECTION('',(-0.8425541527212657,0,-0.5386116409177861));
#6966=FACE_SURFACE('',(#6971),#6967,.T.);
#6967=PLANE('',#6968);
#6968=AXIS2_PLACEMENT_3D('',#158,#6969,#6970);
#6969=DIRECTION('',(0,-1,-0));
#6970=DIRECTION('',(-0.17423505243372364,0,-0.9847040908330876));
#6971=FACE_BOUND('',#6972,.T.);
#6972=EDGE_LOOP('',(#6973,#6974,#6975));
#6973=ORIENTED_EDGE('',*,*,#6976,.T.);
#6974=ORIENTED_EDGE('',*,*,#6977,.T.);
#6975=ORIENTED_EDGE('',*,*,#6978,.T.);
#6976=EDGE_CURVE('',#159,#333,#6979,.F.);
#6977=EDGE_CURVE('',#333,#551,#6980,.T.);
#6978=EDGE_CURVE('',#551,#159,#6981,.T.);
#6979=LINE('',#158,#6982);
#6980=LINE('',#332,#6983);
#6981=LINE('',#550,#6984);
#6982=VECTOR('',#6985,1.0);
#6983=VECTOR('',#6986,1.0);
#6984=VECTOR('',#6987,1.0);
#6985=DIRECTION('',(-0.17423505243372364,0,-0.9847040908330876));
#6986=DIRECTION('',(0.8502268130088397,0,0.5264165332137961));
#6987=DIRECTION('',(-0.8759200242111034,0,-0.4824563308590946));
#6988=FACE_SURFACE('',(#6993),#6989,.T.);
#6989=PLANE('',#6990);
#6990=AXIS2_PLACEMENT_3D('',#592,#6991,#6992);
#6991=DIRECTION('',(-0,1,0));
#6992=DIRECTION('',(0.5550531518469728,0,0.831814882425616));
#6993=FACE_BOUND('',#6994,.T.);
#6994=EDGE_LOOP('',(#6995,#6996,#6997));
#6995=ORIENTED_EDGE('',*,*,#6998,.T.);
#6996=ORIENTED_EDGE('',*,*,#6999,.T.);
#6997=ORIENTED_EDGE('',*,*,#7000,.T.);
#6998=EDGE_CURVE('',#593,#475,#7001,.F.);
#6999=EDGE_CURVE('',#475,#557,#7002,.T.);
#7000=EDGE_CURVE('',#557,#593,#7003,.T.);
#7001=LINE('',#592,#7004);
#7002=LINE('',#474,#7005);
#7003=LINE('',#556,#7006);
#7004=VECTOR('',#7007,1.0);
#7005=VECTOR('',#7008,1.0);
#7006=VECTOR('',#7009,1.0);
#7007=DIRECTION('',(0.5550531518469728,0,0.831814882425616));
#7008=DIRECTION('',(0.47684938862807696,0,-0.878985017258559));
#7009=DIRECTION('',(-0.5911511353380051,0,0.8065608068760765));
#7010=FACE_SURFACE('',(#7015),#7011,.T.);
#7011=PLANE('',#7012);
#7012=AXIS2_PLACEMENT_3D('',#148,#7013,#7014);
#7013=DIRECTION('',(-0,-1,0));
#7014=DIRECTION('',(-0.9999948284553297,0,0.003216063213856177));
#7015=FACE_BOUND('',#7016,.T.);
#7016=EDGE_LOOP('',(#7017,#7018,#7019));
#7017=ORIENTED_EDGE('',*,*,#7020,.T.);
#7018=ORIENTED_EDGE('',*,*,#7021,.T.);
#7019=ORIENTED_EDGE('',*,*,#7022,.T.);
#7020=EDGE_CURVE('',#149,#393,#7023,.F.);
#7021=EDGE_CURVE('',#393,#95,#7024,.T.);
#7022=EDGE_CURVE('',#95,#149,#7025,.T.);
#7023=LINE('',#148,#7026);
#7024=LINE('',#392,#7027);
#7025=LINE('',#94,#7028);
#7026=VECTOR('',#7029,1.0);
#7027=VECTOR('',#7030,1.0);
#7028=VECTOR('',#7031,1.0);
#7029=DIRECTION('',(-0.9999948284553297,0,0.003216063213856177));
#7030=DIRECTION('',(-0.7996232522856197,0,-0.6005020019984681));
#7031=DIRECTION('',(0.9731541139489817,0,0.23015444923827202));
#7032=FACE_SURFACE('',(#7037),#7033,.T.);
#7033=PLANE('',#7034);
#7034=AXIS2_PLACEMENT_3D('',#594,#7035,#7036);
#7035=DIRECTION('',(0,-1,-0));
#7036=DIRECTION('',(-0.777133170614987,0,-0.6293361860960304));
#7037=FACE_BOUND('',#7038,.T.);
#7038=EDGE_LOOP('',(#7039,#7040,#7041));
#7039=ORIENTED_EDGE('',*,*,#7042,.T.);
#7040=ORIENTED_EDGE('',*,*,#7043,.T.);
#7041=ORIENTED_EDGE('',*,*,#7044,.T.);
#7042=EDGE_CURVE('',#595,#95,#7045,.F.);
#7043=EDGE_CURVE('',#95,#329,#7046,.T.);
#7044=EDGE_CURVE('',#329,#595,#7047,.T.);
#7045=LINE('',#594,#7048);
#7046=LINE('',#94,#7049);
#7047=LINE('',#328,#7050);
#7048=VECTOR('',#7051,1.0);
#7049=VECTOR('',#7052,1.0);
#7050=VECTOR('',#7053,1.0);
#7051=DIRECTION('',(-0.777133170614987,0,-0.6293361860960304));
#7052=DIRECTION('',(0.7864275278113617,0,0.6176825588443549));
#7053=DIRECTION('',(-0.9981306949977663,0,0.06111559296346774));
#7054=FACE_SURFACE('',(#7059),#7055,.T.);
#7055=PLANE('',#7056);
#7056=AXIS2_PLACEMENT_3D('',#594,#7057,#7058);
#7057=DIRECTION('',(-0,-1,0));
#7058=DIRECTION('',(-0.9801886557104992,0,0.19806614858790147));
#7059=FACE_BOUND('',#7060,.T.);
#7060=EDGE_LOOP('',(#7061,#7062,#7063));
#7061=ORIENTED_EDGE('',*,*,#7064,.T.);
#7062=ORIENTED_EDGE('',*,*,#7065,.T.);
#7063=ORIENTED_EDGE('',*,*,#7066,.T.);
#7064=EDGE_CURVE('',#595,#263,#7067,.F.);
#7065=EDGE_CURVE('',#263,#95,#7068,.T.);
#7066=EDGE_CURVE('',#95,#595,#7069,.T.);
#7067=LINE('',#594,#7070);
#7068=LINE('',#262,#7071);
#7069=LINE('',#94,#7072);
#7070=VECTOR('',#7073,1.0);
#7071=VECTOR('',#7074,1.0);
#7072=VECTOR('',#7075,1.0);
#7073=DIRECTION('',(-0.9801886557104992,0,0.19806614858790147));
#7074=DIRECTION('',(-0.7659467611061856,0,-0.6429040046157309));
#7075=DIRECTION('',(0.777133170614987,0,0.6293361860960304));
#7076=FACE_SURFACE('',(#7081),#7077,.T.);
#7077=PLANE('',#7078);
#7078=AXIS2_PLACEMENT_3D('',#44,#7079,#7080);
#7079=DIRECTION('',(0,0,1));
#7080=DIRECTION('',(-1,0,0));
#7081=FACE_BOUND('',#7082,.T.);
#7082=EDGE_LOOP('',(#7083,#7084,#7085));
#7083=ORIENTED_EDGE('',*,*,#7086,.T.);
#7084=ORIENTED_EDGE('',*,*,#7087,.T.);
#7085=ORIENTED_EDGE('',*,*,#7088,.T.);
#7086=EDGE_CURVE('',#45,#511,#7089,.F.);
#7087=EDGE_CURVE('',#511,#597,#7090,.T.);
#7088=EDGE_CURVE('',#597,#45,#7091,.T.);
#7089=LINE('',#44,#7092);
#7090=LINE('',#510,#7093);
#7091=LINE('',#596,#7094);
#7092=VECTOR('',#7095,1.0);
#7093=VECTOR('',#7096,1.0);
#7094=VECTOR('',#7097,1.0);
#7095=DIRECTION('',(-1,0,0));
#7096=DIRECTION('',(0.585994303748076,-0.8103151707667873,0));
#7097=DIRECTION('',(0,1,0));
#7098=FACE_SURFACE('',(#7103),#7099,.T.);
#7099=PLANE('',#7100);
#7100=AXIS2_PLACEMENT_3D('',#90,#7101,#7102);
#7101=DIRECTION('',(0,-1,0));
#7102=DIRECTION('',(0.4279427625438881,0,0.9038058375482566));
#7103=FACE_BOUND('',#7104,.T.);
#7104=EDGE_LOOP('',(#7105,#7106,#7107));
#7105=ORIENTED_EDGE('',*,*,#7108,.T.);
#7106=ORIENTED_EDGE('',*,*,#7109,.T.);
#7107=ORIENTED_EDGE('',*,*,#7110,.T.);
#7108=EDGE_CURVE('',#91,#245,#7111,.F.);
#7109=EDGE_CURVE('',#245,#93,#7112,.T.);
#7110=EDGE_CURVE('',#93,#91,#7113,.T.);
#7111=LINE('',#90,#7114);
#7112=LINE('',#244,#7115);
#7113=LINE('',#92,#7116);
#7114=VECTOR('',#7117,1.0);
#7115=VECTOR('',#7118,1.0);
#7116=VECTOR('',#7119,1.0);
#7117=DIRECTION('',(0.4279427625438881,0,0.9038058375482566));
#7118=DIRECTION('',(-0.5821373590228253,0,0.8130904594385119));
#7119=DIRECTION('',(0,0,-1));
#7120=FACE_SURFACE('',(#7125),#7121,.T.);
#7121=PLANE('',#7122);
#7122=AXIS2_PLACEMENT_3D('',#92,#7123,#7124);
#7123=DIRECTION('',(0,-1,0));
#7124=DIRECTION('',(0.5911538269293432,0,-0.8065588341260619));
#7125=FACE_BOUND('',#7126,.T.);
#7126=EDGE_LOOP('',(#7127,#7128,#7129));
#7127=ORIENTED_EDGE('',*,*,#7130,.T.);
#7128=ORIENTED_EDGE('',*,*,#7131,.T.);
#7129=ORIENTED_EDGE('',*,*,#7132,.T.);
#7130=EDGE_CURVE('',#93,#247,#7133,.F.);
#7131=EDGE_CURVE('',#247,#599,#7134,.T.);
#7132=EDGE_CURVE('',#599,#93,#7135,.T.);
#7133=LINE('',#92,#7136);
#7134=LINE('',#246,#7137);
#7135=LINE('',#598,#7138);
#7136=VECTOR('',#7139,1.0);
#7137=VECTOR('',#7140,1.0);
#7138=VECTOR('',#7141,1.0);
#7139=DIRECTION('',(0.5911538269293432,0,-0.8065588341260619));
#7140=DIRECTION('',(0.06618388024370983,0,0.9978074433456018));
#7141=DIRECTION('',(-0.6022360606299163,0,0.7983180614748483));
#7142=FACE_SURFACE('',(#7147),#7143,.T.);
#7143=PLANE('',#7144);
#7144=AXIS2_PLACEMENT_3D('',#92,#7145,#7146);
#7145=DIRECTION('',(0,-1,0));
#7146=DIRECTION('',(0.6022360606299163,0,-0.7983180614748483));
#7147=FACE_BOUND('',#7148,.T.);
#7148=EDGE_LOOP('',(#7149,#7150,#7151));
#7149=ORIENTED_EDGE('',*,*,#7152,.T.);
#7150=ORIENTED_EDGE('',*,*,#7153,.T.);
#7151=ORIENTED_EDGE('',*,*,#7154,.T.);
#7152=EDGE_CURVE('',#93,#599,#7155,.F.);
#7153=EDGE_CURVE('',#599,#601,#7156,.T.);
#7154=EDGE_CURVE('',#601,#93,#7157,.T.);
#7155=LINE('',#92,#7158);
#7156=LINE('',#598,#7159);
#7157=LINE('',#600,#7160);
#7158=VECTOR('',#7161,1.0);
#7159=VECTOR('',#7162,1.0);
#7160=VECTOR('',#7163,1.0);
#7161=DIRECTION('',(0.6022360606299163,0,-0.7983180614748483));
#7162=DIRECTION('',(0.19806614858790147,0,0.9801886557104992));
#7163=DIRECTION('',(-0.6151985768634928,0,0.7883721906721045));
#7164=FACE_SURFACE('',(#7169),#7165,.T.);
#7165=PLANE('',#7166);
#7166=AXIS2_PLACEMENT_3D('',#424,#7167,#7168);
#7167=DIRECTION('',(-0,-1,0));
#7168=DIRECTION('',(-0.6296080262229756,0,0.7769129509253972));
#7169=FACE_BOUND('',#7170,.T.);
#7170=EDGE_LOOP('',(#7171,#7172,#7173));
#7171=ORIENTED_EDGE('',*,*,#7174,.T.);
#7172=ORIENTED_EDGE('',*,*,#7175,.T.);
#7173=ORIENTED_EDGE('',*,*,#7176,.T.);
#7174=EDGE_CURVE('',#425,#93,#7177,.F.);
#7175=EDGE_CURVE('',#93,#601,#7178,.T.);
#7176=EDGE_CURVE('',#601,#425,#7179,.T.);
#7177=LINE('',#424,#7180);
#7178=LINE('',#92,#7181);
#7179=LINE('',#600,#7182);
#7180=VECTOR('',#7183,1.0);
#7181=VECTOR('',#7184,1.0);
#7182=VECTOR('',#7185,1.0);
#7183=DIRECTION('',(-0.6296080262229756,0,0.7769129509253972));
#7184=DIRECTION('',(0.6151985768634928,0,-0.7883721906721045));
#7185=DIRECTION('',(0.3208045041176908,0,0.947145432411413));
#7186=FACE_SURFACE('',(#7191),#7187,.T.);
#7187=PLANE('',#7188);
#7188=AXIS2_PLACEMENT_3D('',#410,#7189,#7190);
#7189=DIRECTION('',(0,-1,0));
#7190=DIRECTION('',(0.8328392308114582,0,0.5535149642253394));
#7191=FACE_BOUND('',#7192,.T.);
#7192=EDGE_LOOP('',(#7193,#7194,#7195));
#7193=ORIENTED_EDGE('',*,*,#7196,.T.);
#7194=ORIENTED_EDGE('',*,*,#7197,.T.);
#7195=ORIENTED_EDGE('',*,*,#7198,.T.);
#7196=EDGE_CURVE('',#411,#429,#7199,.F.);
#7197=EDGE_CURVE('',#429,#93,#7200,.T.);
#7198=EDGE_CURVE('',#93,#411,#7201,.T.);
#7199=LINE('',#410,#7202);
#7200=LINE('',#428,#7203);
#7201=LINE('',#92,#7204);
#7202=VECTOR('',#7205,1.0);
#7203=VECTOR('',#7206,1.0);
#7204=VECTOR('',#7207,1.0);
#7205=DIRECTION('',(0.8328392308114582,0,0.5535149642253394));
#7206=DIRECTION('',(-0.7099412530761916,0,0.7042609013573073));
#7207=DIRECTION('',(0.6942707156365394,0,-0.7197139524905207));
#7208=FACE_SURFACE('',(#7213),#7209,.T.);
#7209=PLANE('',#7210);
#7210=AXIS2_PLACEMENT_3D('',#602,#7211,#7212);
#7211=DIRECTION('',(0,-1,0));
#7212=DIRECTION('',(0.9801867750519246,0,0.19807545535302362));
#7213=FACE_BOUND('',#7214,.T.);
#7214=EDGE_LOOP('',(#7215,#7216,#7217));
#7215=ORIENTED_EDGE('',*,*,#7218,.T.);
#7216=ORIENTED_EDGE('',*,*,#7219,.T.);
#7217=ORIENTED_EDGE('',*,*,#7220,.T.);
#7218=EDGE_CURVE('',#603,#439,#7221,.F.);
#7219=EDGE_CURVE('',#439,#93,#7222,.T.);
#7220=EDGE_CURVE('',#93,#603,#7223,.T.);
#7221=LINE('',#602,#7224);
#7222=LINE('',#438,#7225);
#7223=LINE('',#92,#7226);
#7224=VECTOR('',#7227,1.0);
#7225=VECTOR('',#7228,1.0);
#7226=VECTOR('',#7229,1.0);
#7227=DIRECTION('',(0.9801867750519246,0,0.19807545535302362));
#7228=DIRECTION('',(-0.7494842757978325,0,0.6620221448953191));
#7229=DIRECTION('',(0.7377699502492109,0,-0.6750522205794727));
#7230=FACE_SURFACE('',(#7235),#7231,.T.);
#7231=PLANE('',#7232);
#7232=AXIS2_PLACEMENT_3D('',#426,#7233,#7234);
#7233=DIRECTION('',(0,-1,0));
#7234=DIRECTION('',(0.947145432411413,0,0.3208045041176908));
#7235=FACE_BOUND('',#7236,.T.);
#7236=EDGE_LOOP('',(#7237,#7238,#7239));
#7237=ORIENTED_EDGE('',*,*,#7240,.T.);
#7238=ORIENTED_EDGE('',*,*,#7241,.T.);
#7239=ORIENTED_EDGE('',*,*,#7242,.T.);
#7240=EDGE_CURVE('',#427,#603,#7243,.F.);
#7241=EDGE_CURVE('',#603,#93,#7244,.T.);
#7242=EDGE_CURVE('',#93,#427,#7245,.T.);
#7243=LINE('',#426,#7246);
#7244=LINE('',#602,#7247);
#7245=LINE('',#92,#7248);
#7246=VECTOR('',#7249,1.0);
#7247=VECTOR('',#7250,1.0);
#7248=VECTOR('',#7251,1.0);
#7249=DIRECTION('',(0.947145432411413,0,0.3208045041176908));
#7250=DIRECTION('',(-0.7377699502492109,0,0.6750522205794727));
#7251=DIRECTION('',(0.7245346983632834,0,-0.6892383266096175));
#7252=FACE_SURFACE('',(#7257),#7253,.T.);
#7253=PLANE('',#7254);
#7254=AXIS2_PLACEMENT_3D('',#596,#7255,#7256);
#7255=DIRECTION('',(0,0,1));
#7256=DIRECTION('',(-0.585994303748076,0.8103151707667873,0));
#7257=FACE_BOUND('',#7258,.T.);
#7258=EDGE_LOOP('',(#7259,#7260,#7261));
#7259=ORIENTED_EDGE('',*,*,#7262,.T.);
#7260=ORIENTED_EDGE('',*,*,#7263,.T.);
#7261=ORIENTED_EDGE('',*,*,#7264,.T.);
#7262=EDGE_CURVE('',#597,#511,#7265,.F.);
#7263=EDGE_CURVE('',#511,#179,#7266,.T.);
#7264=EDGE_CURVE('',#179,#597,#7267,.T.);
#7265=LINE('',#596,#7268);
#7266=LINE('',#510,#7269);
#7267=LINE('',#178,#7270);
#7268=VECTOR('',#7271,1.0);
#7269=VECTOR('',#7272,1.0);
#7270=VECTOR('',#7273,1.0);
#7271=DIRECTION('',(-0.585994303748076,0.8103151707667873,0));
#7272=DIRECTION('',(0,-1,0));
#7273=DIRECTION('',(1,0,0));
#7274=FACE_SURFACE('',(#7279),#7275,.T.);
#7275=PLANE('',#7276);
#7276=AXIS2_PLACEMENT_3D('',#492,#7277,#7278);
#7277=DIRECTION('',(0,1,0));
#7278=DIRECTION('',(0.7514862095509921,0,-0.6597487982972629));
#7279=FACE_BOUND('',#7280,.T.);
#7280=EDGE_LOOP('',(#7281,#7282,#7283));
#7281=ORIENTED_EDGE('',*,*,#7284,.T.);
#7282=ORIENTED_EDGE('',*,*,#7285,.T.);
#7283=ORIENTED_EDGE('',*,*,#7286,.T.);
#7284=EDGE_CURVE('',#493,#605,#7287,.F.);
#7285=EDGE_CURVE('',#605,#249,#7288,.T.);
#7286=EDGE_CURVE('',#249,#493,#7289,.T.);
#7287=LINE('',#492,#7290);
#7288=LINE('',#604,#7291);
#7289=LINE('',#248,#7292);
#7290=VECTOR('',#7293,1.0);
#7291=VECTOR('',#7294,1.0);
#7292=VECTOR('',#7295,1.0);
#7293=DIRECTION('',(0.7514862095509921,0,-0.6597487982972629));
#7294=DIRECTION('',(-0.997873559585747,0,0.06517943755258054));
#7295=DIRECTION('',(0.9999997352614569,0,-0.0007276517133732494));
#7296=FACE_SURFACE('',(#7301),#7297,.T.);
#7297=PLANE('',#7298);
#7298=AXIS2_PLACEMENT_3D('',#286,#7299,#7300);
#7299=DIRECTION('',(-0,-1,0));
#7300=DIRECTION('',(-0.3208045041176908,0,0.947145432411413));
#7301=FACE_BOUND('',#7302,.T.);
#7302=EDGE_LOOP('',(#7303,#7304,#7305));
#7303=ORIENTED_EDGE('',*,*,#7306,.T.);
#7304=ORIENTED_EDGE('',*,*,#7307,.T.);
#7305=ORIENTED_EDGE('',*,*,#7308,.T.);
#7306=EDGE_CURVE('',#287,#291,#7309,.F.);
#7307=EDGE_CURVE('',#291,#95,#7310,.T.);
#7308=EDGE_CURVE('',#95,#287,#7311,.T.);
#7309=LINE('',#286,#7312);
#7310=LINE('',#290,#7313);
#7311=LINE('',#94,#7314);
#7312=VECTOR('',#7315,1.0);
#7313=VECTOR('',#7316,1.0);
#7314=VECTOR('',#7317,1.0);
#7315=DIRECTION('',(-0.3208045041176908,0,0.947145432411413));
#7316=DIRECTION('',(-0.6429040046157309,0,-0.7659467611061856));
#7317=DIRECTION('',(0.6578487576424695,0,0.7531500594624284));
#7318=FACE_SURFACE('',(#7323),#7319,.T.);
#7319=PLANE('',#7320);
#7320=AXIS2_PLACEMENT_3D('',#90,#7321,#7322);
#7321=DIRECTION('',(0,-1,0));
#7322=DIRECTION('',(0.8996992057990929,0,-0.43651041119826833));
#7323=FACE_BOUND('',#7324,.T.);
#7324=EDGE_LOOP('',(#7325,#7326,#7327));
#7325=ORIENTED_EDGE('',*,*,#7328,.T.);
#7326=ORIENTED_EDGE('',*,*,#7329,.T.);
#7327=ORIENTED_EDGE('',*,*,#7330,.T.);
#7328=EDGE_CURVE('',#91,#305,#7331,.F.);
#7329=EDGE_CURVE('',#305,#607,#7332,.T.);
#7330=EDGE_CURVE('',#607,#91,#7333,.T.);
#7331=LINE('',#90,#7334);
#7332=LINE('',#304,#7335);
#7333=LINE('',#606,#7336);
#7334=VECTOR('',#7337,1.0);
#7335=VECTOR('',#7338,1.0);
#7336=VECTOR('',#7339,1.0);
#7337=DIRECTION('',(0.8996992057990929,0,-0.43651041119826833));
#7338=DIRECTION('',(0.06618388024370983,0,0.9978074433456018));
#7339=DIRECTION('',(-0.9124474664382229,0,0.40919386724444934));
#7340=FACE_SURFACE('',(#7345),#7341,.T.);
#7341=PLANE('',#7342);
#7342=AXIS2_PLACEMENT_3D('',#90,#7343,#7344);
#7343=DIRECTION('',(0,-1,0));
#7344=DIRECTION('',(0.9124474664382229,0,-0.40919386724444934));
#7345=FACE_BOUND('',#7346,.T.);
#7346=EDGE_LOOP('',(#7347,#7348,#7349));
#7347=ORIENTED_EDGE('',*,*,#7350,.T.);
#7348=ORIENTED_EDGE('',*,*,#7351,.T.);
#7349=ORIENTED_EDGE('',*,*,#7352,.T.);
#7350=EDGE_CURVE('',#91,#607,#7353,.F.);
#7351=EDGE_CURVE('',#607,#609,#7354,.T.);
#7352=EDGE_CURVE('',#609,#91,#7355,.T.);
#7353=LINE('',#90,#7356);
#7354=LINE('',#606,#7357);
#7355=LINE('',#608,#7358);
#7356=VECTOR('',#7359,1.0);
#7357=VECTOR('',#7360,1.0);
#7358=VECTOR('',#7361,1.0);
#7359=DIRECTION('',(0.9124474664382229,0,-0.40919386724444934));
#7360=DIRECTION('',(0.19806614858790147,0,0.9801886557104992));
#7361=DIRECTION('',(-0.9250815346118907,0,0.3797685536219518));
#7362=FACE_SURFACE('',(#7367),#7363,.T.);
#7363=PLANE('',#7364);
#7364=AXIS2_PLACEMENT_3D('',#486,#7365,#7366);
#7365=DIRECTION('',(-0,-1,0));
#7366=DIRECTION('',(-0.9370135933717886,0,0.3492928940538134));
#7367=FACE_BOUND('',#7368,.T.);
#7368=EDGE_LOOP('',(#7369,#7370,#7371));
#7369=ORIENTED_EDGE('',*,*,#7372,.T.);
#7370=ORIENTED_EDGE('',*,*,#7373,.T.);
#7371=ORIENTED_EDGE('',*,*,#7374,.T.);
#7372=EDGE_CURVE('',#487,#91,#7375,.F.);
#7373=EDGE_CURVE('',#91,#609,#7376,.T.);
#7374=EDGE_CURVE('',#609,#487,#7377,.T.);
#7375=LINE('',#486,#7378);
#7376=LINE('',#90,#7379);
#7377=LINE('',#608,#7380);
#7378=VECTOR('',#7381,1.0);
#7379=VECTOR('',#7382,1.0);
#7380=VECTOR('',#7383,1.0);
#7381=DIRECTION('',(-0.9370135933717886,0,0.3492928940538134));
#7382=DIRECTION('',(0.9250815346118907,0,-0.3797685536219518));
#7383=DIRECTION('',(0.3208045041176908,0,0.947145432411413));
#7384=FACE_SURFACE('',(#7389),#7385,.T.);
#7385=PLANE('',#7386);
#7386=AXIS2_PLACEMENT_3D('',#610,#7387,#7388);
#7387=DIRECTION('',(-0,-1,0));
#7388=DIRECTION('',(-0.9653578750621225,0,0.26092944076041635));
#7389=FACE_BOUND('',#7390,.T.);
#7390=EDGE_LOOP('',(#7391,#7392,#7393));
#7391=ORIENTED_EDGE('',*,*,#7394,.T.);
#7392=ORIENTED_EDGE('',*,*,#7395,.T.);
#7393=ORIENTED_EDGE('',*,*,#7396,.T.);
#7394=EDGE_CURVE('',#611,#91,#7397,.F.);
#7395=EDGE_CURVE('',#91,#483,#7398,.T.);
#7396=EDGE_CURVE('',#483,#611,#7399,.T.);
#7397=LINE('',#610,#7400);
#7398=LINE('',#90,#7401);
#7399=LINE('',#482,#7402);
#7400=VECTOR('',#7403,1.0);
#7401=VECTOR('',#7404,1.0);
#7402=VECTOR('',#7405,1.0);
#7403=DIRECTION('',(-0.9653578750621225,0,0.26092944076041635));
#7404=DIRECTION('',(0.9573897027295772,0,-0.28879916396584593));
#7405=DIRECTION('',(0.6624631433869201,0,0.7490945091601733));
#7406=FACE_SURFACE('',(#7411),#7407,.T.);
#7407=PLANE('',#7408);
#7408=AXIS2_PLACEMENT_3D('',#518,#7409,#7410);
#7409=DIRECTION('',(-0,-1,0));
#7410=DIRECTION('',(-0.971855624148549,0,0.2355772608101944));
#7411=FACE_BOUND('',#7412,.T.);
#7412=EDGE_LOOP('',(#7413,#7414,#7415));
#7413=ORIENTED_EDGE('',*,*,#7416,.T.);
#7414=ORIENTED_EDGE('',*,*,#7417,.T.);
#7415=ORIENTED_EDGE('',*,*,#7418,.T.);
#7416=EDGE_CURVE('',#519,#91,#7419,.F.);
#7417=EDGE_CURVE('',#91,#611,#7420,.T.);
#7418=EDGE_CURVE('',#611,#519,#7421,.T.);
#7419=LINE('',#518,#7422);
#7420=LINE('',#90,#7423);
#7421=LINE('',#610,#7424);
#7422=VECTOR('',#7425,1.0);
#7423=VECTOR('',#7426,1.0);
#7424=VECTOR('',#7427,1.0);
#7425=DIRECTION('',(-0.971855624148549,0,0.2355772608101944));
#7426=DIRECTION('',(0.9653578750621225,0,-0.26092944076041635));
#7427=DIRECTION('',(0.7490945091601733,0,0.6624631433869201));
#7428=FACE_SURFACE('',(#7433),#7429,.T.);
#7429=PLANE('',#7430);
#7430=AXIS2_PLACEMENT_3D('',#522,#7431,#7432);
#7431=DIRECTION('',(-0,-1,0));
#7432=DIRECTION('',(0.0159486474693149,0,0.9998728122335857));
#7433=FACE_BOUND('',#7434,.T.);
#7434=EDGE_LOOP('',(#7435,#7436,#7437));
#7435=ORIENTED_EDGE('',*,*,#7438,.T.);
#7436=ORIENTED_EDGE('',*,*,#7439,.T.);
#7437=ORIENTED_EDGE('',*,*,#7440,.T.);
#7438=EDGE_CURVE('',#523,#517,#7441,.F.);
#7439=EDGE_CURVE('',#517,#515,#7442,.T.);
#7440=EDGE_CURVE('',#515,#523,#7443,.T.);
#7441=LINE('',#522,#7444);
#7442=LINE('',#516,#7445);
#7443=LINE('',#514,#7446);
#7444=VECTOR('',#7447,1.0);
#7445=VECTOR('',#7448,1.0);
#7446=VECTOR('',#7449,1.0);
#7447=DIRECTION('',(0.0159486474693149,0,0.9998728122335857));
#7448=DIRECTION('',(-0.03079909791794197,0,-0.9995255952537888));
#7449=DIRECTION('',(0.8964542110716484,0,0.44313637568124387));
#7450=FACE_SURFACE('',(#7455),#7451,.T.);
#7451=PLANE('',#7452);
#7452=AXIS2_PLACEMENT_3D('',#582,#7453,#7454);
#7453=DIRECTION('',(-0,-1,0));
#7454=DIRECTION('',(-0.016694687728320858,0,0.9998606339893845));
#7455=FACE_BOUND('',#7456,.T.);
#7456=EDGE_LOOP('',(#7457,#7458,#7459));
#7457=ORIENTED_EDGE('',*,*,#7460,.T.);
#7458=ORIENTED_EDGE('',*,*,#7461,.T.);
#7459=ORIENTED_EDGE('',*,*,#7462,.T.);
#7460=EDGE_CURVE('',#583,#517,#7463,.F.);
#7461=EDGE_CURVE('',#517,#521,#7464,.T.);
#7462=EDGE_CURVE('',#521,#583,#7465,.T.);
#7463=LINE('',#582,#7466);
#7464=LINE('',#516,#7467);
#7465=LINE('',#520,#7468);
#7466=VECTOR('',#7469,1.0);
#7467=VECTOR('',#7470,1.0);
#7468=VECTOR('',#7471,1.0);
#7469=DIRECTION('',(-0.016694687728320858,0,0.9998606339893845));
#7470=DIRECTION('',(0,0,-1));
#7471=DIRECTION('',(0.9801886557104992,0,0.19806614858790147));
#7472=FACE_SURFACE('',(#7477),#7473,.T.);
#7473=PLANE('',#7474);
#7474=AXIS2_PLACEMENT_3D('',#250,#7475,#7476);
#7475=DIRECTION('',(0,1,0));
#7476=DIRECTION('',(-0.9812032846839609,0,0.19297697822643528));
#7477=FACE_BOUND('',#7478,.T.);
#7478=EDGE_LOOP('',(#7479,#7480,#7481));
#7479=ORIENTED_EDGE('',*,*,#7482,.T.);
#7480=ORIENTED_EDGE('',*,*,#7483,.T.);
#7481=ORIENTED_EDGE('',*,*,#7484,.T.);
#7482=EDGE_CURVE('',#251,#249,#7485,.F.);
#7483=EDGE_CURVE('',#249,#605,#7486,.T.);
#7484=EDGE_CURVE('',#605,#251,#7487,.T.);
#7485=LINE('',#250,#7488);
#7486=LINE('',#248,#7489);
#7487=LINE('',#604,#7490);
#7488=VECTOR('',#7491,1.0);
#7489=VECTOR('',#7492,1.0);
#7490=VECTOR('',#7493,1.0);
#7491=DIRECTION('',(-0.9812032846839609,0,0.19297697822643528));
#7492=DIRECTION('',(0.997873559585747,0,-0.06517943755258054));
#7493=DIRECTION('',(0.6095200974531069,0,-0.7927706167617181));
#7494=FACE_SURFACE('',(#7499),#7495,.T.);
#7495=PLANE('',#7496);
#7496=AXIS2_PLACEMENT_3D('',#612,#7497,#7498);
#7497=DIRECTION('',(-0,1,0));
#7498=DIRECTION('',(0.6597771710908157,0,0.7514612994076277));
#7499=FACE_BOUND('',#7500,.T.);
#7500=EDGE_LOOP('',(#7501,#7502,#7503));
#7501=ORIENTED_EDGE('',*,*,#7504,.T.);
#7502=ORIENTED_EDGE('',*,*,#7505,.T.);
#7503=ORIENTED_EDGE('',*,*,#7506,.T.);
#7504=EDGE_CURVE('',#613,#615,#7507,.F.);
#7505=EDGE_CURVE('',#615,#617,#7508,.T.);
#7506=EDGE_CURVE('',#617,#613,#7509,.T.);
#7507=LINE('',#612,#7510);
#7508=LINE('',#614,#7511);
#7509=LINE('',#616,#7512);
#7510=VECTOR('',#7513,1.0);
#7511=VECTOR('',#7514,1.0);
#7512=VECTOR('',#7515,1.0);
#7513=DIRECTION('',(0.6597771710908157,0,0.7514612994076277));
#7514=DIRECTION('',(0.6363165185522273,0,-0.7714280836329288));
#7515=DIRECTION('',(-0.707106864152787,0,0.7071066982202984));
#7516=FACE_SURFACE('',(#7521),#7517,.T.);
#7517=PLANE('',#7518);
#7518=AXIS2_PLACEMENT_3D('',#604,#7519,#7520);
#7519=DIRECTION('',(0,1,0));
#7520=DIRECTION('',(0.8318149947404431,0,-0.5550529835294616));
#7521=FACE_BOUND('',#7522,.T.);
#7522=EDGE_LOOP('',(#7523,#7524,#7525));
#7523=ORIENTED_EDGE('',*,*,#7526,.T.);
#7524=ORIENTED_EDGE('',*,*,#7527,.T.);
#7525=ORIENTED_EDGE('',*,*,#7528,.T.);
#7526=EDGE_CURVE('',#605,#619,#7529,.F.);
#7527=EDGE_CURVE('',#619,#251,#7530,.T.);
#7528=EDGE_CURVE('',#251,#605,#7531,.T.);
#7529=LINE('',#604,#7532);
#7530=LINE('',#618,#7533);
#7531=LINE('',#250,#7534);
#7532=VECTOR('',#7535,1.0);
#7533=VECTOR('',#7536,1.0);
#7534=VECTOR('',#7537,1.0);
#7535=DIRECTION('',(0.8318149947404431,0,-0.5550529835294616));
#7536=DIRECTION('',(0.3498605571745674,0,-0.9368017882847477));
#7537=DIRECTION('',(-0.6095200974531069,0,0.7927706167617181));
#7538=FACE_SURFACE('',(#7543),#7539,.T.);
#7539=PLANE('',#7540);
#7540=AXIS2_PLACEMENT_3D('',#584,#7541,#7542);
#7541=DIRECTION('',(0,1,0));
#7542=DIRECTION('',(0.9978356902343596,0,-0.06575663688571143));
#7543=FACE_BOUND('',#7544,.T.);
#7544=EDGE_LOOP('',(#7545,#7546,#7547));
#7545=ORIENTED_EDGE('',*,*,#7548,.T.);
#7546=ORIENTED_EDGE('',*,*,#7549,.T.);
#7547=ORIENTED_EDGE('',*,*,#7550,.T.);
#7548=EDGE_CURVE('',#585,#571,#7551,.F.);
#7549=EDGE_CURVE('',#571,#621,#7552,.T.);
#7550=EDGE_CURVE('',#621,#585,#7553,.T.);
#7551=LINE('',#584,#7554);
#7552=LINE('',#570,#7555);
#7553=LINE('',#620,#7556);
#7554=VECTOR('',#7557,1.0);
#7555=VECTOR('',#7558,1.0);
#7556=VECTOR('',#7559,1.0);
#7557=DIRECTION('',(0.9978356902343596,0,-0.06575663688571143));
#7558=DIRECTION('',(-0.22463308792811743,0,-0.9744434184742994));
#7559=DIRECTION('',(0,0,1));
#7560=FACE_SURFACE('',(#7565),#7561,.T.);
#7561=PLANE('',#7562);
#7562=AXIS2_PLACEMENT_3D('',#552,#7563,#7564);
#7563=DIRECTION('',(0,1,0));
#7564=DIRECTION('',(-0.9844587854780759,0,-0.1756157729107261));
#7565=FACE_BOUND('',#7566,.T.);
#7566=EDGE_LOOP('',(#7567,#7568,#7569));
#7567=ORIENTED_EDGE('',*,*,#7570,.T.);
#7568=ORIENTED_EDGE('',*,*,#7571,.T.);
#7569=ORIENTED_EDGE('',*,*,#7572,.T.);
#7570=EDGE_CURVE('',#553,#251,#7573,.F.);
#7571=EDGE_CURVE('',#251,#623,#7574,.T.);
#7572=EDGE_CURVE('',#623,#553,#7575,.T.);
#7573=LINE('',#552,#7576);
#7574=LINE('',#250,#7577);
#7575=LINE('',#622,#7578);
#7576=VECTOR('',#7579,1.0);
#7577=VECTOR('',#7580,1.0);
#7578=VECTOR('',#7581,1.0);
#7579=DIRECTION('',(-0.9844587854780759,0,-0.1756157729107261));
#7580=DIRECTION('',(0.6622246829172093,0,0.7493053245074411));
#7581=DIRECTION('',(0.9470658493629662,0,-0.32103936981374026));
#7582=FACE_SURFACE('',(#7587),#7583,.T.);
#7583=PLANE('',#7584);
#7584=AXIS2_PLACEMENT_3D('',#618,#7585,#7586);
#7585=DIRECTION('',(0,1,0));
#7586=DIRECTION('',(0.8967086741350511,0,-0.4426212305470208));
#7587=FACE_BOUND('',#7588,.T.);
#7588=EDGE_LOOP('',(#7589,#7590,#7591));
#7589=ORIENTED_EDGE('',*,*,#7592,.T.);
#7590=ORIENTED_EDGE('',*,*,#7593,.T.);
#7591=ORIENTED_EDGE('',*,*,#7594,.T.);
#7592=EDGE_CURVE('',#619,#623,#7595,.F.);
#7593=EDGE_CURVE('',#623,#251,#7596,.T.);
#7594=EDGE_CURVE('',#251,#619,#7597,.T.);
#7595=LINE('',#618,#7598);
#7596=LINE('',#622,#7599);
#7597=LINE('',#250,#7600);
#7598=VECTOR('',#7601,1.0);
#7599=VECTOR('',#7602,1.0);
#7600=VECTOR('',#7603,1.0);
#7601=DIRECTION('',(0.8967086741350511,0,-0.4426212305470208));
#7602=DIRECTION('',(-0.6622246829172093,0,-0.7493053245074411));
#7603=DIRECTION('',(-0.3498605571745674,0,0.9368017882847477));
#7604=FACE_SURFACE('',(#7609),#7605,.T.);
#7605=PLANE('',#7606);
#7606=AXIS2_PLACEMENT_3D('',#284,#7607,#7608);
#7607=DIRECTION('',(-0.9801886557104991,0,0.19806614858790147));
#7608=DIRECTION('',(0,-1,0));
#7609=FACE_BOUND('',#7610,.T.);
#7610=EDGE_LOOP('',(#7611,#7612,#7613));
#7611=ORIENTED_EDGE('',*,*,#7614,.T.);
#7612=ORIENTED_EDGE('',*,*,#7615,.T.);
#7613=ORIENTED_EDGE('',*,*,#7616,.T.);
#7614=EDGE_CURVE('',#285,#349,#7617,.F.);
#7615=EDGE_CURVE('',#349,#283,#7618,.T.);
#7616=EDGE_CURVE('',#283,#285,#7619,.T.);
#7617=LINE('',#284,#7620);
#7618=LINE('',#348,#7621);
#7619=LINE('',#282,#7622);
#7620=VECTOR('',#7623,1.0);
#7621=VECTOR('',#7624,1.0);
#7622=VECTOR('',#7625,1.0);
#7623=DIRECTION('',(0,-1,0));
#7624=DIRECTION('',(0.006496429019428964,0.9994619585479648,0.032149491838312616));
#7625=DIRECTION('',(-0.19806614858790147,0,-0.9801886557104992));
#7626=FACE_SURFACE('',(#7631),#7627,.T.);
#7627=PLANE('',#7628);
#7628=AXIS2_PLACEMENT_3D('',#624,#7629,#7630);
#7629=DIRECTION('',(-0,1,0));
#7630=DIRECTION('',(0.7514614341324571,0,0.6597770176442879));
#7631=FACE_BOUND('',#7632,.T.);
#7632=EDGE_LOOP('',(#7633,#7634,#7635));
#7633=ORIENTED_EDGE('',*,*,#7636,.T.);
#7634=ORIENTED_EDGE('',*,*,#7637,.T.);
#7635=ORIENTED_EDGE('',*,*,#7638,.T.);
#7636=EDGE_CURVE('',#625,#613,#7639,.F.);
#7637=EDGE_CURVE('',#613,#617,#7640,.T.);
#7638=EDGE_CURVE('',#617,#625,#7641,.T.);
#7639=LINE('',#624,#7642);
#7640=LINE('',#612,#7643);
#7641=LINE('',#616,#7644);
#7642=VECTOR('',#7645,1.0);
#7643=VECTOR('',#7646,1.0);
#7644=VECTOR('',#7647,1.0);
#7645=DIRECTION('',(0.7514614341324571,0,0.6597770176442879));
#7646=DIRECTION('',(0.707106864152787,0,-0.7071066982202984));
#7647=DIRECTION('',(-0.771428320800826,0,0.6363162310254374));
#7648=FACE_SURFACE('',(#7653),#7649,.T.);
#7649=PLANE('',#7650);
#7650=AXIS2_PLACEMENT_3D('',#348,#7651,#7652);
#7651=DIRECTION('',(-0.9471454324114129,0,0.3208045041176908));
#7652=DIRECTION('',(0,1,0));
#7653=FACE_BOUND('',#7654,.T.);
#7654=EDGE_LOOP('',(#7655,#7656,#7657));
#7655=ORIENTED_EDGE('',*,*,#7658,.T.);
#7656=ORIENTED_EDGE('',*,*,#7659,.T.);
#7657=ORIENTED_EDGE('',*,*,#7660,.T.);
#7658=EDGE_CURVE('',#349,#285,#7661,.F.);
#7659=EDGE_CURVE('',#285,#499,#7662,.T.);
#7660=EDGE_CURVE('',#499,#349,#7663,.T.);
#7661=LINE('',#348,#7664);
#7662=LINE('',#284,#7665);
#7663=LINE('',#498,#7666);
#7664=VECTOR('',#7667,1.0);
#7665=VECTOR('',#7668,1.0);
#7666=VECTOR('',#7669,1.0);
#7667=DIRECTION('',(0,1,0));
#7668=DIRECTION('',(-0.3208045041176908,0,-0.947145432411413));
#7669=DIRECTION('',(0.010494334660594733,-0.9994648011869012,0.030983546092397125));
#7670=FACE_SURFACE('',(#7675),#7671,.T.);
#7671=PLANE('',#7672);
#7672=AXIS2_PLACEMENT_3D('',#570,#7673,#7674);
#7673=DIRECTION('',(0,1,0));
#7674=DIRECTION('',(0.9808150390795618,0,-0.19494065536813387));
#7675=FACE_BOUND('',#7676,.T.);
#7676=EDGE_LOOP('',(#7677,#7678,#7679));
#7677=ORIENTED_EDGE('',*,*,#7680,.T.);
#7678=ORIENTED_EDGE('',*,*,#7681,.T.);
#7679=ORIENTED_EDGE('',*,*,#7682,.T.);
#7680=EDGE_CURVE('',#571,#627,#7683,.F.);
#7681=EDGE_CURVE('',#627,#629,#7684,.T.);
#7682=EDGE_CURVE('',#629,#571,#7685,.T.);
#7683=LINE('',#570,#7686);
#7684=LINE('',#626,#7687);
#7685=LINE('',#628,#7688);
#7686=VECTOR('',#7689,1.0);
#7687=VECTOR('',#7690,1.0);
#7688=VECTOR('',#7691,1.0);
#7689=DIRECTION('',(0.9808150390795618,0,-0.19494065536813387));
#7690=DIRECTION('',(-0.25875645514005047,0,-0.9659425950455622));
#7691=DIRECTION('',(0.0351143985235211,0,0.9993832993483188));
#7692=FACE_SURFACE('',(#7697),#7693,.T.);
#7693=PLANE('',#7694);
#7694=AXIS2_PLACEMENT_3D('',#484,#7695,#7696);
#7695=DIRECTION('',(0.8964542110716484,0,-0.44313637568124387));
#7696=DIRECTION('',(-0.44313637568124387,0,-0.8964542110716484));
#7697=FACE_BOUND('',#7698,.T.);
#7698=EDGE_LOOP('',(#7699,#7700,#7701));
#7699=ORIENTED_EDGE('',*,*,#7702,.T.);
#7700=ORIENTED_EDGE('',*,*,#7703,.T.);
#7701=ORIENTED_EDGE('',*,*,#7704,.T.);
#7702=EDGE_CURVE('',#485,#487,#7705,.F.);
#7703=EDGE_CURVE('',#487,#297,#7706,.T.);
#7704=EDGE_CURVE('',#297,#485,#7707,.T.);
#7705=LINE('',#484,#7708);
#7706=LINE('',#486,#7709);
#7707=LINE('',#296,#7710);
#7708=VECTOR('',#7711,1.0);
#7709=VECTOR('',#7712,1.0);
#7710=VECTOR('',#7713,1.0);
#7711=DIRECTION('',(-0.44313637568124387,0,-0.8964542110716484));
#7712=DIRECTION('',(0.014492225997411828,0.9994650889524107,0.029317424016950845));
#7713=DIRECTION('',(0,-1,0));
#7714=FACE_SURFACE('',(#7719),#7715,.T.);
#7715=PLANE('',#7716);
#7716=AXIS2_PLACEMENT_3D('',#630,#7717,#7718);
#7717=DIRECTION('',(0,1,0));
#7718=DIRECTION('',(-0.8318149947404431,0,-0.5550529835294616));
#7719=FACE_BOUND('',#7720,.T.);
#7720=EDGE_LOOP('',(#7721,#7722,#7723));
#7721=ORIENTED_EDGE('',*,*,#7724,.T.);
#7722=ORIENTED_EDGE('',*,*,#7725,.T.);
#7723=ORIENTED_EDGE('',*,*,#7726,.T.);
#7724=EDGE_CURVE('',#631,#633,#7727,.F.);
#7725=EDGE_CURVE('',#633,#625,#7728,.T.);
#7726=EDGE_CURVE('',#625,#631,#7729,.T.);
#7727=LINE('',#630,#7730);
#7728=LINE('',#632,#7731);
#7729=LINE('',#624,#7732);
#7730=VECTOR('',#7733,1.0);
#7731=VECTOR('',#7734,1.0);
#7732=VECTOR('',#7735,1.0);
#7733=DIRECTION('',(-0.8318149947404431,0,-0.5550529835294616));
#7734=DIRECTION('',(-0.4149827310453178,0,0.9098292877975348));
#7735=DIRECTION('',(0.6087602440139821,0,-0.7933542495682727));
#7736=FACE_SURFACE('',(#7741),#7737,.T.);
#7737=PLANE('',#7738);
#7738=AXIS2_PLACEMENT_3D('',#616,#7739,#7740);
#7739=DIRECTION('',(0,1,0));
#7740=DIRECTION('',(-0.7514862095509921,0,-0.6597487982972629));
#7741=FACE_BOUND('',#7742,.T.);
#7742=EDGE_LOOP('',(#7743,#7744,#7745));
#7743=ORIENTED_EDGE('',*,*,#7746,.T.);
#7744=ORIENTED_EDGE('',*,*,#7747,.T.);
#7745=ORIENTED_EDGE('',*,*,#7748,.T.);
#7746=EDGE_CURVE('',#617,#631,#7749,.F.);
#7747=EDGE_CURVE('',#631,#625,#7750,.T.);
#7748=EDGE_CURVE('',#625,#617,#7751,.T.);
#7749=LINE('',#616,#7752);
#7750=LINE('',#630,#7753);
#7751=LINE('',#624,#7754);
#7752=VECTOR('',#7755,1.0);
#7753=VECTOR('',#7756,1.0);
#7754=VECTOR('',#7757,1.0);
#7755=DIRECTION('',(-0.7514862095509921,0,-0.6597487982972629));
#7756=DIRECTION('',(-0.6087602440139821,0,0.7933542495682727));
#7757=DIRECTION('',(0.771428320800826,0,-0.6363162310254374));
#7758=FACE_SURFACE('',(#7763),#7759,.T.);
#7759=PLANE('',#7760);
#7760=AXIS2_PLACEMENT_3D('',#634,#7761,#7762);
#7761=DIRECTION('',(0,1,-0));
#7762=DIRECTION('',(-0.8317754105372092,0,0.5551123007335157));
#7763=FACE_BOUND('',#7764,.T.);
#7764=EDGE_LOOP('',(#7765,#7766,#7767));
#7765=ORIENTED_EDGE('',*,*,#7768,.T.);
#7766=ORIENTED_EDGE('',*,*,#7769,.T.);
#7767=ORIENTED_EDGE('',*,*,#7770,.T.);
#7768=EDGE_CURVE('',#635,#637,#7771,.F.);
#7769=EDGE_CURVE('',#637,#639,#7772,.T.);
#7770=EDGE_CURVE('',#639,#635,#7773,.T.);
#7771=LINE('',#634,#7774);
#7772=LINE('',#636,#7775);
#7773=LINE('',#638,#7776);
#7774=VECTOR('',#7777,1.0);
#7775=VECTOR('',#7778,1.0);
#7776=VECTOR('',#7779,1.0);
#7777=DIRECTION('',(-0.8317754105372092,0,0.5551123007335157));
#7778=DIRECTION('',(0.500068783400184,0,0.865985688027614));
#7779=DIRECTION('',(-0.4149827310453178,0,-0.9098292877975348));
#7780=FACE_SURFACE('',(#7785),#7781,.T.);
#7781=PLANE('',#7782);
#7782=AXIS2_PLACEMENT_3D('',#324,#7783,#7784);
#7783=DIRECTION('',(0,1,0));
#7784=DIRECTION('',(-0.947145432411413,0,-0.3208045041176908));
#7785=FACE_BOUND('',#7786,.T.);
#7786=EDGE_LOOP('',(#7787,#7788,#7789));
#7787=ORIENTED_EDGE('',*,*,#7790,.T.);
#7788=ORIENTED_EDGE('',*,*,#7791,.T.);
#7789=ORIENTED_EDGE('',*,*,#7792,.T.);
#7790=EDGE_CURVE('',#325,#319,#7793,.F.);
#7791=EDGE_CURVE('',#319,#127,#7794,.T.);
#7792=EDGE_CURVE('',#127,#325,#7795,.T.);
#7793=LINE('',#324,#7796);
#7794=LINE('',#318,#7797);
#7795=LINE('',#126,#7798);
#7796=VECTOR('',#7799,1.0);
#7797=VECTOR('',#7800,1.0);
#7798=VECTOR('',#7801,1.0);
#7799=DIRECTION('',(-0.947145432411413,0,-0.3208045041176908));
#7800=DIRECTION('',(-0.07967692473182365,0,0.9968207399855199));
#7801=DIRECTION('',(0.09602943423315674,0,-0.9953784947249261));
#7802=FACE_SURFACE('',(#7807),#7803,.T.);
#7803=PLANE('',#7804);
#7804=AXIS2_PLACEMENT_3D('',#316,#7805,#7806);
#7805=DIRECTION('',(0,1,0));
#7806=DIRECTION('',(-0.8328303005395884,0,-0.5535284008098762));
#7807=FACE_BOUND('',#7808,.T.);
#7808=EDGE_LOOP('',(#7809,#7810,#7811));
#7809=ORIENTED_EDGE('',*,*,#7812,.T.);
#7810=ORIENTED_EDGE('',*,*,#7813,.T.);
#7811=ORIENTED_EDGE('',*,*,#7814,.T.);
#7812=EDGE_CURVE('',#317,#311,#7815,.F.);
#7813=EDGE_CURVE('',#311,#127,#7816,.T.);
#7814=EDGE_CURVE('',#127,#317,#7817,.T.);
#7815=LINE('',#316,#7818);
#7816=LINE('',#310,#7819);
#7817=LINE('',#126,#7820);
#7818=VECTOR('',#7821,1.0);
#7819=VECTOR('',#7822,1.0);
#7820=VECTOR('',#7823,1.0);
#7821=DIRECTION('',(-0.8328303005395884,0,-0.5535284008098762));
#7822=DIRECTION('',(-0.049743463847863385,0,0.9987620276143945));
#7823=DIRECTION('',(0.06415760351593537,0,-0.9979397786996429));
#7824=FACE_SURFACE('',(#7829),#7825,.T.);
#7825=PLANE('',#7826);
#7826=AXIS2_PLACEMENT_3D('',#294,#7827,#7828);
#7827=DIRECTION('',(0,1,0));
#7828=DIRECTION('',(-0.3208045041176908,0,-0.947145432411413));
#7829=FACE_BOUND('',#7830,.T.);
#7830=EDGE_LOOP('',(#7831,#7832,#7833));
#7831=ORIENTED_EDGE('',*,*,#7834,.T.);
#7832=ORIENTED_EDGE('',*,*,#7835,.T.);
#7833=ORIENTED_EDGE('',*,*,#7836,.T.);
#7834=EDGE_CURVE('',#295,#641,#7837,.F.);
#7835=EDGE_CURVE('',#641,#127,#7838,.T.);
#7836=EDGE_CURVE('',#127,#295,#7839,.T.);
#7837=LINE('',#294,#7840);
#7838=LINE('',#640,#7841);
#7839=LINE('',#126,#7842);
#7840=VECTOR('',#7843,1.0);
#7841=VECTOR('',#7844,1.0);
#7842=VECTOR('',#7845,1.0);
#7843=DIRECTION('',(-0.3208045041176908,0,-0.947145432411413));
#7844=DIRECTION('',(-0.004124006566613945,0,0.9999914962487624));
#7845=DIRECTION('',(0.00925660798837123,0,-0.9999571566865001));
#7846=FACE_SURFACE('',(#7851),#7847,.T.);
#7847=PLANE('',#7848);
#7848=AXIS2_PLACEMENT_3D('',#96,#7849,#7850);
#7849=DIRECTION('',(0,1,0));
#7850=DIRECTION('',(0.2650466309882982,0,0.9642355953820378));
#7851=FACE_BOUND('',#7852,.T.);
#7852=EDGE_LOOP('',(#7853,#7854,#7855));
#7853=ORIENTED_EDGE('',*,*,#7856,.T.);
#7854=ORIENTED_EDGE('',*,*,#7857,.T.);
#7855=ORIENTED_EDGE('',*,*,#7858,.T.);
#7856=EDGE_CURVE('',#97,#127,#7859,.F.);
#7857=EDGE_CURVE('',#127,#641,#7860,.T.);
#7858=EDGE_CURVE('',#641,#97,#7861,.T.);
#7859=LINE('',#96,#7862);
#7860=LINE('',#126,#7863);
#7861=LINE('',#640,#7864);
#7862=VECTOR('',#7865,1.0);
#7863=VECTOR('',#7866,1.0);
#7864=VECTOR('',#7867,1.0);
#7865=DIRECTION('',(0.2650466309882982,0,0.9642355953820378));
#7866=DIRECTION('',(0.004124006566613945,0,-0.9999914962487624));
#7867=DIRECTION('',(-0.6005020019984681,0,-0.7996232522856197));
#7868=FACE_SURFACE('',(#7873),#7869,.T.);
#7869=PLANE('',#7870);
#7870=AXIS2_PLACEMENT_3D('',#640,#7871,#7872);
#7871=DIRECTION('',(0,1,0));
#7872=DIRECTION('',(-0.19806614858790147,0,-0.9801886557104992));
#7873=FACE_BOUND('',#7874,.T.);
#7874=EDGE_LOOP('',(#7875,#7876,#7877));
#7875=ORIENTED_EDGE('',*,*,#7878,.T.);
#7876=ORIENTED_EDGE('',*,*,#7879,.T.);
#7877=ORIENTED_EDGE('',*,*,#7880,.T.);
#7878=EDGE_CURVE('',#641,#223,#7881,.F.);
#7879=EDGE_CURVE('',#223,#97,#7882,.T.);
#7880=EDGE_CURVE('',#97,#641,#7883,.T.);
#7881=LINE('',#640,#7884);
#7882=LINE('',#222,#7885);
#7883=LINE('',#96,#7886);
#7884=VECTOR('',#7887,1.0);
#7885=VECTOR('',#7888,1.0);
#7886=VECTOR('',#7889,1.0);
#7887=DIRECTION('',(-0.19806614858790147,0,-0.9801886557104992));
#7888=DIRECTION('',(-0.607949691223888,0,-0.7939755493343476));
#7889=DIRECTION('',(0.6005020019984681,0,0.7996232522856197));
#7890=FACE_SURFACE('',(#7895),#7891,.T.);
#7891=PLANE('',#7892);
#7892=AXIS2_PLACEMENT_3D('',#642,#7893,#7894);
#7893=DIRECTION('',(0,1,0));
#7894=DIRECTION('',(0.19806614858790147,0,-0.9801886557104992));
#7895=FACE_BOUND('',#7896,.T.);
#7896=EDGE_LOOP('',(#7897,#7898,#7899));
#7897=ORIENTED_EDGE('',*,*,#7900,.T.);
#7898=ORIENTED_EDGE('',*,*,#7901,.T.);
#7899=ORIENTED_EDGE('',*,*,#7902,.T.);
#7900=EDGE_CURVE('',#643,#219,#7903,.F.);
#7901=EDGE_CURVE('',#219,#97,#7904,.T.);
#7902=EDGE_CURVE('',#97,#643,#7905,.T.);
#7903=LINE('',#642,#7906);
#7904=LINE('',#218,#7907);
#7905=LINE('',#96,#7908);
#7906=VECTOR('',#7909,1.0);
#7907=VECTOR('',#7910,1.0);
#7908=VECTOR('',#7911,1.0);
#7909=DIRECTION('',(0.19806614858790147,0,-0.9801886557104992));
#7910=DIRECTION('',(-0.6429040046157309,0,-0.7659467611061856));
#7911=DIRECTION('',(0.6293361860960304,0,0.777133170614987));
#7912=FACE_SURFACE('',(#7917),#7913,.T.);
#7913=PLANE('',#7914);
#7914=AXIS2_PLACEMENT_3D('',#220,#7915,#7916);
#7915=DIRECTION('',(0,1,0));
#7916=DIRECTION('',(0.06618388024370983,0,-0.9978074433456018));
#7917=FACE_BOUND('',#7918,.T.);
#7918=EDGE_LOOP('',(#7919,#7920,#7921));
#7919=ORIENTED_EDGE('',*,*,#7922,.T.);
#7920=ORIENTED_EDGE('',*,*,#7923,.T.);
#7921=ORIENTED_EDGE('',*,*,#7924,.T.);
#7922=EDGE_CURVE('',#221,#643,#7925,.F.);
#7923=EDGE_CURVE('',#643,#97,#7926,.T.);
#7924=EDGE_CURVE('',#97,#221,#7927,.T.);
#7925=LINE('',#220,#7928);
#7926=LINE('',#642,#7929);
#7927=LINE('',#96,#7930);
#7928=VECTOR('',#7931,1.0);
#7929=VECTOR('',#7932,1.0);
#7930=VECTOR('',#7933,1.0);
#7931=DIRECTION('',(0.06618388024370983,0,-0.9978074433456018));
#7932=DIRECTION('',(-0.6293361860960304,0,-0.777133170614987));
#7933=DIRECTION('',(0.6176131068642546,0,0.7864820724145482));
#7934=FACE_SURFACE('',(#7939),#7935,.T.);
#7935=PLANE('',#7936);
#7936=AXIS2_PLACEMENT_3D('',#126,#7937,#7938);
#7937=DIRECTION('',(0,1,0));
#7938=DIRECTION('',(-0.2650466309882982,0,-0.9642355953820378));
#7939=FACE_BOUND('',#7940,.T.);
#7940=EDGE_LOOP('',(#7941,#7942,#7943));
#7941=ORIENTED_EDGE('',*,*,#7944,.T.);
#7942=ORIENTED_EDGE('',*,*,#7945,.T.);
#7943=ORIENTED_EDGE('',*,*,#7946,.T.);
#7944=EDGE_CURVE('',#127,#97,#7947,.F.);
#7945=EDGE_CURVE('',#97,#89,#7948,.T.);
#7946=EDGE_CURVE('',#89,#127,#7949,.T.);
#7947=LINE('',#126,#7950);
#7948=LINE('',#96,#7951);
#7949=LINE('',#88,#7952);
#7950=VECTOR('',#7953,1.0);
#7951=VECTOR('',#7954,1.0);
#7952=VECTOR('',#7955,1.0);
#7953=DIRECTION('',(-0.2650466309882982,0,-0.9642355953820378));
#7954=DIRECTION('',(0,0,1));
#7955=DIRECTION('',(0.5211585533328443,0,-0.8534598773744532));
#7956=FACE_SURFACE('',(#7961),#7957,.T.);
#7957=PLANE('',#7958);
#7958=AXIS2_PLACEMENT_3D('',#182,#7959,#7960);
#7959=DIRECTION('',(0.19806614858790147,0,0.9801886557104991));
#7960=DIRECTION('',(0,-1,0));
#7961=FACE_BOUND('',#7962,.T.);
#7962=EDGE_LOOP('',(#7963,#7964,#7965));
#7963=ORIENTED_EDGE('',*,*,#7966,.T.);
#7964=ORIENTED_EDGE('',*,*,#7967,.T.);
#7965=ORIENTED_EDGE('',*,*,#7968,.T.);
#7966=EDGE_CURVE('',#183,#263,#7969,.F.);
#7967=EDGE_CURVE('',#263,#595,#7970,.T.);
#7968=EDGE_CURVE('',#595,#183,#7971,.T.);
#7969=LINE('',#182,#7972);
#7970=LINE('',#262,#7973);
#7971=LINE('',#594,#7974);
#7972=VECTOR('',#7975,1.0);
#7973=VECTOR('',#7976,1.0);
#7974=VECTOR('',#7977,1.0);
#7975=DIRECTION('',(0,-1,0));
#7976=DIRECTION('',(0.9801886557104992,0,-0.19806614858790147));
#7977=DIRECTION('',(-0.032149491838312616,0.9994619585479648,0.006496429019428964));
#7978=FACE_SURFACE('',(#7983),#7979,.T.);
#7979=PLANE('',#7980);
#7980=AXIS2_PLACEMENT_3D('',#316,#7981,#7982);
#7981=DIRECTION('',(0.5535284008098762,0,-0.8328303005395883));
#7982=DIRECTION('',(0,-1,0));
#7983=FACE_BOUND('',#7984,.T.);
#7984=EDGE_LOOP('',(#7985,#7986,#7987));
#7985=ORIENTED_EDGE('',*,*,#7988,.T.);
#7986=ORIENTED_EDGE('',*,*,#7989,.T.);
#7987=ORIENTED_EDGE('',*,*,#7990,.T.);
#7988=EDGE_CURVE('',#317,#515,#7991,.F.);
#7989=EDGE_CURVE('',#515,#311,#7992,.T.);
#7990=EDGE_CURVE('',#311,#317,#7993,.T.);
#7991=LINE('',#316,#7994);
#7992=LINE('',#514,#7995);
#7993=LINE('',#310,#7996);
#7994=VECTOR('',#7997,1.0);
#7995=VECTOR('',#7998,1.0);
#7996=VECTOR('',#7999,1.0);
#7997=DIRECTION('',(0,-1,0));
#7998=DIRECTION('',(-0.02731886804817577,0.999461855082944,-0.018157083541323372));
#7999=DIRECTION('',(0.8328303005395884,0,0.5535284008098762));
#8000=FACE_SURFACE('',(#8005),#8001,.T.);
#8001=PLANE('',#8002);
#8002=AXIS2_PLACEMENT_3D('',#644,#8003,#8004);
#8003=DIRECTION('',(-0,1,0));
#8004=DIRECTION('',(0.8317738284072922,0,0.5551146713758125));
#8005=FACE_BOUND('',#8006,.T.);
#8006=EDGE_LOOP('',(#8007,#8008,#8009));
#8007=ORIENTED_EDGE('',*,*,#8010,.T.);
#8008=ORIENTED_EDGE('',*,*,#8011,.T.);
#8009=ORIENTED_EDGE('',*,*,#8012,.T.);
#8010=EDGE_CURVE('',#645,#625,#8013,.F.);
#8011=EDGE_CURVE('',#625,#633,#8014,.T.);
#8012=EDGE_CURVE('',#633,#645,#8015,.T.);
#8013=LINE('',#644,#8016);
#8014=LINE('',#624,#8017);
#8015=LINE('',#632,#8018);
#8016=VECTOR('',#8019,1.0);
#8017=VECTOR('',#8020,1.0);
#8018=VECTOR('',#8021,1.0);
#8019=DIRECTION('',(0.8317738284072922,0,0.5551146713758125));
#8020=DIRECTION('',(0.4149827310453178,0,-0.9098292877975348));
#8021=DIRECTION('',(-0.500068927118995,0,0.8659856050362831));
#8022=FACE_SURFACE('',(#8027),#8023,.T.);
#8023=PLANE('',#8024);
#8024=AXIS2_PLACEMENT_3D('',#632,#8025,#8026);
#8025=DIRECTION('',(0,1,0));
#8026=DIRECTION('',(-0.8967086741350511,0,-0.4426212305470208));
#8027=FACE_BOUND('',#8028,.T.);
#8028=EDGE_LOOP('',(#8029,#8030,#8031));
#8029=ORIENTED_EDGE('',*,*,#8032,.T.);
#8030=ORIENTED_EDGE('',*,*,#8033,.T.);
#8031=ORIENTED_EDGE('',*,*,#8034,.T.);
#8032=EDGE_CURVE('',#633,#647,#8035,.F.);
#8033=EDGE_CURVE('',#647,#645,#8036,.T.);
#8034=EDGE_CURVE('',#645,#633,#8037,.T.);
#8035=LINE('',#632,#8038);
#8036=LINE('',#646,#8039);
#8037=LINE('',#644,#8040);
#8038=VECTOR('',#8041,1.0);
#8039=VECTOR('',#8042,1.0);
#8040=VECTOR('',#8043,1.0);
#8041=DIRECTION('',(-0.8967086741350511,0,-0.4426212305470208));
#8042=DIRECTION('',(-0.29274318171585517,0,0.9561911051452413));
#8043=DIRECTION('',(0.500068927118995,0,-0.8659856050362831));
#8044=FACE_SURFACE('',(#8049),#8045,.T.);
#8045=PLANE('',#8046);
#8046=AXIS2_PLACEMENT_3D('',#648,#8047,#8048);
#8047=DIRECTION('',(-0,1,0));
#8048=DIRECTION('',(0.8969292433877369,0,0.44217409733712554));
#8049=FACE_BOUND('',#8050,.T.);
#8050=EDGE_LOOP('',(#8051,#8052,#8053));
#8051=ORIENTED_EDGE('',*,*,#8054,.T.);
#8052=ORIENTED_EDGE('',*,*,#8055,.T.);
#8053=ORIENTED_EDGE('',*,*,#8056,.T.);
#8054=EDGE_CURVE('',#649,#645,#8057,.F.);
#8055=EDGE_CURVE('',#645,#647,#8058,.T.);
#8056=EDGE_CURVE('',#647,#649,#8059,.T.);
#8057=LINE('',#648,#8060);
#8058=LINE('',#644,#8061);
#8059=LINE('',#646,#8062);
#8060=VECTOR('',#8063,1.0);
#8061=VECTOR('',#8064,1.0);
#8062=VECTOR('',#8065,1.0);
#8063=DIRECTION('',(0.8969292433877369,0,0.44217409733712554));
#8064=DIRECTION('',(0.29274318171585517,0,-0.9561911051452413));
#8065=DIRECTION('',(-0.38276156359897473,0,0.9238471656238753));
#8066=FACE_SURFACE('',(#8071),#8067,.T.);
#8067=PLANE('',#8068);
#8068=AXIS2_PLACEMENT_3D('',#650,#8069,#8070);
#8069=DIRECTION('',(-0,1,0));
#8070=DIRECTION('',(0.9466855290962828,0,0.32215913614189384));
#8071=FACE_BOUND('',#8072,.T.);
#8072=EDGE_LOOP('',(#8073,#8074,#8075));
#8073=ORIENTED_EDGE('',*,*,#8076,.T.);
#8074=ORIENTED_EDGE('',*,*,#8077,.T.);
#8075=ORIENTED_EDGE('',*,*,#8078,.T.);
#8076=EDGE_CURVE('',#651,#649,#8079,.F.);
#8077=EDGE_CURVE('',#649,#647,#8080,.T.);
#8078=EDGE_CURVE('',#647,#651,#8081,.T.);
#8079=LINE('',#650,#8082);
#8080=LINE('',#648,#8083);
#8081=LINE('',#646,#8084);
#8082=VECTOR('',#8085,1.0);
#8083=VECTOR('',#8086,1.0);
#8084=VECTOR('',#8087,1.0);
#8085=DIRECTION('',(0.9466855290962828,0,0.32215913614189384));
#8086=DIRECTION('',(0.38276156359897473,0,-0.9238471656238753));
#8087=DIRECTION('',(-0.4691761555376768,0,0.8831046003021872));
#8088=FACE_SURFACE('',(#8093),#8089,.T.);
#8089=PLANE('',#8090);
#8090=AXIS2_PLACEMENT_3D('',#646,#8091,#8092);
#8091=DIRECTION('',(0,1,0));
#8092=DIRECTION('',(-0.9470658493629662,0,-0.32103936981374026));
#8093=FACE_BOUND('',#8094,.T.);
#8094=EDGE_LOOP('',(#8095,#8096,#8097));
#8095=ORIENTED_EDGE('',*,*,#8098,.T.);
#8096=ORIENTED_EDGE('',*,*,#8099,.T.);
#8097=ORIENTED_EDGE('',*,*,#8100,.T.);
#8098=EDGE_CURVE('',#647,#653,#8101,.F.);
#8099=EDGE_CURVE('',#653,#651,#8102,.T.);
#8100=EDGE_CURVE('',#651,#647,#8103,.T.);
#8101=LINE('',#646,#8104);
#8102=LINE('',#652,#8105);
#8103=LINE('',#650,#8106);
#8104=VECTOR('',#8107,1.0);
#8105=VECTOR('',#8108,1.0);
#8106=VECTOR('',#8109,1.0);
#8107=DIRECTION('',(-0.9470658493629662,0,-0.32103936981374026));
#8108=DIRECTION('',(-0.25875637218312436,0,0.9659426172680387));
#8109=DIRECTION('',(0.4691761555376768,0,-0.8831046003021872));
#8110=FACE_SURFACE('',(#8115),#8111,.T.);
#8111=PLANE('',#8112);
#8112=AXIS2_PLACEMENT_3D('',#652,#8113,#8114);
#8113=DIRECTION('',(0,1,0));
#8114=DIRECTION('',(-0.9808153178704683,0,-0.19493925266772844));
#8115=FACE_BOUND('',#8116,.T.);
#8116=EDGE_LOOP('',(#8117,#8118,#8119));
#8117=ORIENTED_EDGE('',*,*,#8120,.T.);
#8118=ORIENTED_EDGE('',*,*,#8121,.T.);
#8119=ORIENTED_EDGE('',*,*,#8122,.T.);
#8120=EDGE_CURVE('',#653,#655,#8123,.F.);
#8121=EDGE_CURVE('',#655,#651,#8124,.T.);
#8122=EDGE_CURVE('',#651,#653,#8125,.T.);
#8123=LINE('',#652,#8126);
#8124=LINE('',#654,#8127);
#8125=LINE('',#650,#8128);
#8126=VECTOR('',#8129,1.0);
#8127=VECTOR('',#8130,1.0);
#8128=VECTOR('',#8131,1.0);
#8129=DIRECTION('',(-0.9808153178704683,0,-0.19493925266772844));
#8130=DIRECTION('',(-0.0351143985235211,0,0.9993832993483188));
#8131=DIRECTION('',(0.25875637218312436,0,-0.9659426172680387));
#8132=FACE_SURFACE('',(#8137),#8133,.T.);
#8133=PLANE('',#8134);
#8134=AXIS2_PLACEMENT_3D('',#656,#8135,#8136);
#8135=DIRECTION('',(-0,1,0));
#8136=DIRECTION('',(0.9809931692423731,0,0.19404226833297128));
#8137=FACE_BOUND('',#8138,.T.);
#8138=EDGE_LOOP('',(#8139,#8140,#8141));
#8139=ORIENTED_EDGE('',*,*,#8142,.T.);
#8140=ORIENTED_EDGE('',*,*,#8143,.T.);
#8141=ORIENTED_EDGE('',*,*,#8144,.T.);
#8142=EDGE_CURVE('',#657,#651,#8145,.F.);
#8143=EDGE_CURVE('',#651,#655,#8146,.T.);
#8144=EDGE_CURVE('',#655,#657,#8147,.T.);
#8145=LINE('',#656,#8148);
#8146=LINE('',#650,#8149);
#8147=LINE('',#654,#8150);
#8148=VECTOR('',#8151,1.0);
#8149=VECTOR('',#8152,1.0);
#8150=VECTOR('',#8153,1.0);
#8151=DIRECTION('',(0.9809931692423731,0,0.19404226833297128));
#8152=DIRECTION('',(0.0351143985235211,0,-0.9993832993483188));
#8153=DIRECTION('',(-0.13049951331928444,0,0.9914483733525563));
#8154=FACE_SURFACE('',(#8159),#8155,.T.);
#8155=PLANE('',#8156);
#8156=AXIS2_PLACEMENT_3D('',#654,#8157,#8158);
#8157=DIRECTION('',(0,1,0));
#8158=DIRECTION('',(-0.9978355945409558,0,-0.06575808898604908));
#8159=FACE_BOUND('',#8160,.T.);
#8160=EDGE_LOOP('',(#8161,#8162,#8163));
#8161=ORIENTED_EDGE('',*,*,#8164,.T.);
#8162=ORIENTED_EDGE('',*,*,#8165,.T.);
#8163=ORIENTED_EDGE('',*,*,#8166,.T.);
#8164=EDGE_CURVE('',#655,#659,#8167,.F.);
#8165=EDGE_CURVE('',#659,#657,#8168,.T.);
#8166=EDGE_CURVE('',#657,#655,#8169,.T.);
#8167=LINE('',#654,#8170);
#8168=LINE('',#658,#8171);
#8169=LINE('',#656,#8172);
#8170=VECTOR('',#8173,1.0);
#8171=VECTOR('',#8174,1.0);
#8172=VECTOR('',#8175,1.0);
#8173=DIRECTION('',(-0.9978355945409558,0,-0.06575808898604908));
#8174=DIRECTION('',(0.0955156414135491,0,0.9954279292070112));
#8175=DIRECTION('',(0.13049951331928444,0,-0.9914483733525563));
#8176=FACE_SURFACE('',(#8181),#8177,.T.);
#8177=PLANE('',#8178);
#8178=AXIS2_PLACEMENT_3D('',#660,#8179,#8180);
#8179=DIRECTION('',(-0,1,0));
#8180=DIRECTION('',(0.9979027500043786,0,0.06473099360969962));
#8181=FACE_BOUND('',#8182,.T.);
#8182=EDGE_LOOP('',(#8183,#8184,#8185));
#8183=ORIENTED_EDGE('',*,*,#8186,.T.);
#8184=ORIENTED_EDGE('',*,*,#8187,.T.);
#8185=ORIENTED_EDGE('',*,*,#8188,.T.);
#8186=EDGE_CURVE('',#661,#657,#8189,.F.);
#8187=EDGE_CURVE('',#657,#659,#8190,.T.);
#8188=EDGE_CURVE('',#659,#661,#8191,.T.);
#8189=LINE('',#660,#8192);
#8190=LINE('',#656,#8193);
#8191=LINE('',#658,#8194);
#8192=VECTOR('',#8195,1.0);
#8193=VECTOR('',#8196,1.0);
#8194=VECTOR('',#8197,1.0);
#8195=DIRECTION('',(0.9979027500043786,0,0.06473099360969962));
#8196=DIRECTION('',(-0.0955156414135491,0,-0.9954279292070112));
#8197=DIRECTION('',(0,0,1));
#8198=FACE_SURFACE('',(#8203),#8199,.T.);
#8199=PLANE('',#8200);
#8200=AXIS2_PLACEMENT_3D('',#514,#8201,#8202);
#8201=DIRECTION('',(0.44313637568124387,0,-0.8964542110716484));
#8202=DIRECTION('',(0,1,0));
#8203=FACE_BOUND('',#8204,.T.);
#8204=EDGE_LOOP('',(#8205,#8206,#8207));
#8205=ORIENTED_EDGE('',*,*,#8208,.T.);
#8206=ORIENTED_EDGE('',*,*,#8209,.T.);
#8207=ORIENTED_EDGE('',*,*,#8210,.T.);
#8208=EDGE_CURVE('',#515,#317,#8211,.F.);
#8209=EDGE_CURVE('',#317,#319,#8212,.T.);
#8210=EDGE_CURVE('',#319,#515,#8213,.T.);
#8211=LINE('',#514,#8214);
#8212=LINE('',#316,#8215);
#8213=LINE('',#318,#8216);
#8214=VECTOR('',#8217,1.0);
#8215=VECTOR('',#8218,1.0);
#8216=VECTOR('',#8219,1.0);
#8217=DIRECTION('',(0,1,0));
#8218=DIRECTION('',(0.8964542110716484,0,0.44313637568124387));
#8219=DIRECTION('',(-0.029317424016950845,-0.9994650889524107,-0.014492225997411828));
#8220=FACE_SURFACE('',(#8225),#8221,.T.);
#8221=PLANE('',#8222);
#8222=AXIS2_PLACEMENT_3D('',#562,#8223,#8224);
#8223=DIRECTION('',(0,1,0));
#8224=DIRECTION('',(0.8967092528526935,0,-0.44262005811798016));
#8225=FACE_BOUND('',#8226,.T.);
#8226=EDGE_LOOP('',(#8227,#8228,#8229));
#8227=ORIENTED_EDGE('',*,*,#8230,.T.);
#8228=ORIENTED_EDGE('',*,*,#8231,.T.);
#8229=ORIENTED_EDGE('',*,*,#8232,.T.);
#8230=EDGE_CURVE('',#563,#639,#8233,.F.);
#8231=EDGE_CURVE('',#639,#637,#8234,.T.);
#8232=EDGE_CURVE('',#637,#563,#8235,.T.);
#8233=LINE('',#562,#8236);
#8234=LINE('',#638,#8237);
#8235=LINE('',#636,#8238);
#8236=VECTOR('',#8239,1.0);
#8237=VECTOR('',#8240,1.0);
#8238=VECTOR('',#8241,1.0);
#8239=DIRECTION('',(0.8967092528526935,0,-0.44262005811798016));
#8240=DIRECTION('',(-0.500068783400184,0,-0.865985688027614));
#8241=DIRECTION('',(0.29274318171585517,0,0.9561911051452413));
#8242=FACE_SURFACE('',(#8247),#8243,.T.);
#8243=PLANE('',#8244);
#8244=AXIS2_PLACEMENT_3D('',#636,#8245,#8246);
#8245=DIRECTION('',(0,1,-0));
#8246=DIRECTION('',(-0.8969278836976249,0,0.442176855393518));
#8247=FACE_BOUND('',#8248,.T.);
#8248=EDGE_LOOP('',(#8249,#8250,#8251));
#8249=ORIENTED_EDGE('',*,*,#8252,.T.);
#8250=ORIENTED_EDGE('',*,*,#8253,.T.);
#8251=ORIENTED_EDGE('',*,*,#8254,.T.);
#8252=EDGE_CURVE('',#637,#663,#8255,.F.);
#8253=EDGE_CURVE('',#663,#563,#8256,.T.);
#8254=EDGE_CURVE('',#563,#637,#8257,.T.);
#8255=LINE('',#636,#8258);
#8256=LINE('',#662,#8259);
#8257=LINE('',#562,#8260);
#8258=VECTOR('',#8261,1.0);
#8259=VECTOR('',#8262,1.0);
#8260=VECTOR('',#8263,1.0);
#8261=DIRECTION('',(-0.8969278836976249,0,0.442176855393518));
#8262=DIRECTION('',(0.38276168094389873,0,0.9238471170063806));
#8263=DIRECTION('',(-0.29274318171585517,0,-0.9561911051452413));
#8264=FACE_SURFACE('',(#8269),#8265,.T.);
#8265=PLANE('',#8266);
#8266=AXIS2_PLACEMENT_3D('',#662,#8267,#8268);
#8267=DIRECTION('',(0,1,-0));
#8268=DIRECTION('',(-0.9466844821417005,0,0.3221622126694877));
#8269=FACE_BOUND('',#8270,.T.);
#8270=EDGE_LOOP('',(#8271,#8272,#8273));
#8271=ORIENTED_EDGE('',*,*,#8274,.T.);
#8272=ORIENTED_EDGE('',*,*,#8275,.T.);
#8273=ORIENTED_EDGE('',*,*,#8276,.T.);
#8274=EDGE_CURVE('',#663,#629,#8277,.F.);
#8275=EDGE_CURVE('',#629,#563,#8278,.T.);
#8276=EDGE_CURVE('',#563,#663,#8279,.T.);
#8277=LINE('',#662,#8280);
#8278=LINE('',#628,#8281);
#8279=LINE('',#562,#8282);
#8280=VECTOR('',#8283,1.0);
#8281=VECTOR('',#8284,1.0);
#8282=VECTOR('',#8285,1.0);
#8283=DIRECTION('',(-0.9466844821417005,0,0.3221622126694877));
#8284=DIRECTION('',(0.469176427568717,0,0.8831044557773766));
#8285=DIRECTION('',(-0.38276168094389873,0,-0.9238471170063806));
#8286=FACE_SURFACE('',(#8291),#8287,.T.);
#8287=PLANE('',#8288);
#8288=AXIS2_PLACEMENT_3D('',#626,#8289,#8290);
#8289=DIRECTION('',(0,1,0));
#8290=DIRECTION('',(0.9470654060829435,0,-0.3210406774864349));
#8291=FACE_BOUND('',#8292,.T.);
#8292=EDGE_LOOP('',(#8293,#8294,#8295));
#8293=ORIENTED_EDGE('',*,*,#8296,.T.);
#8294=ORIENTED_EDGE('',*,*,#8297,.T.);
#8295=ORIENTED_EDGE('',*,*,#8298,.T.);
#8296=EDGE_CURVE('',#627,#563,#8299,.F.);
#8297=EDGE_CURVE('',#563,#629,#8300,.T.);
#8298=EDGE_CURVE('',#629,#627,#8301,.T.);
#8299=LINE('',#626,#8302);
#8300=LINE('',#562,#8303);
#8301=LINE('',#628,#8304);
#8302=VECTOR('',#8305,1.0);
#8303=VECTOR('',#8306,1.0);
#8304=VECTOR('',#8307,1.0);
#8305=DIRECTION('',(0.9470654060829435,0,-0.3210406774864349));
#8306=DIRECTION('',(-0.469176427568717,0,-0.8831044557773766));
#8307=DIRECTION('',(0.25875645514005047,0,0.9659425950455622));
#8308=FACE_SURFACE('',(#8313),#8309,.T.);
#8309=PLANE('',#8310);
#8310=AXIS2_PLACEMENT_3D('',#628,#8311,#8312);
#8311=DIRECTION('',(0,1,-0));
#8312=DIRECTION('',(-0.980993821564923,0,0.19403897044523805));
#8313=FACE_BOUND('',#8314,.T.);
#8314=EDGE_LOOP('',(#8315,#8316,#8317));
#8315=ORIENTED_EDGE('',*,*,#8318,.T.);
#8316=ORIENTED_EDGE('',*,*,#8319,.T.);
#8317=ORIENTED_EDGE('',*,*,#8320,.T.);
#8318=EDGE_CURVE('',#629,#665,#8321,.F.);
#8319=EDGE_CURVE('',#665,#571,#8322,.T.);
#8320=EDGE_CURVE('',#571,#629,#8323,.T.);
#8321=LINE('',#628,#8324);
#8322=LINE('',#664,#8325);
#8323=LINE('',#570,#8326);
#8324=VECTOR('',#8327,1.0);
#8325=VECTOR('',#8328,1.0);
#8326=VECTOR('',#8329,1.0);
#8327=DIRECTION('',(-0.980993821564923,0,0.19403897044523805));
#8328=DIRECTION('',(0.1304994703798223,0,0.9914483790044674));
#8329=DIRECTION('',(-0.0351143985235211,0,-0.9993832993483188));
#8330=FACE_SURFACE('',(#8335),#8331,.T.);
#8331=PLANE('',#8332);
#8332=AXIS2_PLACEMENT_3D('',#664,#8333,#8334);
#8333=DIRECTION('',(0,1,-0));
#8334=DIRECTION('',(-0.9977853072113526,0,0.0665167701647232));
#8335=FACE_BOUND('',#8336,.T.);
#8336=EDGE_LOOP('',(#8337,#8338,#8339));
#8337=ORIENTED_EDGE('',*,*,#8340,.T.);
#8338=ORIENTED_EDGE('',*,*,#8341,.T.);
#8339=ORIENTED_EDGE('',*,*,#8342,.T.);
#8340=EDGE_CURVE('',#665,#621,#8343,.F.);
#8341=EDGE_CURVE('',#621,#571,#8344,.T.);
#8342=EDGE_CURVE('',#571,#665,#8345,.T.);
#8343=LINE('',#664,#8346);
#8344=LINE('',#620,#8347);
#8345=LINE('',#570,#8348);
#8346=VECTOR('',#8349,1.0);
#8347=VECTOR('',#8350,1.0);
#8348=VECTOR('',#8351,1.0);
#8349=DIRECTION('',(-0.9977853072113526,0,0.0665167701647232));
#8350=DIRECTION('',(0.22463308792811743,0,0.9744434184742994));
#8351=DIRECTION('',(-0.1304994703798223,0,-0.9914483790044674));
#8352=FACE_SURFACE('',(#8357),#8353,.T.);
#8353=PLANE('',#8354);
#8354=AXIS2_PLACEMENT_3D('',#660,#8355,#8356);
#8355=DIRECTION('',(0,1,0));
#8356=DIRECTION('',(0,0,-1));
#8357=FACE_BOUND('',#8358,.T.);
#8358=EDGE_LOOP('',(#8359,#8360,#8361));
#8359=ORIENTED_EDGE('',*,*,#8362,.T.);
#8360=ORIENTED_EDGE('',*,*,#8363,.T.);
#8361=ORIENTED_EDGE('',*,*,#8364,.T.);
#8362=EDGE_CURVE('',#661,#659,#8365,.F.);
#8363=EDGE_CURVE('',#659,#667,#8366,.T.);
#8364=EDGE_CURVE('',#667,#661,#8367,.T.);
#8365=LINE('',#660,#8368);
#8366=LINE('',#658,#8369);
#8367=LINE('',#666,#8370);
#8368=VECTOR('',#8371,1.0);
#8369=VECTOR('',#8372,1.0);
#8370=VECTOR('',#8373,1.0);
#8371=DIRECTION('',(0,0,-1));
#8372=DIRECTION('',(-0.0955156414135491,0,0.9954279292070112));
#8373=DIRECTION('',(0.9979027500043786,0,-0.06473099360969962));
#8374=FACE_SURFACE('',(#8379),#8375,.T.);
#8375=PLANE('',#8376);
#8376=AXIS2_PLACEMENT_3D('',#182,#8377,#8378);
#8377=DIRECTION('',(0.3208045041176908,0,0.9471454324114129));
#8378=DIRECTION('',(-0.947145432411413,0,0.3208045041176908));
#8379=FACE_BOUND('',#8380,.T.);
#8380=EDGE_LOOP('',(#8381,#8382,#8383));
#8381=ORIENTED_EDGE('',*,*,#8384,.T.);
#8382=ORIENTED_EDGE('',*,*,#8385,.T.);
#8383=ORIENTED_EDGE('',*,*,#8386,.T.);
#8384=EDGE_CURVE('',#183,#185,#8387,.F.);
#8385=EDGE_CURVE('',#185,#263,#8388,.T.);
#8386=EDGE_CURVE('',#263,#183,#8389,.T.);
#8387=LINE('',#182,#8390);
#8388=LINE('',#184,#8391);
#8389=LINE('',#262,#8392);
#8390=VECTOR('',#8393,1.0);
#8391=VECTOR('',#8394,1.0);
#8392=VECTOR('',#8395,1.0);
#8393=DIRECTION('',(-0.947145432411413,0,0.3208045041176908));
#8394=DIRECTION('',(0.030983546092397125,-0.9994648011869012,-0.010494334660594733));
#8395=DIRECTION('',(0,1,0));
#8396=FACE_SURFACE('',(#8401),#8397,.T.);
#8397=PLANE('',#8398);
#8398=AXIS2_PLACEMENT_3D('',#668,#8399,#8400);
#8399=DIRECTION('',(0,1,0));
#8400=DIRECTION('',(0.6597492902351278,0,-0.7514857776659815));
#8401=FACE_BOUND('',#8402,.T.);
#8402=EDGE_LOOP('',(#8403,#8404,#8405));
#8403=ORIENTED_EDGE('',*,*,#8406,.T.);
#8404=ORIENTED_EDGE('',*,*,#8407,.T.);
#8405=ORIENTED_EDGE('',*,*,#8408,.T.);
#8406=EDGE_CURVE('',#669,#671,#8409,.F.);
#8407=EDGE_CURVE('',#671,#673,#8410,.T.);
#8408=EDGE_CURVE('',#673,#669,#8411,.T.);
#8409=LINE('',#668,#8412);
#8410=LINE('',#670,#8413);
#8411=LINE('',#672,#8414);
#8412=VECTOR('',#8415,1.0);
#8413=VECTOR('',#8416,1.0);
#8414=VECTOR('',#8417,1.0);
#8415=DIRECTION('',(0.6597492902351278,0,-0.7514857776659815));
#8416=DIRECTION('',(-0.7933542202122347,0,-0.6087602822716318));
#8417=DIRECTION('',(0.6363165185522273,0,0.7714280836329288));
#8418=FACE_SURFACE('',(#8423),#8419,.T.);
#8419=PLANE('',#8420);
#8420=AXIS2_PLACEMENT_3D('',#672,#8421,#8422);
#8421=DIRECTION('',(0,1,-0));
#8422=DIRECTION('',(-0.6597771710908157,0,0.7514612994076277));
#8423=FACE_BOUND('',#8424,.T.);
#8424=EDGE_LOOP('',(#8425,#8426,#8427));
#8425=ORIENTED_EDGE('',*,*,#8428,.T.);
#8426=ORIENTED_EDGE('',*,*,#8429,.T.);
#8427=ORIENTED_EDGE('',*,*,#8430,.T.);
#8428=EDGE_CURVE('',#673,#675,#8431,.F.);
#8429=EDGE_CURVE('',#675,#669,#8432,.T.);
#8430=EDGE_CURVE('',#669,#673,#8433,.T.);
#8431=LINE('',#672,#8434);
#8432=LINE('',#674,#8435);
#8433=LINE('',#668,#8436);
#8434=VECTOR('',#8437,1.0);
#8435=VECTOR('',#8438,1.0);
#8436=VECTOR('',#8439,1.0);
#8437=DIRECTION('',(-0.6597771710908157,0,0.7514612994076277));
#8438=DIRECTION('',(0.707106864152787,0,0.7071066982202984));
#8439=DIRECTION('',(-0.6363165185522273,0,-0.7714280836329288));
#8440=FACE_SURFACE('',(#8445),#8441,.T.);
#8441=PLANE('',#8442);
#8442=AXIS2_PLACEMENT_3D('',#676,#8443,#8444);
#8443=DIRECTION('',(0,1,-0));
#8444=DIRECTION('',(-0.4421743426075084,0,0.8969291224726834));
#8445=FACE_BOUND('',#8446,.T.);
#8446=EDGE_LOOP('',(#8447,#8448,#8449));
#8447=ORIENTED_EDGE('',*,*,#8450,.T.);
#8448=ORIENTED_EDGE('',*,*,#8451,.T.);
#8449=ORIENTED_EDGE('',*,*,#8452,.T.);
#8450=EDGE_CURVE('',#677,#679,#8453,.F.);
#8451=EDGE_CURVE('',#679,#509,#8454,.T.);
#8452=EDGE_CURVE('',#509,#677,#8455,.T.);
#8453=LINE('',#676,#8456);
#8454=LINE('',#678,#8457);
#8455=LINE('',#508,#8458);
#8456=VECTOR('',#8459,1.0);
#8457=VECTOR('',#8460,1.0);
#8458=VECTOR('',#8461,1.0);
#8459=DIRECTION('',(-0.4421743426075084,0,0.8969291224726834));
#8460=DIRECTION('',(0.9561911006923973,0,0.2927431962602407));
#8461=DIRECTION('',(-0.9238472559390797,0,-0.38276134561085545));
#8462=FACE_SURFACE('',(#8467),#8463,.T.);
#8463=PLANE('',#8464);
#8464=AXIS2_PLACEMENT_3D('',#680,#8465,#8466);
#8465=DIRECTION('',(0,1,-0));
#8466=DIRECTION('',(-0.32216015093047695,0,0.9466851837609229));
#8467=FACE_BOUND('',#8468,.T.);
#8468=EDGE_LOOP('',(#8469,#8470,#8471));
#8469=ORIENTED_EDGE('',*,*,#8472,.T.);
#8470=ORIENTED_EDGE('',*,*,#8473,.T.);
#8471=ORIENTED_EDGE('',*,*,#8474,.T.);
#8472=EDGE_CURVE('',#681,#677,#8475,.F.);
#8473=EDGE_CURVE('',#677,#509,#8476,.T.);
#8474=EDGE_CURVE('',#509,#681,#8477,.T.);
#8475=LINE('',#680,#8478);
#8476=LINE('',#676,#8479);
#8477=LINE('',#508,#8480);
#8478=VECTOR('',#8481,1.0);
#8479=VECTOR('',#8482,1.0);
#8480=VECTOR('',#8483,1.0);
#8481=DIRECTION('',(-0.32216015093047695,0,0.9466851837609229));
#8482=DIRECTION('',(0.9238472559390797,0,0.38276134561085545));
#8483=DIRECTION('',(-0.8831046088031529,0,-0.46917613953677395));
#8484=FACE_SURFACE('',(#8489),#8485,.T.);
#8485=PLANE('',#8486);
#8486=AXIS2_PLACEMENT_3D('',#682,#8487,#8488);
#8487=DIRECTION('',(0,1,0));
#8488=DIRECTION('',(-0.9659425602351494,0,-0.25875658508792543));
#8489=FACE_BOUND('',#8490,.T.);
#8490=EDGE_LOOP('',(#8491,#8492,#8493));
#8491=ORIENTED_EDGE('',*,*,#8494,.T.);
#8492=ORIENTED_EDGE('',*,*,#8495,.T.);
#8493=ORIENTED_EDGE('',*,*,#8496,.T.);
#8494=EDGE_CURVE('',#683,#681,#8497,.F.);
#8495=EDGE_CURVE('',#681,#509,#8498,.T.);
#8496=EDGE_CURVE('',#509,#683,#8499,.T.);
#8497=LINE('',#682,#8500);
#8498=LINE('',#680,#8501);
#8499=LINE('',#508,#8502);
#8500=VECTOR('',#8503,1.0);
#8501=VECTOR('',#8504,1.0);
#8502=VECTOR('',#8505,1.0);
#8503=DIRECTION('',(-0.9659425602351494,0,-0.25875658508792543));
#8504=DIRECTION('',(0.8831046088031529,0,0.46917613953677395));
#8505=DIRECTION('',(0.32103970227356016,0,-0.9470657366646223));
#8506=FACE_SURFACE('',(#8511),#8507,.T.);
#8507=PLANE('',#8508);
#8508=AXIS2_PLACEMENT_3D('',#684,#8509,#8510);
#8509=DIRECTION('',(0,1,0));
#8510=DIRECTION('',(0.9809931692423731,0,-0.19404226833297128));
#8511=FACE_BOUND('',#8512,.T.);
#8512=EDGE_LOOP('',(#8513,#8514,#8515));
#8513=ORIENTED_EDGE('',*,*,#8516,.T.);
#8514=ORIENTED_EDGE('',*,*,#8517,.T.);
#8515=ORIENTED_EDGE('',*,*,#8518,.T.);
#8516=EDGE_CURVE('',#685,#667,#8519,.F.);
#8517=EDGE_CURVE('',#667,#687,#8520,.T.);
#8518=EDGE_CURVE('',#687,#685,#8521,.T.);
#8519=LINE('',#684,#8522);
#8520=LINE('',#666,#8523);
#8521=LINE('',#686,#8524);
#8522=VECTOR('',#8525,1.0);
#8523=VECTOR('',#8526,1.0);
#8524=VECTOR('',#8527,1.0);
#8525=DIRECTION('',(0.9809931692423731,0,-0.19404226833297128));
#8526=DIRECTION('',(-0.13049951331928444,0,-0.9914483733525563));
#8527=DIRECTION('',(0.0351143985235211,0,0.9993832993483188));
#8528=FACE_SURFACE('',(#8533),#8529,.T.);
#8529=PLANE('',#8530);
#8530=AXIS2_PLACEMENT_3D('',#160,#8531,#8532);
#8531=DIRECTION('',(-0.06571927733768188,0,0.9978381514986351));
#8532=DIRECTION('',(0,1,0));
#8533=FACE_BOUND('',#8534,.T.);
#8534=EDGE_LOOP('',(#8535,#8536,#8537));
#8535=ORIENTED_EDGE('',*,*,#8538,.T.);
#8536=ORIENTED_EDGE('',*,*,#8539,.T.);
#8537=ORIENTED_EDGE('',*,*,#8540,.T.);
#8538=EDGE_CURVE('',#161,#585,#8541,.F.);
#8539=EDGE_CURVE('',#585,#49,#8542,.T.);
#8540=EDGE_CURVE('',#49,#161,#8543,.T.);
#8541=LINE('',#160,#8544);
#8542=LINE('',#584,#8545);
#8543=LINE('',#48,#8546);
#8544=VECTOR('',#8547,1.0);
#8545=VECTOR('',#8548,1.0);
#8546=VECTOR('',#8549,1.0);
#8547=DIRECTION('',(0,1,0));
#8548=DIRECTION('',(-0.0012645823038982466,-0.9999991969470728,-8.328749008182941E-05));
#8549=DIRECTION('',(0.00505826828512714,-0.9999871513853232,0.00033314594734567605));
#8550=FACE_SURFACE('',(#8555),#8551,.T.);
#8551=PLANE('',#8552);
#8552=AXIS2_PLACEMENT_3D('',#584,#8553,#8554);
#8553=DIRECTION('',(-0.06575663688571136,4.744925394801795E-08,0.9978356902343584));
#8554=DIRECTION('',(-0.9978356902343596,0,-0.06575663688571143));
#8555=FACE_BOUND('',#8556,.T.);
#8556=EDGE_LOOP('',(#8557,#8558,#8559));
#8557=ORIENTED_EDGE('',*,*,#8560,.T.);
#8558=ORIENTED_EDGE('',*,*,#8561,.T.);
#8559=ORIENTED_EDGE('',*,*,#8562,.T.);
#8560=EDGE_CURVE('',#585,#689,#8563,.F.);
#8561=EDGE_CURVE('',#689,#49,#8564,.T.);
#8562=EDGE_CURVE('',#49,#585,#8565,.T.);
#8563=LINE('',#584,#8566);
#8564=LINE('',#688,#8567);
#8565=LINE('',#48,#8568);
#8566=VECTOR('',#8569,1.0);
#8567=VECTOR('',#8570,1.0);
#8568=VECTOR('',#8571,1.0);
#8569=DIRECTION('',(-0.9978356902343596,0,-0.06575663688571143));
#8570=DIRECTION('',(0.053035343961856926,-0.9985865195380688,0.0034950375811621786));
#8571=DIRECTION('',(0.0012645823038982466,0.9999991969470728,8.328749008182941E-05));
#8572=FACE_SURFACE('',(#8577),#8573,.T.);
#8573=PLANE('',#8574);
#8574=AXIS2_PLACEMENT_3D('',#690,#8575,#8576);
#8575=DIRECTION('',(-0,1,0));
#8576=DIRECTION('',(0.5550524785774041,0,0.831815331684311));
#8577=FACE_BOUND('',#8578,.T.);
#8578=EDGE_LOOP('',(#8579,#8580,#8581));
#8579=ORIENTED_EDGE('',*,*,#8582,.T.);
#8580=ORIENTED_EDGE('',*,*,#8583,.T.);
#8581=ORIENTED_EDGE('',*,*,#8584,.T.);
#8582=EDGE_CURVE('',#691,#693,#8585,.F.);
#8583=EDGE_CURVE('',#693,#695,#8586,.T.);
#8584=EDGE_CURVE('',#695,#691,#8587,.T.);
#8585=LINE('',#690,#8588);
#8586=LINE('',#692,#8589);
#8587=LINE('',#694,#8590);
#8588=VECTOR('',#8591,1.0);
#8589=VECTOR('',#8592,1.0);
#8590=VECTOR('',#8593,1.0);
#8591=DIRECTION('',(0.5550524785774041,0,0.831815331684311));
#8592=DIRECTION('',(0.7933542202122347,0,-0.6087602822716318));
#8593=DIRECTION('',(-0.9098293484133786,0,0.41498259814802735));
#8594=FACE_SURFACE('',(#8599),#8595,.T.);
#8595=PLANE('',#8596);
#8596=AXIS2_PLACEMENT_3D('',#50,#8597,#8598);
#8597=DIRECTION('',(-0.19494065536813387,0,0.9808150390795619));
#8598=DIRECTION('',(-0.05337911050483624,0.998517958457943,-0.010609297747459112));
#8599=FACE_BOUND('',#8600,.T.);
#8600=EDGE_LOOP('',(#8601,#8602,#8603));
#8601=ORIENTED_EDGE('',*,*,#8604,.T.);
#8602=ORIENTED_EDGE('',*,*,#8605,.T.);
#8603=ORIENTED_EDGE('',*,*,#8606,.T.);
#8604=EDGE_CURVE('',#51,#697,#8607,.F.);
#8605=EDGE_CURVE('',#697,#55,#8608,.T.);
#8606=EDGE_CURVE('',#55,#51,#8609,.T.);
#8607=LINE('',#50,#8610);
#8608=LINE('',#696,#8611);
#8609=LINE('',#54,#8612);
#8610=VECTOR('',#8613,1.0);
#8611=VECTOR('',#8614,1.0);
#8612=VECTOR('',#8615,1.0);
#8613=DIRECTION('',(-0.05337911050483624,0.998517958457943,-0.010609297747459112));
#8614=DIRECTION('',(0,-1,0));
#8615=DIRECTION('',(0.9808150390795618,0,0.19494065536813387));
#8616=FACE_SURFACE('',(#8621),#8617,.T.);
#8617=PLANE('',#8618);
#8618=AXIS2_PLACEMENT_3D('',#488,#8619,#8620);
#8619=DIRECTION('',(-0.8964542110716484,0,-0.44313637568124387));
#8620=DIRECTION('',(0.014492225997411828,0.9994650889524107,-0.029317424016950845));
#8621=FACE_BOUND('',#8622,.T.);
#8622=EDGE_LOOP('',(#8623,#8624,#8625));
#8623=ORIENTED_EDGE('',*,*,#8626,.T.);
#8624=ORIENTED_EDGE('',*,*,#8627,.T.);
#8625=ORIENTED_EDGE('',*,*,#8628,.T.);
#8626=EDGE_CURVE('',#489,#211,#8629,.F.);
#8627=EDGE_CURVE('',#211,#529,#8630,.T.);
#8628=EDGE_CURVE('',#529,#489,#8631,.T.);
#8629=LINE('',#488,#8632);
#8630=LINE('',#210,#8633);
#8631=LINE('',#528,#8634);
#8632=VECTOR('',#8635,1.0);
#8633=VECTOR('',#8636,1.0);
#8634=VECTOR('',#8637,1.0);
#8635=DIRECTION('',(0.014492225997411828,0.9994650889524107,-0.029317424016950845));
#8636=DIRECTION('',(0,-1,0));
#8637=DIRECTION('',(-0.44313637568124387,0,0.8964542110716484));
#8638=FACE_SURFACE('',(#8643),#8639,.T.);
#8639=PLANE('',#8640);
#8640=AXIS2_PLACEMENT_3D('',#56,#8641,#8642);
#8641=DIRECTION('',(-0.32104067748643494,0,0.9470654060829437));
#8642=DIRECTION('',(0.9470654060829435,0,0.3210406774864349));
#8643=FACE_BOUND('',#8644,.T.);
#8644=EDGE_LOOP('',(#8645,#8646,#8647));
#8645=ORIENTED_EDGE('',*,*,#8648,.T.);
#8646=ORIENTED_EDGE('',*,*,#8649,.T.);
#8647=ORIENTED_EDGE('',*,*,#8650,.T.);
#8648=EDGE_CURVE('',#57,#55,#8651,.F.);
#8649=EDGE_CURVE('',#55,#699,#8652,.T.);
#8650=EDGE_CURVE('',#699,#57,#8653,.T.);
#8651=LINE('',#56,#8654);
#8652=LINE('',#54,#8655);
#8653=LINE('',#698,#8656);
#8654=VECTOR('',#8657,1.0);
#8655=VECTOR('',#8658,1.0);
#8656=VECTOR('',#8659,1.0);
#8657=DIRECTION('',(0.9470654060829435,0,0.3210406774864349));
#8658=DIRECTION('',(-0.05154846492024759,0.998517606341146,-0.017474140640221677));
#8659=DIRECTION('',(0,-1,0));
#8660=FACE_SURFACE('',(#8665),#8661,.T.);
#8661=PLANE('',#8662);
#8662=AXIS2_PLACEMENT_3D('',#696,#8663,#8664);
#8663=DIRECTION('',(-0.32104067748643494,0,0.9470654060829437));
#8664=DIRECTION('',(-0.9470654060829435,0,-0.3210406774864349));
#8665=FACE_BOUND('',#8666,.T.);
#8666=EDGE_LOOP('',(#8667,#8668,#8669));
#8667=ORIENTED_EDGE('',*,*,#8670,.T.);
#8668=ORIENTED_EDGE('',*,*,#8671,.T.);
#8669=ORIENTED_EDGE('',*,*,#8672,.T.);
#8670=EDGE_CURVE('',#697,#699,#8673,.F.);
#8671=EDGE_CURVE('',#699,#55,#8674,.T.);
#8672=EDGE_CURVE('',#55,#697,#8675,.T.);
#8673=LINE('',#696,#8676);
#8674=LINE('',#698,#8677);
#8675=LINE('',#54,#8678);
#8676=VECTOR('',#8679,1.0);
#8677=VECTOR('',#8680,1.0);
#8678=VECTOR('',#8681,1.0);
#8679=DIRECTION('',(-0.9470654060829435,0,-0.3210406774864349));
#8680=DIRECTION('',(0.05154846492024759,-0.998517606341146,0.017474140640221677));
#8681=DIRECTION('',(0,1,0));
#8682=FACE_SURFACE('',(#8687),#8683,.T.);
#8683=PLANE('',#8684);
#8684=AXIS2_PLACEMENT_3D('',#210,#8685,#8686);
#8685=DIRECTION('',(-0.9471454324114129,-0,-0.3208045041176908));
#8686=DIRECTION('',(0.3208045041176908,0,-0.947145432411413));
#8687=FACE_BOUND('',#8688,.T.);
#8688=EDGE_LOOP('',(#8689,#8690,#8691));
#8689=ORIENTED_EDGE('',*,*,#8692,.T.);
#8690=ORIENTED_EDGE('',*,*,#8693,.T.);
#8691=ORIENTED_EDGE('',*,*,#8694,.T.);
#8692=EDGE_CURVE('',#211,#209,#8695,.F.);
#8693=EDGE_CURVE('',#209,#529,#8696,.T.);
#8694=EDGE_CURVE('',#529,#211,#8697,.T.);
#8695=LINE('',#210,#8698);
#8696=LINE('',#208,#8699);
#8697=LINE('',#528,#8700);
#8698=VECTOR('',#8701,1.0);
#8699=VECTOR('',#8702,1.0);
#8700=VECTOR('',#8703,1.0);
#8701=DIRECTION('',(0.3208045041176908,0,-0.947145432411413));
#8702=DIRECTION('',(-0.010494334660594733,-0.9994648011869012,0.030983546092397125));
#8703=DIRECTION('',(0,1,0));
#8704=FACE_SURFACE('',(#8709),#8705,.T.);
#8705=PLANE('',#8706);
#8706=AXIS2_PLACEMENT_3D('',#634,#8707,#8708);
#8707=DIRECTION('',(-0.5551123007335157,-0,-0.8317754105372092));
#8708=DIRECTION('',(0,-1,0));
#8709=FACE_BOUND('',#8710,.T.);
#8710=EDGE_LOOP('',(#8711,#8712,#8713));
#8711=ORIENTED_EDGE('',*,*,#8714,.T.);
#8712=ORIENTED_EDGE('',*,*,#8715,.T.);
#8713=ORIENTED_EDGE('',*,*,#8716,.T.);
#8714=EDGE_CURVE('',#635,#701,#8717,.F.);
#8715=EDGE_CURVE('',#701,#703,#8718,.T.);
#8716=EDGE_CURVE('',#703,#635,#8719,.T.);
#8717=LINE('',#634,#8720);
#8718=LINE('',#700,#8721);
#8719=LINE('',#702,#8722);
#8720=VECTOR('',#8723,1.0);
#8721=VECTOR('',#8724,1.0);
#8722=VECTOR('',#8725,1.0);
#8723=DIRECTION('',(0,-1,0));
#8724=DIRECTION('',(-0.8317754105372092,0,0.5551123007335157));
#8725=DIRECTION('',(0.019284074528847773,0.9997312095568961,-0.01286985265927911));
#8726=FACE_SURFACE('',(#8731),#8727,.T.);
#8727=PLANE('',#8728);
#8728=AXIS2_PLACEMENT_3D('',#698,#8729,#8730);
#8729=DIRECTION('',(-0.44262005811798016,0,0.8967092528526935));
#8730=DIRECTION('',(-0.04880256699703845,-0.9985179120190216,-0.0240891849524433));
#8731=FACE_BOUND('',#8732,.T.);
#8732=EDGE_LOOP('',(#8733,#8734,#8735));
#8733=ORIENTED_EDGE('',*,*,#8736,.T.);
#8734=ORIENTED_EDGE('',*,*,#8737,.T.);
#8735=ORIENTED_EDGE('',*,*,#8738,.T.);
#8736=EDGE_CURVE('',#699,#71,#8739,.F.);
#8737=EDGE_CURVE('',#71,#57,#8740,.T.);
#8738=EDGE_CURVE('',#57,#699,#8741,.T.);
#8739=LINE('',#698,#8742);
#8740=LINE('',#70,#8743);
#8741=LINE('',#56,#8744);
#8742=VECTOR('',#8745,1.0);
#8743=VECTOR('',#8746,1.0);
#8744=VECTOR('',#8747,1.0);
#8745=DIRECTION('',(-0.04880256699703845,-0.9985179120190216,-0.0240891849524433));
#8746=DIRECTION('',(0.8967092528526935,0,0.44262005811798016));
#8747=DIRECTION('',(0,1,0));
#8748=FACE_SURFACE('',(#8753),#8749,.T.);
#8749=PLANE('',#8750);
#8750=AXIS2_PLACEMENT_3D('',#634,#8751,#8752);
#8751=DIRECTION('',(-0.6597770176442878,-0,-0.7514614341324569));
#8752=DIRECTION('',(0.017409816063309363,-0.9997315871738084,-0.015285676680463114));
#8753=FACE_BOUND('',#8754,.T.);
#8754=EDGE_LOOP('',(#8755,#8756,#8757));
#8755=ORIENTED_EDGE('',*,*,#8758,.T.);
#8756=ORIENTED_EDGE('',*,*,#8759,.T.);
#8757=ORIENTED_EDGE('',*,*,#8760,.T.);
#8758=EDGE_CURVE('',#635,#705,#8761,.F.);
#8759=EDGE_CURVE('',#705,#701,#8762,.T.);
#8760=EDGE_CURVE('',#701,#635,#8763,.T.);
#8761=LINE('',#634,#8764);
#8762=LINE('',#704,#8765);
#8763=LINE('',#700,#8766);
#8764=VECTOR('',#8767,1.0);
#8765=VECTOR('',#8768,1.0);
#8766=VECTOR('',#8769,1.0);
#8767=DIRECTION('',(0.017409816063309363,-0.9997315871738084,-0.015285676680463114));
#8768=DIRECTION('',(-0.7514614341324571,0,0.6597770176442879));
#8769=DIRECTION('',(0,1,0));
#8770=FACE_SURFACE('',(#8775),#8771,.T.);
#8771=PLANE('',#8772);
#8772=AXIS2_PLACEMENT_3D('',#706,#8773,#8774);
#8773=DIRECTION('',(0,1,0));
#8774=DIRECTION('',(-0.8969278836976249,0,-0.442176855393518));
#8775=FACE_BOUND('',#8776,.T.);
#8776=EDGE_LOOP('',(#8777,#8778,#8779));
#8777=ORIENTED_EDGE('',*,*,#8780,.T.);
#8778=ORIENTED_EDGE('',*,*,#8781,.T.);
#8779=ORIENTED_EDGE('',*,*,#8782,.T.);
#8780=EDGE_CURVE('',#707,#709,#8783,.F.);
#8781=EDGE_CURVE('',#709,#699,#8784,.T.);
#8782=EDGE_CURVE('',#699,#707,#8785,.T.);
#8783=LINE('',#706,#8786);
#8784=LINE('',#708,#8787);
#8785=LINE('',#698,#8788);
#8786=VECTOR('',#8789,1.0);
#8787=VECTOR('',#8790,1.0);
#8788=VECTOR('',#8791,1.0);
#8789=DIRECTION('',(-0.8969278836976249,0,-0.442176855393518));
#8790=DIRECTION('',(-0.29274318171585517,0,0.9561911051452413));
#8791=DIRECTION('',(0.38276168094389873,0,-0.9238471170063806));
#8792=FACE_SURFACE('',(#8797),#8793,.T.);
#8793=PLANE('',#8794);
#8794=AXIS2_PLACEMENT_3D('',#710,#8795,#8796);
#8795=DIRECTION('',(0,1,0));
#8796=DIRECTION('',(-0.9466844821417005,0,-0.3221622126694877));
#8797=FACE_BOUND('',#8798,.T.);
#8798=EDGE_LOOP('',(#8799,#8800,#8801));
#8799=ORIENTED_EDGE('',*,*,#8802,.T.);
#8800=ORIENTED_EDGE('',*,*,#8803,.T.);
#8801=ORIENTED_EDGE('',*,*,#8804,.T.);
#8802=EDGE_CURVE('',#711,#707,#8805,.F.);
#8803=EDGE_CURVE('',#707,#699,#8806,.T.);
#8804=EDGE_CURVE('',#699,#711,#8807,.T.);
#8805=LINE('',#710,#8808);
#8806=LINE('',#706,#8809);
#8807=LINE('',#698,#8810);
#8808=VECTOR('',#8811,1.0);
#8809=VECTOR('',#8812,1.0);
#8810=VECTOR('',#8813,1.0);
#8811=DIRECTION('',(-0.9466844821417005,0,-0.3221622126694877));
#8812=DIRECTION('',(-0.38276168094389873,0,0.9238471170063806));
#8813=DIRECTION('',(0.469176427568717,0,-0.8831044557773766));
#8814=FACE_SURFACE('',(#8819),#8815,.T.);
#8815=PLANE('',#8816);
#8816=AXIS2_PLACEMENT_3D('',#72,#8817,#8818);
#8817=DIRECTION('',(-0.6597479748418018,0,0.7514869324826223));
#8818=DIRECTION('',(-0.04089764502330126,0.9985180086460064,-0.03590500022506492));
#8819=FACE_BOUND('',#8820,.T.);
#8820=EDGE_LOOP('',(#8821,#8822,#8823));
#8821=ORIENTED_EDGE('',*,*,#8824,.T.);
#8822=ORIENTED_EDGE('',*,*,#8825,.T.);
#8823=ORIENTED_EDGE('',*,*,#8826,.T.);
#8824=EDGE_CURVE('',#73,#713,#8827,.F.);
#8825=EDGE_CURVE('',#713,#75,#8828,.T.);
#8826=EDGE_CURVE('',#75,#73,#8829,.T.);
#8827=LINE('',#72,#8830);
#8828=LINE('',#712,#8831);
#8829=LINE('',#74,#8832);
#8830=VECTOR('',#8833,1.0);
#8831=VECTOR('',#8834,1.0);
#8832=VECTOR('',#8835,1.0);
#8833=DIRECTION('',(-0.04089764502330126,0.9985180086460064,-0.03590500022506492));
#8834=DIRECTION('',(0,-1,0));
#8835=DIRECTION('',(0.7514869324826223,0,0.6597479748418018));
#8836=FACE_SURFACE('',(#8841),#8837,.T.);
#8837=PLANE('',#8838);
#8838=AXIS2_PLACEMENT_3D('',#712,#8839,#8840);
#8839=DIRECTION('',(-0.7514857776659815,0,0.6597492902351278));
#8840=DIRECTION('',(-0.03590503999711379,-0.9985180112742726,-0.04089754593709842));
#8841=FACE_BOUND('',#8842,.T.);
#8842=EDGE_LOOP('',(#8843,#8844,#8845));
#8843=ORIENTED_EDGE('',*,*,#8846,.T.);
#8844=ORIENTED_EDGE('',*,*,#8847,.T.);
#8845=ORIENTED_EDGE('',*,*,#8848,.T.);
#8846=EDGE_CURVE('',#713,#77,#8849,.F.);
#8847=EDGE_CURVE('',#77,#75,#8850,.T.);
#8848=EDGE_CURVE('',#75,#713,#8851,.T.);
#8849=LINE('',#712,#8852);
#8850=LINE('',#76,#8853);
#8851=LINE('',#74,#8854);
#8852=VECTOR('',#8855,1.0);
#8853=VECTOR('',#8856,1.0);
#8854=VECTOR('',#8857,1.0);
#8855=DIRECTION('',(-0.03590503999711379,-0.9985180112742726,-0.04089754593709842));
#8856=DIRECTION('',(0.6597492902351278,0,0.7514857776659815));
#8857=DIRECTION('',(0,1,0));
#8858=FACE_SURFACE('',(#8863),#8859,.T.);
#8859=PLANE('',#8860);
#8860=AXIS2_PLACEMENT_3D('',#698,#8861,#8862);
#8861=DIRECTION('',(-0,1,0));
#8862=DIRECTION('',(0.9470654060829435,0,0.3210406774864349));
#8863=FACE_BOUND('',#8864,.T.);
#8864=EDGE_LOOP('',(#8865,#8866,#8867));
#8865=ORIENTED_EDGE('',*,*,#8868,.T.);
#8866=ORIENTED_EDGE('',*,*,#8869,.T.);
#8867=ORIENTED_EDGE('',*,*,#8870,.T.);
#8868=EDGE_CURVE('',#699,#697,#8871,.F.);
#8869=EDGE_CURVE('',#697,#711,#8872,.T.);
#8870=EDGE_CURVE('',#711,#699,#8873,.T.);
#8871=LINE('',#698,#8874);
#8872=LINE('',#696,#8875);
#8873=LINE('',#710,#8876);
#8874=VECTOR('',#8877,1.0);
#8875=VECTOR('',#8878,1.0);
#8876=VECTOR('',#8879,1.0);
#8877=DIRECTION('',(0.9470654060829435,0,0.3210406774864349));
#8878=DIRECTION('',(0.25875645514005047,0,-0.9659425950455622));
#8879=DIRECTION('',(-0.469176427568717,0,0.8831044557773766));
#8880=FACE_SURFACE('',(#8885),#8881,.T.);
#8881=PLANE('',#8882);
#8882=AXIS2_PLACEMENT_3D('',#696,#8883,#8884);
#8883=DIRECTION('',(-0,1,0));
#8884=DIRECTION('',(0.9808150390795618,0,0.19494065536813387));
#8885=FACE_BOUND('',#8886,.T.);
#8886=EDGE_LOOP('',(#8887,#8888,#8889));
#8887=ORIENTED_EDGE('',*,*,#8890,.T.);
#8888=ORIENTED_EDGE('',*,*,#8891,.T.);
#8889=ORIENTED_EDGE('',*,*,#8892,.T.);
#8890=EDGE_CURVE('',#697,#689,#8893,.F.);
#8891=EDGE_CURVE('',#689,#711,#8894,.T.);
#8892=EDGE_CURVE('',#711,#697,#8895,.T.);
#8893=LINE('',#696,#8896);
#8894=LINE('',#688,#8897);
#8895=LINE('',#710,#8898);
#8896=VECTOR('',#8899,1.0);
#8897=VECTOR('',#8900,1.0);
#8898=VECTOR('',#8901,1.0);
#8899=DIRECTION('',(0.9808150390795618,0,0.19494065536813387));
#8900=DIRECTION('',(0.0351143985235211,0,-0.9993832993483188));
#8901=DIRECTION('',(-0.25875645514005047,0,0.9659425950455622));
#8902=FACE_SURFACE('',(#8907),#8903,.T.);
#8903=PLANE('',#8904);
#8904=AXIS2_PLACEMENT_3D('',#714,#8905,#8906);
#8905=DIRECTION('',(0,1,0));
#8906=DIRECTION('',(-0.980993821564923,0,-0.19403897044523805));
#8907=FACE_BOUND('',#8908,.T.);
#8908=EDGE_LOOP('',(#8909,#8910,#8911));
#8909=ORIENTED_EDGE('',*,*,#8912,.T.);
#8910=ORIENTED_EDGE('',*,*,#8913,.T.);
#8911=ORIENTED_EDGE('',*,*,#8914,.T.);
#8912=EDGE_CURVE('',#715,#711,#8915,.F.);
#8913=EDGE_CURVE('',#711,#689,#8916,.T.);
#8914=EDGE_CURVE('',#689,#715,#8917,.T.);
#8915=LINE('',#714,#8918);
#8916=LINE('',#710,#8919);
#8917=LINE('',#688,#8920);
#8918=VECTOR('',#8921,1.0);
#8919=VECTOR('',#8922,1.0);
#8920=VECTOR('',#8923,1.0);
#8921=DIRECTION('',(-0.980993821564923,0,-0.19403897044523805));
#8922=DIRECTION('',(-0.0351143985235211,0,0.9993832993483188));
#8923=DIRECTION('',(0.1304994703798223,0,-0.9914483790044674));
#8924=FACE_SURFACE('',(#8929),#8925,.T.);
#8925=PLANE('',#8926);
#8926=AXIS2_PLACEMENT_3D('',#620,#8927,#8928);
#8927=DIRECTION('',(0,1,0));
#8928=DIRECTION('',(-0.9977853072113526,0,-0.0665167701647232));
#8929=FACE_BOUND('',#8930,.T.);
#8930=EDGE_LOOP('',(#8931,#8932,#8933));
#8931=ORIENTED_EDGE('',*,*,#8934,.T.);
#8932=ORIENTED_EDGE('',*,*,#8935,.T.);
#8933=ORIENTED_EDGE('',*,*,#8936,.T.);
#8934=EDGE_CURVE('',#621,#715,#8937,.F.);
#8935=EDGE_CURVE('',#715,#689,#8938,.T.);
#8936=EDGE_CURVE('',#689,#621,#8939,.T.);
#8937=LINE('',#620,#8940);
#8938=LINE('',#714,#8941);
#8939=LINE('',#688,#8942);
#8940=VECTOR('',#8943,1.0);
#8941=VECTOR('',#8944,1.0);
#8942=VECTOR('',#8945,1.0);
#8943=DIRECTION('',(-0.9977853072113526,0,-0.0665167701647232));
#8944=DIRECTION('',(-0.1304994703798223,0,0.9914483790044674));
#8945=DIRECTION('',(0.22463308792811743,0,-0.9744434184742994));
#8946=FACE_SURFACE('',(#8951),#8947,.T.);
#8947=PLANE('',#8948);
#8948=AXIS2_PLACEMENT_3D('',#620,#8949,#8950);
#8949=DIRECTION('',(0,1,-0));
#8950=DIRECTION('',(-0.22463308792811743,0,0.9744434184742994));
#8951=FACE_BOUND('',#8952,.T.);
#8952=EDGE_LOOP('',(#8953,#8954,#8955));
#8953=ORIENTED_EDGE('',*,*,#8956,.T.);
#8954=ORIENTED_EDGE('',*,*,#8957,.T.);
#8955=ORIENTED_EDGE('',*,*,#8958,.T.);
#8956=EDGE_CURVE('',#621,#689,#8959,.F.);
#8957=EDGE_CURVE('',#689,#585,#8960,.T.);
#8958=EDGE_CURVE('',#585,#621,#8961,.T.);
#8959=LINE('',#620,#8962);
#8960=LINE('',#688,#8963);
#8961=LINE('',#584,#8964);
#8962=VECTOR('',#8965,1.0);
#8963=VECTOR('',#8966,1.0);
#8964=VECTOR('',#8967,1.0);
#8965=DIRECTION('',(-0.22463308792811743,0,0.9744434184742994));
#8966=DIRECTION('',(0.9978356902343596,0,0.06575663688571143));
#8967=DIRECTION('',(0,0,-1));
#8968=FACE_SURFACE('',(#8973),#8969,.T.);
#8969=PLANE('',#8970);
#8970=AXIS2_PLACEMENT_3D('',#76,#8971,#8972);
#8971=DIRECTION('',(-0.831815331684311,0,0.5550524785774041));
#8972=DIRECTION('',(-0.030205168902806362,0.9985182111092549,-0.045266210960563644));
#8973=FACE_BOUND('',#8974,.T.);
#8974=EDGE_LOOP('',(#8975,#8976,#8977));
#8975=ORIENTED_EDGE('',*,*,#8978,.T.);
#8976=ORIENTED_EDGE('',*,*,#8979,.T.);
#8977=ORIENTED_EDGE('',*,*,#8980,.T.);
#8978=EDGE_CURVE('',#77,#691,#8981,.F.);
#8979=EDGE_CURVE('',#691,#79,#8982,.T.);
#8980=EDGE_CURVE('',#79,#77,#8983,.T.);
#8981=LINE('',#76,#8984);
#8982=LINE('',#690,#8985);
#8983=LINE('',#78,#8986);
#8984=VECTOR('',#8987,1.0);
#8985=VECTOR('',#8988,1.0);
#8986=VECTOR('',#8989,1.0);
#8987=DIRECTION('',(-0.030205168902806362,0.9985182111092549,-0.045266210960563644));
#8988=DIRECTION('',(0,-1,0));
#8989=DIRECTION('',(0.5550524785774041,0,0.831815331684311));
#8990=FACE_SURFACE('',(#8995),#8991,.T.);
#8991=PLANE('',#8992);
#8992=AXIS2_PLACEMENT_3D('',#166,#8993,#8994);
#8993=DIRECTION('',(0.06111559296346773,0,0.9981306949977661));
#8994=DIRECTION('',(-0.03264904369477998,-0.9994648785898486,0.0019991025975822853));
#8995=FACE_BOUND('',#8996,.T.);
#8996=EDGE_LOOP('',(#8997,#8998,#8999));
#8997=ORIENTED_EDGE('',*,*,#9000,.T.);
#8998=ORIENTED_EDGE('',*,*,#9001,.T.);
#8999=ORIENTED_EDGE('',*,*,#9002,.T.);
#9000=EDGE_CURVE('',#167,#717,#9003,.F.);
#9001=EDGE_CURVE('',#717,#719,#9004,.T.);
#9002=EDGE_CURVE('',#719,#167,#9005,.T.);
#9003=LINE('',#166,#9006);
#9004=LINE('',#716,#9007);
#9005=LINE('',#718,#9008);
#9006=VECTOR('',#9009,1.0);
#9007=VECTOR('',#9010,1.0);
#9008=VECTOR('',#9011,1.0);
#9009=DIRECTION('',(-0.03264904369477998,-0.9994648785898486,0.0019991025975822853));
#9010=DIRECTION('',(0.9981306949977663,0,-0.06111559296346774));
#9011=DIRECTION('',(0,1,0));
#9012=FACE_SURFACE('',(#9017),#9013,.T.);
#9013=PLANE('',#9014);
#9014=AXIS2_PLACEMENT_3D('',#332,#9015,#9016);
#9015=DIRECTION('',(-0.7490945091601733,0,-0.6624631433869201));
#9016=DIRECTION('',(-0.6624631433869201,0,0.7490945091601733));
#9017=FACE_BOUND('',#9018,.T.);
#9018=EDGE_LOOP('',(#9019,#9020,#9021));
#9019=ORIENTED_EDGE('',*,*,#9022,.T.);
#9020=ORIENTED_EDGE('',*,*,#9023,.T.);
#9021=ORIENTED_EDGE('',*,*,#9024,.T.);
#9022=EDGE_CURVE('',#333,#581,#9025,.F.);
#9023=EDGE_CURVE('',#581,#335,#9026,.T.);
#9024=EDGE_CURVE('',#335,#333,#9027,.T.);
#9025=LINE('',#332,#9028);
#9026=LINE('',#580,#9029);
#9027=LINE('',#334,#9030);
#9028=VECTOR('',#9031,1.0);
#9029=VECTOR('',#9032,1.0);
#9030=VECTOR('',#9033,1.0);
#9031=DIRECTION('',(-0.6624631433869201,0,0.7490945091601733));
#9032=DIRECTION('',(0.02165494792358729,0.9994655871263466,-0.024486800130153506));
#9033=DIRECTION('',(0,-1,0));
#9034=FACE_SURFACE('',(#9039),#9035,.T.);
#9035=PLANE('',#9036);
#9036=AXIS2_PLACEMENT_3D('',#690,#9037,#9038);
#9037=DIRECTION('',(-0.8967087098424152,0,0.4426211582072767));
#9038=DIRECTION('',(-0.024089264249806733,-0.9985179096268786,-0.04880257679950667));
#9039=FACE_BOUND('',#9040,.T.);
#9040=EDGE_LOOP('',(#9041,#9042,#9043));
#9041=ORIENTED_EDGE('',*,*,#9044,.T.);
#9042=ORIENTED_EDGE('',*,*,#9045,.T.);
#9043=ORIENTED_EDGE('',*,*,#9046,.T.);
#9044=EDGE_CURVE('',#691,#63,#9047,.F.);
#9045=EDGE_CURVE('',#63,#79,#9048,.T.);
#9046=EDGE_CURVE('',#79,#691,#9049,.T.);
#9047=LINE('',#690,#9050);
#9048=LINE('',#62,#9051);
#9049=LINE('',#78,#9052);
#9050=VECTOR('',#9053,1.0);
#9051=VECTOR('',#9054,1.0);
#9052=VECTOR('',#9055,1.0);
#9053=DIRECTION('',(-0.024089264249806733,-0.9985179096268786,-0.04880257679950667));
#9054=DIRECTION('',(0.4426211582072767,0,0.8967087098424152));
#9055=DIRECTION('',(0,1,0));
#9056=FACE_SURFACE('',(#9061),#9057,.T.);
#9057=PLANE('',#9058);
#9058=AXIS2_PLACEMENT_3D('',#712,#9059,#9060);
#9059=DIRECTION('',(-0,1,0));
#9060=DIRECTION('',(0.7514869324826223,0,0.6597479748418018));
#9061=FACE_BOUND('',#9062,.T.);
#9062=EDGE_LOOP('',(#9063,#9064,#9065));
#9063=ORIENTED_EDGE('',*,*,#9066,.T.);
#9064=ORIENTED_EDGE('',*,*,#9067,.T.);
#9065=ORIENTED_EDGE('',*,*,#9068,.T.);
#9066=EDGE_CURVE('',#713,#721,#9069,.F.);
#9067=EDGE_CURVE('',#721,#723,#9070,.T.);
#9068=EDGE_CURVE('',#723,#713,#9071,.T.);
#9069=LINE('',#712,#9072);
#9070=LINE('',#720,#9073);
#9071=LINE('',#722,#9074);
#9072=VECTOR('',#9075,1.0);
#9073=VECTOR('',#9076,1.0);
#9074=VECTOR('',#9077,1.0);
#9075=DIRECTION('',(0.7514869324826223,0,0.6597479748418018));
#9076=DIRECTION('',(0.6087604042816651,0,-0.7933541265909089));
#9077=DIRECTION('',(-0.771428320800826,0,0.6363162310254374));
#9078=FACE_SURFACE('',(#9083),#9079,.T.);
#9079=PLANE('',#9080);
#9080=AXIS2_PLACEMENT_3D('',#720,#9081,#9082);
#9081=DIRECTION('',(-0,1,0));
#9082=DIRECTION('',(0.8318143214704898,0,0.5550539925057638));
#9083=FACE_BOUND('',#9084,.T.);
#9084=EDGE_LOOP('',(#9085,#9086,#9087));
#9085=ORIENTED_EDGE('',*,*,#9088,.T.);
#9086=ORIENTED_EDGE('',*,*,#9089,.T.);
#9087=ORIENTED_EDGE('',*,*,#9090,.T.);
#9088=EDGE_CURVE('',#721,#725,#9091,.F.);
#9089=EDGE_CURVE('',#725,#723,#9092,.T.);
#9090=EDGE_CURVE('',#723,#721,#9093,.T.);
#9091=LINE('',#720,#9094);
#9092=LINE('',#724,#9095);
#9093=LINE('',#722,#9096);
#9094=VECTOR('',#9097,1.0);
#9095=VECTOR('',#9098,1.0);
#9096=VECTOR('',#9099,1.0);
#9097=DIRECTION('',(0.8318143214704898,0,0.5550539925057638));
#9098=DIRECTION('',(0.4149827310453178,0,-0.9098292877975348));
#9099=DIRECTION('',(-0.6087604042816651,0,0.7933541265909089));
#9100=FACE_SURFACE('',(#9105),#9101,.T.);
#9101=PLANE('',#9102);
#9102=AXIS2_PLACEMENT_3D('',#708,#9103,#9104);
#9103=DIRECTION('',(0,1,0));
#9104=DIRECTION('',(-0.8317754105372092,0,-0.5551123007335157));
#9105=FACE_BOUND('',#9106,.T.);
#9106=EDGE_LOOP('',(#9107,#9108,#9109));
#9107=ORIENTED_EDGE('',*,*,#9110,.T.);
#9108=ORIENTED_EDGE('',*,*,#9111,.T.);
#9109=ORIENTED_EDGE('',*,*,#9112,.T.);
#9110=EDGE_CURVE('',#709,#723,#9113,.F.);
#9111=EDGE_CURVE('',#723,#725,#9114,.T.);
#9112=EDGE_CURVE('',#725,#709,#9115,.T.);
#9113=LINE('',#708,#9116);
#9114=LINE('',#722,#9117);
#9115=LINE('',#724,#9118);
#9116=VECTOR('',#9119,1.0);
#9117=VECTOR('',#9120,1.0);
#9118=VECTOR('',#9121,1.0);
#9119=DIRECTION('',(-0.8317754105372092,0,-0.5551123007335157));
#9120=DIRECTION('',(-0.4149827310453178,0,0.9098292877975348));
#9121=DIRECTION('',(0.500068783400184,0,-0.865985688027614));
#9122=FACE_SURFACE('',(#9127),#9123,.T.);
#9123=PLANE('',#9124);
#9124=AXIS2_PLACEMENT_3D('',#724,#9125,#9126);
#9125=DIRECTION('',(-0,1,0));
#9126=DIRECTION('',(0.8967092528526935,0,0.44262005811798016));
#9127=FACE_BOUND('',#9128,.T.);
#9128=EDGE_LOOP('',(#9129,#9130,#9131));
#9129=ORIENTED_EDGE('',*,*,#9132,.T.);
#9130=ORIENTED_EDGE('',*,*,#9133,.T.);
#9131=ORIENTED_EDGE('',*,*,#9134,.T.);
#9132=EDGE_CURVE('',#725,#699,#9135,.F.);
#9133=EDGE_CURVE('',#699,#709,#9136,.T.);
#9134=EDGE_CURVE('',#709,#725,#9137,.T.);
#9135=LINE('',#724,#9138);
#9136=LINE('',#698,#9139);
#9137=LINE('',#708,#9140);
#9138=VECTOR('',#9141,1.0);
#9139=VECTOR('',#9142,1.0);
#9140=VECTOR('',#9143,1.0);
#9141=DIRECTION('',(0.8967092528526935,0,0.44262005811798016));
#9142=DIRECTION('',(0.29274318171585517,0,-0.9561911051452413));
#9143=DIRECTION('',(-0.500068783400184,0,0.865985688027614));
#9144=FACE_SURFACE('',(#9149),#9145,.T.);
#9145=PLANE('',#9146);
#9146=AXIS2_PLACEMENT_3D('',#722,#9147,#9148);
#9147=DIRECTION('',(0,1,0));
#9148=DIRECTION('',(-0.7514614341324571,0,-0.6597770176442879));
#9149=FACE_BOUND('',#9150,.T.);
#9150=EDGE_LOOP('',(#9151,#9152,#9153));
#9151=ORIENTED_EDGE('',*,*,#9154,.T.);
#9152=ORIENTED_EDGE('',*,*,#9155,.T.);
#9153=ORIENTED_EDGE('',*,*,#9156,.T.);
#9154=EDGE_CURVE('',#723,#727,#9157,.F.);
#9155=EDGE_CURVE('',#727,#713,#9158,.T.);
#9156=EDGE_CURVE('',#713,#723,#9159,.T.);
#9157=LINE('',#722,#9160);
#9158=LINE('',#726,#9161);
#9159=LINE('',#712,#9162);
#9160=VECTOR('',#9163,1.0);
#9161=VECTOR('',#9164,1.0);
#9162=VECTOR('',#9165,1.0);
#9163=DIRECTION('',(-0.7514614341324571,0,-0.6597770176442879));
#9164=DIRECTION('',(-0.707106864152787,0,0.7071066982202984));
#9165=DIRECTION('',(0.771428320800826,0,-0.6363162310254374));
#9166=FACE_SURFACE('',(#9171),#9167,.T.);
#9167=PLANE('',#9168);
#9168=AXIS2_PLACEMENT_3D('',#726,#9169,#9170);
#9169=DIRECTION('',(0,1,0));
#9170=DIRECTION('',(-0.6597771710908157,0,-0.7514612994076277));
#9171=FACE_BOUND('',#9172,.T.);
#9172=EDGE_LOOP('',(#9173,#9174,#9175));
#9173=ORIENTED_EDGE('',*,*,#9176,.T.);
#9174=ORIENTED_EDGE('',*,*,#9177,.T.);
#9175=ORIENTED_EDGE('',*,*,#9178,.T.);
#9176=EDGE_CURVE('',#727,#695,#9179,.F.);
#9177=EDGE_CURVE('',#695,#713,#9180,.T.);
#9178=EDGE_CURVE('',#713,#727,#9181,.T.);
#9179=LINE('',#726,#9182);
#9180=LINE('',#694,#9183);
#9181=LINE('',#712,#9184);
#9182=VECTOR('',#9185,1.0);
#9183=VECTOR('',#9186,1.0);
#9184=VECTOR('',#9187,1.0);
#9185=DIRECTION('',(-0.6597771710908157,0,-0.7514612994076277));
#9186=DIRECTION('',(-0.6363165185522273,0,0.7714280836329288));
#9187=DIRECTION('',(0.707106864152787,0,-0.7071066982202984));
#9188=FACE_SURFACE('',(#9193),#9189,.T.);
#9189=PLANE('',#9190);
#9190=AXIS2_PLACEMENT_3D('',#692,#9191,#9192);
#9191=DIRECTION('',(-0,1,0));
#9192=DIRECTION('',(0.6597492902351278,0,0.7514857776659815));
#9193=FACE_BOUND('',#9194,.T.);
#9194=EDGE_LOOP('',(#9195,#9196,#9197));
#9195=ORIENTED_EDGE('',*,*,#9198,.T.);
#9196=ORIENTED_EDGE('',*,*,#9199,.T.);
#9197=ORIENTED_EDGE('',*,*,#9200,.T.);
#9198=EDGE_CURVE('',#693,#713,#9201,.F.);
#9199=EDGE_CURVE('',#713,#695,#9202,.T.);
#9200=EDGE_CURVE('',#695,#693,#9203,.T.);
#9201=LINE('',#692,#9204);
#9202=LINE('',#712,#9205);
#9203=LINE('',#694,#9206);
#9204=VECTOR('',#9207,1.0);
#9205=VECTOR('',#9208,1.0);
#9206=VECTOR('',#9209,1.0);
#9207=DIRECTION('',(0.6597492902351278,0,0.7514857776659815));
#9208=DIRECTION('',(0.6363165185522273,0,-0.7714280836329288));
#9209=DIRECTION('',(-0.7933542202122347,0,0.6087602822716318));
#9210=FACE_SURFACE('',(#9215),#9211,.T.);
#9211=PLANE('',#9212);
#9212=AXIS2_PLACEMENT_3D('',#728,#9213,#9214);
#9213=DIRECTION('',(-0.6624631433869201,0,0.7490945091601733));
#9214=DIRECTION('',(0,1,0));
#9215=FACE_BOUND('',#9216,.T.);
#9216=EDGE_LOOP('',(#9217,#9218,#9219));
#9217=ORIENTED_EDGE('',*,*,#9220,.T.);
#9218=ORIENTED_EDGE('',*,*,#9221,.T.);
#9219=ORIENTED_EDGE('',*,*,#9222,.T.);
#9220=EDGE_CURVE('',#729,#731,#9223,.F.);
#9221=EDGE_CURVE('',#731,#733,#9224,.T.);
#9222=EDGE_CURVE('',#733,#729,#9225,.T.);
#9223=LINE('',#728,#9226);
#9224=LINE('',#730,#9227);
#9225=LINE('',#732,#9228);
#9226=VECTOR('',#9229,1.0);
#9227=VECTOR('',#9230,1.0);
#9228=VECTOR('',#9231,1.0);
#9229=DIRECTION('',(0,1,0));
#9230=DIRECTION('',(-0.024486800130153506,-0.9994655871263466,-0.02165494792358729));
#9231=DIRECTION('',(0.7490945091601733,0,0.6624631433869201));
#9232=FACE_SURFACE('',(#9237),#9233,.T.);
#9233=PLANE('',#9234);
#9234=AXIS2_PLACEMENT_3D('',#734,#9235,#9236);
#9235=DIRECTION('',(-0.9470657366646223,0,0.3210397022735602));
#9236=DIRECTION('',(0,-1,0));
#9237=FACE_BOUND('',#9238,.T.);
#9238=EDGE_LOOP('',(#9239,#9240,#9241));
#9239=ORIENTED_EDGE('',*,*,#9242,.T.);
#9240=ORIENTED_EDGE('',*,*,#9243,.T.);
#9241=ORIENTED_EDGE('',*,*,#9244,.T.);
#9242=EDGE_CURVE('',#735,#59,#9245,.F.);
#9243=EDGE_CURVE('',#59,#63,#9246,.T.);
#9244=EDGE_CURVE('',#63,#735,#9247,.T.);
#9245=LINE('',#734,#9248);
#9246=LINE('',#58,#9249);
#9247=LINE('',#62,#9250);
#9248=VECTOR('',#9251,1.0);
#9249=VECTOR('',#9252,1.0);
#9250=VECTOR('',#9253,1.0);
#9251=DIRECTION('',(0,-1,0));
#9252=DIRECTION('',(0.32103970227356016,0,0.9470657366646223));
#9253=DIRECTION('',(-0.01747406136301251,0.998517610789172,-0.051548405633589416));
#9254=FACE_SURFACE('',(#9259),#9255,.T.);
#9255=PLANE('',#9256);
#9256=AXIS2_PLACEMENT_3D('',#736,#9257,#9258);
#9257=DIRECTION('',(0,1,-0));
#9258=DIRECTION('',(-0.9807759987658936,0,0.19513697815832864));
#9259=FACE_BOUND('',#9260,.T.);
#9260=EDGE_LOOP('',(#9261,#9262,#9263));
#9261=ORIENTED_EDGE('',*,*,#9264,.T.);
#9262=ORIENTED_EDGE('',*,*,#9265,.T.);
#9263=ORIENTED_EDGE('',*,*,#9266,.T.);
#9264=EDGE_CURVE('',#737,#739,#9267,.F.);
#9265=EDGE_CURVE('',#739,#741,#9268,.T.);
#9266=EDGE_CURVE('',#741,#737,#9269,.T.);
#9267=LINE('',#736,#9270);
#9268=LINE('',#738,#9271);
#9269=LINE('',#740,#9272);
#9270=VECTOR('',#9273,1.0);
#9271=VECTOR('',#9274,1.0);
#9272=VECTOR('',#9275,1.0);
#9273=DIRECTION('',(-0.9807759987658936,0,0.19513697815832864));
#9274=DIRECTION('',(0.991435341879441,0,-0.13059847959450344));
#9275=DIRECTION('',(-0.6597771710908157,0,-0.7514612994076277));
#9276=FACE_SURFACE('',(#9281),#9277,.T.);
#9277=PLANE('',#9278);
#9278=AXIS2_PLACEMENT_3D('',#742,#9279,#9280);
#9279=DIRECTION('',(0,1,-0));
#9280=DIRECTION('',(-0.9659070430004154,0,0.2588891351180919));
#9281=FACE_BOUND('',#9282,.T.);
#9282=EDGE_LOOP('',(#9283,#9284,#9285));
#9283=ORIENTED_EDGE('',*,*,#9286,.T.);
#9284=ORIENTED_EDGE('',*,*,#9287,.T.);
#9285=ORIENTED_EDGE('',*,*,#9288,.T.);
#9286=EDGE_CURVE('',#743,#739,#9289,.F.);
#9287=EDGE_CURVE('',#739,#737,#9290,.T.);
#9288=EDGE_CURVE('',#737,#743,#9291,.T.);
#9289=LINE('',#742,#9292);
#9290=LINE('',#738,#9293);
#9291=LINE('',#736,#9294);
#9292=VECTOR('',#9295,1.0);
#9293=VECTOR('',#9296,1.0);
#9294=VECTOR('',#9297,1.0);
#9295=DIRECTION('',(-0.9659070430004154,0,0.2588891351180919));
#9296=DIRECTION('',(0.9807759987658936,0,-0.19513697815832864));
#9297=DIRECTION('',(-0.7514614341324571,0,-0.6597770176442879));
#9298=FACE_SURFACE('',(#9303),#9299,.T.);
#9299=PLANE('',#9300);
#9300=AXIS2_PLACEMENT_3D('',#744,#9301,#9302);
#9301=DIRECTION('',(0,1,-0));
#9302=DIRECTION('',(-0.9469013620803478,0,0.3215241989188095));
#9303=FACE_BOUND('',#9304,.T.);
#9304=EDGE_LOOP('',(#9305,#9306,#9307));
#9305=ORIENTED_EDGE('',*,*,#9308,.T.);
#9306=ORIENTED_EDGE('',*,*,#9309,.T.);
#9307=ORIENTED_EDGE('',*,*,#9310,.T.);
#9308=EDGE_CURVE('',#745,#739,#9311,.F.);
#9309=EDGE_CURVE('',#739,#743,#9312,.T.);
#9310=EDGE_CURVE('',#743,#745,#9313,.T.);
#9311=LINE('',#744,#9314);
#9312=LINE('',#738,#9315);
#9313=LINE('',#742,#9316);
#9314=VECTOR('',#9317,1.0);
#9315=VECTOR('',#9318,1.0);
#9316=VECTOR('',#9319,1.0);
#9317=DIRECTION('',(-0.9469013620803478,0,0.3215241989188095));
#9318=DIRECTION('',(0.9659070430004154,0,-0.2588891351180919));
#9319=DIRECTION('',(-0.8317738284072922,0,-0.5551146713758125));
#9320=FACE_SURFACE('',(#9325),#9321,.T.);
#9321=PLANE('',#9322);
#9322=AXIS2_PLACEMENT_3D('',#746,#9323,#9324);
#9323=DIRECTION('',(0,1,0));
#9324=DIRECTION('',(0.9238472559390797,0,-0.38276134561085545));
#9325=FACE_BOUND('',#9326,.T.);
#9326=EDGE_LOOP('',(#9327,#9328,#9329));
#9327=ORIENTED_EDGE('',*,*,#9330,.T.);
#9328=ORIENTED_EDGE('',*,*,#9331,.T.);
#9329=ORIENTED_EDGE('',*,*,#9332,.T.);
#9330=EDGE_CURVE('',#747,#749,#9333,.F.);
#9331=EDGE_CURVE('',#749,#751,#9334,.T.);
#9332=EDGE_CURVE('',#751,#747,#9335,.T.);
#9333=LINE('',#746,#9336);
#9334=LINE('',#748,#9337);
#9335=LINE('',#750,#9338);
#9336=VECTOR('',#9339,1.0);
#9337=VECTOR('',#9340,1.0);
#9338=VECTOR('',#9341,1.0);
#9339=DIRECTION('',(0.9238472559390797,0,-0.38276134561085545));
#9340=DIRECTION('',(-0.9561911006923973,0,0.2927431962602407));
#9341=DIRECTION('',(0.4421743426075084,0,0.8969291224726834));
#9342=FACE_SURFACE('',(#9347),#9343,.T.);
#9343=PLANE('',#9344);
#9344=AXIS2_PLACEMENT_3D('',#752,#9345,#9346);
#9345=DIRECTION('',(0,1,0));
#9346=DIRECTION('',(-0.06540714810262545,0,-0.9978586598196567));
#9347=FACE_BOUND('',#9348,.T.);
#9348=EDGE_LOOP('',(#9349,#9350,#9351));
#9349=ORIENTED_EDGE('',*,*,#9352,.T.);
#9350=ORIENTED_EDGE('',*,*,#9353,.T.);
#9351=ORIENTED_EDGE('',*,*,#9354,.T.);
#9352=EDGE_CURVE('',#753,#755,#9355,.F.);
#9353=EDGE_CURVE('',#755,#757,#9356,.T.);
#9354=EDGE_CURVE('',#757,#753,#9357,.T.);
#9355=LINE('',#752,#9358);
#9356=LINE('',#754,#9359);
#9357=LINE('',#756,#9360);
#9358=VECTOR('',#9361,1.0);
#9359=VECTOR('',#9362,1.0);
#9360=VECTOR('',#9363,1.0);
#9361=DIRECTION('',(-0.06540714810262545,0,-0.9978586598196567));
#9362=DIRECTION('',(0,0,1));
#9363=DIRECTION('',(0.4421743426075084,0,-0.8969291224726834));
#9364=FACE_SURFACE('',(#9369),#9365,.T.);
#9365=PLANE('',#9366);
#9366=AXIS2_PLACEMENT_3D('',#758,#9367,#9368);
#9367=DIRECTION('',(0,1,0));
#9368=DIRECTION('',(-0.1305736657357475,0,-0.9914386102106018));
#9369=FACE_BOUND('',#9370,.T.);
#9370=EDGE_LOOP('',(#9371,#9372,#9373));
#9371=ORIENTED_EDGE('',*,*,#9374,.T.);
#9372=ORIENTED_EDGE('',*,*,#9375,.T.);
#9373=ORIENTED_EDGE('',*,*,#9376,.T.);
#9374=EDGE_CURVE('',#759,#755,#9377,.F.);
#9375=EDGE_CURVE('',#755,#753,#9378,.T.);
#9376=EDGE_CURVE('',#753,#759,#9379,.T.);
#9377=LINE('',#758,#9380);
#9378=LINE('',#754,#9381);
#9379=LINE('',#752,#9382);
#9380=VECTOR('',#9383,1.0);
#9381=VECTOR('',#9384,1.0);
#9382=VECTOR('',#9385,1.0);
#9383=DIRECTION('',(-0.1305736657357475,0,-0.9914386102106018));
#9384=DIRECTION('',(0.06540714810262545,0,0.9978586598196567));
#9385=DIRECTION('',(0.32216015093047695,0,-0.9466851837609229));
#9386=FACE_SURFACE('',(#9391),#9387,.T.);
#9387=PLANE('',#9388);
#9388=AXIS2_PLACEMENT_3D('',#760,#9389,#9390);
#9389=DIRECTION('',(0,1,0));
#9390=DIRECTION('',(-0.19499037241374084,0,-0.9808051563210456));
#9391=FACE_BOUND('',#9392,.T.);
#9392=EDGE_LOOP('',(#9393,#9394,#9395));
#9393=ORIENTED_EDGE('',*,*,#9396,.T.);
#9394=ORIENTED_EDGE('',*,*,#9397,.T.);
#9395=ORIENTED_EDGE('',*,*,#9398,.T.);
#9396=EDGE_CURVE('',#761,#755,#9399,.F.);
#9397=EDGE_CURVE('',#755,#759,#9400,.T.);
#9398=EDGE_CURVE('',#759,#761,#9401,.T.);
#9399=LINE('',#760,#9402);
#9400=LINE('',#754,#9403);
#9401=LINE('',#758,#9404);
#9402=VECTOR('',#9405,1.0);
#9403=VECTOR('',#9406,1.0);
#9404=VECTOR('',#9407,1.0);
#9405=DIRECTION('',(-0.19499037241374084,0,-0.9808051563210456));
#9406=DIRECTION('',(0.1305736657357475,0,0.9914386102106018));
#9407=DIRECTION('',(0.1940432355012139,0,-0.9809929779342055));
#9408=FACE_SURFACE('',(#9413),#9409,.T.);
#9409=PLANE('',#9410);
#9410=AXIS2_PLACEMENT_3D('',#762,#9411,#9412);
#9411=DIRECTION('',(0,1,0));
#9412=DIRECTION('',(-0.2589631042368534,0,-0.9658872142460593));
#9413=FACE_BOUND('',#9414,.T.);
#9414=EDGE_LOOP('',(#9415,#9416,#9417));
#9415=ORIENTED_EDGE('',*,*,#9418,.T.);
#9416=ORIENTED_EDGE('',*,*,#9419,.T.);
#9417=ORIENTED_EDGE('',*,*,#9420,.T.);
#9418=EDGE_CURVE('',#763,#755,#9421,.F.);
#9419=EDGE_CURVE('',#755,#761,#9422,.T.);
#9420=EDGE_CURVE('',#761,#763,#9423,.T.);
#9421=LINE('',#762,#9424);
#9422=LINE('',#754,#9425);
#9423=LINE('',#760,#9426);
#9424=VECTOR('',#9427,1.0);
#9425=VECTOR('',#9428,1.0);
#9426=VECTOR('',#9429,1.0);
#9427=DIRECTION('',(-0.2589631042368534,0,-0.9658872142460593));
#9428=DIRECTION('',(0.19499037241374084,0,0.9808051563210456));
#9429=DIRECTION('',(0.06651844154409839,0,-0.9977851957884244));
#9430=FACE_SURFACE('',(#9435),#9431,.T.);
#9431=PLANE('',#9432);
#9432=AXIS2_PLACEMENT_3D('',#764,#9433,#9434);
#9433=DIRECTION('',(0,1,-0));
#9434=DIRECTION('',(-0.32128684442048117,0,-0.9469819235879477));
#9435=FACE_BOUND('',#9436,.T.);
#9436=EDGE_LOOP('',(#9437,#9438,#9439));
#9437=ORIENTED_EDGE('',*,*,#9440,.T.);
#9438=ORIENTED_EDGE('',*,*,#9441,.T.);
#9439=ORIENTED_EDGE('',*,*,#9442,.T.);
#9440=EDGE_CURVE('',#765,#755,#9443,.F.);
#9441=EDGE_CURVE('',#755,#763,#9444,.T.);
#9442=EDGE_CURVE('',#763,#765,#9445,.T.);
#9443=LINE('',#764,#9446);
#9444=LINE('',#754,#9447);
#9445=LINE('',#762,#9448);
#9446=VECTOR('',#9449,1.0);
#9447=VECTOR('',#9450,1.0);
#9448=VECTOR('',#9451,1.0);
#9449=DIRECTION('',(-0.32128684442048117,0,-0.9469819235879477));
#9450=DIRECTION('',(0.2589631042368534,0,0.9658872142460593));
#9451=DIRECTION('',(-0.06651844154409839,0,-0.9977851957884244));
#9452=FACE_SURFACE('',(#9457),#9453,.T.);
#9453=PLANE('',#9454);
#9454=AXIS2_PLACEMENT_3D('',#766,#9455,#9456);
#9455=DIRECTION('',(0,1,-0));
#9456=DIRECTION('',(-0.32216015093047695,0,-0.9466851837609229));
#9457=FACE_BOUND('',#9458,.T.);
#9458=EDGE_LOOP('',(#9459,#9460,#9461));
#9459=ORIENTED_EDGE('',*,*,#9462,.T.);
#9460=ORIENTED_EDGE('',*,*,#9463,.T.);
#9461=ORIENTED_EDGE('',*,*,#9464,.T.);
#9462=EDGE_CURVE('',#767,#769,#9465,.F.);
#9463=EDGE_CURVE('',#769,#765,#9466,.T.);
#9464=EDGE_CURVE('',#765,#767,#9467,.T.);
#9465=LINE('',#766,#9468);
#9466=LINE('',#768,#9469);
#9467=LINE('',#764,#9470);
#9468=VECTOR('',#9471,1.0);
#9469=VECTOR('',#9472,1.0);
#9470=VECTOR('',#9473,1.0);
#9471=DIRECTION('',(-0.32216015093047695,0,-0.9466851837609229));
#9472=DIRECTION('',(0.25861600957920383,0,0.9659802066239915));
#9473=DIRECTION('',(-0.1940432355012139,0,-0.9809929779342055));
#9474=FACE_SURFACE('',(#9479),#9475,.T.);
#9475=PLANE('',#9476);
#9476=AXIS2_PLACEMENT_3D('',#754,#9477,#9478);
#9477=DIRECTION('',(0,1,0));
#9478=DIRECTION('',(0.32128684442048117,0,0.9469819235879477));
#9479=FACE_BOUND('',#9480,.T.);
#9480=EDGE_LOOP('',(#9481,#9482,#9483));
#9481=ORIENTED_EDGE('',*,*,#9484,.T.);
#9482=ORIENTED_EDGE('',*,*,#9485,.T.);
#9483=ORIENTED_EDGE('',*,*,#9486,.T.);
#9484=EDGE_CURVE('',#755,#765,#9487,.F.);
#9485=EDGE_CURVE('',#765,#769,#9488,.T.);
#9486=EDGE_CURVE('',#769,#755,#9489,.T.);
#9487=LINE('',#754,#9490);
#9488=LINE('',#764,#9491);
#9489=LINE('',#768,#9492);
#9490=VECTOR('',#9493,1.0);
#9491=VECTOR('',#9494,1.0);
#9492=VECTOR('',#9495,1.0);
#9493=DIRECTION('',(0.32128684442048117,0,0.9469819235879477));
#9494=DIRECTION('',(-0.25861600957920383,0,-0.9659802066239915));
#9495=DIRECTION('',(-0.4421743426075084,0,-0.8969291224726834));
#9496=FACE_SURFACE('',(#9501),#9497,.T.);
#9497=PLANE('',#9498);
#9498=AXIS2_PLACEMENT_3D('',#770,#9499,#9500);
#9499=DIRECTION('',(0,1,0));
#9500=DIRECTION('',(0.5551136825457531,0,-0.8317744883383315));
#9501=FACE_BOUND('',#9502,.T.);
#9502=EDGE_LOOP('',(#9503,#9504,#9505));
#9503=ORIENTED_EDGE('',*,*,#9506,.T.);
#9504=ORIENTED_EDGE('',*,*,#9507,.T.);
#9505=ORIENTED_EDGE('',*,*,#9508,.T.);
#9506=EDGE_CURVE('',#771,#757,#9509,.F.);
#9507=EDGE_CURVE('',#757,#755,#9510,.T.);
#9508=EDGE_CURVE('',#755,#771,#9511,.T.);
#9509=LINE('',#770,#9512);
#9510=LINE('',#756,#9513);
#9511=LINE('',#754,#9514);
#9512=VECTOR('',#9515,1.0);
#9513=VECTOR('',#9516,1.0);
#9514=VECTOR('',#9517,1.0);
#9515=DIRECTION('',(0.5551136825457531,0,-0.8317744883383315));
#9516=DIRECTION('',(0,0,-1));
#9517=DIRECTION('',(-0.0653952433152799,0,0.9978594400774766));
#9518=FACE_SURFACE('',(#9523),#9519,.T.);
#9519=PLANE('',#9520);
#9520=AXIS2_PLACEMENT_3D('',#772,#9521,#9522);
#9521=DIRECTION('',(0,1,0));
#9522=DIRECTION('',(0.9977853072113526,0,-0.0665167701647232));
#9523=FACE_BOUND('',#9524,.T.);
#9524=EDGE_LOOP('',(#9525,#9526,#9527));
#9525=ORIENTED_EDGE('',*,*,#9528,.T.);
#9526=ORIENTED_EDGE('',*,*,#9529,.T.);
#9527=ORIENTED_EDGE('',*,*,#9530,.T.);
#9528=EDGE_CURVE('',#773,#775,#9531,.F.);
#9529=EDGE_CURVE('',#775,#755,#9532,.T.);
#9530=EDGE_CURVE('',#755,#773,#9533,.T.);
#9531=LINE('',#772,#9534);
#9532=LINE('',#774,#9535);
#9533=LINE('',#754,#9536);
#9534=VECTOR('',#9537,1.0);
#9535=VECTOR('',#9538,1.0);
#9536=VECTOR('',#9539,1.0);
#9537=DIRECTION('',(0.9977853072113526,0,-0.0665167701647232));
#9538=DIRECTION('',(0.4423424087140458,0,-0.8968462485025268));
#9539=DIRECTION('',(-0.5000085518291213,0,0.8660204663272946));
#9540=FACE_SURFACE('',(#9545),#9541,.T.);
#9541=PLANE('',#9542);
#9542=AXIS2_PLACEMENT_3D('',#776,#9543,#9544);
#9543=DIRECTION('',(0,1,0));
#9544=DIRECTION('',(-0.5550531518469728,0,-0.831814882425616));
#9545=FACE_BOUND('',#9546,.T.);
#9546=EDGE_LOOP('',(#9547,#9548,#9549));
#9547=ORIENTED_EDGE('',*,*,#9550,.T.);
#9548=ORIENTED_EDGE('',*,*,#9551,.T.);
#9549=ORIENTED_EDGE('',*,*,#9552,.T.);
#9550=EDGE_CURVE('',#777,#779,#9553,.F.);
#9551=EDGE_CURVE('',#779,#615,#9554,.T.);
#9552=EDGE_CURVE('',#615,#777,#9555,.T.);
#9553=LINE('',#776,#9556);
#9554=LINE('',#778,#9557);
#9555=LINE('',#614,#9558);
#9556=VECTOR('',#9559,1.0);
#9557=VECTOR('',#9560,1.0);
#9558=VECTOR('',#9561,1.0);
#9559=DIRECTION('',(-0.5550531518469728,0,-0.831814882425616));
#9560=DIRECTION('',(-0.7933543804798744,0,0.6087600734060955));
#9561=DIRECTION('',(0.9098293484133786,0,-0.41498259814802735));
#9562=FACE_SURFACE('',(#9567),#9563,.T.);
#9563=PLANE('',#9564);
#9564=AXIS2_PLACEMENT_3D('',#778,#9565,#9566);
#9565=DIRECTION('',(0,1,0));
#9566=DIRECTION('',(-0.6597485673027674,0,-0.751486412346854));
#9567=FACE_BOUND('',#9568,.T.);
#9568=EDGE_LOOP('',(#9569,#9570,#9571));
#9569=ORIENTED_EDGE('',*,*,#9572,.T.);
#9570=ORIENTED_EDGE('',*,*,#9573,.T.);
#9571=ORIENTED_EDGE('',*,*,#9574,.T.);
#9572=EDGE_CURVE('',#779,#617,#9575,.F.);
#9573=EDGE_CURVE('',#617,#615,#9576,.T.);
#9574=EDGE_CURVE('',#615,#779,#9577,.T.);
#9575=LINE('',#778,#9578);
#9576=LINE('',#616,#9579);
#9577=LINE('',#614,#9580);
#9578=VECTOR('',#9581,1.0);
#9579=VECTOR('',#9582,1.0);
#9580=VECTOR('',#9583,1.0);
#9581=DIRECTION('',(-0.6597485673027674,0,-0.751486412346854));
#9582=DIRECTION('',(-0.6363165185522273,0,0.7714280836329288));
#9583=DIRECTION('',(0.7933543804798744,0,-0.6087600734060955));
#9584=FACE_SURFACE('',(#9589),#9585,.T.);
#9585=PLANE('',#9586);
#9586=AXIS2_PLACEMENT_3D('',#168,#9587,#9588);
#9587=DIRECTION('',(-0.19806614858790147,0,0.9801886557104991));
#9588=DIRECTION('',(0,-1,0));
#9589=FACE_BOUND('',#9590,.T.);
#9590=EDGE_LOOP('',(#9591,#9592,#9593));
#9591=ORIENTED_EDGE('',*,*,#9594,.T.);
#9592=ORIENTED_EDGE('',*,*,#9595,.T.);
#9593=ORIENTED_EDGE('',*,*,#9596,.T.);
#9594=EDGE_CURVE('',#169,#781,#9597,.F.);
#9595=EDGE_CURVE('',#781,#783,#9598,.T.);
#9596=EDGE_CURVE('',#783,#169,#9599,.T.);
#9597=LINE('',#168,#9600);
#9598=LINE('',#780,#9601);
#9599=LINE('',#782,#9602);
#9600=VECTOR('',#9603,1.0);
#9601=VECTOR('',#9604,1.0);
#9602=VECTOR('',#9605,1.0);
#9603=DIRECTION('',(0,-1,0));
#9604=DIRECTION('',(0.9801886557104992,0,0.19806614858790147));
#9605=DIRECTION('',(-0.032149491838312616,0.9994619585479648,-0.006496429019428964));
#9606=FACE_SURFACE('',(#9611),#9607,.T.);
#9607=PLANE('',#9608);
#9608=AXIS2_PLACEMENT_3D('',#718,#9609,#9610);
#9609=DIRECTION('',(-0.06111559296346773,0,0.9981306949977661));
#9610=DIRECTION('',(0.9981306949977663,0,0.06111559296346774));
#9611=FACE_BOUND('',#9612,.T.);
#9612=EDGE_LOOP('',(#9613,#9614,#9615));
#9613=ORIENTED_EDGE('',*,*,#9616,.T.);
#9614=ORIENTED_EDGE('',*,*,#9617,.T.);
#9615=ORIENTED_EDGE('',*,*,#9618,.T.);
#9616=EDGE_CURVE('',#719,#781,#9619,.F.);
#9617=EDGE_CURVE('',#781,#167,#9620,.T.);
#9618=EDGE_CURVE('',#167,#719,#9621,.T.);
#9619=LINE('',#718,#9622);
#9620=LINE('',#780,#9623);
#9621=LINE('',#166,#9624);
#9622=VECTOR('',#9625,1.0);
#9623=VECTOR('',#9626,1.0);
#9624=VECTOR('',#9627,1.0);
#9625=DIRECTION('',(0.9981306949977663,0,0.06111559296346774));
#9626=DIRECTION('',(-0.03264904369477998,0.9994648785898486,-0.0019991025975822853));
#9627=DIRECTION('',(0,-1,0));
#9628=FACE_SURFACE('',(#9633),#9629,.T.);
#9629=PLANE('',#9630);
#9630=AXIS2_PLACEMENT_3D('',#168,#9631,#9632);
#9631=DIRECTION('',(-0.06111559296346773,0,0.9981306949977661));
#9632=DIRECTION('',(-0.9981306949977663,0,-0.06111559296346774));
#9633=FACE_BOUND('',#9634,.T.);
#9634=EDGE_LOOP('',(#9635,#9636,#9637));
#9635=ORIENTED_EDGE('',*,*,#9638,.T.);
#9636=ORIENTED_EDGE('',*,*,#9639,.T.);
#9637=ORIENTED_EDGE('',*,*,#9640,.T.);
#9638=EDGE_CURVE('',#169,#167,#9641,.F.);
#9639=EDGE_CURVE('',#167,#781,#9642,.T.);
#9640=EDGE_CURVE('',#781,#169,#9643,.T.);
#9641=LINE('',#168,#9644);
#9642=LINE('',#166,#9645);
#9643=LINE('',#780,#9646);
#9644=VECTOR('',#9647,1.0);
#9645=VECTOR('',#9648,1.0);
#9646=VECTOR('',#9649,1.0);
#9647=DIRECTION('',(-0.9981306949977663,0,-0.06111559296346774));
#9648=DIRECTION('',(0.03264904369477998,-0.9994648785898486,0.0019991025975822853));
#9649=DIRECTION('',(0,1,0));
#9650=FACE_SURFACE('',(#9655),#9651,.T.);
#9651=PLANE('',#9652);
#9652=AXIS2_PLACEMENT_3D('',#638,#9653,#9654);
#9653=DIRECTION('',(0,1,0));
#9654=DIRECTION('',(0.8318143214704898,0,-0.5550539925057638));
#9655=FACE_BOUND('',#9656,.T.);
#9656=EDGE_LOOP('',(#9657,#9658,#9659));
#9657=ORIENTED_EDGE('',*,*,#9660,.T.);
#9658=ORIENTED_EDGE('',*,*,#9661,.T.);
#9659=ORIENTED_EDGE('',*,*,#9662,.T.);
#9660=EDGE_CURVE('',#639,#785,#9663,.F.);
#9661=EDGE_CURVE('',#785,#635,#9664,.T.);
#9662=EDGE_CURVE('',#635,#639,#9665,.T.);
#9663=LINE('',#638,#9666);
#9664=LINE('',#784,#9667);
#9665=LINE('',#634,#9668);
#9666=VECTOR('',#9669,1.0);
#9667=VECTOR('',#9670,1.0);
#9668=VECTOR('',#9671,1.0);
#9669=DIRECTION('',(0.8318143214704898,0,-0.5550539925057638));
#9670=DIRECTION('',(-0.6087604042816651,0,-0.7933541265909089));
#9671=DIRECTION('',(0.4149827310453178,0,0.9098292877975348));
#9672=FACE_SURFACE('',(#9677),#9673,.T.);
#9673=PLANE('',#9674);
#9674=AXIS2_PLACEMENT_3D('',#686,#9675,#9676);
#9675=DIRECTION('',(0,1,-0));
#9676=DIRECTION('',(-0.9808153178704683,0,0.19493925266772844));
#9677=FACE_BOUND('',#9678,.T.);
#9678=EDGE_LOOP('',(#9679,#9680,#9681));
#9679=ORIENTED_EDGE('',*,*,#9682,.T.);
#9680=ORIENTED_EDGE('',*,*,#9683,.T.);
#9681=ORIENTED_EDGE('',*,*,#9684,.T.);
#9682=EDGE_CURVE('',#687,#787,#9685,.F.);
#9683=EDGE_CURVE('',#787,#685,#9686,.T.);
#9684=EDGE_CURVE('',#685,#687,#9687,.T.);
#9685=LINE('',#686,#9688);
#9686=LINE('',#786,#9689);
#9687=LINE('',#684,#9690);
#9688=VECTOR('',#9691,1.0);
#9689=VECTOR('',#9692,1.0);
#9690=VECTOR('',#9693,1.0);
#9691=DIRECTION('',(-0.9808153178704683,0,0.19493925266772844));
#9692=DIRECTION('',(0.25875637218312436,0,0.9659426172680387));
#9693=DIRECTION('',(-0.0351143985235211,0,-0.9993832993483188));
#9694=FACE_SURFACE('',(#9699),#9695,.T.);
#9695=PLANE('',#9696);
#9696=AXIS2_PLACEMENT_3D('',#658,#9697,#9698);
#9697=DIRECTION('',(0,1,0));
#9698=DIRECTION('',(-0.9978355945409558,0,0.06575808898604908));
#9699=FACE_BOUND('',#9700,.T.);
#9700=EDGE_LOOP('',(#9701,#9702,#9703));
#9701=ORIENTED_EDGE('',*,*,#9704,.T.);
#9702=ORIENTED_EDGE('',*,*,#9705,.T.);
#9703=ORIENTED_EDGE('',*,*,#9706,.T.);
#9704=EDGE_CURVE('',#659,#687,#9707,.F.);
#9705=EDGE_CURVE('',#687,#667,#9708,.T.);
#9706=EDGE_CURVE('',#667,#659,#9709,.T.);
#9707=LINE('',#658,#9710);
#9708=LINE('',#686,#9711);
#9709=LINE('',#666,#9712);
#9710=VECTOR('',#9713,1.0);
#9711=VECTOR('',#9714,1.0);
#9712=VECTOR('',#9715,1.0);
#9713=DIRECTION('',(-0.9978355945409558,0,0.06575808898604908));
#9714=DIRECTION('',(0.13049951331928444,0,0.9914483733525563));
#9715=DIRECTION('',(0.0955156414135491,0,-0.9954279292070112));
#9716=FACE_SURFACE('',(#9721),#9717,.T.);
#9717=PLANE('',#9718);
#9718=AXIS2_PLACEMENT_3D('',#786,#9719,#9720);
#9719=DIRECTION('',(0,1,-0));
#9720=DIRECTION('',(-0.9470658493629662,0,0.32103936981374026));
#9721=FACE_BOUND('',#9722,.T.);
#9722=EDGE_LOOP('',(#9723,#9724,#9725));
#9723=ORIENTED_EDGE('',*,*,#9726,.T.);
#9724=ORIENTED_EDGE('',*,*,#9727,.T.);
#9725=ORIENTED_EDGE('',*,*,#9728,.T.);
#9726=EDGE_CURVE('',#787,#789,#9729,.F.);
#9727=EDGE_CURVE('',#789,#685,#9730,.T.);
#9728=EDGE_CURVE('',#685,#787,#9731,.T.);
#9729=LINE('',#786,#9732);
#9730=LINE('',#788,#9733);
#9731=LINE('',#684,#9734);
#9732=VECTOR('',#9735,1.0);
#9733=VECTOR('',#9736,1.0);
#9734=VECTOR('',#9737,1.0);
#9735=DIRECTION('',(-0.9470658493629662,0,0.32103936981374026));
#9736=DIRECTION('',(0.4691761555376768,0,0.8831046003021872));
#9737=DIRECTION('',(-0.25875637218312436,0,-0.9659426172680387));
#9738=FACE_SURFACE('',(#9743),#9739,.T.);
#9739=PLANE('',#9740);
#9740=AXIS2_PLACEMENT_3D('',#790,#9741,#9742);
#9741=DIRECTION('',(0,1,0));
#9742=DIRECTION('',(0.8969292433877369,0,-0.44217409733712554));
#9743=FACE_BOUND('',#9744,.T.);
#9744=EDGE_LOOP('',(#9745,#9746,#9747));
#9745=ORIENTED_EDGE('',*,*,#9748,.T.);
#9746=ORIENTED_EDGE('',*,*,#9749,.T.);
#9747=ORIENTED_EDGE('',*,*,#9750,.T.);
#9748=EDGE_CURVE('',#791,#793,#9751,.F.);
#9749=EDGE_CURVE('',#793,#789,#9752,.T.);
#9750=EDGE_CURVE('',#789,#791,#9753,.T.);
#9751=LINE('',#790,#9754);
#9752=LINE('',#792,#9755);
#9753=LINE('',#788,#9756);
#9754=VECTOR('',#9757,1.0);
#9755=VECTOR('',#9758,1.0);
#9756=VECTOR('',#9759,1.0);
#9757=DIRECTION('',(0.8969292433877369,0,-0.44217409733712554));
#9758=DIRECTION('',(-0.38276156359897473,0,-0.9238471656238753));
#9759=DIRECTION('',(0.29274318171585517,0,0.9561911051452413));
#9760=FACE_SURFACE('',(#9765),#9761,.T.);
#9761=PLANE('',#9762);
#9762=AXIS2_PLACEMENT_3D('',#788,#9763,#9764);
#9763=DIRECTION('',(0,1,-0));
#9764=DIRECTION('',(-0.8967086741350511,0,0.4426212305470208));
#9765=FACE_BOUND('',#9766,.T.);
#9766=EDGE_LOOP('',(#9767,#9768,#9769));
#9767=ORIENTED_EDGE('',*,*,#9770,.T.);
#9768=ORIENTED_EDGE('',*,*,#9771,.T.);
#9769=ORIENTED_EDGE('',*,*,#9772,.T.);
#9770=EDGE_CURVE('',#789,#795,#9773,.F.);
#9771=EDGE_CURVE('',#795,#791,#9774,.T.);
#9772=EDGE_CURVE('',#791,#789,#9775,.T.);
#9773=LINE('',#788,#9776);
#9774=LINE('',#794,#9777);
#9775=LINE('',#790,#9778);
#9776=VECTOR('',#9779,1.0);
#9777=VECTOR('',#9780,1.0);
#9778=VECTOR('',#9781,1.0);
#9779=DIRECTION('',(-0.8967086741350511,0,0.4426212305470208));
#9780=DIRECTION('',(0.500068927118995,0,0.8659856050362831));
#9781=DIRECTION('',(-0.29274318171585517,0,-0.9561911051452413));
#9782=FACE_SURFACE('',(#9787),#9783,.T.);
#9783=PLANE('',#9784);
#9784=AXIS2_PLACEMENT_3D('',#796,#9785,#9786);
#9785=DIRECTION('',(0,1,0));
#9786=DIRECTION('',(0.8317738284072922,0,-0.5551146713758125));
#9787=FACE_BOUND('',#9788,.T.);
#9788=EDGE_LOOP('',(#9789,#9790,#9791));
#9789=ORIENTED_EDGE('',*,*,#9792,.T.);
#9790=ORIENTED_EDGE('',*,*,#9793,.T.);
#9791=ORIENTED_EDGE('',*,*,#9794,.T.);
#9792=EDGE_CURVE('',#797,#791,#9795,.F.);
#9793=EDGE_CURVE('',#791,#795,#9796,.T.);
#9794=EDGE_CURVE('',#795,#797,#9797,.T.);
#9795=LINE('',#796,#9798);
#9796=LINE('',#790,#9799);
#9797=LINE('',#794,#9800);
#9798=VECTOR('',#9801,1.0);
#9799=VECTOR('',#9802,1.0);
#9800=VECTOR('',#9803,1.0);
#9801=DIRECTION('',(0.8317738284072922,0,-0.5551146713758125));
#9802=DIRECTION('',(-0.500068927118995,0,-0.8659856050362831));
#9803=DIRECTION('',(0.4149827310453178,0,0.9098292877975348));
#9804=FACE_SURFACE('',(#9809),#9805,.T.);
#9805=PLANE('',#9806);
#9806=AXIS2_PLACEMENT_3D('',#674,#9807,#9808);
#9807=DIRECTION('',(0,1,-0));
#9808=DIRECTION('',(-0.7514614341324571,0,0.6597770176442879));
#9809=FACE_BOUND('',#9810,.T.);
#9810=EDGE_LOOP('',(#9811,#9812,#9813));
#9811=ORIENTED_EDGE('',*,*,#9814,.T.);
#9812=ORIENTED_EDGE('',*,*,#9815,.T.);
#9813=ORIENTED_EDGE('',*,*,#9816,.T.);
#9814=EDGE_CURVE('',#675,#635,#9817,.F.);
#9815=EDGE_CURVE('',#635,#669,#9818,.T.);
#9816=EDGE_CURVE('',#669,#675,#9819,.T.);
#9817=LINE('',#674,#9820);
#9818=LINE('',#634,#9821);
#9819=LINE('',#668,#9822);
#9820=VECTOR('',#9823,1.0);
#9821=VECTOR('',#9824,1.0);
#9822=VECTOR('',#9825,1.0);
#9823=DIRECTION('',(-0.7514614341324571,0,0.6597770176442879));
#9824=DIRECTION('',(0.771428320800826,0,0.6363162310254374));
#9825=DIRECTION('',(-0.707106864152787,0,-0.7071066982202984));
#9826=FACE_SURFACE('',(#9831),#9827,.T.);
#9827=PLANE('',#9828);
#9828=AXIS2_PLACEMENT_3D('',#784,#9829,#9830);
#9829=DIRECTION('',(0,1,0));
#9830=DIRECTION('',(0.7514869324826223,0,-0.6597479748418018));
#9831=FACE_BOUND('',#9832,.T.);
#9832=EDGE_LOOP('',(#9833,#9834,#9835));
#9833=ORIENTED_EDGE('',*,*,#9836,.T.);
#9834=ORIENTED_EDGE('',*,*,#9837,.T.);
#9835=ORIENTED_EDGE('',*,*,#9838,.T.);
#9836=EDGE_CURVE('',#785,#669,#9839,.F.);
#9837=EDGE_CURVE('',#669,#635,#9840,.T.);
#9838=EDGE_CURVE('',#635,#785,#9841,.T.);
#9839=LINE('',#784,#9842);
#9840=LINE('',#668,#9843);
#9841=LINE('',#634,#9844);
#9842=VECTOR('',#9845,1.0);
#9843=VECTOR('',#9846,1.0);
#9844=VECTOR('',#9847,1.0);
#9845=DIRECTION('',(0.7514869324826223,0,-0.6597479748418018));
#9846=DIRECTION('',(-0.771428320800826,0,-0.6363162310254374));
#9847=DIRECTION('',(0.6087604042816651,0,0.7933541265909089));
#9848=FACE_SURFACE('',(#9853),#9849,.T.);
#9849=PLANE('',#9850);
#9850=AXIS2_PLACEMENT_3D('',#678,#9851,#9852);
#9851=DIRECTION('',(0,1,-0));
#9852=DIRECTION('',(-0.5551136825457531,0,0.8317744883383315));
#9853=FACE_BOUND('',#9854,.T.);
#9854=EDGE_LOOP('',(#9855,#9856,#9857));
#9855=ORIENTED_EDGE('',*,*,#9858,.T.);
#9856=ORIENTED_EDGE('',*,*,#9859,.T.);
#9857=ORIENTED_EDGE('',*,*,#9860,.T.);
#9858=EDGE_CURVE('',#679,#673,#9861,.F.);
#9859=EDGE_CURVE('',#673,#799,#9862,.T.);
#9860=EDGE_CURVE('',#799,#679,#9863,.T.);
#9861=LINE('',#678,#9864);
#9862=LINE('',#672,#9865);
#9863=LINE('',#798,#9866);
#9864=VECTOR('',#9867,1.0);
#9865=VECTOR('',#9868,1.0);
#9866=VECTOR('',#9869,1.0);
#9867=DIRECTION('',(-0.5551136825457531,0,0.8317744883383315));
#9868=DIRECTION('',(0.9098293484133786,0,0.41498259814802735));
#9869=DIRECTION('',(-0.8659855898544147,0,-0.5000689534099286));
#9870=FACE_SURFACE('',(#9875),#9871,.T.);
#9871=PLANE('',#9872);
#9872=AXIS2_PLACEMENT_3D('',#670,#9873,#9874);
#9873=DIRECTION('',(0,1,0));
#9874=DIRECTION('',(0.5550524785774041,0,-0.831815331684311));
#9875=FACE_BOUND('',#9876,.T.);
#9876=EDGE_LOOP('',(#9877,#9878,#9879));
#9877=ORIENTED_EDGE('',*,*,#9880,.T.);
#9878=ORIENTED_EDGE('',*,*,#9881,.T.);
#9879=ORIENTED_EDGE('',*,*,#9882,.T.);
#9880=EDGE_CURVE('',#671,#799,#9883,.F.);
#9881=EDGE_CURVE('',#799,#673,#9884,.T.);
#9882=EDGE_CURVE('',#673,#671,#9885,.T.);
#9883=LINE('',#670,#9886);
#9884=LINE('',#798,#9887);
#9885=LINE('',#672,#9888);
#9886=VECTOR('',#9889,1.0);
#9887=VECTOR('',#9890,1.0);
#9888=VECTOR('',#9891,1.0);
#9889=DIRECTION('',(0.5550524785774041,0,-0.831815331684311));
#9890=DIRECTION('',(-0.9098293484133786,0,-0.41498259814802735));
#9891=DIRECTION('',(0.7933542202122347,0,0.6087602822716318));
#9892=FACE_SURFACE('',(#9897),#9893,.T.);
#9893=PLANE('',#9894);
#9894=AXIS2_PLACEMENT_3D('',#800,#9895,#9896);
#9895=DIRECTION('',(0,1,0));
#9896=DIRECTION('',(0.3215242263614632,0,-0.9469013527620829));
#9897=FACE_BOUND('',#9898,.T.);
#9898=EDGE_LOOP('',(#9899,#9900,#9901));
#9899=ORIENTED_EDGE('',*,*,#9902,.T.);
#9900=ORIENTED_EDGE('',*,*,#9903,.T.);
#9901=ORIENTED_EDGE('',*,*,#9904,.T.);
#9902=EDGE_CURVE('',#801,#755,#9905,.F.);
#9903=EDGE_CURVE('',#755,#803,#9906,.T.);
#9904=EDGE_CURVE('',#803,#801,#9907,.T.);
#9905=LINE('',#800,#9908);
#9906=LINE('',#754,#9909);
#9907=LINE('',#802,#9910);
#9908=VECTOR('',#9911,1.0);
#9909=VECTOR('',#9912,1.0);
#9910=VECTOR('',#9913,1.0);
#9911=DIRECTION('',(0.3215242263614632,0,-0.9469013527620829));
#9912=DIRECTION('',(-0.38265715957472335,0,0.9238904146197235));
#9913=DIRECTION('',(0.9466844821417005,0,-0.3221622126694877));
#9914=FACE_SURFACE('',(#9919),#9915,.T.);
#9915=PLANE('',#9916);
#9916=AXIS2_PLACEMENT_3D('',#702,#9917,#9918);
#9917=DIRECTION('',(0,1,0));
#9918=DIRECTION('',(0.2588941018793613,0,-0.9659057117607696));
#9919=FACE_BOUND('',#9920,.T.);
#9920=EDGE_LOOP('',(#9921,#9922,#9923));
#9921=ORIENTED_EDGE('',*,*,#9924,.T.);
#9922=ORIENTED_EDGE('',*,*,#9925,.T.);
#9923=ORIENTED_EDGE('',*,*,#9926,.T.);
#9924=EDGE_CURVE('',#703,#755,#9927,.F.);
#9925=EDGE_CURVE('',#755,#801,#9928,.T.);
#9926=EDGE_CURVE('',#801,#703,#9929,.T.);
#9927=LINE('',#702,#9930);
#9928=LINE('',#754,#9931);
#9929=LINE('',#800,#9932);
#9930=VECTOR('',#9933,1.0);
#9931=VECTOR('',#9934,1.0);
#9932=VECTOR('',#9935,1.0);
#9933=DIRECTION('',(0.2588941018793613,0,-0.9659057117607696));
#9934=DIRECTION('',(-0.3215242263614632,0,0.9469013527620829));
#9935=DIRECTION('',(0.8969278836976249,0,-0.442176855393518));
#9936=FACE_SURFACE('',(#9941),#9937,.T.);
#9937=PLANE('',#9938);
#9938=AXIS2_PLACEMENT_3D('',#700,#9939,#9940);
#9939=DIRECTION('',(0,1,0));
#9940=DIRECTION('',(0.19508724814688627,0,-0.9807858918288309));
#9941=FACE_BOUND('',#9942,.T.);
#9942=EDGE_LOOP('',(#9943,#9944,#9945));
#9943=ORIENTED_EDGE('',*,*,#9946,.T.);
#9944=ORIENTED_EDGE('',*,*,#9947,.T.);
#9945=ORIENTED_EDGE('',*,*,#9948,.T.);
#9946=EDGE_CURVE('',#701,#755,#9949,.F.);
#9947=EDGE_CURVE('',#755,#703,#9950,.T.);
#9948=EDGE_CURVE('',#703,#701,#9951,.T.);
#9949=LINE('',#700,#9952);
#9950=LINE('',#754,#9953);
#9951=LINE('',#702,#9954);
#9952=VECTOR('',#9955,1.0);
#9953=VECTOR('',#9956,1.0);
#9954=VECTOR('',#9957,1.0);
#9955=DIRECTION('',(0.19508724814688627,0,-0.9807858918288309));
#9956=DIRECTION('',(-0.2588941018793613,0,0.9659057117607696));
#9957=DIRECTION('',(0.8317754105372092,0,-0.5551123007335157));
#9958=FACE_SURFACE('',(#9963),#9959,.T.);
#9959=PLANE('',#9960);
#9960=AXIS2_PLACEMENT_3D('',#774,#9961,#9962);
#9961=DIRECTION('',(0,1,0));
#9962=DIRECTION('',(0.980993821564923,0,-0.19403897044523805));
#9963=FACE_BOUND('',#9964,.T.);
#9964=EDGE_LOOP('',(#9965,#9966,#9967));
#9965=ORIENTED_EDGE('',*,*,#9968,.T.);
#9966=ORIENTED_EDGE('',*,*,#9969,.T.);
#9967=ORIENTED_EDGE('',*,*,#9970,.T.);
#9968=EDGE_CURVE('',#775,#803,#9971,.F.);
#9969=EDGE_CURVE('',#803,#755,#9972,.T.);
#9970=EDGE_CURVE('',#755,#775,#9973,.T.);
#9971=LINE('',#774,#9974);
#9972=LINE('',#802,#9975);
#9973=LINE('',#754,#9976);
#9974=VECTOR('',#9977,1.0);
#9975=VECTOR('',#9978,1.0);
#9976=VECTOR('',#9979,1.0);
#9977=DIRECTION('',(0.980993821564923,0,-0.19403897044523805));
#9978=DIRECTION('',(0.38265715957472335,0,-0.9238904146197235));
#9979=DIRECTION('',(-0.4423424087140458,0,0.8968462485025268));
#9980=FACE_SURFACE('',(#9985),#9981,.T.);
#9981=PLANE('',#9982);
#9982=AXIS2_PLACEMENT_3D('',#704,#9983,#9984);
#9983=DIRECTION('',(0,1,0));
#9984=DIRECTION('',(0.13056946568837072,0,-0.9914391633528773));
#9985=FACE_BOUND('',#9986,.T.);
#9986=EDGE_LOOP('',(#9987,#9988,#9989));
#9987=ORIENTED_EDGE('',*,*,#9990,.T.);
#9988=ORIENTED_EDGE('',*,*,#9991,.T.);
#9989=ORIENTED_EDGE('',*,*,#9992,.T.);
#9990=EDGE_CURVE('',#705,#755,#9993,.F.);
#9991=EDGE_CURVE('',#755,#701,#9994,.T.);
#9992=EDGE_CURVE('',#701,#705,#9995,.T.);
#9993=LINE('',#704,#9996);
#9994=LINE('',#754,#9997);
#9995=LINE('',#700,#9998);
#9996=VECTOR('',#9999,1.0);
#9997=VECTOR('',#10000,1.0);
#9998=VECTOR('',#10001,1.0);
#9999=DIRECTION('',(0.13056946568837072,0,-0.9914391633528773));
#10000=DIRECTION('',(-0.19508724814688627,0,0.9807858918288309));
#10001=DIRECTION('',(0.7514614341324571,0,-0.6597770176442879));
#10002=FACE_SURFACE('',(#10007),#10003,.T.);
#10003=PLANE('',#10004);
#10004=AXIS2_PLACEMENT_3D('',#770,#10005,#10006);
#10005=DIRECTION('',(0,1,0));
#10006=DIRECTION('',(0.0653952433152799,0,-0.9978594400774766));
#10007=FACE_BOUND('',#10008,.T.);
#10008=EDGE_LOOP('',(#10009,#10010,#10011));
#10009=ORIENTED_EDGE('',*,*,#10012,.T.);
#10010=ORIENTED_EDGE('',*,*,#10013,.T.);
#10011=ORIENTED_EDGE('',*,*,#10014,.T.);
#10012=EDGE_CURVE('',#771,#755,#10015,.F.);
#10013=EDGE_CURVE('',#755,#705,#10016,.T.);
#10014=EDGE_CURVE('',#705,#771,#10017,.T.);
#10015=LINE('',#770,#10018);
#10016=LINE('',#754,#10019);
#10017=LINE('',#704,#10020);
#10018=VECTOR('',#10021,1.0);
#10019=VECTOR('',#10022,1.0);
#10020=VECTOR('',#10023,1.0);
#10021=DIRECTION('',(0.0653952433152799,0,-0.9978594400774766));
#10022=DIRECTION('',(-0.13056946568837072,0,0.9914391633528773));
#10023=DIRECTION('',(0.6597771710908157,0,-0.7514612994076277));
#10024=FACE_SURFACE('',(#10029),#10025,.T.);
#10025=PLANE('',#10026);
#10026=AXIS2_PLACEMENT_3D('',#682,#10027,#10028);
#10027=DIRECTION('',(0,1,0));
#10028=DIRECTION('',(0.19493913069718588,0,-0.9808153421123803));
#10029=FACE_BOUND('',#10030,.T.);
#10030=EDGE_LOOP('',(#10031,#10032,#10033));
#10031=ORIENTED_EDGE('',*,*,#10034,.T.);
#10032=ORIENTED_EDGE('',*,*,#10035,.T.);
#10033=ORIENTED_EDGE('',*,*,#10036,.T.);
#10034=EDGE_CURVE('',#683,#805,#10037,.F.);
#10035=EDGE_CURVE('',#805,#681,#10038,.T.);
#10036=EDGE_CURVE('',#681,#683,#10039,.T.);
#10037=LINE('',#682,#10040);
#10038=LINE('',#804,#10041);
#10039=LINE('',#680,#10042);
#10040=VECTOR('',#10043,1.0);
#10041=VECTOR('',#10044,1.0);
#10042=VECTOR('',#10045,1.0);
#10043=DIRECTION('',(0.19493913069718588,0,-0.9808153421123803));
#10044=DIRECTION('',(-0.999383296467984,0,-0.03511448050001485));
#10045=DIRECTION('',(0.9659425602351494,0,0.25875658508792543));
#10046=FACE_SURFACE('',(#10051),#10047,.T.);
#10047=PLANE('',#10048);
#10048=AXIS2_PLACEMENT_3D('',#798,#10049,#10050);
#10049=DIRECTION('',(0,1,0));
#10050=DIRECTION('',(0.4426211582072767,0,-0.8967087098424152));
#10051=FACE_BOUND('',#10052,.T.);
#10052=EDGE_LOOP('',(#10053,#10054,#10055));
#10053=ORIENTED_EDGE('',*,*,#10056,.T.);
#10054=ORIENTED_EDGE('',*,*,#10057,.T.);
#10055=ORIENTED_EDGE('',*,*,#10058,.T.);
#10056=EDGE_CURVE('',#799,#509,#10059,.F.);
#10057=EDGE_CURVE('',#509,#679,#10060,.T.);
#10058=EDGE_CURVE('',#679,#799,#10061,.T.);
#10059=LINE('',#798,#10062);
#10060=LINE('',#508,#10063);
#10061=LINE('',#678,#10064);
#10062=VECTOR('',#10065,1.0);
#10063=VECTOR('',#10066,1.0);
#10064=VECTOR('',#10067,1.0);
#10065=DIRECTION('',(0.4426211582072767,0,-0.8967087098424152));
#10066=DIRECTION('',(-0.9561911006923973,0,-0.2927431962602407));
#10067=DIRECTION('',(0.8659855898544147,0,0.5000689534099286));
#10068=FACE_SURFACE('',(#10073),#10069,.T.);
#10069=PLANE('',#10070);
#10070=AXIS2_PLACEMENT_3D('',#806,#10071,#10072);
#10071=DIRECTION('',(-0.9471454324114129,0,-0.3208045041176908));
#10072=DIRECTION('',(0.010494334660594733,0.9994648011869012,-0.030983546092397125));
#10073=FACE_BOUND('',#10074,.T.);
#10074=EDGE_LOOP('',(#10075,#10076,#10077));
#10075=ORIENTED_EDGE('',*,*,#10078,.T.);
#10076=ORIENTED_EDGE('',*,*,#10079,.T.);
#10077=ORIENTED_EDGE('',*,*,#10080,.T.);
#10078=EDGE_CURVE('',#807,#145,#10081,.F.);
#10079=EDGE_CURVE('',#145,#809,#10082,.T.);
#10080=EDGE_CURVE('',#809,#807,#10083,.T.);
#10081=LINE('',#806,#10084);
#10082=LINE('',#144,#10085);
#10083=LINE('',#808,#10086);
#10084=VECTOR('',#10087,1.0);
#10085=VECTOR('',#10088,1.0);
#10086=VECTOR('',#10089,1.0);
#10087=DIRECTION('',(0.010494334660594733,0.9994648011869012,-0.030983546092397125));
#10088=DIRECTION('',(0,-1,0));
#10089=DIRECTION('',(-0.3208045041176908,0,0.947145432411413));
#10090=FACE_SURFACE('',(#10095),#10091,.T.);
#10091=PLANE('',#10092);
#10092=AXIS2_PLACEMENT_3D('',#810,#10093,#10094);
#10093=DIRECTION('',(0,1,-0));
#10094=DIRECTION('',(-0.06651844154409839,0,0.9977851957884244));
#10095=FACE_BOUND('',#10096,.T.);
#10096=EDGE_LOOP('',(#10097,#10098,#10099));
#10097=ORIENTED_EDGE('',*,*,#10100,.T.);
#10098=ORIENTED_EDGE('',*,*,#10101,.T.);
#10099=ORIENTED_EDGE('',*,*,#10102,.T.);
#10100=EDGE_CURVE('',#811,#813,#10103,.F.);
#10101=EDGE_CURVE('',#813,#805,#10104,.T.);
#10102=EDGE_CURVE('',#805,#811,#10105,.T.);
#10103=LINE('',#810,#10106);
#10104=LINE('',#812,#10107);
#10105=LINE('',#804,#10108);
#10106=VECTOR('',#10109,1.0);
#10107=VECTOR('',#10110,1.0);
#10108=VECTOR('',#10111,1.0);
#10109=DIRECTION('',(-0.06651844154409839,0,0.9977851957884244));
#10110=DIRECTION('',(0.9914483705977188,0,0.1304995342487032));
#10111=DIRECTION('',(-0.9744433760073349,0,-0.22463327214691015));
#10112=FACE_SURFACE('',(#10117),#10113,.T.);
#10113=PLANE('',#10114);
#10114=AXIS2_PLACEMENT_3D('',#808,#10115,#10116);
#10115=DIRECTION('',(-0.9801886557104991,0,-0.19806614858790147));
#10116=DIRECTION('',(0,1,0));
#10117=FACE_BOUND('',#10118,.T.);
#10118=EDGE_LOOP('',(#10119,#10120,#10121));
#10119=ORIENTED_EDGE('',*,*,#10122,.T.);
#10120=ORIENTED_EDGE('',*,*,#10123,.T.);
#10121=ORIENTED_EDGE('',*,*,#10124,.T.);
#10122=EDGE_CURVE('',#809,#145,#10125,.F.);
#10123=EDGE_CURVE('',#145,#815,#10126,.T.);
#10124=EDGE_CURVE('',#815,#809,#10127,.T.);
#10125=LINE('',#808,#10128);
#10126=LINE('',#144,#10129);
#10127=LINE('',#814,#10130);
#10128=VECTOR('',#10131,1.0);
#10129=VECTOR('',#10132,1.0);
#10130=VECTOR('',#10133,1.0);
#10131=DIRECTION('',(0,1,0));
#10132=DIRECTION('',(0.006496429019428964,-0.9994619585479648,-0.032149491838312616));
#10133=DIRECTION('',(-0.19806614858790147,0,0.9801886557104992));
#10134=FACE_SURFACE('',(#10139),#10135,.T.);
#10135=PLANE('',#10136);
#10136=AXIS2_PLACEMENT_3D('',#816,#10137,#10138);
#10137=DIRECTION('',(0,1,0));
#10138=DIRECTION('',(-0.0657580710433444,0,-0.9978355957233929));
#10139=FACE_BOUND('',#10140,.T.);
#10140=EDGE_LOOP('',(#10141,#10142,#10143));
#10141=ORIENTED_EDGE('',*,*,#10144,.T.);
#10142=ORIENTED_EDGE('',*,*,#10145,.T.);
#10143=ORIENTED_EDGE('',*,*,#10146,.T.);
#10144=EDGE_CURVE('',#817,#819,#10147,.F.);
#10145=EDGE_CURVE('',#819,#811,#10148,.T.);
#10146=EDGE_CURVE('',#811,#817,#10149,.T.);
#10147=LINE('',#816,#10150);
#10148=LINE('',#818,#10151);
#10149=LINE('',#810,#10152);
#10150=VECTOR('',#10153,1.0);
#10151=VECTOR('',#10154,1.0);
#10152=VECTOR('',#10155,1.0);
#10153=DIRECTION('',(-0.0657580710433444,0,-0.9978355957233929));
#10154=DIRECTION('',(-0.9744433760073349,0,0.22463327214691015));
#10155=DIRECTION('',(1,0,0));
#10156=FACE_SURFACE('',(#10161),#10157,.T.);
#10157=PLANE('',#10158);
#10158=AXIS2_PLACEMENT_3D('',#820,#10159,#10160);
#10159=DIRECTION('',(0,1,0));
#10160=DIRECTION('',(-0.32103925899394453,0,-0.9470658869290031));
#10161=FACE_BOUND('',#10162,.T.);
#10162=EDGE_LOOP('',(#10163,#10164,#10165));
#10163=ORIENTED_EDGE('',*,*,#10166,.T.);
#10164=ORIENTED_EDGE('',*,*,#10167,.T.);
#10165=ORIENTED_EDGE('',*,*,#10168,.T.);
#10166=EDGE_CURVE('',#821,#749,#10169,.F.);
#10167=EDGE_CURVE('',#749,#823,#10170,.T.);
#10168=EDGE_CURVE('',#823,#821,#10171,.T.);
#10169=LINE('',#820,#10172);
#10170=LINE('',#748,#10173);
#10171=LINE('',#822,#10174);
#10172=VECTOR('',#10175,1.0);
#10173=VECTOR('',#10176,1.0);
#10174=VECTOR('',#10177,1.0);
#10175=DIRECTION('',(-0.32103925899394453,0,-0.9470658869290031));
#10176=DIRECTION('',(-0.8831046088031529,0,0.46917613953677395));
#10177=DIRECTION('',(0.9659426431920658,0,-0.2587562754082023));
#10178=FACE_SURFACE('',(#10183),#10179,.T.);
#10179=PLANE('',#10180);
#10180=AXIS2_PLACEMENT_3D('',#738,#10181,#10182);
#10181=DIRECTION('',(0,1,0));
#10182=DIRECTION('',(0.831496378386313,0,-0.555530172655316));
#10183=FACE_BOUND('',#10184,.T.);
#10184=EDGE_LOOP('',(#10185,#10186,#10187));
#10185=ORIENTED_EDGE('',*,*,#10188,.T.);
#10186=ORIENTED_EDGE('',*,*,#10189,.T.);
#10187=ORIENTED_EDGE('',*,*,#10190,.T.);
#10188=EDGE_CURVE('',#739,#825,#10191,.F.);
#10189=EDGE_CURVE('',#825,#827,#10192,.T.);
#10190=EDGE_CURVE('',#827,#739,#10193,.T.);
#10191=LINE('',#738,#10194);
#10192=LINE('',#824,#10195);
#10193=LINE('',#826,#10196);
#10194=VECTOR('',#10197,1.0);
#10195=VECTOR('',#10198,1.0);
#10196=VECTOR('',#10199,1.0);
#10197=DIRECTION('',(0.831496378386313,0,-0.555530172655316));
#10198=DIRECTION('',(-0.9979027500043786,0,0.06473099360969962));
#10199=DIRECTION('',(-0.7933490682159544,0,0.6087669964451727));
#10200=FACE_SURFACE('',(#10205),#10201,.T.);
#10201=PLANE('',#10202);
#10202=AXIS2_PLACEMENT_3D('',#738,#10203,#10204);
#10203=DIRECTION('',(0,1,0));
#10204=DIRECTION('',(0.7933490682159544,0,-0.6087669964451727));
#10205=FACE_BOUND('',#10206,.T.);
#10206=EDGE_LOOP('',(#10207,#10208,#10209));
#10207=ORIENTED_EDGE('',*,*,#10210,.T.);
#10208=ORIENTED_EDGE('',*,*,#10211,.T.);
#10209=ORIENTED_EDGE('',*,*,#10212,.T.);
#10210=EDGE_CURVE('',#739,#827,#10213,.F.);
#10211=EDGE_CURVE('',#827,#829,#10214,.T.);
#10212=EDGE_CURVE('',#829,#739,#10215,.T.);
#10213=LINE('',#738,#10216);
#10214=LINE('',#826,#10217);
#10215=LINE('',#828,#10218);
#10216=VECTOR('',#10219,1.0);
#10217=VECTOR('',#10220,1.0);
#10218=VECTOR('',#10221,1.0);
#10219=DIRECTION('',(0.7933490682159544,0,-0.6087669964451727));
#10220=DIRECTION('',(-0.9809931692423731,0,0.19404226833297128));
#10221=DIRECTION('',(-0.7517199374373578,0,0.6594824756270441));
#10222=FACE_SURFACE('',(#10227),#10223,.T.);
#10223=PLANE('',#10224);
#10224=AXIS2_PLACEMENT_3D('',#738,#10225,#10226);
#10225=DIRECTION('',(0,1,0));
#10226=DIRECTION('',(0.7517199374373578,0,-0.6594824756270441));
#10227=FACE_BOUND('',#10228,.T.);
#10228=EDGE_LOOP('',(#10229,#10230,#10231));
#10229=ORIENTED_EDGE('',*,*,#10232,.T.);
#10230=ORIENTED_EDGE('',*,*,#10233,.T.);
#10231=ORIENTED_EDGE('',*,*,#10234,.T.);
#10232=EDGE_CURVE('',#739,#829,#10235,.F.);
#10233=EDGE_CURVE('',#829,#831,#10236,.T.);
#10234=EDGE_CURVE('',#831,#739,#10237,.T.);
#10235=LINE('',#738,#10238);
#10236=LINE('',#828,#10239);
#10237=LINE('',#830,#10240);
#10238=VECTOR('',#10241,1.0);
#10239=VECTOR('',#10242,1.0);
#10240=VECTOR('',#10243,1.0);
#10241=DIRECTION('',(0.7517199374373578,0,-0.6594824756270441));
#10242=DIRECTION('',(-0.9466855290962828,0,0.32215913614189384));
#10243=DIRECTION('',(-0.7071067628777512,0,0.7071067994953435));
#10244=FACE_SURFACE('',(#10249),#10245,.T.);
#10245=PLANE('',#10246);
#10246=AXIS2_PLACEMENT_3D('',#738,#10247,#10248);
#10247=DIRECTION('',(0,1,0));
#10248=DIRECTION('',(0.7071067628777512,0,-0.7071067994953435));
#10249=FACE_BOUND('',#10250,.T.);
#10250=EDGE_LOOP('',(#10251,#10252,#10253));
#10251=ORIENTED_EDGE('',*,*,#10254,.T.);
#10252=ORIENTED_EDGE('',*,*,#10255,.T.);
#10253=ORIENTED_EDGE('',*,*,#10256,.T.);
#10254=EDGE_CURVE('',#739,#831,#10257,.F.);
#10255=EDGE_CURVE('',#831,#833,#10258,.T.);
#10256=EDGE_CURVE('',#833,#739,#10259,.T.);
#10257=LINE('',#738,#10260);
#10258=LINE('',#830,#10261);
#10259=LINE('',#832,#10262);
#10260=VECTOR('',#10263,1.0);
#10261=VECTOR('',#10264,1.0);
#10262=VECTOR('',#10265,1.0);
#10263=DIRECTION('',(0.7071067628777512,0,-0.7071067994953435));
#10264=DIRECTION('',(-0.8969292433877369,0,0.44217409733712554));
#10265=DIRECTION('',(-0.6593327054051551,0,0.7518513041706577));
#10266=FACE_SURFACE('',(#10271),#10267,.T.);
#10267=PLANE('',#10268);
#10268=AXIS2_PLACEMENT_3D('',#834,#10269,#10270);
#10269=DIRECTION('',(-0,1,-0));
#10270=DIRECTION('',(-0.6086127270477301,0,0.7934674211809363));
#10271=FACE_BOUND('',#10272,.T.);
#10272=EDGE_LOOP('',(#10273,#10274,#10275));
#10273=ORIENTED_EDGE('',*,*,#10276,.T.);
#10274=ORIENTED_EDGE('',*,*,#10277,.T.);
#10275=ORIENTED_EDGE('',*,*,#10278,.T.);
#10276=EDGE_CURVE('',#835,#739,#10279,.F.);
#10277=EDGE_CURVE('',#739,#833,#10280,.T.);
#10278=EDGE_CURVE('',#833,#835,#10281,.T.);
#10279=LINE('',#834,#10282);
#10280=LINE('',#738,#10283);
#10281=LINE('',#832,#10284);
#10282=VECTOR('',#10285,1.0);
#10283=VECTOR('',#10286,1.0);
#10284=VECTOR('',#10287,1.0);
#10285=DIRECTION('',(-0.6086127270477301,0,0.7934674211809363));
#10286=DIRECTION('',(0.6593327054051551,0,-0.7518513041706577));
#10287=DIRECTION('',(-0.8317738284072922,0,0.5551146713758125));
#10288=FACE_SURFACE('',(#10293),#10289,.T.);
#10289=PLANE('',#10290);
#10290=AXIS2_PLACEMENT_3D('',#836,#10291,#10292);
#10291=DIRECTION('',(-0,1,-0));
#10292=DIRECTION('',(-0.5555343969726556,0,0.8314935560665686));
#10293=FACE_BOUND('',#10294,.T.);
#10294=EDGE_LOOP('',(#10295,#10296,#10297));
#10295=ORIENTED_EDGE('',*,*,#10298,.T.);
#10296=ORIENTED_EDGE('',*,*,#10299,.T.);
#10297=ORIENTED_EDGE('',*,*,#10300,.T.);
#10298=EDGE_CURVE('',#837,#739,#10301,.F.);
#10299=EDGE_CURVE('',#739,#835,#10302,.T.);
#10300=EDGE_CURVE('',#835,#837,#10303,.T.);
#10301=LINE('',#836,#10304);
#10302=LINE('',#738,#10305);
#10303=LINE('',#834,#10306);
#10304=VECTOR('',#10307,1.0);
#10305=VECTOR('',#10308,1.0);
#10306=VECTOR('',#10309,1.0);
#10307=DIRECTION('',(-0.5555343969726556,0,0.8314935560665686));
#10308=DIRECTION('',(0.6086127270477301,0,-0.7934674211809363));
#10309=DIRECTION('',(-0.7514614341324571,0,0.6597770176442879));
#10310=FACE_SURFACE('',(#10315),#10311,.T.);
#10311=PLANE('',#10312);
#10312=AXIS2_PLACEMENT_3D('',#710,#10313,#10314);
#10313=DIRECTION('',(0.32216221266948775,0,-0.9466844821417005));
#10314=DIRECTION('',(0,-1,0));
#10315=FACE_BOUND('',#10316,.T.);
#10316=EDGE_LOOP('',(#10317,#10318,#10319));
#10317=ORIENTED_EDGE('',*,*,#10320,.T.);
#10318=ORIENTED_EDGE('',*,*,#10321,.T.);
#10319=ORIENTED_EDGE('',*,*,#10322,.T.);
#10320=EDGE_CURVE('',#711,#839,#10323,.F.);
#10321=EDGE_CURVE('',#839,#841,#10324,.T.);
#10322=EDGE_CURVE('',#841,#711,#10325,.T.);
#10323=LINE('',#710,#10326);
#10324=LINE('',#838,#10327);
#10325=LINE('',#840,#10328);
#10326=VECTOR('',#10329,1.0);
#10327=VECTOR('',#10330,1.0);
#10328=VECTOR('',#10331,1.0);
#10329=DIRECTION('',(0,-1,0));
#10330=DIRECTION('',(-0.9466844821417005,0,-0.3221622126694877));
#10331=DIRECTION('',(0.02190806113122163,0.9997321907743092,0.007455440099076559));
#10332=FACE_SURFACE('',(#10337),#10333,.T.);
#10333=PLANE('',#10334);
#10334=AXIS2_PLACEMENT_3D('',#818,#10335,#10336);
#10335=DIRECTION('',(0,1,0));
#10336=DIRECTION('',(-0.19493940948721727,0,-0.9808152867022286));
#10337=FACE_BOUND('',#10338,.T.);
#10338=EDGE_LOOP('',(#10339,#10340,#10341));
#10339=ORIENTED_EDGE('',*,*,#10342,.T.);
#10340=ORIENTED_EDGE('',*,*,#10343,.T.);
#10341=ORIENTED_EDGE('',*,*,#10344,.T.);
#10342=EDGE_CURVE('',#819,#821,#10345,.F.);
#10343=EDGE_CURVE('',#821,#823,#10346,.T.);
#10344=EDGE_CURVE('',#823,#819,#10347,.T.);
#10345=LINE('',#818,#10348);
#10346=LINE('',#820,#10349);
#10347=LINE('',#822,#10350);
#10348=VECTOR('',#10351,1.0);
#10349=VECTOR('',#10352,1.0);
#10350=VECTOR('',#10353,1.0);
#10351=DIRECTION('',(-0.19493940948721727,0,-0.9808152867022286));
#10352=DIRECTION('',(-0.9659426431920658,0,0.2587562754082023));
#10353=DIRECTION('',(0.999383296467984,0,-0.03511448050001485));
#10354=FACE_SURFACE('',(#10359),#10355,.T.);
#10355=PLANE('',#10356);
#10356=AXIS2_PLACEMENT_3D('',#822,#10357,#10358);
#10357=DIRECTION('',(-0,1,0));
#10358=DIRECTION('',(0.1940432355012139,0,0.9809929779342055));
#10359=FACE_BOUND('',#10360,.T.);
#10360=EDGE_LOOP('',(#10361,#10362,#10363));
#10361=ORIENTED_EDGE('',*,*,#10364,.T.);
#10362=ORIENTED_EDGE('',*,*,#10365,.T.);
#10363=ORIENTED_EDGE('',*,*,#10366,.T.);
#10364=EDGE_CURVE('',#823,#843,#10367,.F.);
#10365=EDGE_CURVE('',#843,#819,#10368,.T.);
#10366=EDGE_CURVE('',#819,#823,#10369,.T.);
#10367=LINE('',#822,#10370);
#10368=LINE('',#842,#10371);
#10369=LINE('',#818,#10372);
#10370=VECTOR('',#10373,1.0);
#10371=VECTOR('',#10374,1.0);
#10372=VECTOR('',#10375,1.0);
#10373=DIRECTION('',(0.1940432355012139,0,0.9809929779342055));
#10374=DIRECTION('',(0.9914483705977188,0,-0.1304995342487032));
#10375=DIRECTION('',(-0.999383296467984,0,0.03511448050001485));
#10376=FACE_SURFACE('',(#10381),#10377,.T.);
#10377=PLANE('',#10378);
#10378=AXIS2_PLACEMENT_3D('',#746,#10379,#10380);
#10379=DIRECTION('',(-0,1,0));
#10380=DIRECTION('',(0.32216015093047695,0,0.9466851837609229));
#10381=FACE_BOUND('',#10382,.T.);
#10382=EDGE_LOOP('',(#10383,#10384,#10385));
#10383=ORIENTED_EDGE('',*,*,#10386,.T.);
#10384=ORIENTED_EDGE('',*,*,#10387,.T.);
#10385=ORIENTED_EDGE('',*,*,#10388,.T.);
#10386=EDGE_CURVE('',#747,#823,#10389,.F.);
#10387=EDGE_CURVE('',#823,#749,#10390,.T.);
#10388=EDGE_CURVE('',#749,#747,#10391,.T.);
#10389=LINE('',#746,#10392);
#10390=LINE('',#822,#10393);
#10391=LINE('',#748,#10394);
#10392=VECTOR('',#10395,1.0);
#10393=VECTOR('',#10396,1.0);
#10394=VECTOR('',#10397,1.0);
#10395=DIRECTION('',(0.32216015093047695,0,0.9466851837609229));
#10396=DIRECTION('',(0.8831046088031529,0,-0.46917613953677395));
#10397=DIRECTION('',(-0.9238472559390797,0,0.38276134561085545));
#10398=FACE_SURFACE('',(#10403),#10399,.T.);
#10399=PLANE('',#10400);
#10400=AXIS2_PLACEMENT_3D('',#776,#10401,#10402);
#10401=DIRECTION('',(0,1,-0));
#10402=DIRECTION('',(-0.8659855898544147,0,0.5000689534099286));
#10403=FACE_BOUND('',#10404,.T.);
#10404=EDGE_LOOP('',(#10405,#10406,#10407));
#10405=ORIENTED_EDGE('',*,*,#10408,.T.);
#10406=ORIENTED_EDGE('',*,*,#10409,.T.);
#10407=ORIENTED_EDGE('',*,*,#10410,.T.);
#10408=EDGE_CURVE('',#777,#751,#10411,.F.);
#10409=EDGE_CURVE('',#751,#749,#10412,.T.);
#10410=EDGE_CURVE('',#749,#777,#10413,.T.);
#10411=LINE('',#776,#10414);
#10412=LINE('',#750,#10415);
#10413=LINE('',#748,#10416);
#10414=VECTOR('',#10417,1.0);
#10415=VECTOR('',#10418,1.0);
#10416=VECTOR('',#10419,1.0);
#10417=DIRECTION('',(-0.8659855898544147,0,0.5000689534099286));
#10418=DIRECTION('',(0.9561911006923973,0,-0.2927431962602407));
#10419=DIRECTION('',(-0.4426211582072767,0,-0.8967087098424152));
#10420=FACE_SURFACE('',(#10425),#10421,.T.);
#10421=PLANE('',#10422);
#10422=AXIS2_PLACEMENT_3D('',#842,#10423,#10424);
#10423=DIRECTION('',(-0,1,0));
#10424=DIRECTION('',(0.06651844154409839,0,0.9977851957884244));
#10425=FACE_BOUND('',#10426,.T.);
#10426=EDGE_LOOP('',(#10427,#10428,#10429));
#10427=ORIENTED_EDGE('',*,*,#10430,.T.);
#10428=ORIENTED_EDGE('',*,*,#10431,.T.);
#10429=ORIENTED_EDGE('',*,*,#10432,.T.);
#10430=EDGE_CURVE('',#843,#811,#10433,.F.);
#10431=EDGE_CURVE('',#811,#819,#10434,.T.);
#10432=EDGE_CURVE('',#819,#843,#10435,.T.);
#10433=LINE('',#842,#10436);
#10434=LINE('',#810,#10437);
#10435=LINE('',#818,#10438);
#10436=VECTOR('',#10439,1.0);
#10437=VECTOR('',#10440,1.0);
#10438=VECTOR('',#10441,1.0);
#10439=DIRECTION('',(0.06651844154409839,0,0.9977851957884244));
#10440=DIRECTION('',(0.9744433760073349,0,-0.22463327214691015));
#10441=DIRECTION('',(-0.9914483705977188,0,0.1304995342487032));
#10442=FACE_SURFACE('',(#10447),#10443,.T.);
#10443=PLANE('',#10444);
#10444=AXIS2_PLACEMENT_3D('',#614,#10445,#10446);
#10445=DIRECTION('',(-0,1,0));
#10446=DIRECTION('',(0.5551136825457531,0,0.8317744883383315));
#10447=FACE_BOUND('',#10448,.T.);
#10448=EDGE_LOOP('',(#10449,#10450,#10451));
#10449=ORIENTED_EDGE('',*,*,#10452,.T.);
#10450=ORIENTED_EDGE('',*,*,#10453,.T.);
#10451=ORIENTED_EDGE('',*,*,#10454,.T.);
#10452=EDGE_CURVE('',#615,#751,#10455,.F.);
#10453=EDGE_CURVE('',#751,#777,#10456,.T.);
#10454=EDGE_CURVE('',#777,#615,#10457,.T.);
#10455=LINE('',#614,#10458);
#10456=LINE('',#750,#10459);
#10457=LINE('',#776,#10460);
#10458=VECTOR('',#10461,1.0);
#10459=VECTOR('',#10462,1.0);
#10460=VECTOR('',#10463,1.0);
#10461=DIRECTION('',(0.5551136825457531,0,0.8317744883383315));
#10462=DIRECTION('',(0.8659855898544147,0,-0.5000689534099286));
#10463=DIRECTION('',(-0.9098293484133786,0,0.41498259814802735));
#10464=FACE_SURFACE('',(#10469),#10465,.T.);
#10465=PLANE('',#10466);
#10466=AXIS2_PLACEMENT_3D('',#804,#10467,#10468);
#10467=DIRECTION('',(0,1,0));
#10468=DIRECTION('',(0.0657580710433444,0,-0.9978355957233929));
#10469=FACE_BOUND('',#10470,.T.);
#10470=EDGE_LOOP('',(#10471,#10472,#10473));
#10471=ORIENTED_EDGE('',*,*,#10474,.T.);
#10472=ORIENTED_EDGE('',*,*,#10475,.T.);
#10473=ORIENTED_EDGE('',*,*,#10476,.T.);
#10474=EDGE_CURVE('',#805,#817,#10477,.F.);
#10475=EDGE_CURVE('',#817,#811,#10478,.T.);
#10476=EDGE_CURVE('',#811,#805,#10479,.T.);
#10477=LINE('',#804,#10480);
#10478=LINE('',#816,#10481);
#10479=LINE('',#810,#10482);
#10480=VECTOR('',#10483,1.0);
#10481=VECTOR('',#10484,1.0);
#10482=VECTOR('',#10485,1.0);
#10483=DIRECTION('',(0.0657580710433444,0,-0.9978355957233929));
#10484=DIRECTION('',(-1,0,0));
#10485=DIRECTION('',(0.9744433760073349,0,0.22463327214691015));
#10486=FACE_SURFACE('',(#10491),#10487,.T.);
#10487=PLANE('',#10488);
#10488=AXIS2_PLACEMENT_3D('',#812,#10489,#10490);
#10489=DIRECTION('',(0,1,-0));
#10490=DIRECTION('',(-0.1940432355012139,0,0.9809929779342055));
#10491=FACE_BOUND('',#10492,.T.);
#10492=EDGE_LOOP('',(#10493,#10494,#10495));
#10493=ORIENTED_EDGE('',*,*,#10496,.T.);
#10494=ORIENTED_EDGE('',*,*,#10497,.T.);
#10495=ORIENTED_EDGE('',*,*,#10498,.T.);
#10496=EDGE_CURVE('',#813,#681,#10499,.F.);
#10497=EDGE_CURVE('',#681,#805,#10500,.T.);
#10498=EDGE_CURVE('',#805,#813,#10501,.T.);
#10499=LINE('',#812,#10502);
#10500=LINE('',#680,#10503);
#10501=LINE('',#804,#10504);
#10502=VECTOR('',#10505,1.0);
#10503=VECTOR('',#10506,1.0);
#10504=VECTOR('',#10507,1.0);
#10505=DIRECTION('',(-0.1940432355012139,0,0.9809929779342055));
#10506=DIRECTION('',(0.999383296467984,0,0.03511448050001485));
#10507=DIRECTION('',(-0.9914483705977188,0,-0.1304995342487032));
#10508=FACE_SURFACE('',(#10513),#10509,.T.);
#10509=PLANE('',#10510);
#10510=AXIS2_PLACEMENT_3D('',#844,#10511,#10512);
#10511=DIRECTION('',(0,1,-0));
#10512=DIRECTION('',(-0.9238425183266258,0,0.3827727802912818));
#10513=FACE_BOUND('',#10514,.T.);
#10514=EDGE_LOOP('',(#10515,#10516,#10517));
#10515=ORIENTED_EDGE('',*,*,#10518,.T.);
#10516=ORIENTED_EDGE('',*,*,#10519,.T.);
#10517=ORIENTED_EDGE('',*,*,#10520,.T.);
#10518=EDGE_CURVE('',#845,#739,#10521,.F.);
#10519=EDGE_CURVE('',#739,#745,#10522,.T.);
#10520=EDGE_CURVE('',#745,#845,#10523,.T.);
#10521=LINE('',#844,#10524);
#10522=LINE('',#738,#10525);
#10523=LINE('',#744,#10526);
#10524=VECTOR('',#10527,1.0);
#10525=VECTOR('',#10528,1.0);
#10526=VECTOR('',#10529,1.0);
#10527=DIRECTION('',(-0.9238425183266258,0,0.3827727802912818));
#10528=DIRECTION('',(0.9469013620803478,0,-0.3215241989188095));
#10529=DIRECTION('',(-0.8969292433877369,0,-0.44217409733712554));
#10530=FACE_SURFACE('',(#10535),#10531,.T.);
#10531=PLANE('',#10532);
#10532=AXIS2_PLACEMENT_3D('',#846,#10533,#10534);
#10533=DIRECTION('',(0,1,-0));
#10534=DIRECTION('',(-0.8968389617823228,0,0.4423571821833633));
#10535=FACE_BOUND('',#10536,.T.);
#10536=EDGE_LOOP('',(#10537,#10538,#10539));
#10537=ORIENTED_EDGE('',*,*,#10540,.T.);
#10538=ORIENTED_EDGE('',*,*,#10541,.T.);
#10539=ORIENTED_EDGE('',*,*,#10542,.T.);
#10540=EDGE_CURVE('',#847,#739,#10543,.F.);
#10541=EDGE_CURVE('',#739,#845,#10544,.T.);
#10542=EDGE_CURVE('',#845,#847,#10545,.T.);
#10543=LINE('',#846,#10546);
#10544=LINE('',#738,#10547);
#10545=LINE('',#844,#10548);
#10546=VECTOR('',#10549,1.0);
#10547=VECTOR('',#10550,1.0);
#10548=VECTOR('',#10551,1.0);
#10549=DIRECTION('',(-0.8968389617823228,0,0.4423571821833633));
#10550=DIRECTION('',(0.9238425183266258,0,-0.3827727802912818));
#10551=DIRECTION('',(-0.9466855290962828,0,-0.32215913614189384));
#10552=FACE_SURFACE('',(#10557),#10553,.T.);
#10553=PLANE('',#10554);
#10554=AXIS2_PLACEMENT_3D('',#848,#10555,#10556);
#10555=DIRECTION('',(0,1,-0));
#10556=DIRECTION('',(-0.8660120026454753,0,0.500023210735235));
#10557=FACE_BOUND('',#10558,.T.);
#10558=EDGE_LOOP('',(#10559,#10560,#10561));
#10559=ORIENTED_EDGE('',*,*,#10562,.T.);
#10560=ORIENTED_EDGE('',*,*,#10563,.T.);
#10561=ORIENTED_EDGE('',*,*,#10564,.T.);
#10562=EDGE_CURVE('',#849,#739,#10565,.F.);
#10563=EDGE_CURVE('',#739,#847,#10566,.T.);
#10564=EDGE_CURVE('',#847,#849,#10567,.T.);
#10565=LINE('',#848,#10568);
#10566=LINE('',#738,#10569);
#10567=LINE('',#846,#10570);
#10568=VECTOR('',#10571,1.0);
#10569=VECTOR('',#10572,1.0);
#10570=VECTOR('',#10573,1.0);
#10571=DIRECTION('',(-0.8660120026454753,0,0.500023210735235));
#10572=DIRECTION('',(0.8968389617823228,0,-0.4423571821833633));
#10573=DIRECTION('',(-0.9809931692423731,0,-0.19404226833297128));
#10574=FACE_SURFACE('',(#10579),#10575,.T.);
#10575=PLANE('',#10576);
#10576=AXIS2_PLACEMENT_3D('',#824,#10577,#10578);
#10577=DIRECTION('',(0,1,-0));
#10578=DIRECTION('',(-0.831496378386313,0,0.555530172655316));
#10579=FACE_BOUND('',#10580,.T.);
#10580=EDGE_LOOP('',(#10581,#10582,#10583));
#10581=ORIENTED_EDGE('',*,*,#10584,.T.);
#10582=ORIENTED_EDGE('',*,*,#10585,.T.);
#10583=ORIENTED_EDGE('',*,*,#10586,.T.);
#10584=EDGE_CURVE('',#825,#739,#10587,.F.);
#10585=EDGE_CURVE('',#739,#849,#10588,.T.);
#10586=EDGE_CURVE('',#849,#825,#10589,.T.);
#10587=LINE('',#824,#10590);
#10588=LINE('',#738,#10591);
#10589=LINE('',#848,#10592);
#10590=VECTOR('',#10593,1.0);
#10591=VECTOR('',#10594,1.0);
#10592=VECTOR('',#10595,1.0);
#10593=DIRECTION('',(-0.831496378386313,0,0.555530172655316));
#10594=DIRECTION('',(0.8660120026454753,0,-0.500023210735235));
#10595=DIRECTION('',(-0.9979027500043786,0,-0.06473099360969962));
#10596=FACE_SURFACE('',(#10601),#10597,.T.);
#10597=PLANE('',#10598);
#10598=AXIS2_PLACEMENT_3D('',#754,#10599,#10600);
#10599=DIRECTION('',(0,1,0));
#10600=DIRECTION('',(-0.5551136825457531,0,-0.8317744883383315));
#10601=FACE_BOUND('',#10602,.T.);
#10602=EDGE_LOOP('',(#10603,#10604,#10605));
#10603=ORIENTED_EDGE('',*,*,#10606,.T.);
#10604=ORIENTED_EDGE('',*,*,#10607,.T.);
#10605=ORIENTED_EDGE('',*,*,#10608,.T.);
#10606=EDGE_CURVE('',#755,#741,#10609,.F.);
#10607=EDGE_CURVE('',#741,#739,#10610,.T.);
#10608=EDGE_CURVE('',#739,#755,#10611,.T.);
#10609=LINE('',#754,#10612);
#10610=LINE('',#740,#10613);
#10611=LINE('',#738,#10614);
#10612=VECTOR('',#10615,1.0);
#10613=VECTOR('',#10616,1.0);
#10614=VECTOR('',#10617,1.0);
#10615=DIRECTION('',(-0.5551136825457531,0,-0.8317744883383315));
#10616=DIRECTION('',(-0.991435341879441,0,0.13059847959450344));
#10617=DIRECTION('',(0.9978582233216796,0,-0.06541380702344915));
#10618=FACE_SURFACE('',(#10623),#10619,.T.);
#10619=PLANE('',#10620);
#10620=AXIS2_PLACEMENT_3D('',#838,#10621,#10622);
#10621=DIRECTION('',(0.19403897044523805,0,-0.980993821564923));
#10622=DIRECTION('',(0,1,0));
#10623=FACE_BOUND('',#10624,.T.);
#10624=EDGE_LOOP('',(#10625,#10626,#10627));
#10625=ORIENTED_EDGE('',*,*,#10628,.T.);
#10626=ORIENTED_EDGE('',*,*,#10629,.T.);
#10627=ORIENTED_EDGE('',*,*,#10630,.T.);
#10628=EDGE_CURVE('',#839,#711,#10631,.F.);
#10629=EDGE_CURVE('',#711,#715,#10632,.T.);
#10630=EDGE_CURVE('',#715,#839,#10633,.T.);
#10631=LINE('',#838,#10634);
#10632=LINE('',#710,#10635);
#10633=LINE('',#714,#10636);
#10634=VECTOR('',#10637,1.0);
#10635=VECTOR('',#10638,1.0);
#10636=VECTOR('',#10639,1.0);
#10637=DIRECTION('',(0,1,0));
#10638=DIRECTION('',(0.980993821564923,0,0.19403897044523805));
#10639=DIRECTION('',(-0.02274104299369849,-0.9997312697373918,-0.00449814104059178));
#10640=FACE_SURFACE('',(#10645),#10641,.T.);
#10641=PLANE('',#10642);
#10642=AXIS2_PLACEMENT_3D('',#44,#10643,#10644);
#10643=DIRECTION('',(-1,0,0));
#10644=DIRECTION('',(0,-1,0));
#10645=FACE_BOUND('',#10646,.T.);
#10646=EDGE_LOOP('',(#10647,#10648,#10649));
#10647=ORIENTED_EDGE('',*,*,#10650,.T.);
#10648=ORIENTED_EDGE('',*,*,#10651,.T.);
#10649=ORIENTED_EDGE('',*,*,#10652,.T.);
#10650=EDGE_CURVE('',#45,#597,#10653,.F.);
#10651=EDGE_CURVE('',#597,#851,#10654,.T.);
#10652=EDGE_CURVE('',#851,#45,#10655,.T.);
#10653=LINE('',#44,#10656);
#10654=LINE('',#596,#10657);
#10655=LINE('',#850,#10658);
#10656=VECTOR('',#10659,1.0);
#10657=VECTOR('',#10660,1.0);
#10658=VECTOR('',#10661,1.0);
#10659=DIRECTION('',(0,-1,0));
#10660=DIRECTION('',(0,0.4787850752356395,0.8779321452889187));
#10661=DIRECTION('',(0,0,-1));
#10662=FACE_SURFACE('',(#10667),#10663,.T.);
#10663=PLANE('',#10664);
#10664=AXIS2_PLACEMENT_3D('',#852,#10665,#10666);
#10665=DIRECTION('',(-1,0,0));
#10666=DIRECTION('',(0,1,0));
#10667=FACE_BOUND('',#10668,.T.);
#10668=EDGE_LOOP('',(#10669,#10670,#10671));
#10669=ORIENTED_EDGE('',*,*,#10672,.T.);
#10670=ORIENTED_EDGE('',*,*,#10673,.T.);
#10671=ORIENTED_EDGE('',*,*,#10674,.T.);
#10672=EDGE_CURVE('',#853,#851,#10675,.F.);
#10673=EDGE_CURVE('',#851,#597,#10676,.T.);
#10674=EDGE_CURVE('',#597,#853,#10677,.T.);
#10675=LINE('',#852,#10678);
#10676=LINE('',#850,#10679);
#10677=LINE('',#596,#10680);
#10678=VECTOR('',#10681,1.0);
#10679=VECTOR('',#10682,1.0);
#10680=VECTOR('',#10683,1.0);
#10681=DIRECTION('',(0,1,0));
#10682=DIRECTION('',(0,-0.4787850752356395,-0.8779321452889187));
#10683=DIRECTION('',(0,0,1));
#10684=FACE_SURFACE('',(#10689),#10685,.T.);
#10685=PLANE('',#10686);
#10686=AXIS2_PLACEMENT_3D('',#792,#10687,#10688);
#10687=DIRECTION('',(0,1,0));
#10688=DIRECTION('',(0.9466855290962828,0,-0.32215913614189384));
#10689=FACE_BOUND('',#10690,.T.);
#10690=EDGE_LOOP('',(#10691,#10692,#10693));
#10691=ORIENTED_EDGE('',*,*,#10694,.T.);
#10692=ORIENTED_EDGE('',*,*,#10695,.T.);
#10693=ORIENTED_EDGE('',*,*,#10696,.T.);
#10694=EDGE_CURVE('',#793,#685,#10697,.F.);
#10695=EDGE_CURVE('',#685,#789,#10698,.T.);
#10696=EDGE_CURVE('',#789,#793,#10699,.T.);
#10697=LINE('',#792,#10700);
#10698=LINE('',#684,#10701);
#10699=LINE('',#788,#10702);
#10700=VECTOR('',#10703,1.0);
#10701=VECTOR('',#10704,1.0);
#10702=VECTOR('',#10705,1.0);
#10703=DIRECTION('',(0.9466855290962828,0,-0.32215913614189384));
#10704=DIRECTION('',(-0.4691761555376768,0,-0.8831046003021872));
#10705=DIRECTION('',(0.38276156359897473,0,0.9238471656238753));
#10706=FACE_SURFACE('',(#10711),#10707,.T.);
#10707=PLANE('',#10708);
#10708=AXIS2_PLACEMENT_3D('',#40,#10709,#10710);
#10709=DIRECTION('',(0,0,1));
#10710=DIRECTION('',(-1,0,0));
#10711=FACE_BOUND('',#10712,.T.);
#10712=EDGE_LOOP('',(#10713,#10714,#10715));
#10713=ORIENTED_EDGE('',*,*,#10716,.T.);
#10714=ORIENTED_EDGE('',*,*,#10717,.T.);
#10715=ORIENTED_EDGE('',*,*,#10718,.T.);
#10716=EDGE_CURVE('',#41,#851,#10719,.F.);
#10717=EDGE_CURVE('',#851,#853,#10720,.T.);
#10718=EDGE_CURVE('',#853,#41,#10721,.T.);
#10719=LINE('',#40,#10722);
#10720=LINE('',#850,#10723);
#10721=LINE('',#852,#10724);
#10722=VECTOR('',#10725,1.0);
#10723=VECTOR('',#10726,1.0);
#10724=VECTOR('',#10727,1.0);
#10725=DIRECTION('',(-1,0,0));
#10726=DIRECTION('',(0,-1,0));
#10727=DIRECTION('',(0.9240168324218909,0.3823517927262997,0));
#10728=FACE_SURFACE('',(#10733),#10729,.T.);
#10729=PLANE('',#10730);
#10730=AXIS2_PLACEMENT_3D('',#40,#10731,#10732);
#10731=DIRECTION('',(0,0,1));
#10732=DIRECTION('',(-0.9240168324218909,-0.3823517927262997,0));
#10733=FACE_BOUND('',#10734,.T.);
#10734=EDGE_LOOP('',(#10735,#10736,#10737));
#10735=ORIENTED_EDGE('',*,*,#10738,.T.);
#10736=ORIENTED_EDGE('',*,*,#10739,.T.);
#10737=ORIENTED_EDGE('',*,*,#10740,.T.);
#10738=EDGE_CURVE('',#41,#853,#10741,.F.);
#10739=EDGE_CURVE('',#853,#35,#10742,.T.);
#10740=EDGE_CURVE('',#35,#41,#10743,.T.);
#10741=LINE('',#40,#10744);
#10742=LINE('',#852,#10745);
#10743=LINE('',#34,#10746);
#10744=VECTOR('',#10747,1.0);
#10745=VECTOR('',#10748,1.0);
#10746=VECTOR('',#10749,1.0);
#10747=DIRECTION('',(-0.9240168324218909,-0.3823517927262997,0));
#10748=DIRECTION('',(1,0,0));
#10749=DIRECTION('',(0,1,0));
#10750=FACE_SURFACE('',(#10755),#10751,.T.);
#10751=PLANE('',#10752);
#10752=AXIS2_PLACEMENT_3D('',#854,#10753,#10754);
#10753=DIRECTION('',(0,1,-0));
#10754=DIRECTION('',(-0.7514862095509921,0,0.6597487982972629));
#10755=FACE_BOUND('',#10756,.T.);
#10756=EDGE_LOOP('',(#10757,#10758,#10759));
#10757=ORIENTED_EDGE('',*,*,#10760,.T.);
#10758=ORIENTED_EDGE('',*,*,#10761,.T.);
#10759=ORIENTED_EDGE('',*,*,#10762,.T.);
#10760=EDGE_CURVE('',#855,#857,#10763,.F.);
#10761=EDGE_CURVE('',#857,#797,#10764,.T.);
#10762=EDGE_CURVE('',#797,#855,#10765,.T.);
#10763=LINE('',#854,#10766);
#10764=LINE('',#856,#10767);
#10765=LINE('',#796,#10768);
#10766=VECTOR('',#10769,1.0);
#10767=VECTOR('',#10770,1.0);
#10768=VECTOR('',#10771,1.0);
#10769=DIRECTION('',(-0.7514862095509921,0,0.6597487982972629));
#10770=DIRECTION('',(0.771428320800826,0,0.6363162310254374));
#10771=DIRECTION('',(-0.6087602440139821,0,-0.7933542495682727));
#10772=FACE_SURFACE('',(#10777),#10773,.T.);
#10773=PLANE('',#10774);
#10774=AXIS2_PLACEMENT_3D('',#400,#10775,#10776);
#10775=DIRECTION('',(0,1,0));
#10776=DIRECTION('',(0.6597771710908157,0,-0.7514612994076277));
#10777=FACE_BOUND('',#10778,.T.);
#10778=EDGE_LOOP('',(#10779,#10780,#10781));
#10779=ORIENTED_EDGE('',*,*,#10782,.T.);
#10780=ORIENTED_EDGE('',*,*,#10783,.T.);
#10781=ORIENTED_EDGE('',*,*,#10784,.T.);
#10782=EDGE_CURVE('',#401,#859,#10785,.F.);
#10783=EDGE_CURVE('',#859,#857,#10786,.T.);
#10784=EDGE_CURVE('',#857,#401,#10787,.T.);
#10785=LINE('',#400,#10788);
#10786=LINE('',#858,#10789);
#10787=LINE('',#856,#10790);
#10788=VECTOR('',#10791,1.0);
#10789=VECTOR('',#10792,1.0);
#10790=VECTOR('',#10793,1.0);
#10791=DIRECTION('',(0.6597771710908157,0,-0.7514612994076277));
#10792=DIRECTION('',(-0.707106864152787,0,-0.7071066982202984));
#10793=DIRECTION('',(0.6363165185522273,0,0.7714280836329288));
#10794=FACE_SURFACE('',(#10799),#10795,.T.);
#10795=PLANE('',#10796);
#10796=AXIS2_PLACEMENT_3D('',#856,#10797,#10798);
#10797=DIRECTION('',(0,1,-0));
#10798=DIRECTION('',(-0.6597485673027674,0,0.751486412346854));
#10799=FACE_BOUND('',#10800,.T.);
#10800=EDGE_LOOP('',(#10801,#10802,#10803));
#10801=ORIENTED_EDGE('',*,*,#10804,.T.);
#10802=ORIENTED_EDGE('',*,*,#10805,.T.);
#10803=ORIENTED_EDGE('',*,*,#10806,.T.);
#10804=EDGE_CURVE('',#857,#861,#10807,.F.);
#10805=EDGE_CURVE('',#861,#401,#10808,.T.);
#10806=EDGE_CURVE('',#401,#857,#10809,.T.);
#10807=LINE('',#856,#10810);
#10808=LINE('',#860,#10811);
#10809=LINE('',#400,#10812);
#10810=VECTOR('',#10813,1.0);
#10811=VECTOR('',#10814,1.0);
#10812=VECTOR('',#10815,1.0);
#10813=DIRECTION('',(-0.6597485673027674,0,0.751486412346854));
#10814=DIRECTION('',(0.7933543804798744,0,0.6087600734060955));
#10815=DIRECTION('',(-0.6363165185522273,0,-0.7714280836329288));
#10816=FACE_SURFACE('',(#10821),#10817,.T.);
#10817=PLANE('',#10818);
#10818=AXIS2_PLACEMENT_3D('',#862,#10819,#10820);
#10819=DIRECTION('',(-0,1,0));
#10820=DIRECTION('',(0.9098293484133786,0,0.41498259814802735));
#10821=FACE_BOUND('',#10822,.T.);
#10822=EDGE_LOOP('',(#10823,#10824,#10825));
#10823=ORIENTED_EDGE('',*,*,#10826,.T.);
#10824=ORIENTED_EDGE('',*,*,#10827,.T.);
#10825=ORIENTED_EDGE('',*,*,#10828,.T.);
#10826=EDGE_CURVE('',#863,#401,#10829,.F.);
#10827=EDGE_CURVE('',#401,#861,#10830,.T.);
#10828=EDGE_CURVE('',#861,#863,#10831,.T.);
#10829=LINE('',#862,#10832);
#10830=LINE('',#400,#10833);
#10831=LINE('',#860,#10834);
#10832=VECTOR('',#10835,1.0);
#10833=VECTOR('',#10836,1.0);
#10834=VECTOR('',#10837,1.0);
#10835=DIRECTION('',(0.9098293484133786,0,0.41498259814802735));
#10836=DIRECTION('',(-0.7933543804798744,0,-0.6087600734060955));
#10837=DIRECTION('',(-0.5550531518469728,0,0.831814882425616));
#10838=FACE_SURFACE('',(#10843),#10839,.T.);
#10839=PLANE('',#10840);
#10840=AXIS2_PLACEMENT_3D('',#864,#10841,#10842);
#10841=DIRECTION('',(0,1,-0));
#10842=DIRECTION('',(-0.5651079624841489,0,0.8250169639086301));
#10843=FACE_BOUND('',#10844,.T.);
#10844=EDGE_LOOP('',(#10845,#10846,#10847));
#10845=ORIENTED_EDGE('',*,*,#10848,.T.);
#10846=ORIENTED_EDGE('',*,*,#10849,.T.);
#10847=ORIENTED_EDGE('',*,*,#10850,.T.);
#10848=EDGE_CURVE('',#865,#45,#10851,.F.);
#10849=EDGE_CURVE('',#45,#87,#10852,.T.);
#10850=EDGE_CURVE('',#87,#865,#10853,.T.);
#10851=LINE('',#864,#10854);
#10852=LINE('',#44,#10855);
#10853=LINE('',#86,#10856);
#10854=VECTOR('',#10857,1.0);
#10855=VECTOR('',#10858,1.0);
#10856=VECTOR('',#10859,1.0);
#10857=DIRECTION('',(-0.5651079624841489,0,0.8250169639086301));
#10858=DIRECTION('',(0.5777129640972388,0,-0.8162399960268931));
#10859=DIRECTION('',(-0.947145432411413,0,-0.3208045041176908));
#10860=FACE_SURFACE('',(#10865),#10861,.T.);
#10861=PLANE('',#10862);
#10862=AXIS2_PLACEMENT_3D('',#866,#10863,#10864);
#10863=DIRECTION('',(0,1,0));
#10864=DIRECTION('',(-0.8328303005395884,0,-0.5535284008098762));
#10865=FACE_BOUND('',#10866,.T.);
#10866=EDGE_LOOP('',(#10867,#10868,#10869));
#10867=ORIENTED_EDGE('',*,*,#10870,.T.);
#10868=ORIENTED_EDGE('',*,*,#10871,.T.);
#10869=ORIENTED_EDGE('',*,*,#10872,.T.);
#10870=EDGE_CURVE('',#867,#869,#10873,.F.);
#10871=EDGE_CURVE('',#869,#45,#10874,.T.);
#10872=EDGE_CURVE('',#45,#867,#10875,.T.);
#10873=LINE('',#866,#10876);
#10874=LINE('',#868,#10877);
#10875=LINE('',#44,#10878);
#10876=VECTOR('',#10879,1.0);
#10877=VECTOR('',#10880,1.0);
#10878=VECTOR('',#10881,1.0);
#10879=DIRECTION('',(-0.8328303005395884,0,-0.5535284008098762));
#10880=DIRECTION('',(-0.5384246456831011,0,0.8426736621735766));
#10881=DIRECTION('',(0.5519229477940605,0,-0.8338951131277331));
#10882=FACE_SURFACE('',(#10887),#10883,.T.);
#10883=PLANE('',#10884);
#10884=AXIS2_PLACEMENT_3D('',#298,#10885,#10886);
#10885=DIRECTION('',(0.8328303005395883,0,-0.5535284008098762));
#10886=DIRECTION('',(0,-1,0));
#10887=FACE_BOUND('',#10888,.T.);
#10888=EDGE_LOOP('',(#10889,#10890,#10891));
#10889=ORIENTED_EDGE('',*,*,#10892,.T.);
#10890=ORIENTED_EDGE('',*,*,#10893,.T.);
#10891=ORIENTED_EDGE('',*,*,#10894,.T.);
#10892=EDGE_CURVE('',#299,#483,#10895,.F.);
#10893=EDGE_CURVE('',#483,#485,#10896,.T.);
#10894=EDGE_CURVE('',#485,#299,#10897,.T.);
#10895=LINE('',#298,#10898);
#10896=LINE('',#482,#10899);
#10897=LINE('',#484,#10900);
#10898=VECTOR('',#10901,1.0);
#10899=VECTOR('',#10902,1.0);
#10900=VECTOR('',#10903,1.0);
#10901=DIRECTION('',(0,-1,0));
#10902=DIRECTION('',(-0.5535284008098762,0,-0.8328303005395884));
#10903=DIRECTION('',(0.018157083541323372,0.999461855082944,0.02731886804817577));
#10904=FACE_SURFACE('',(#10909),#10905,.T.);
#10905=PLANE('',#10906);
#10906=AXIS2_PLACEMENT_3D('',#794,#10907,#10908);
#10907=DIRECTION('',(0,1,-0));
#10908=DIRECTION('',(-0.8318149947404431,0,0.5550529835294616));
#10909=FACE_BOUND('',#10910,.T.);
#10910=EDGE_LOOP('',(#10911,#10912,#10913));
#10911=ORIENTED_EDGE('',*,*,#10914,.T.);
#10912=ORIENTED_EDGE('',*,*,#10915,.T.);
#10913=ORIENTED_EDGE('',*,*,#10916,.T.);
#10914=EDGE_CURVE('',#795,#855,#10917,.F.);
#10915=EDGE_CURVE('',#855,#797,#10918,.T.);
#10916=EDGE_CURVE('',#797,#795,#10919,.T.);
#10917=LINE('',#794,#10920);
#10918=LINE('',#854,#10921);
#10919=LINE('',#796,#10922);
#10920=VECTOR('',#10923,1.0);
#10921=VECTOR('',#10924,1.0);
#10922=VECTOR('',#10925,1.0);
#10923=DIRECTION('',(-0.8318149947404431,0,0.5550529835294616));
#10924=DIRECTION('',(0.6087602440139821,0,0.7933542495682727));
#10925=DIRECTION('',(-0.4149827310453178,0,-0.9098292877975348));
#10926=FACE_SURFACE('',(#10931),#10927,.T.);
#10927=PLANE('',#10928);
#10928=AXIS2_PLACEMENT_3D('',#610,#10929,#10930);
#10929=DIRECTION('',(0.7490945091601733,0,-0.6624631433869201));
#10930=DIRECTION('',(-0.6624631433869201,0,-0.7490945091601733));
#10931=FACE_BOUND('',#10932,.T.);
#10932=EDGE_LOOP('',(#10933,#10934,#10935));
#10933=ORIENTED_EDGE('',*,*,#10936,.T.);
#10934=ORIENTED_EDGE('',*,*,#10937,.T.);
#10935=ORIENTED_EDGE('',*,*,#10938,.T.);
#10936=EDGE_CURVE('',#611,#483,#10939,.F.);
#10937=EDGE_CURVE('',#483,#299,#10940,.T.);
#10938=EDGE_CURVE('',#299,#611,#10941,.T.);
#10939=LINE('',#610,#10942);
#10940=LINE('',#482,#10943);
#10941=LINE('',#298,#10944);
#10942=VECTOR('',#10945,1.0);
#10943=VECTOR('',#10946,1.0);
#10944=VECTOR('',#10947,1.0);
#10945=DIRECTION('',(-0.6624631433869201,0,-0.7490945091601733));
#10946=DIRECTION('',(0,1,0));
#10947=DIRECTION('',(0.02165494792358729,-0.9994655871263466,0.024486800130153506));
#10948=FACE_SURFACE('',(#10953),#10949,.T.);
#10949=PLANE('',#10950);
#10950=AXIS2_PLACEMENT_3D('',#818,#10951,#10952);
#10951=DIRECTION('',(0.9808152867022286,0,-0.19493940948721727));
#10952=DIRECTION('',(0,-1,0));
#10953=FACE_BOUND('',#10954,.T.);
#10954=EDGE_LOOP('',(#10955,#10956,#10957));
#10955=ORIENTED_EDGE('',*,*,#10958,.T.);
#10956=ORIENTED_EDGE('',*,*,#10959,.T.);
#10957=ORIENTED_EDGE('',*,*,#10960,.T.);
#10958=EDGE_CURVE('',#819,#471,#10961,.F.);
#10959=EDGE_CURVE('',#471,#469,#10962,.T.);
#10960=EDGE_CURVE('',#469,#819,#10963,.T.);
#10961=LINE('',#818,#10964);
#10962=LINE('',#470,#10965);
#10963=LINE('',#468,#10966);
#10964=VECTOR('',#10967,1.0);
#10965=VECTOR('',#10968,1.0);
#10966=VECTOR('',#10969,1.0);
#10967=DIRECTION('',(0,-1,0));
#10968=DIRECTION('',(-0.19493940948721727,0,-0.9808152867022286));
#10969=DIRECTION('',(0.010609218426591904,0.9985179616777572,0.05337906603973085));
#10970=FACE_SURFACE('',(#10975),#10971,.T.);
#10971=PLANE('',#10972);
#10972=AXIS2_PLACEMENT_3D('',#402,#10973,#10974);
#10973=DIRECTION('',(0,1,0));
#10974=DIRECTION('',(0.5551136825457531,0,-0.8317744883383315));
#10975=FACE_BOUND('',#10976,.T.);
#10976=EDGE_LOOP('',(#10977,#10978,#10979));
#10977=ORIENTED_EDGE('',*,*,#10980,.T.);
#10978=ORIENTED_EDGE('',*,*,#10981,.T.);
#10979=ORIENTED_EDGE('',*,*,#10982,.T.);
#10980=EDGE_CURVE('',#403,#401,#10983,.F.);
#10981=EDGE_CURVE('',#401,#863,#10984,.T.);
#10982=EDGE_CURVE('',#863,#403,#10985,.T.);
#10983=LINE('',#402,#10986);
#10984=LINE('',#400,#10987);
#10985=LINE('',#862,#10988);
#10986=VECTOR('',#10989,1.0);
#10987=VECTOR('',#10990,1.0);
#10988=VECTOR('',#10991,1.0);
#10989=DIRECTION('',(0.5551136825457531,0,-0.8317744883383315));
#10990=DIRECTION('',(-0.9098293484133786,0,-0.41498259814802735));
#10991=DIRECTION('',(0.8659855898544147,0,0.5000689534099286));
#10992=FACE_SURFACE('',(#10997),#10993,.T.);
#10993=PLANE('',#10994);
#10994=AXIS2_PLACEMENT_3D('',#858,#10995,#10996);
#10995=DIRECTION('',(0,1,0));
#10996=DIRECTION('',(0.7514614341324571,0,-0.6597770176442879));
#10997=FACE_BOUND('',#10998,.T.);
#10998=EDGE_LOOP('',(#10999,#11000,#11001));
#10999=ORIENTED_EDGE('',*,*,#11002,.T.);
#11000=ORIENTED_EDGE('',*,*,#11003,.T.);
#11001=ORIENTED_EDGE('',*,*,#11004,.T.);
#11002=EDGE_CURVE('',#859,#797,#11005,.F.);
#11003=EDGE_CURVE('',#797,#857,#11006,.T.);
#11004=EDGE_CURVE('',#857,#859,#11007,.T.);
#11005=LINE('',#858,#11008);
#11006=LINE('',#796,#11009);
#11007=LINE('',#856,#11010);
#11008=VECTOR('',#11011,1.0);
#11009=VECTOR('',#11012,1.0);
#11010=VECTOR('',#11013,1.0);
#11011=DIRECTION('',(0.7514614341324571,0,-0.6597770176442879));
#11012=DIRECTION('',(-0.771428320800826,0,-0.6363162310254374));
#11013=DIRECTION('',(0.707106864152787,0,0.7071066982202984));
#11014=FACE_SURFACE('',(#11019),#11015,.T.);
#11015=PLANE('',#11016);
#11016=AXIS2_PLACEMENT_3D('',#38,#11017,#11018);
#11017=DIRECTION('',(-0,-0,-1));
#11018=DIRECTION('',(0,-1,0));
#11019=FACE_BOUND('',#11020,.T.);
#11020=EDGE_LOOP('',(#11021,#11022,#11023));
#11021=ORIENTED_EDGE('',*,*,#11024,.T.);
#11022=ORIENTED_EDGE('',*,*,#11025,.T.);
#11023=ORIENTED_EDGE('',*,*,#11026,.T.);
#11024=EDGE_CURVE('',#39,#37,#11027,.F.);
#11025=EDGE_CURVE('',#37,#557,#11028,.T.);
#11026=EDGE_CURVE('',#557,#39,#11029,.T.);
#11027=LINE('',#38,#11030);
#11028=LINE('',#36,#11031);
#11029=LINE('',#556,#11032);
#11030=VECTOR('',#11033,1.0);
#11031=VECTOR('',#11034,1.0);
#11032=VECTOR('',#11035,1.0);
#11033=DIRECTION('',(0,-1,0));
#11034=DIRECTION('',(-0.9240168324218909,0.3823517927262997,0));
#11035=DIRECTION('',(1,0,0));
#11036=FACE_SURFACE('',(#11041),#11037,.T.);
#11037=PLANE('',#11038);
#11038=AXIS2_PLACEMENT_3D('',#94,#11039,#11040);
#11039=DIRECTION('',(0,0,-1));
#11040=DIRECTION('',(0.9892034623538708,0.14654866108946235,0));
#11041=FACE_BOUND('',#11042,.T.);
#11042=EDGE_LOOP('',(#11043,#11044,#11045));
#11043=ORIENTED_EDGE('',*,*,#11046,.T.);
#11044=ORIENTED_EDGE('',*,*,#11047,.T.);
#11045=ORIENTED_EDGE('',*,*,#11048,.T.);
#11046=EDGE_CURVE('',#95,#557,#11049,.F.);
#11047=EDGE_CURVE('',#557,#37,#11050,.T.);
#11048=EDGE_CURVE('',#37,#95,#11051,.T.);
#11049=LINE('',#94,#11052);
#11050=LINE('',#556,#11053);
#11051=LINE('',#36,#11054);
#11052=VECTOR('',#11055,1.0);
#11053=VECTOR('',#11056,1.0);
#11054=VECTOR('',#11057,1.0);
#11055=DIRECTION('',(0.9892034623538708,0.14654866108946235,0));
#11056=DIRECTION('',(0.9240168324218909,-0.3823517927262997,0));
#11057=DIRECTION('',(-1,0,0));
#11058=FACE_SURFACE('',(#11063),#11059,.T.);
#11059=PLANE('',#11060);
#11060=AXIS2_PLACEMENT_3D('',#816,#11061,#11062);
#11061=DIRECTION('',(0.997835595723393,0,-0.0657580710433444));
#11062=DIRECTION('',(0,-1,0));
#11063=FACE_BOUND('',#11064,.T.);
#11064=EDGE_LOOP('',(#11065,#11066,#11067));
#11065=ORIENTED_EDGE('',*,*,#11068,.T.);
#11066=ORIENTED_EDGE('',*,*,#11069,.T.);
#11067=ORIENTED_EDGE('',*,*,#11070,.T.);
#11068=EDGE_CURVE('',#817,#871,#11071,.F.);
#11069=EDGE_CURVE('',#871,#471,#11072,.T.);
#11070=EDGE_CURVE('',#471,#817,#11073,.T.);
#11071=LINE('',#816,#11074);
#11072=LINE('',#870,#11075);
#11073=LINE('',#470,#11076);
#11074=VECTOR('',#11077,1.0);
#11075=VECTOR('',#11078,1.0);
#11076=VECTOR('',#11079,1.0);
#11077=DIRECTION('',(0,-1,0));
#11078=DIRECTION('',(-0.0657580710433444,0,-0.9978355957233929));
#11079=DIRECTION('',(0.003578043240765651,0.9985185573144003,0.05429445925079055));
#11080=FACE_SURFACE('',(#11085),#11081,.T.);
#11081=PLANE('',#11082);
#11082=AXIS2_PLACEMENT_3D('',#816,#11083,#11084);
#11083=DIRECTION('',(0.997835595723393,0,-0.0657580710433444));
#11084=DIRECTION('',(-0.003578043240765651,-0.9985185573144003,-0.05429445925079055));
#11085=FACE_BOUND('',#11086,.T.);
#11086=EDGE_LOOP('',(#11087,#11088,#11089));
#11087=ORIENTED_EDGE('',*,*,#11090,.T.);
#11088=ORIENTED_EDGE('',*,*,#11091,.T.);
#11089=ORIENTED_EDGE('',*,*,#11092,.T.);
#11090=EDGE_CURVE('',#817,#471,#11093,.F.);
#11091=EDGE_CURVE('',#471,#819,#11094,.T.);
#11092=EDGE_CURVE('',#819,#817,#11095,.T.);
#11093=LINE('',#816,#11096);
#11094=LINE('',#470,#11097);
#11095=LINE('',#818,#11098);
#11096=VECTOR('',#11099,1.0);
#11097=VECTOR('',#11100,1.0);
#11098=VECTOR('',#11101,1.0);
#11099=DIRECTION('',(-0.003578043240765651,-0.9985185573144003,-0.05429445925079055));
#11100=DIRECTION('',(0,1,0));
#11101=DIRECTION('',(0.0657580710433444,0,0.9978355957233929));
#11102=FACE_SURFACE('',(#11107),#11103,.T.);
#11103=PLANE('',#11104);
#11104=AXIS2_PLACEMENT_3D('',#862,#11105,#11106);
#11105=DIRECTION('',(0,1,-0));
#11106=DIRECTION('',(-0.4426211582072767,0,0.8967087098424152));
#11107=FACE_BOUND('',#11108,.T.);
#11108=EDGE_LOOP('',(#11109,#11110,#11111));
#11109=ORIENTED_EDGE('',*,*,#11112,.T.);
#11110=ORIENTED_EDGE('',*,*,#11113,.T.);
#11111=ORIENTED_EDGE('',*,*,#11114,.T.);
#11112=EDGE_CURVE('',#863,#873,#11115,.F.);
#11113=EDGE_CURVE('',#873,#403,#11116,.T.);
#11114=EDGE_CURVE('',#403,#863,#11117,.T.);
#11115=LINE('',#862,#11118);
#11116=LINE('',#872,#11119);
#11117=LINE('',#402,#11120);
#11118=VECTOR('',#11121,1.0);
#11119=VECTOR('',#11122,1.0);
#11120=VECTOR('',#11123,1.0);
#11121=DIRECTION('',(-0.4426211582072767,0,0.8967087098424152));
#11122=DIRECTION('',(0.9561911006923973,0,0.2927431962602407));
#11123=DIRECTION('',(-0.8659855898544147,0,-0.5000689534099286));
#11124=FACE_SURFACE('',(#11129),#11125,.T.);
#11125=PLANE('',#11126);
#11126=AXIS2_PLACEMENT_3D('',#404,#11127,#11128);
#11127=DIRECTION('',(0,1,0));
#11128=DIRECTION('',(0.4421743426075084,0,-0.8969291224726834));
#11129=FACE_BOUND('',#11130,.T.);
#11130=EDGE_LOOP('',(#11131,#11132,#11133));
#11131=ORIENTED_EDGE('',*,*,#11134,.T.);
#11132=ORIENTED_EDGE('',*,*,#11135,.T.);
#11133=ORIENTED_EDGE('',*,*,#11136,.T.);
#11134=EDGE_CURVE('',#405,#403,#11137,.F.);
#11135=EDGE_CURVE('',#403,#873,#11138,.T.);
#11136=EDGE_CURVE('',#873,#405,#11139,.T.);
#11137=LINE('',#404,#11140);
#11138=LINE('',#402,#11141);
#11139=LINE('',#872,#11142);
#11140=VECTOR('',#11143,1.0);
#11141=VECTOR('',#11144,1.0);
#11142=VECTOR('',#11145,1.0);
#11143=DIRECTION('',(0.4421743426075084,0,-0.8969291224726834));
#11144=DIRECTION('',(-0.9561911006923973,0,-0.2927431962602407));
#11145=DIRECTION('',(0.9238472559390797,0,0.38276134561085545));
#11146=FACE_SURFACE('',(#11151),#11147,.T.);
#11147=PLANE('',#11148);
#11148=AXIS2_PLACEMENT_3D('',#96,#11149,#11150);
#11149=DIRECTION('',(0,0,-1));
#11150=DIRECTION('',(1,0,0));
#11151=FACE_BOUND('',#11152,.T.);
#11152=EDGE_LOOP('',(#11153,#11154,#11155));
#11153=ORIENTED_EDGE('',*,*,#11156,.T.);
#11154=ORIENTED_EDGE('',*,*,#11157,.T.);
#11155=ORIENTED_EDGE('',*,*,#11158,.T.);
#11156=EDGE_CURVE('',#97,#557,#11159,.F.);
#11157=EDGE_CURVE('',#557,#95,#11160,.T.);
#11158=EDGE_CURVE('',#95,#97,#11161,.T.);
#11159=LINE('',#96,#11162);
#11160=LINE('',#556,#11163);
#11161=LINE('',#94,#11164);
#11162=VECTOR('',#11165,1.0);
#11163=VECTOR('',#11166,1.0);
#11164=VECTOR('',#11167,1.0);
#11165=DIRECTION('',(1,0,0));
#11166=DIRECTION('',(-0.9892034623538708,-0.14654866108946235,0));
#11167=DIRECTION('',(0,1,0));
#11168=FACE_SURFACE('',(#11173),#11169,.T.);
#11169=PLANE('',#11170);
#11170=AXIS2_PLACEMENT_3D('',#870,#11171,#11172);
#11171=DIRECTION('',(0.997835595723393,-0,0.0657580710433444));
#11172=DIRECTION('',(0,1,0));
#11173=FACE_BOUND('',#11174,.T.);
#11174=EDGE_LOOP('',(#11175,#11176,#11177));
#11175=ORIENTED_EDGE('',*,*,#11178,.T.);
#11176=ORIENTED_EDGE('',*,*,#11179,.T.);
#11177=ORIENTED_EDGE('',*,*,#11180,.T.);
#11178=EDGE_CURVE('',#871,#817,#11181,.F.);
#11179=EDGE_CURVE('',#817,#47,#11182,.T.);
#11180=EDGE_CURVE('',#47,#871,#11183,.T.);
#11181=LINE('',#870,#11184);
#11182=LINE('',#816,#11185);
#11183=LINE('',#46,#11186);
#11184=VECTOR('',#11187,1.0);
#11185=VECTOR('',#11188,1.0);
#11186=VECTOR('',#11189,1.0);
#11187=DIRECTION('',(0,1,0));
#11188=DIRECTION('',(-0.003578043240765651,-0.9985185573144003,0.05429445925079055));
#11189=DIRECTION('',(0.0657580710433444,0,-0.9978355957233929));
#11190=FACE_SURFACE('',(#11195),#11191,.T.);
#11191=PLANE('',#11192);
#11192=AXIS2_PLACEMENT_3D('',#804,#11193,#11194);
#11193=DIRECTION('',(0.997835595723393,0,0.0657580710433444));
#11194=DIRECTION('',(0,-1,0));
#11195=FACE_BOUND('',#11196,.T.);
#11196=EDGE_LOOP('',(#11197,#11198,#11199));
#11197=ORIENTED_EDGE('',*,*,#11200,.T.);
#11198=ORIENTED_EDGE('',*,*,#11201,.T.);
#11199=ORIENTED_EDGE('',*,*,#11202,.T.);
#11200=EDGE_CURVE('',#805,#47,#11203,.F.);
#11201=EDGE_CURVE('',#47,#817,#11204,.T.);
#11202=EDGE_CURVE('',#817,#805,#11205,.T.);
#11203=LINE('',#804,#11206);
#11204=LINE('',#46,#11207);
#11205=LINE('',#816,#11208);
#11206=VECTOR('',#11209,1.0);
#11207=VECTOR('',#11210,1.0);
#11208=VECTOR('',#11211,1.0);
#11209=DIRECTION('',(0,-1,0));
#11210=DIRECTION('',(0.003578043240765651,0.9985185573144003,-0.05429445925079055));
#11211=DIRECTION('',(-0.0657580710433444,0,0.9978355957233929));
#11212=FACE_SURFACE('',(#11217),#11213,.T.);
#11213=PLANE('',#11214);
#11214=AXIS2_PLACEMENT_3D('',#404,#11215,#11216);
#11215=DIRECTION('',(0,1,0));
#11216=DIRECTION('',(-0.9238472559390797,0,-0.38276134561085545));
#11217=FACE_BOUND('',#11218,.T.);
#11218=EDGE_LOOP('',(#11219,#11220,#11221));
#11219=ORIENTED_EDGE('',*,*,#11222,.T.);
#11220=ORIENTED_EDGE('',*,*,#11223,.T.);
#11221=ORIENTED_EDGE('',*,*,#11224,.T.);
#11222=EDGE_CURVE('',#405,#873,#11225,.F.);
#11223=EDGE_CURVE('',#873,#433,#11226,.T.);
#11224=EDGE_CURVE('',#433,#405,#11227,.T.);
#11225=LINE('',#404,#11228);
#11226=LINE('',#872,#11229);
#11227=LINE('',#432,#11230);
#11228=VECTOR('',#11231,1.0);
#11229=VECTOR('',#11232,1.0);
#11230=VECTOR('',#11233,1.0);
#11231=DIRECTION('',(-0.9238472559390797,0,-0.38276134561085545));
#11232=DIRECTION('',(0.8831046088031529,0,0.46917613953677395));
#11233=DIRECTION('',(0.32216015093047695,0,-0.9466851837609229));
#11234=FACE_SURFACE('',(#11239),#11235,.T.);
#11235=PLANE('',#11236);
#11236=AXIS2_PLACEMENT_3D('',#86,#11237,#11238);
#11237=DIRECTION('',(0.3208045041176908,0,-0.9471454324114129));
#11238=DIRECTION('',(0,-1,0));
#11239=FACE_BOUND('',#11240,.T.);
#11240=EDGE_LOOP('',(#11241,#11242,#11243));
#11241=ORIENTED_EDGE('',*,*,#11244,.T.);
#11242=ORIENTED_EDGE('',*,*,#11245,.T.);
#11243=ORIENTED_EDGE('',*,*,#11246,.T.);
#11244=EDGE_CURVE('',#87,#875,#11247,.F.);
#11245=EDGE_CURVE('',#875,#877,#11248,.T.);
#11246=EDGE_CURVE('',#877,#87,#11249,.T.);
#11247=LINE('',#86,#11250);
#11248=LINE('',#874,#11251);
#11249=LINE('',#876,#11252);
#11250=VECTOR('',#11253,1.0);
#11251=VECTOR('',#11254,1.0);
#11252=VECTOR('',#11255,1.0);
#11253=DIRECTION('',(0,-1,0));
#11254=DIRECTION('',(-0.947145432411413,0,-0.3208045041176908));
#11255=DIRECTION('',(0.030983546092397125,0.9994648011869012,0.010494334660594733));
#11256=FACE_SURFACE('',(#11261),#11257,.T.);
#11257=PLANE('',#11258);
#11258=AXIS2_PLACEMENT_3D('',#42,#11259,#11260);
#11259=DIRECTION('',(0.9808153421123802,0,0.19493913069718588));
#11260=DIRECTION('',(0.19493913069718588,0,-0.9808153421123803));
#11261=FACE_BOUND('',#11262,.T.);
#11262=EDGE_LOOP('',(#11263,#11264,#11265));
#11263=ORIENTED_EDGE('',*,*,#11266,.T.);
#11264=ORIENTED_EDGE('',*,*,#11267,.T.);
#11265=ORIENTED_EDGE('',*,*,#11268,.T.);
#11266=EDGE_CURVE('',#43,#47,#11269,.F.);
#11267=EDGE_CURVE('',#47,#805,#11270,.T.);
#11268=EDGE_CURVE('',#805,#43,#11271,.T.);
#11269=LINE('',#42,#11272);
#11270=LINE('',#46,#11273);
#11271=LINE('',#804,#11274);
#11272=VECTOR('',#11275,1.0);
#11273=VECTOR('',#11276,1.0);
#11274=VECTOR('',#11277,1.0);
#11275=DIRECTION('',(0.19493913069718588,0,-0.9808153421123803));
#11276=DIRECTION('',(0,1,0));
#11277=DIRECTION('',(-0.010609218381652285,-0.998517957448132,0.05337914516869985));
#11278=FACE_SURFACE('',(#11283),#11279,.T.);
#11279=PLANE('',#11280);
#11280=AXIS2_PLACEMENT_3D('',#878,#11281,#11282);
#11281=DIRECTION('',(-0,-1,-0));
#11282=DIRECTION('',(-0.9998302328121761,0,0.018425676507254324));
#11283=FACE_BOUND('',#11284,.T.);
#11284=EDGE_LOOP('',(#11285,#11286,#11287));
#11285=ORIENTED_EDGE('',*,*,#11288,.T.);
#11286=ORIENTED_EDGE('',*,*,#11289,.T.);
#11287=ORIENTED_EDGE('',*,*,#11290,.T.);
#11288=EDGE_CURVE('',#879,#149,#11291,.F.);
#11289=EDGE_CURVE('',#149,#37,#11292,.T.);
#11290=EDGE_CURVE('',#37,#879,#11293,.T.);
#11291=LINE('',#878,#11294);
#11292=LINE('',#148,#11295);
#11293=LINE('',#36,#11296);
#11294=VECTOR('',#11297,1.0);
#11295=VECTOR('',#11298,1.0);
#11296=VECTOR('',#11299,1.0);
#11297=DIRECTION('',(-0.9998302328121761,0,0.018425676507254324));
#11298=DIRECTION('',(0.9853385740437475,0,-0.1706103587166807));
#11299=DIRECTION('',(-0.825652458046545,0,0.5641790660080348));
#11300=FACE_SURFACE('',(#11305),#11301,.T.);
#11301=PLANE('',#11302);
#11302=AXIS2_PLACEMENT_3D('',#874,#11303,#11304);
#11303=DIRECTION('',(0.19806614858790147,0,-0.9801886557104991));
#11304=DIRECTION('',(0,1,0));
#11305=FACE_BOUND('',#11306,.T.);
#11306=EDGE_LOOP('',(#11307,#11308,#11309));
#11307=ORIENTED_EDGE('',*,*,#11310,.T.);
#11308=ORIENTED_EDGE('',*,*,#11311,.T.);
#11309=ORIENTED_EDGE('',*,*,#11312,.T.);
#11310=EDGE_CURVE('',#875,#87,#11313,.F.);
#11311=EDGE_CURVE('',#87,#881,#11314,.T.);
#11312=EDGE_CURVE('',#881,#875,#11315,.T.);
#11313=LINE('',#874,#11316);
#11314=LINE('',#86,#11317);
#11315=LINE('',#880,#11318);
#11316=VECTOR('',#11319,1.0);
#11317=VECTOR('',#11320,1.0);
#11318=VECTOR('',#11321,1.0);
#11319=DIRECTION('',(0,1,0));
#11320=DIRECTION('',(0.032149491838312616,-0.9994619585479648,0.006496429019428964));
#11321=DIRECTION('',(-0.9801886557104992,0,-0.19806614858790147));
#11322=FACE_SURFACE('',(#11327),#11323,.T.);
#11323=PLANE('',#11324);
#11324=AXIS2_PLACEMENT_3D('',#882,#11325,#11326);
#11325=DIRECTION('',(0,1,-0));
#11326=DIRECTION('',(-0.19493940948721727,0,0.9808152867022286));
#11327=FACE_BOUND('',#11328,.T.);
#11328=EDGE_LOOP('',(#11329,#11330,#11331));
#11329=ORIENTED_EDGE('',*,*,#11332,.T.);
#11330=ORIENTED_EDGE('',*,*,#11333,.T.);
#11331=ORIENTED_EDGE('',*,*,#11334,.T.);
#11332=EDGE_CURVE('',#883,#885,#11335,.F.);
#11333=EDGE_CURVE('',#885,#433,#11336,.T.);
#11334=EDGE_CURVE('',#433,#883,#11337,.T.);
#11335=LINE('',#882,#11338);
#11336=LINE('',#884,#11339);
#11337=LINE('',#432,#11340);
#11338=VECTOR('',#11341,1.0);
#11339=VECTOR('',#11342,1.0);
#11340=VECTOR('',#11343,1.0);
#11341=DIRECTION('',(-0.19493940948721727,0,0.9808152867022286));
#11342=DIRECTION('',(0.999383296467984,0,0.03511448050001485));
#11343=DIRECTION('',(-0.9659426431920658,0,-0.2587562754082023));
#11344=FACE_SURFACE('',(#11349),#11345,.T.);
#11345=PLANE('',#11346);
#11346=AXIS2_PLACEMENT_3D('',#436,#11347,#11348);
#11347=DIRECTION('',(0,1,0));
#11348=DIRECTION('',(0.06651844154409839,0,-0.9977851957884244));
#11349=FACE_BOUND('',#11350,.T.);
#11350=EDGE_LOOP('',(#11351,#11352,#11353));
#11351=ORIENTED_EDGE('',*,*,#11354,.T.);
#11352=ORIENTED_EDGE('',*,*,#11355,.T.);
#11353=ORIENTED_EDGE('',*,*,#11356,.T.);
#11354=EDGE_CURVE('',#437,#435,#11357,.F.);
#11355=EDGE_CURVE('',#435,#885,#11358,.T.);
#11356=EDGE_CURVE('',#885,#437,#11359,.T.);
#11357=LINE('',#436,#11360);
#11358=LINE('',#434,#11361);
#11359=LINE('',#884,#11362);
#11360=VECTOR('',#11363,1.0);
#11361=VECTOR('',#11364,1.0);
#11362=VECTOR('',#11365,1.0);
#11363=DIRECTION('',(0.06651844154409839,0,-0.9977851957884244));
#11364=DIRECTION('',(-0.9914483705977188,0,-0.1304995342487032));
#11365=DIRECTION('',(0.9744433760073349,0,0.22463327214691015));
#11366=FACE_SURFACE('',(#11371),#11367,.T.);
#11367=PLANE('',#11368);
#11368=AXIS2_PLACEMENT_3D('',#886,#11369,#11370);
#11369=DIRECTION('',(-0,-1,-0));
#11370=DIRECTION('',(-0.9999224170404595,0,0.012456319679803237));
#11371=FACE_BOUND('',#11372,.T.);
#11372=EDGE_LOOP('',(#11373,#11374,#11375));
#11373=ORIENTED_EDGE('',*,*,#11376,.T.);
#11374=ORIENTED_EDGE('',*,*,#11377,.T.);
#11375=ORIENTED_EDGE('',*,*,#11378,.T.);
#11376=EDGE_CURVE('',#887,#149,#11379,.F.);
#11377=EDGE_CURVE('',#149,#889,#11380,.T.);
#11378=EDGE_CURVE('',#889,#887,#11381,.T.);
#11379=LINE('',#886,#11382);
#11380=LINE('',#148,#11383);
#11381=LINE('',#888,#11384);
#11382=VECTOR('',#11385,1.0);
#11383=VECTOR('',#11386,1.0);
#11384=VECTOR('',#11387,1.0);
#11385=DIRECTION('',(-0.9999224170404595,0,0.012456319679803237));
#11386=DIRECTION('',(0.999872585113466,0,-0.015962880019426723));
#11387=DIRECTION('',(-0.8964542110716484,0,0.44313637568124387));
#11388=FACE_SURFACE('',(#11393),#11389,.T.);
#11389=PLANE('',#11390);
#11390=AXIS2_PLACEMENT_3D('',#888,#11391,#11392);
#11391=DIRECTION('',(-0,-1,-0));
#11392=DIRECTION('',(-0.999872585113466,0,0.015962880019426723));
#11393=FACE_BOUND('',#11394,.T.);
#11394=EDGE_LOOP('',(#11395,#11396,#11397));
#11395=ORIENTED_EDGE('',*,*,#11398,.T.);
#11396=ORIENTED_EDGE('',*,*,#11399,.T.);
#11397=ORIENTED_EDGE('',*,*,#11400,.T.);
#11398=EDGE_CURVE('',#889,#149,#11401,.F.);
#11399=EDGE_CURVE('',#149,#879,#11402,.T.);
#11400=EDGE_CURVE('',#879,#889,#11403,.T.);
#11401=LINE('',#888,#11404);
#11402=LINE('',#148,#11405);
#11403=LINE('',#878,#11406);
#11404=VECTOR('',#11407,1.0);
#11405=VECTOR('',#11408,1.0);
#11406=VECTOR('',#11409,1.0);
#11407=DIRECTION('',(-0.999872585113466,0,0.015962880019426723));
#11408=DIRECTION('',(0.9998302328121761,0,-0.018425676507254324));
#11409=DIRECTION('',(-0.947145432411413,0,0.3208045041176908));
#11410=FACE_SURFACE('',(#11415),#11411,.T.);
#11411=PLANE('',#11412);
#11412=AXIS2_PLACEMENT_3D('',#776,#11413,#11414);
#11413=DIRECTION('',(0.831814882425616,0,-0.5550531518469729));
#11414=DIRECTION('',(0,-1,0));
#11415=FACE_BOUND('',#11416,.T.);
#11416=EDGE_LOOP('',(#11417,#11418,#11419));
#11417=ORIENTED_EDGE('',*,*,#11420,.T.);
#11418=ORIENTED_EDGE('',*,*,#11421,.T.);
#11419=ORIENTED_EDGE('',*,*,#11422,.T.);
#11420=EDGE_CURVE('',#777,#475,#11423,.F.);
#11421=EDGE_CURVE('',#475,#779,#11424,.T.);
#11422=EDGE_CURVE('',#779,#777,#11425,.T.);
#11423=LINE('',#776,#11426);
#11424=LINE('',#474,#11427);
#11425=LINE('',#778,#11428);
#11426=VECTOR('',#11429,1.0);
#11427=VECTOR('',#11430,1.0);
#11428=VECTOR('',#11431,1.0);
#11429=DIRECTION('',(0,-1,0));
#11430=DIRECTION('',(-0.030205169011306397,0.9985182146960336,-0.045266131768066487));
#11431=DIRECTION('',(0.5550531518469728,0,0.831814882425616));
#11432=FACE_SURFACE('',(#11437),#11433,.T.);
#11433=PLANE('',#11434);
#11434=AXIS2_PLACEMENT_3D('',#890,#11435,#11436);
#11435=DIRECTION('',(-0,-1,-0));
#11436=DIRECTION('',(-0.9999682377948146,0,0.007970156932776553));
#11437=FACE_BOUND('',#11438,.T.);
#11438=EDGE_LOOP('',(#11439,#11440,#11441));
#11439=ORIENTED_EDGE('',*,*,#11442,.T.);
#11440=ORIENTED_EDGE('',*,*,#11443,.T.);
#11441=ORIENTED_EDGE('',*,*,#11444,.T.);
#11442=EDGE_CURVE('',#891,#149,#11445,.F.);
#11443=EDGE_CURVE('',#149,#887,#11446,.T.);
#11444=EDGE_CURVE('',#887,#891,#11447,.T.);
#11445=LINE('',#890,#11448);
#11446=LINE('',#148,#11449);
#11447=LINE('',#886,#11450);
#11448=VECTOR('',#11451,1.0);
#11449=VECTOR('',#11452,1.0);
#11450=VECTOR('',#11453,1.0);
#11451=DIRECTION('',(-0.9999682377948146,0,0.007970156932776553));
#11452=DIRECTION('',(0.9999224170404595,0,-0.012456319679803237));
#11453=DIRECTION('',(-0.8328303005395884,0,0.5535284008098762));
#11454=FACE_SURFACE('',(#11459),#11455,.T.);
#11455=PLANE('',#11456);
#11456=AXIS2_PLACEMENT_3D('',#892,#11457,#11458);
#11457=DIRECTION('',(0,1,0));
#11458=DIRECTION('',(0.0657580710433444,0,0.9978355957233929));
#11459=FACE_BOUND('',#11460,.T.);
#11460=EDGE_LOOP('',(#11461,#11462,#11463));
#11461=ORIENTED_EDGE('',*,*,#11464,.T.);
#11462=ORIENTED_EDGE('',*,*,#11465,.T.);
#11463=ORIENTED_EDGE('',*,*,#11466,.T.);
#11464=EDGE_CURVE('',#893,#895,#11467,.F.);
#11465=EDGE_CURVE('',#895,#437,#11468,.T.);
#11466=EDGE_CURVE('',#437,#893,#11469,.T.);
#11467=LINE('',#892,#11470);
#11468=LINE('',#894,#11471);
#11469=LINE('',#436,#11472);
#11470=VECTOR('',#11473,1.0);
#11471=VECTOR('',#11474,1.0);
#11472=VECTOR('',#11475,1.0);
#11473=DIRECTION('',(0.0657580710433444,0,0.9978355957233929));
#11474=DIRECTION('',(0.9744433760073349,0,-0.22463327214691015));
#11475=DIRECTION('',(-1,0,0));
#11476=FACE_SURFACE('',(#11481),#11477,.T.);
#11477=PLANE('',#11478);
#11478=AXIS2_PLACEMENT_3D('',#896,#11479,#11480);
#11479=DIRECTION('',(0,1,0));
#11480=DIRECTION('',(-0.06651844154409839,0,-0.9977851957884244));
#11481=FACE_BOUND('',#11482,.T.);
#11482=EDGE_LOOP('',(#11483,#11484,#11485));
#11483=ORIENTED_EDGE('',*,*,#11486,.T.);
#11484=ORIENTED_EDGE('',*,*,#11487,.T.);
#11485=ORIENTED_EDGE('',*,*,#11488,.T.);
#11486=EDGE_CURVE('',#897,#437,#11489,.F.);
#11487=EDGE_CURVE('',#437,#895,#11490,.T.);
#11488=EDGE_CURVE('',#895,#897,#11491,.T.);
#11489=LINE('',#896,#11492);
#11490=LINE('',#436,#11493);
#11491=LINE('',#894,#11494);
#11492=VECTOR('',#11495,1.0);
#11493=VECTOR('',#11496,1.0);
#11494=VECTOR('',#11497,1.0);
#11495=DIRECTION('',(-0.06651844154409839,0,-0.9977851957884244));
#11496=DIRECTION('',(-0.9744433760073349,0,0.22463327214691015));
#11497=DIRECTION('',(0.9914483705977188,0,-0.1304995342487032));
#11498=FACE_SURFACE('',(#11503),#11499,.T.);
#11499=PLANE('',#11500);
#11500=AXIS2_PLACEMENT_3D('',#898,#11501,#11502);
#11501=DIRECTION('',(-0,-1,-0));
#11502=DIRECTION('',(-0.9999967930224686,0,0.0025325767072607477));
#11503=FACE_BOUND('',#11504,.T.);
#11504=EDGE_LOOP('',(#11505,#11506,#11507));
#11505=ORIENTED_EDGE('',*,*,#11508,.T.);
#11506=ORIENTED_EDGE('',*,*,#11509,.T.);
#11507=ORIENTED_EDGE('',*,*,#11510,.T.);
#11508=EDGE_CURVE('',#899,#149,#11511,.F.);
#11509=EDGE_CURVE('',#149,#891,#11512,.T.);
#11510=EDGE_CURVE('',#891,#899,#11513,.T.);
#11511=LINE('',#898,#11514);
#11512=LINE('',#148,#11515);
#11513=LINE('',#890,#11516);
#11514=VECTOR('',#11517,1.0);
#11515=VECTOR('',#11518,1.0);
#11516=VECTOR('',#11519,1.0);
#11517=DIRECTION('',(-0.9999967930224686,0,0.0025325767072607477));
#11518=DIRECTION('',(0.9999682377948146,0,-0.007970156932776553));
#11519=DIRECTION('',(-0.7490945091601733,0,0.6624631433869201));
#11520=FACE_SURFACE('',(#11525),#11521,.T.);
#11521=PLANE('',#11522);
#11522=AXIS2_PLACEMENT_3D('',#900,#11523,#11524);
#11523=DIRECTION('',(0,1,0));
#11524=DIRECTION('',(-0.32216015093047695,0,-0.9466851837609229));
#11525=FACE_BOUND('',#11526,.T.);
#11526=EDGE_LOOP('',(#11527,#11528,#11529));
#11527=ORIENTED_EDGE('',*,*,#11530,.T.);
#11528=ORIENTED_EDGE('',*,*,#11531,.T.);
#11529=ORIENTED_EDGE('',*,*,#11532,.T.);
#11530=EDGE_CURVE('',#901,#903,#11533,.F.);
#11531=EDGE_CURVE('',#903,#905,#11534,.T.);
#11532=EDGE_CURVE('',#905,#901,#11535,.T.);
#11533=LINE('',#900,#11536);
#11534=LINE('',#902,#11537);
#11535=LINE('',#904,#11538);
#11536=VECTOR('',#11539,1.0);
#11537=VECTOR('',#11540,1.0);
#11538=VECTOR('',#11541,1.0);
#11539=DIRECTION('',(-0.32216015093047695,0,-0.9466851837609229));
#11540=DIRECTION('',(-0.8831046088031529,0,0.46917613953677395));
#11541=DIRECTION('',(0.9238472559390797,0,-0.38276134561085545));
#11542=FACE_SURFACE('',(#11547),#11543,.T.);
#11543=PLANE('',#11544);
#11544=AXIS2_PLACEMENT_3D('',#476,#11545,#11546);
#11545=DIRECTION('',(0.8967087098424152,0,-0.4426211582072767));
#11546=DIRECTION('',(-0.024089264249806733,0.9985179096268786,-0.04880257679950667));
#11547=FACE_BOUND('',#11548,.T.);
#11548=EDGE_LOOP('',(#11549,#11550,#11551));
#11549=ORIENTED_EDGE('',*,*,#11552,.T.);
#11550=ORIENTED_EDGE('',*,*,#11553,.T.);
#11551=ORIENTED_EDGE('',*,*,#11554,.T.);
#11552=EDGE_CURVE('',#477,#777,#11555,.F.);
#11553=EDGE_CURVE('',#777,#749,#11556,.T.);
#11554=EDGE_CURVE('',#749,#477,#11557,.T.);
#11555=LINE('',#476,#11558);
#11556=LINE('',#776,#11559);
#11557=LINE('',#748,#11560);
#11558=VECTOR('',#11561,1.0);
#11559=VECTOR('',#11562,1.0);
#11560=VECTOR('',#11563,1.0);
#11561=DIRECTION('',(-0.024089264249806733,0.9985179096268786,-0.04880257679950667));
#11562=DIRECTION('',(0.4426211582072767,0,0.8967087098424152));
#11563=DIRECTION('',(0,-1,0));
#11564=FACE_SURFACE('',(#11569),#11565,.T.);
#11565=PLANE('',#11566);
#11566=AXIS2_PLACEMENT_3D('',#532,#11567,#11568);
#11567=DIRECTION('',(-0.19806614858790147,0,-0.9801886557104991));
#11568=DIRECTION('',(0,1,0));
#11569=FACE_BOUND('',#11570,.T.);
#11570=EDGE_LOOP('',(#11571,#11572,#11573));
#11571=ORIENTED_EDGE('',*,*,#11574,.T.);
#11572=ORIENTED_EDGE('',*,*,#11575,.T.);
#11573=ORIENTED_EDGE('',*,*,#11576,.T.);
#11574=EDGE_CURVE('',#533,#363,#11577,.F.);
#11575=EDGE_CURVE('',#363,#579,#11578,.T.);
#11576=EDGE_CURVE('',#579,#533,#11579,.T.);
#11577=LINE('',#532,#11580);
#11578=LINE('',#362,#11581);
#11579=LINE('',#578,#11582);
#11580=VECTOR('',#11583,1.0);
#11581=VECTOR('',#11584,1.0);
#11582=VECTOR('',#11585,1.0);
#11583=DIRECTION('',(0,1,0));
#11584=DIRECTION('',(0.032149491838312616,-0.9994619585479648,-0.006496429019428964));
#11585=DIRECTION('',(-0.9801886557104992,0,0.19806614858790147));
#11586=FACE_SURFACE('',(#11591),#11587,.T.);
#11587=PLANE('',#11588);
#11588=AXIS2_PLACEMENT_3D('',#112,#11589,#11590);
#11589=DIRECTION('',(-0.19806614858790147,-0,-0.9801886557104991));
#11590=DIRECTION('',(0,-1,0));
#11591=FACE_BOUND('',#11592,.T.);
#11592=EDGE_LOOP('',(#11593,#11594,#11595));
#11593=ORIENTED_EDGE('',*,*,#11596,.T.);
#11594=ORIENTED_EDGE('',*,*,#11597,.T.);
#11595=ORIENTED_EDGE('',*,*,#11598,.T.);
#11596=EDGE_CURVE('',#113,#579,#11599,.F.);
#11597=EDGE_CURVE('',#579,#363,#11600,.T.);
#11598=EDGE_CURVE('',#363,#113,#11601,.T.);
#11599=LINE('',#112,#11602);
#11600=LINE('',#578,#11603);
#11601=LINE('',#362,#11604);
#11602=VECTOR('',#11605,1.0);
#11603=VECTOR('',#11606,1.0);
#11604=VECTOR('',#11607,1.0);
#11605=DIRECTION('',(0,-1,0));
#11606=DIRECTION('',(-0.032149491838312616,0.9994619585479648,0.006496429019428964));
#11607=DIRECTION('',(0.9801886557104992,0,-0.19806614858790147));
#11608=FACE_SURFACE('',(#11613),#11609,.T.);
#11609=PLANE('',#11610);
#11610=AXIS2_PLACEMENT_3D('',#474,#11611,#11612);
#11611=DIRECTION('',(0.8967087098424152,0,-0.4426211582072767));
#11612=DIRECTION('',(0,1,0));
#11613=FACE_BOUND('',#11614,.T.);
#11614=EDGE_LOOP('',(#11615,#11616,#11617));
#11615=ORIENTED_EDGE('',*,*,#11618,.T.);
#11616=ORIENTED_EDGE('',*,*,#11619,.T.);
#11617=ORIENTED_EDGE('',*,*,#11620,.T.);
#11618=EDGE_CURVE('',#475,#777,#11621,.F.);
#11619=EDGE_CURVE('',#777,#477,#11622,.T.);
#11620=EDGE_CURVE('',#477,#475,#11623,.T.);
#11621=LINE('',#474,#11624);
#11622=LINE('',#776,#11625);
#11623=LINE('',#476,#11626);
#11624=VECTOR('',#11627,1.0);
#11625=VECTOR('',#11628,1.0);
#11626=VECTOR('',#11629,1.0);
#11627=DIRECTION('',(0,1,0));
#11628=DIRECTION('',(0.024089264249806733,-0.9985179096268786,0.04880257679950667));
#11629=DIRECTION('',(-0.4426211582072767,0,-0.8967087098424152));
#11630=FACE_SURFACE('',(#11635),#11631,.T.);
#11631=PLANE('',#11632);
#11632=AXIS2_PLACEMENT_3D('',#112,#11633,#11634);
#11633=DIRECTION('',(-0.3208045041176908,-0,-0.9471454324114129));
#11634=DIRECTION('',(0.947145432411413,0,-0.3208045041176908));
#11635=FACE_BOUND('',#11636,.T.);
#11636=EDGE_LOOP('',(#11637,#11638,#11639));
#11637=ORIENTED_EDGE('',*,*,#11640,.T.);
#11638=ORIENTED_EDGE('',*,*,#11641,.T.);
#11639=ORIENTED_EDGE('',*,*,#11642,.T.);
#11640=EDGE_CURVE('',#113,#111,#11643,.F.);
#11641=EDGE_CURVE('',#111,#579,#11644,.T.);
#11642=EDGE_CURVE('',#579,#113,#11645,.T.);
#11643=LINE('',#112,#11646);
#11644=LINE('',#110,#11647);
#11645=LINE('',#578,#11648);
#11646=VECTOR('',#11649,1.0);
#11647=VECTOR('',#11650,1.0);
#11648=VECTOR('',#11651,1.0);
#11649=DIRECTION('',(0.947145432411413,0,-0.3208045041176908));
#11650=DIRECTION('',(-0.030983546092397125,-0.9994648011869012,0.010494334660594733));
#11651=DIRECTION('',(0,1,0));
#11652=FACE_SURFACE('',(#11657),#11653,.T.);
#11653=PLANE('',#11654);
#11654=AXIS2_PLACEMENT_3D('',#904,#11655,#11656);
#11655=DIRECTION('',(-0,1,0));
#11656=DIRECTION('',(0.4426211582072767,0,0.8967087098424152));
#11657=FACE_BOUND('',#11658,.T.);
#11658=EDGE_LOOP('',(#11659,#11660,#11661));
#11659=ORIENTED_EDGE('',*,*,#11662,.T.);
#11660=ORIENTED_EDGE('',*,*,#11663,.T.);
#11661=ORIENTED_EDGE('',*,*,#11664,.T.);
#11662=EDGE_CURVE('',#905,#691,#11665,.F.);
#11663=EDGE_CURVE('',#691,#907,#11666,.T.);
#11664=EDGE_CURVE('',#907,#905,#11667,.T.);
#11665=LINE('',#904,#11668);
#11666=LINE('',#690,#11669);
#11667=LINE('',#906,#11670);
#11668=VECTOR('',#11671,1.0);
#11669=VECTOR('',#11672,1.0);
#11670=VECTOR('',#11673,1.0);
#11671=DIRECTION('',(0.4426211582072767,0,0.8967087098424152));
#11672=DIRECTION('',(0.8659855898544147,0,-0.5000689534099286));
#11673=DIRECTION('',(-0.9561911006923973,0,0.2927431962602407));
#11674=FACE_SURFACE('',(#11679),#11675,.T.);
#11675=PLANE('',#11676);
#11676=AXIS2_PLACEMENT_3D('',#694,#11677,#11678);
#11677=DIRECTION('',(0,1,0));
#11678=DIRECTION('',(-0.5551136825457531,0,-0.8317744883383315));
#11679=FACE_BOUND('',#11680,.T.);
#11680=EDGE_LOOP('',(#11681,#11682,#11683));
#11681=ORIENTED_EDGE('',*,*,#11684,.T.);
#11682=ORIENTED_EDGE('',*,*,#11685,.T.);
#11683=ORIENTED_EDGE('',*,*,#11686,.T.);
#11684=EDGE_CURVE('',#695,#907,#11687,.F.);
#11685=EDGE_CURVE('',#907,#691,#11688,.T.);
#11686=EDGE_CURVE('',#691,#695,#11689,.T.);
#11687=LINE('',#694,#11690);
#11688=LINE('',#906,#11691);
#11689=LINE('',#690,#11692);
#11690=VECTOR('',#11693,1.0);
#11691=VECTOR('',#11694,1.0);
#11692=VECTOR('',#11695,1.0);
#11693=DIRECTION('',(-0.5551136825457531,0,-0.8317744883383315));
#11694=DIRECTION('',(-0.8659855898544147,0,0.5000689534099286));
#11695=DIRECTION('',(0.9098293484133786,0,-0.41498259814802735));
#11696=FACE_SURFACE('',(#11701),#11697,.T.);
#11697=PLANE('',#11698);
#11698=AXIS2_PLACEMENT_3D('',#908,#11699,#11700);
#11699=DIRECTION('',(0,-1,-0));
#11700=DIRECTION('',(-0.9999931826506335,0,-0.003692513000212228));
#11701=FACE_BOUND('',#11702,.T.);
#11702=EDGE_LOOP('',(#11703,#11704,#11705));
#11703=ORIENTED_EDGE('',*,*,#11706,.T.);
#11704=ORIENTED_EDGE('',*,*,#11707,.T.);
#11705=ORIENTED_EDGE('',*,*,#11708,.T.);
#11706=EDGE_CURVE('',#909,#149,#11709,.F.);
#11707=EDGE_CURVE('',#149,#899,#11710,.T.);
#11708=EDGE_CURVE('',#899,#909,#11711,.T.);
#11709=LINE('',#908,#11712);
#11710=LINE('',#148,#11713);
#11711=LINE('',#898,#11714);
#11712=VECTOR('',#11715,1.0);
#11713=VECTOR('',#11716,1.0);
#11714=VECTOR('',#11717,1.0);
#11715=DIRECTION('',(-0.9999931826506335,0,-0.003692513000212228));
#11716=DIRECTION('',(0.9999967930224686,0,-0.0025325767072607477));
#11717=DIRECTION('',(-0.6624631433869201,0,0.7490945091601733));
#11718=FACE_SURFACE('',(#11723),#11719,.T.);
#11719=PLANE('',#11720);
#11720=AXIS2_PLACEMENT_3D('',#118,#11721,#11722);
#11721=DIRECTION('',(-0.5535284008098762,-0,-0.8328303005395883));
#11722=DIRECTION('',(0.02731886804817577,-0.999461855082944,-0.018157083541323372));
#11723=FACE_BOUND('',#11724,.T.);
#11724=EDGE_LOOP('',(#11725,#11726,#11727));
#11725=ORIENTED_EDGE('',*,*,#11728,.T.);
#11726=ORIENTED_EDGE('',*,*,#11729,.T.);
#11727=ORIENTED_EDGE('',*,*,#11730,.T.);
#11728=EDGE_CURVE('',#119,#911,#11731,.F.);
#11729=EDGE_CURVE('',#911,#913,#11732,.T.);
#11730=EDGE_CURVE('',#913,#119,#11733,.T.);
#11731=LINE('',#118,#11734);
#11732=LINE('',#910,#11735);
#11733=LINE('',#912,#11736);
#11734=VECTOR('',#11737,1.0);
#11735=VECTOR('',#11738,1.0);
#11736=VECTOR('',#11739,1.0);
#11737=DIRECTION('',(0.02731886804817577,-0.999461855082944,-0.018157083541323372));
#11738=DIRECTION('',(-0.8328303005395884,0,0.5535284008098762));
#11739=DIRECTION('',(0,1,0));
#11740=FACE_SURFACE('',(#11745),#11741,.T.);
#11741=PLANE('',#11742);
#11742=AXIS2_PLACEMENT_3D('',#914,#11743,#11744);
#11743=DIRECTION('',(-0,-1,0));
#11744=DIRECTION('',(-0.19806614858790147,0,0.9801886557104992));
#11745=FACE_BOUND('',#11746,.T.);
#11746=EDGE_LOOP('',(#11747,#11748,#11749));
#11747=ORIENTED_EDGE('',*,*,#11750,.T.);
#11748=ORIENTED_EDGE('',*,*,#11751,.T.);
#11749=ORIENTED_EDGE('',*,*,#11752,.T.);
#11750=EDGE_CURVE('',#915,#917,#11753,.F.);
#11751=EDGE_CURVE('',#917,#149,#11754,.T.);
#11752=EDGE_CURVE('',#149,#915,#11755,.T.);
#11753=LINE('',#914,#11756);
#11754=LINE('',#916,#11757);
#11755=LINE('',#148,#11758);
#11756=VECTOR('',#11759,1.0);
#11757=VECTOR('',#11760,1.0);
#11758=VECTOR('',#11761,1.0);
#11759=DIRECTION('',(-0.19806614858790147,0,0.9801886557104992));
#11760=DIRECTION('',(-0.9994003198891545,0,-0.034626588129003294));
#11761=DIRECTION('',(0.99965415582669,0,0.026297694545869207));
#11762=FACE_SURFACE('',(#11767),#11763,.T.);
#11763=PLANE('',#11764);
#11764=AXIS2_PLACEMENT_3D('',#918,#11765,#11766);
#11765=DIRECTION('',(-0,-1,0));
#11766=DIRECTION('',(0.06111559296346774,0,0.9981306949977663));
#11767=FACE_BOUND('',#11768,.T.);
#11768=EDGE_LOOP('',(#11769,#11770,#11771));
#11769=ORIENTED_EDGE('',*,*,#11772,.T.);
#11770=ORIENTED_EDGE('',*,*,#11773,.T.);
#11771=ORIENTED_EDGE('',*,*,#11774,.T.);
#11772=EDGE_CURVE('',#919,#921,#11775,.F.);
#11773=EDGE_CURVE('',#921,#149,#11776,.T.);
#11774=EDGE_CURVE('',#149,#919,#11777,.T.);
#11775=LINE('',#918,#11778);
#11776=LINE('',#920,#11779);
#11777=LINE('',#148,#11780);
#11778=VECTOR('',#11781,1.0);
#11779=VECTOR('',#11782,1.0);
#11780=VECTOR('',#11783,1.0);
#11781=DIRECTION('',(0.06111559296346774,0,0.9981306949977663));
#11782=DIRECTION('',(-0.9986766053190402,0,-0.05142993280608066));
#11783=DIRECTION('',(0.9990727037403595,0,0.0430549955397522));
#11784=FACE_SURFACE('',(#11789),#11785,.T.);
#11785=PLANE('',#11786);
#11786=AXIS2_PLACEMENT_3D('',#906,#11787,#11788);
#11787=DIRECTION('',(0,1,0));
#11788=DIRECTION('',(-0.4421743426075084,0,-0.8969291224726834));
#11789=FACE_BOUND('',#11790,.T.);
#11790=EDGE_LOOP('',(#11791,#11792,#11793));
#11791=ORIENTED_EDGE('',*,*,#11794,.T.);
#11792=ORIENTED_EDGE('',*,*,#11795,.T.);
#11793=ORIENTED_EDGE('',*,*,#11796,.T.);
#11794=EDGE_CURVE('',#907,#901,#11797,.F.);
#11795=EDGE_CURVE('',#901,#905,#11798,.T.);
#11796=EDGE_CURVE('',#905,#907,#11799,.T.);
#11797=LINE('',#906,#11800);
#11798=LINE('',#900,#11801);
#11799=LINE('',#904,#11802);
#11800=VECTOR('',#11803,1.0);
#11801=VECTOR('',#11804,1.0);
#11802=VECTOR('',#11805,1.0);
#11803=DIRECTION('',(-0.4421743426075084,0,-0.8969291224726834));
#11804=DIRECTION('',(-0.9238472559390797,0,0.38276134561085545));
#11805=DIRECTION('',(0.9561911006923973,0,-0.2927431962602407));
#11806=FACE_SURFACE('',(#11811),#11807,.T.);
#11807=PLANE('',#11808);
#11808=AXIS2_PLACEMENT_3D('',#884,#11809,#11810);
#11809=DIRECTION('',(0,1,-0));
#11810=DIRECTION('',(-0.0657580710433444,0,0.9978355957233929));
#11811=FACE_BOUND('',#11812,.T.);
#11812=EDGE_LOOP('',(#11813,#11814,#11815));
#11813=ORIENTED_EDGE('',*,*,#11816,.T.);
#11814=ORIENTED_EDGE('',*,*,#11817,.T.);
#11815=ORIENTED_EDGE('',*,*,#11818,.T.);
#11816=EDGE_CURVE('',#885,#893,#11819,.F.);
#11817=EDGE_CURVE('',#893,#437,#11820,.T.);
#11818=EDGE_CURVE('',#437,#885,#11821,.T.);
#11819=LINE('',#884,#11822);
#11820=LINE('',#892,#11823);
#11821=LINE('',#436,#11824);
#11822=VECTOR('',#11825,1.0);
#11823=VECTOR('',#11826,1.0);
#11824=VECTOR('',#11827,1.0);
#11825=DIRECTION('',(-0.0657580710433444,0,0.9978355957233929));
#11826=DIRECTION('',(1,0,0));
#11827=DIRECTION('',(-0.9744433760073349,0,-0.22463327214691015));
#11828=FACE_SURFACE('',(#11833),#11829,.T.);
#11829=PLANE('',#11830);
#11830=AXIS2_PLACEMENT_3D('',#434,#11831,#11832);
#11831=DIRECTION('',(0,1,0));
#11832=DIRECTION('',(0.1940432355012139,0,-0.9809929779342055));
#11833=FACE_BOUND('',#11834,.T.);
#11834=EDGE_LOOP('',(#11835,#11836,#11837));
#11835=ORIENTED_EDGE('',*,*,#11838,.T.);
#11836=ORIENTED_EDGE('',*,*,#11839,.T.);
#11837=ORIENTED_EDGE('',*,*,#11840,.T.);
#11838=EDGE_CURVE('',#435,#433,#11841,.F.);
#11839=EDGE_CURVE('',#433,#885,#11842,.T.);
#11840=EDGE_CURVE('',#885,#435,#11843,.T.);
#11841=LINE('',#434,#11844);
#11842=LINE('',#432,#11845);
#11843=LINE('',#884,#11846);
#11844=VECTOR('',#11847,1.0);
#11845=VECTOR('',#11848,1.0);
#11846=VECTOR('',#11849,1.0);
#11847=DIRECTION('',(0.1940432355012139,0,-0.9809929779342055));
#11848=DIRECTION('',(-0.999383296467984,0,-0.03511448050001485));
#11849=DIRECTION('',(0.9914483705977188,0,0.1304995342487032));
#11850=FACE_SURFACE('',(#11855),#11851,.T.);
#11851=PLANE('',#11852);
#11852=AXIS2_PLACEMENT_3D('',#882,#11853,#11854);
#11853=DIRECTION('',(-0,1,0));
#11854=DIRECTION('',(0.9659426431920658,0,0.2587562754082023));
#11855=FACE_BOUND('',#11856,.T.);
#11856=EDGE_LOOP('',(#11857,#11858,#11859));
#11857=ORIENTED_EDGE('',*,*,#11860,.T.);
#11858=ORIENTED_EDGE('',*,*,#11861,.T.);
#11859=ORIENTED_EDGE('',*,*,#11862,.T.);
#11860=EDGE_CURVE('',#883,#433,#11863,.F.);
#11861=EDGE_CURVE('',#433,#873,#11864,.T.);
#11862=EDGE_CURVE('',#873,#883,#11865,.T.);
#11863=LINE('',#882,#11866);
#11864=LINE('',#432,#11867);
#11865=LINE('',#872,#11868);
#11866=VECTOR('',#11869,1.0);
#11867=VECTOR('',#11870,1.0);
#11868=VECTOR('',#11871,1.0);
#11869=DIRECTION('',(0.9659426431920658,0,0.2587562754082023));
#11870=DIRECTION('',(-0.8831046088031529,0,-0.46917613953677395));
#11871=DIRECTION('',(-0.32103925899394453,0,0.9470658869290031));
#11872=FACE_SURFACE('',(#11877),#11873,.T.);
#11873=PLANE('',#11874);
#11874=AXIS2_PLACEMENT_3D('',#902,#11875,#11876);
#11875=DIRECTION('',(0,1,0));
#11876=DIRECTION('',(-0.1940432355012139,0,-0.9809929779342055));
#11877=FACE_BOUND('',#11878,.T.);
#11878=EDGE_LOOP('',(#11879,#11880,#11881));
#11879=ORIENTED_EDGE('',*,*,#11882,.T.);
#11880=ORIENTED_EDGE('',*,*,#11883,.T.);
#11881=ORIENTED_EDGE('',*,*,#11884,.T.);
#11882=EDGE_CURVE('',#903,#897,#11885,.F.);
#11883=EDGE_CURVE('',#897,#895,#11886,.T.);
#11884=EDGE_CURVE('',#895,#903,#11887,.T.);
#11885=LINE('',#902,#11888);
#11886=LINE('',#896,#11889);
#11887=LINE('',#894,#11890);
#11888=VECTOR('',#11891,1.0);
#11889=VECTOR('',#11892,1.0);
#11890=VECTOR('',#11893,1.0);
#11891=DIRECTION('',(-0.1940432355012139,0,-0.9809929779342055));
#11892=DIRECTION('',(-0.9914483705977188,0,0.1304995342487032));
#11893=DIRECTION('',(0.999383296467984,0,-0.03511448050001485));
#11894=FACE_SURFACE('',(#11899),#11895,.T.);
#11895=PLANE('',#11896);
#11896=AXIS2_PLACEMENT_3D('',#894,#11897,#11898);
#11897=DIRECTION('',(-0,1,0));
#11898=DIRECTION('',(0.19493913069718588,0,0.9808153421123803));
#11899=FACE_BOUND('',#11900,.T.);
#11900=EDGE_LOOP('',(#11901,#11902,#11903));
#11901=ORIENTED_EDGE('',*,*,#11904,.T.);
#11902=ORIENTED_EDGE('',*,*,#11905,.T.);
#11903=ORIENTED_EDGE('',*,*,#11906,.T.);
#11904=EDGE_CURVE('',#895,#735,#11907,.F.);
#11905=EDGE_CURVE('',#735,#903,#11908,.T.);
#11906=EDGE_CURVE('',#903,#895,#11909,.T.);
#11907=LINE('',#894,#11910);
#11908=LINE('',#734,#11911);
#11909=LINE('',#902,#11912);
#11910=VECTOR('',#11913,1.0);
#11911=VECTOR('',#11914,1.0);
#11912=VECTOR('',#11915,1.0);
#11913=DIRECTION('',(0.19493913069718588,0,0.9808153421123803));
#11914=DIRECTION('',(0.9659425602351494,0,-0.25875658508792543));
#11915=DIRECTION('',(-0.999383296467984,0,0.03511448050001485));
#11916=FACE_SURFACE('',(#11921),#11917,.T.);
#11917=PLANE('',#11918);
#11918=AXIS2_PLACEMENT_3D('',#904,#11919,#11920);
#11919=DIRECTION('',(0,1,0));
#11920=DIRECTION('',(0.8831046088031529,0,-0.46917613953677395));
#11921=FACE_BOUND('',#11922,.T.);
#11922=EDGE_LOOP('',(#11923,#11924,#11925));
#11923=ORIENTED_EDGE('',*,*,#11926,.T.);
#11924=ORIENTED_EDGE('',*,*,#11927,.T.);
#11925=ORIENTED_EDGE('',*,*,#11928,.T.);
#11926=EDGE_CURVE('',#905,#903,#11929,.F.);
#11927=EDGE_CURVE('',#903,#735,#11930,.T.);
#11928=EDGE_CURVE('',#735,#905,#11931,.T.);
#11929=LINE('',#904,#11932);
#11930=LINE('',#902,#11933);
#11931=LINE('',#734,#11934);
#11932=VECTOR('',#11935,1.0);
#11933=VECTOR('',#11936,1.0);
#11934=VECTOR('',#11937,1.0);
#11935=DIRECTION('',(0.8831046088031529,0,-0.46917613953677395));
#11936=DIRECTION('',(-0.9659425602351494,0,0.25875658508792543));
#11937=DIRECTION('',(0.32103970227356016,0,0.9470657366646223));
#11938=FACE_SURFACE('',(#11943),#11939,.T.);
#11939=PLANE('',#11940);
#11940=AXIS2_PLACEMENT_3D('',#920,#11941,#11942);
#11941=DIRECTION('',(-0,-1,0));
#11942=DIRECTION('',(0.19806614858790147,0,0.9801886557104992));
#11943=FACE_BOUND('',#11944,.T.);
#11944=EDGE_LOOP('',(#11945,#11946,#11947));
#11945=ORIENTED_EDGE('',*,*,#11948,.T.);
#11946=ORIENTED_EDGE('',*,*,#11949,.T.);
#11947=ORIENTED_EDGE('',*,*,#11950,.T.);
#11948=EDGE_CURVE('',#921,#923,#11951,.F.);
#11949=EDGE_CURVE('',#923,#149,#11952,.T.);
#11950=EDGE_CURVE('',#149,#921,#11953,.T.);
#11951=LINE('',#920,#11954);
#11952=LINE('',#922,#11955);
#11953=LINE('',#148,#11956);
#11954=VECTOR('',#11957,1.0);
#11955=VECTOR('',#11958,1.0);
#11956=VECTOR('',#11959,1.0);
#11957=DIRECTION('',(0.19806614858790147,0,0.9801886557104992));
#11958=DIRECTION('',(-0.9982230321964062,0,-0.05958840485037703));
#11959=DIRECTION('',(0.9986766053190402,0,0.05142993280608066));
#11960=FACE_SURFACE('',(#11965),#11961,.T.);
#11961=PLANE('',#11962);
#11962=AXIS2_PLACEMENT_3D('',#506,#11963,#11964);
#11963=DIRECTION('',(0.9470657366646223,-0,0.3210397022735602));
#11964=DIRECTION('',(0.32103970227356016,0,-0.9470657366646223));
#11965=FACE_BOUND('',#11966,.T.);
#11966=EDGE_LOOP('',(#11967,#11968,#11969));
#11967=ORIENTED_EDGE('',*,*,#11970,.T.);
#11968=ORIENTED_EDGE('',*,*,#11971,.T.);
#11969=ORIENTED_EDGE('',*,*,#11972,.T.);
#11970=EDGE_CURVE('',#507,#43,#11973,.F.);
#11971=EDGE_CURVE('',#43,#509,#11974,.T.);
#11972=EDGE_CURVE('',#509,#507,#11975,.T.);
#11973=LINE('',#506,#11976);
#11974=LINE('',#42,#11977);
#11975=LINE('',#508,#11978);
#11976=VECTOR('',#11979,1.0);
#11977=VECTOR('',#11980,1.0);
#11978=VECTOR('',#11981,1.0);
#11979=DIRECTION('',(0.32103970227356016,0,-0.9470657366646223));
#11980=DIRECTION('',(-0.01747406136301251,0.998517610789172,0.051548405633589416));
#11981=DIRECTION('',(0,-1,0));
#11982=FACE_SURFACE('',(#11987),#11983,.T.);
#11983=PLANE('',#11984);
#11984=AXIS2_PLACEMENT_3D('',#174,#11985,#11986);
#11985=DIRECTION('',(0.8961308244932431,-0,0.44378997892365757));
#11986=DIRECTION('',(0.00016498564533700297,0.9999999308953366,-0.00033315020484234897));
#11987=FACE_BOUND('',#11988,.T.);
#11988=EDGE_LOOP('',(#11989,#11990,#11991));
#11989=ORIENTED_EDGE('',*,*,#11992,.T.);
#11990=ORIENTED_EDGE('',*,*,#11993,.T.);
#11991=ORIENTED_EDGE('',*,*,#11994,.T.);
#11992=EDGE_CURVE('',#175,#511,#11995,.F.);
#11993=EDGE_CURVE('',#511,#799,#11996,.T.);
#11994=EDGE_CURVE('',#799,#175,#11997,.T.);
#11995=LINE('',#174,#11998);
#11996=LINE('',#510,#11999);
#11997=LINE('',#798,#12000);
#11998=VECTOR('',#12001,1.0);
#11999=VECTOR('',#12002,1.0);
#12000=VECTOR('',#12003,1.0);
#12001=DIRECTION('',(0.00016498564533700297,0.9999999308953366,-0.00033315020484234897));
#12002=DIRECTION('',(-4.1246414006425325E-05,0.9999999956809582,8.328755660642339E-05));
#12003=DIRECTION('',(0,-1,0));
#12004=FACE_SURFACE('',(#12009),#12005,.T.);
#12005=PLANE('',#12006);
#12006=AXIS2_PLACEMENT_3D('',#508,#12007,#12008);
#12007=DIRECTION('',(0.8967087098424087,1.211839204619342E-07,0.4426211582072735));
#12008=DIRECTION('',(-0.4426211582072767,0,0.8967087098424152));
#12009=FACE_BOUND('',#12010,.T.);
#12010=EDGE_LOOP('',(#12011,#12012,#12013));
#12011=ORIENTED_EDGE('',*,*,#12014,.T.);
#12012=ORIENTED_EDGE('',*,*,#12015,.T.);
#12013=ORIENTED_EDGE('',*,*,#12016,.T.);
#12014=EDGE_CURVE('',#509,#799,#12017,.F.);
#12015=EDGE_CURVE('',#799,#511,#12018,.T.);
#12016=EDGE_CURVE('',#511,#509,#12019,.T.);
#12017=LINE('',#508,#12020);
#12018=LINE('',#798,#12021);
#12019=LINE('',#510,#12022);
#12020=VECTOR('',#12023,1.0);
#12021=VECTOR('',#12024,1.0);
#12022=VECTOR('',#12025,1.0);
#12023=DIRECTION('',(-0.4426211582072767,0,0.8967087098424152));
#12024=DIRECTION('',(4.1246414006425325E-05,-0.9999999956809582,-8.328755660642339E-05));
#12025=DIRECTION('',(0.02404820032464526,0.9985229486258852,-0.04871965854368791));
#12026=FACE_SURFACE('',(#12031),#12027,.T.);
#12027=PLANE('',#12028);
#12028=AXIS2_PLACEMENT_3D('',#174,#12029,#12030);
#12029=DIRECTION('',(0.831815331684311,-0,0.5550524785774041));
#12030=DIRECTION('',(0,1,0));
#12031=FACE_BOUND('',#12032,.T.);
#12032=EDGE_LOOP('',(#12033,#12034,#12035));
#12033=ORIENTED_EDGE('',*,*,#12036,.T.);
#12034=ORIENTED_EDGE('',*,*,#12037,.T.);
#12035=ORIENTED_EDGE('',*,*,#12038,.T.);
#12036=EDGE_CURVE('',#175,#799,#12039,.F.);
#12037=EDGE_CURVE('',#799,#151,#12040,.T.);
#12038=EDGE_CURVE('',#151,#175,#12041,.T.);
#12039=LINE('',#174,#12042);
#12040=LINE('',#798,#12043);
#12041=LINE('',#150,#12044);
#12042=VECTOR('',#12045,1.0);
#12043=VECTOR('',#12046,1.0);
#12044=VECTOR('',#12047,1.0);
#12045=DIRECTION('',(0,1,0));
#12046=DIRECTION('',(-0.024177026093060747,-0.999050895976857,0.0362322874951995));
#12047=DIRECTION('',(0.5550524785774041,0,-0.831815331684311));
#12048=FACE_SURFACE('',(#12053),#12049,.T.);
#12049=PLANE('',#12050);
#12050=AXIS2_PLACEMENT_3D('',#670,#12051,#12052);
#12051=DIRECTION('',(0.831815331684311,0,0.5550524785774041));
#12052=DIRECTION('',(0,-1,0));
#12053=FACE_BOUND('',#12054,.T.);
#12054=EDGE_LOOP('',(#12055,#12056,#12057));
#12055=ORIENTED_EDGE('',*,*,#12058,.T.);
#12056=ORIENTED_EDGE('',*,*,#12059,.T.);
#12057=ORIENTED_EDGE('',*,*,#12060,.T.);
#12058=EDGE_CURVE('',#671,#151,#12061,.F.);
#12059=EDGE_CURVE('',#151,#799,#12062,.T.);
#12060=EDGE_CURVE('',#799,#671,#12063,.T.);
#12061=LINE('',#670,#12064);
#12062=LINE('',#150,#12065);
#12063=LINE('',#798,#12066);
#12064=VECTOR('',#12067,1.0);
#12065=VECTOR('',#12068,1.0);
#12066=VECTOR('',#12069,1.0);
#12067=DIRECTION('',(0,-1,0));
#12068=DIRECTION('',(0.024177026093060747,0.999050895976857,-0.0362322874951995));
#12069=DIRECTION('',(-0.5550524785774041,0,0.831815331684311));
#12070=FACE_SURFACE('',(#12075),#12071,.T.);
#12071=PLANE('',#12072);
#12072=AXIS2_PLACEMENT_3D('',#566,#12073,#12074);
#12073=DIRECTION('',(-0.8964542110716484,0,-0.44313637568124387));
#12074=DIRECTION('',(0,1,0));
#12075=FACE_BOUND('',#12076,.T.);
#12076=EDGE_LOOP('',(#12077,#12078,#12079));
#12077=ORIENTED_EDGE('',*,*,#12080,.T.);
#12078=ORIENTED_EDGE('',*,*,#12081,.T.);
#12079=ORIENTED_EDGE('',*,*,#12082,.T.);
#12080=EDGE_CURVE('',#567,#337,#12083,.F.);
#12081=EDGE_CURVE('',#337,#565,#12084,.T.);
#12082=EDGE_CURVE('',#565,#567,#12085,.T.);
#12083=LINE('',#566,#12086);
#12084=LINE('',#336,#12087);
#12085=LINE('',#564,#12088);
#12086=VECTOR('',#12089,1.0);
#12087=VECTOR('',#12090,1.0);
#12088=VECTOR('',#12091,1.0);
#12089=DIRECTION('',(0,1,0));
#12090=DIRECTION('',(0.014492225997411828,-0.9994650889524107,-0.029317424016950845));
#12091=DIRECTION('',(-0.44313637568124387,0,0.8964542110716484));
#12092=FACE_SURFACE('',(#12097),#12093,.T.);
#12093=PLANE('',#12094);
#12094=AXIS2_PLACEMENT_3D('',#146,#12095,#12096);
#12095=DIRECTION('',(0.7514857776659816,-0,0.659749290235128));
#12096=DIRECTION('',(0.6597492902351278,0,-0.7514857776659815));
#12097=FACE_BOUND('',#12098,.T.);
#12098=EDGE_LOOP('',(#12099,#12100,#12101));
#12099=ORIENTED_EDGE('',*,*,#12102,.T.);
#12100=ORIENTED_EDGE('',*,*,#12103,.T.);
#12101=ORIENTED_EDGE('',*,*,#12104,.T.);
#12102=EDGE_CURVE('',#147,#151,#12105,.F.);
#12103=EDGE_CURVE('',#151,#669,#12106,.T.);
#12104=EDGE_CURVE('',#669,#147,#12107,.T.);
#12105=LINE('',#146,#12108);
#12106=LINE('',#150,#12109);
#12107=LINE('',#668,#12110);
#12108=VECTOR('',#12111,1.0);
#12109=VECTOR('',#12112,1.0);
#12110=VECTOR('',#12113,1.0);
#12111=DIRECTION('',(0.6597492902351278,0,-0.7514857776659815));
#12112=DIRECTION('',(-0.028739357627824775,0.9990507678776598,0.03273549337032198));
#12113=DIRECTION('',(0,-1,0));
#12114=FACE_SURFACE('',(#12119),#12115,.T.);
#12115=PLANE('',#12116);
#12116=AXIS2_PLACEMENT_3D('',#670,#12117,#12118);
#12117=DIRECTION('',(0.7514857776659816,0,0.659749290235128));
#12118=DIRECTION('',(-0.6597492902351278,0,0.7514857776659815));
#12119=FACE_BOUND('',#12120,.T.);
#12120=EDGE_LOOP('',(#12121,#12122,#12123));
#12121=ORIENTED_EDGE('',*,*,#12124,.T.);
#12122=ORIENTED_EDGE('',*,*,#12125,.T.);
#12123=ORIENTED_EDGE('',*,*,#12126,.T.);
#12124=EDGE_CURVE('',#671,#669,#12127,.F.);
#12125=EDGE_CURVE('',#669,#151,#12128,.T.);
#12126=EDGE_CURVE('',#151,#671,#12129,.T.);
#12127=LINE('',#670,#12130);
#12128=LINE('',#668,#12131);
#12129=LINE('',#150,#12132);
#12130=VECTOR('',#12133,1.0);
#12131=VECTOR('',#12134,1.0);
#12132=VECTOR('',#12135,1.0);
#12133=DIRECTION('',(-0.6597492902351278,0,0.7514857776659815));
#12134=DIRECTION('',(0.028739357627824775,-0.9990507678776598,-0.03273549337032198));
#12135=DIRECTION('',(0,1,0));
#12136=FACE_SURFACE('',(#12141),#12137,.T.);
#12137=PLANE('',#12138);
#12138=AXIS2_PLACEMENT_3D('',#146,#12139,#12140);
#12139=DIRECTION('',(0.6597479748418017,-0,0.7514869324826223));
#12140=DIRECTION('',(0,1,0));
#12141=FACE_BOUND('',#12142,.T.);
#12142=EDGE_LOOP('',(#12143,#12144,#12145));
#12143=ORIENTED_EDGE('',*,*,#12146,.T.);
#12144=ORIENTED_EDGE('',*,*,#12147,.T.);
#12145=ORIENTED_EDGE('',*,*,#12148,.T.);
#12146=EDGE_CURVE('',#147,#669,#12149,.F.);
#12147=EDGE_CURVE('',#669,#153,#12150,.T.);
#12148=EDGE_CURVE('',#153,#147,#12151,.T.);
#12149=LINE('',#146,#12152);
#12150=LINE('',#668,#12153);
#12151=LINE('',#152,#12154);
#12152=VECTOR('',#12155,1.0);
#12153=VECTOR('',#12156,1.0);
#12154=VECTOR('',#12157,1.0);
#12155=DIRECTION('',(0,1,0));
#12156=DIRECTION('',(-0.032735572712538706,-0.9990507661928755,0.028739325820390602));
#12157=DIRECTION('',(0.7514869324826223,0,-0.6597479748418018));
#12158=FACE_SURFACE('',(#12163),#12159,.T.);
#12159=PLANE('',#12160);
#12160=AXIS2_PLACEMENT_3D('',#784,#12161,#12162);
#12161=DIRECTION('',(0.6597479748418017,0,0.7514869324826223));
#12162=DIRECTION('',(0,-1,0));
#12163=FACE_BOUND('',#12164,.T.);
#12164=EDGE_LOOP('',(#12165,#12166,#12167));
#12165=ORIENTED_EDGE('',*,*,#12168,.T.);
#12166=ORIENTED_EDGE('',*,*,#12169,.T.);
#12167=ORIENTED_EDGE('',*,*,#12170,.T.);
#12168=EDGE_CURVE('',#785,#153,#12171,.F.);
#12169=EDGE_CURVE('',#153,#669,#12172,.T.);
#12170=EDGE_CURVE('',#669,#785,#12173,.T.);
#12171=LINE('',#784,#12174);
#12172=LINE('',#152,#12175);
#12173=LINE('',#668,#12176);
#12174=VECTOR('',#12177,1.0);
#12175=VECTOR('',#12178,1.0);
#12176=VECTOR('',#12179,1.0);
#12177=DIRECTION('',(0,-1,0));
#12178=DIRECTION('',(0.032735572712538706,0.9990507661928755,-0.028739325820390602));
#12179=DIRECTION('',(-0.7514869324826223,0,0.6597479748418018));
#12180=FACE_SURFACE('',(#12185),#12181,.T.);
#12181=PLANE('',#12182);
#12182=AXIS2_PLACEMENT_3D('',#878,#12183,#12184);
#12183=DIRECTION('',(0.3208045041176908,0,0.9471454324114129));
#12184=DIRECTION('',(-0.030983546092397125,0.9994648011869012,0.010494334660594733));
#12185=FACE_BOUND('',#12186,.T.);
#12186=EDGE_LOOP('',(#12187,#12188,#12189));
#12187=ORIENTED_EDGE('',*,*,#12190,.T.);
#12188=ORIENTED_EDGE('',*,*,#12191,.T.);
#12189=ORIENTED_EDGE('',*,*,#12192,.T.);
#12190=EDGE_CURVE('',#879,#925,#12193,.F.);
#12191=EDGE_CURVE('',#925,#889,#12194,.T.);
#12192=EDGE_CURVE('',#889,#879,#12195,.T.);
#12193=LINE('',#878,#12196);
#12194=LINE('',#924,#12197);
#12195=LINE('',#888,#12198);
#12196=VECTOR('',#12199,1.0);
#12197=VECTOR('',#12200,1.0);
#12198=VECTOR('',#12201,1.0);
#12199=DIRECTION('',(-0.030983546092397125,0.9994648011869012,0.010494334660594733));
#12200=DIRECTION('',(0,-1,0));
#12201=DIRECTION('',(0.947145432411413,0,-0.3208045041176908));
#12202=FACE_SURFACE('',(#12207),#12203,.T.);
#12203=PLANE('',#12204);
#12204=AXIS2_PLACEMENT_3D('',#594,#12205,#12206);
#12205=DIRECTION('',(0.19806614858790147,-0,0.9801886557104991));
#12206=DIRECTION('',(0,1,0));
#12207=FACE_BOUND('',#12208,.T.);
#12208=EDGE_LOOP('',(#12209,#12210,#12211));
#12209=ORIENTED_EDGE('',*,*,#12212,.T.);
#12210=ORIENTED_EDGE('',*,*,#12213,.T.);
#12211=ORIENTED_EDGE('',*,*,#12214,.T.);
#12212=EDGE_CURVE('',#595,#181,#12215,.F.);
#12213=EDGE_CURVE('',#181,#183,#12216,.T.);
#12214=EDGE_CURVE('',#183,#595,#12217,.T.);
#12215=LINE('',#594,#12218);
#12216=LINE('',#180,#12219);
#12217=LINE('',#182,#12220);
#12218=VECTOR('',#12221,1.0);
#12219=VECTOR('',#12222,1.0);
#12220=VECTOR('',#12223,1.0);
#12221=DIRECTION('',(0,1,0));
#12222=DIRECTION('',(-0.9801886557104992,0,0.19806614858790147));
#12223=DIRECTION('',(0.032149491838312616,-0.9994619585479648,-0.006496429019428964));
#12224=FACE_SURFACE('',(#12229),#12225,.T.);
#12225=PLANE('',#12226);
#12226=AXIS2_PLACEMENT_3D('',#152,#12227,#12228);
#12227=DIRECTION('',(0.5550539925057638,-0,0.83181432147049));
#12228=DIRECTION('',(0,1,0));
#12229=FACE_BOUND('',#12230,.T.);
#12230=EDGE_LOOP('',(#12231,#12232,#12233));
#12231=ORIENTED_EDGE('',*,*,#12234,.T.);
#12232=ORIENTED_EDGE('',*,*,#12235,.T.);
#12233=ORIENTED_EDGE('',*,*,#12236,.T.);
#12234=EDGE_CURVE('',#153,#785,#12237,.F.);
#12235=EDGE_CURVE('',#785,#155,#12238,.T.);
#12236=EDGE_CURVE('',#155,#153,#12239,.T.);
#12237=LINE('',#152,#12240);
#12238=LINE('',#784,#12241);
#12239=LINE('',#154,#12242);
#12240=VECTOR('',#12243,1.0);
#12241=VECTOR('',#12244,1.0);
#12242=VECTOR('',#12245,1.0);
#12243=DIRECTION('',(0,1,0));
#12244=DIRECTION('',(-0.03623223986363809,-0.9990508961670485,0.024177089615608743));
#12245=DIRECTION('',(0.8318143214704898,0,-0.5550539925057638));
#12246=FACE_SURFACE('',(#12251),#12247,.T.);
#12247=PLANE('',#12248);
#12248=AXIS2_PLACEMENT_3D('',#638,#12249,#12250);
#12249=DIRECTION('',(0.5550539925057638,0,0.83181432147049));
#12250=DIRECTION('',(0,-1,0));
#12251=FACE_BOUND('',#12252,.T.);
#12252=EDGE_LOOP('',(#12253,#12254,#12255));
#12253=ORIENTED_EDGE('',*,*,#12256,.T.);
#12254=ORIENTED_EDGE('',*,*,#12257,.T.);
#12255=ORIENTED_EDGE('',*,*,#12258,.T.);
#12256=EDGE_CURVE('',#639,#155,#12259,.F.);
#12257=EDGE_CURVE('',#155,#785,#12260,.T.);
#12258=EDGE_CURVE('',#785,#639,#12261,.T.);
#12259=LINE('',#638,#12262);
#12260=LINE('',#154,#12263);
#12261=LINE('',#784,#12264);
#12262=VECTOR('',#12265,1.0);
#12263=VECTOR('',#12266,1.0);
#12264=VECTOR('',#12267,1.0);
#12265=DIRECTION('',(0,-1,0));
#12266=DIRECTION('',(0.03623223986363809,0.9990508961670485,-0.024177089615608743));
#12267=DIRECTION('',(-0.8318143214704898,0,0.5550539925057638));
#12268=FACE_SURFACE('',(#12273),#12269,.T.);
#12269=PLANE('',#12270);
#12270=AXIS2_PLACEMENT_3D('',#926,#12271,#12272);
#12271=DIRECTION('',(-0,-1,0));
#12272=DIRECTION('',(-0.5250343897289078,0,0.8510810123613342));
#12273=FACE_BOUND('',#12274,.T.);
#12274=EDGE_LOOP('',(#12275,#12276,#12277));
#12275=ORIENTED_EDGE('',*,*,#12278,.T.);
#12276=ORIENTED_EDGE('',*,*,#12279,.T.);
#12277=ORIENTED_EDGE('',*,*,#12280,.T.);
#12278=EDGE_CURVE('',#927,#597,#12281,.F.);
#12279=EDGE_CURVE('',#597,#929,#12282,.T.);
#12280=EDGE_CURVE('',#929,#927,#12283,.T.);
#12281=LINE('',#926,#12284);
#12282=LINE('',#596,#12285);
#12283=LINE('',#928,#12286);
#12284=VECTOR('',#12287,1.0);
#12285=VECTOR('',#12288,1.0);
#12286=VECTOR('',#12289,1.0);
#12287=DIRECTION('',(-0.5250343897289078,0,0.8510810123613342));
#12288=DIRECTION('',(0.5119989261336718,0,-0.8589860881515875));
#12289=DIRECTION('',(0.6624631433869201,0,0.7490945091601733));
#12290=FACE_SURFACE('',(#12295),#12291,.T.);
#12291=PLANE('',#12292);
#12292=AXIS2_PLACEMENT_3D('',#888,#12293,#12294);
#12293=DIRECTION('',(0.44313637568124387,-0,0.8964542110716484));
#12294=DIRECTION('',(0,1,0));
#12295=FACE_BOUND('',#12296,.T.);
#12296=EDGE_LOOP('',(#12297,#12298,#12299));
#12297=ORIENTED_EDGE('',*,*,#12300,.T.);
#12298=ORIENTED_EDGE('',*,*,#12301,.T.);
#12299=ORIENTED_EDGE('',*,*,#12302,.T.);
#12300=EDGE_CURVE('',#889,#925,#12303,.F.);
#12301=EDGE_CURVE('',#925,#887,#12304,.T.);
#12302=EDGE_CURVE('',#887,#889,#12305,.T.);
#12303=LINE('',#888,#12306);
#12304=LINE('',#924,#12307);
#12305=LINE('',#886,#12308);
#12306=VECTOR('',#12309,1.0);
#12307=VECTOR('',#12310,1.0);
#12308=VECTOR('',#12311,1.0);
#12309=DIRECTION('',(0,1,0));
#12310=DIRECTION('',(-0.029317424016950845,-0.9994650889524107,0.014492225997411828));
#12311=DIRECTION('',(0.8964542110716484,0,-0.44313637568124387));
#12312=FACE_SURFACE('',(#12317),#12313,.T.);
#12313=PLANE('',#12314);
#12314=AXIS2_PLACEMENT_3D('',#708,#12315,#12316);
#12315=DIRECTION('',(0.5551123007335157,0,-0.8317754105372092));
#12316=DIRECTION('',(0,-1,0));
#12317=FACE_BOUND('',#12318,.T.);
#12318=EDGE_LOOP('',(#12319,#12320,#12321));
#12319=ORIENTED_EDGE('',*,*,#12322,.T.);
#12320=ORIENTED_EDGE('',*,*,#12323,.T.);
#12321=ORIENTED_EDGE('',*,*,#12324,.T.);
#12322=EDGE_CURVE('',#709,#931,#12325,.F.);
#12323=EDGE_CURVE('',#931,#933,#12326,.T.);
#12324=EDGE_CURVE('',#933,#709,#12327,.T.);
#12325=LINE('',#708,#12328);
#12326=LINE('',#930,#12329);
#12327=LINE('',#932,#12330);
#12328=VECTOR('',#12331,1.0);
#12329=VECTOR('',#12332,1.0);
#12330=VECTOR('',#12333,1.0);
#12331=DIRECTION('',(0,-1,0));
#12332=DIRECTION('',(-0.8317754105372092,0,-0.5551123007335157));
#12333=DIRECTION('',(0.019284074528847773,0.9997312095568961,0.01286985265927911));
#12334=FACE_SURFACE('',(#12339),#12335,.T.);
#12335=PLANE('',#12336);
#12336=AXIS2_PLACEMENT_3D('',#886,#12337,#12338);
#12337=DIRECTION('',(0.5535284008098762,0,0.8328303005395883));
#12338=DIRECTION('',(-0.02731886804817577,0.999461855082944,0.018157083541323372));
#12339=FACE_BOUND('',#12340,.T.);
#12340=EDGE_LOOP('',(#12341,#12342,#12343));
#12341=ORIENTED_EDGE('',*,*,#12344,.T.);
#12342=ORIENTED_EDGE('',*,*,#12345,.T.);
#12343=ORIENTED_EDGE('',*,*,#12346,.T.);
#12344=EDGE_CURVE('',#887,#935,#12347,.F.);
#12345=EDGE_CURVE('',#935,#891,#12348,.T.);
#12346=EDGE_CURVE('',#891,#887,#12349,.T.);
#12347=LINE('',#886,#12350);
#12348=LINE('',#934,#12351);
#12349=LINE('',#890,#12352);
#12350=VECTOR('',#12353,1.0);
#12351=VECTOR('',#12354,1.0);
#12352=VECTOR('',#12355,1.0);
#12353=DIRECTION('',(-0.02731886804817577,0.999461855082944,0.018157083541323372));
#12354=DIRECTION('',(0,-1,0));
#12355=DIRECTION('',(0.8328303005395884,0,-0.5535284008098762));
#12356=FACE_SURFACE('',(#12361),#12357,.T.);
#12357=PLANE('',#12358);
#12358=AXIS2_PLACEMENT_3D('',#840,#12359,#12360);
#12359=DIRECTION('',(0.442176855393518,0,-0.8969278836976248));
#12360=DIRECTION('',(-0.8969278836976249,0,-0.442176855393518));
#12361=FACE_BOUND('',#12362,.T.);
#12362=EDGE_LOOP('',(#12363,#12364,#12365));
#12363=ORIENTED_EDGE('',*,*,#12366,.T.);
#12364=ORIENTED_EDGE('',*,*,#12367,.T.);
#12365=ORIENTED_EDGE('',*,*,#12368,.T.);
#12366=EDGE_CURVE('',#841,#931,#12369,.F.);
#12367=EDGE_CURVE('',#931,#709,#12370,.T.);
#12368=EDGE_CURVE('',#709,#841,#12371,.T.);
#12369=LINE('',#840,#12372);
#12370=LINE('',#930,#12373);
#12371=LINE('',#708,#12374);
#12372=VECTOR('',#12375,1.0);
#12373=VECTOR('',#12376,1.0);
#12374=VECTOR('',#12377,1.0);
#12375=DIRECTION('',(-0.8969278836976249,0,-0.442176855393518));
#12376=DIRECTION('',(0,1,0));
#12377=DIRECTION('',(0.020783485575203937,-0.999731496450873,0.010246059312900537));
#12378=FACE_SURFACE('',(#12383),#12379,.T.);
#12379=PLANE('',#12380);
#12380=AXIS2_PLACEMENT_3D('',#928,#12381,#12382);
#12381=DIRECTION('',(-0,-1,0));
#12382=DIRECTION('',(-0.5119989261336718,0,0.8589860881515875));
#12383=FACE_BOUND('',#12384,.T.);
#12384=EDGE_LOOP('',(#12385,#12386,#12387));
#12385=ORIENTED_EDGE('',*,*,#12388,.T.);
#12386=ORIENTED_EDGE('',*,*,#12389,.T.);
#12387=ORIENTED_EDGE('',*,*,#12390,.T.);
#12388=EDGE_CURVE('',#929,#597,#12391,.F.);
#12389=EDGE_CURVE('',#597,#937,#12392,.T.);
#12390=EDGE_CURVE('',#937,#929,#12393,.T.);
#12391=LINE('',#928,#12394);
#12392=LINE('',#596,#12395);
#12393=LINE('',#936,#12396);
#12394=VECTOR('',#12397,1.0);
#12395=VECTOR('',#12398,1.0);
#12396=VECTOR('',#12399,1.0);
#12397=DIRECTION('',(-0.5119989261336718,0,0.8589860881515875));
#12398=DIRECTION('',(0.4996502550333299,0,-0.8662272349938719));
#12399=DIRECTION('',(0.5535284008098762,0,0.8328303005395884));
#12400=FACE_SURFACE('',(#12405),#12401,.T.);
#12401=PLANE('',#12402);
#12402=AXIS2_PLACEMENT_3D('',#638,#12403,#12404);
#12403=DIRECTION('',(0.4426200581179801,0,0.8967092528526934));
#12404=DIRECTION('',(-0.8967092528526935,0,0.44262005811798016));
#12405=FACE_BOUND('',#12406,.T.);
#12406=EDGE_LOOP('',(#12407,#12408,#12409));
#12407=ORIENTED_EDGE('',*,*,#12410,.T.);
#12408=ORIENTED_EDGE('',*,*,#12411,.T.);
#12409=ORIENTED_EDGE('',*,*,#12412,.T.);
#12410=EDGE_CURVE('',#639,#563,#12413,.F.);
#12411=EDGE_CURVE('',#563,#155,#12414,.T.);
#12412=EDGE_CURVE('',#155,#639,#12415,.T.);
#12413=LINE('',#638,#12416);
#12414=LINE('',#562,#12417);
#12415=LINE('',#154,#12418);
#12416=VECTOR('',#12419,1.0);
#12417=VECTOR('',#12420,1.0);
#12418=VECTOR('',#12421,1.0);
#12419=DIRECTION('',(-0.8967092528526935,0,0.44262005811798016));
#12420=DIRECTION('',(0.039062885775689817,-0.9990507042525633,-0.019281630826588732));
#12421=DIRECTION('',(0,1,0));
#12422=FACE_SURFACE('',(#12427),#12423,.T.);
#12423=PLANE('',#12424);
#12424=AXIS2_PLACEMENT_3D('',#890,#12425,#12426);
#12425=DIRECTION('',(0.6624631433869201,-0,0.7490945091601733));
#12426=DIRECTION('',(0,1,0));
#12427=FACE_BOUND('',#12428,.T.);
#12428=EDGE_LOOP('',(#12429,#12430,#12431));
#12429=ORIENTED_EDGE('',*,*,#12432,.T.);
#12430=ORIENTED_EDGE('',*,*,#12433,.T.);
#12431=ORIENTED_EDGE('',*,*,#12434,.T.);
#12432=EDGE_CURVE('',#891,#935,#12435,.F.);
#12433=EDGE_CURVE('',#935,#899,#12436,.T.);
#12434=EDGE_CURVE('',#899,#891,#12437,.T.);
#12435=LINE('',#890,#12438);
#12436=LINE('',#934,#12439);
#12437=LINE('',#898,#12440);
#12438=VECTOR('',#12441,1.0);
#12439=VECTOR('',#12442,1.0);
#12440=VECTOR('',#12443,1.0);
#12441=DIRECTION('',(0,1,0));
#12442=DIRECTION('',(-0.024486800130153506,-0.9994655871263466,0.02165494792358729));
#12443=DIRECTION('',(0.7490945091601733,0,-0.6624631433869201));
#12444=FACE_SURFACE('',(#12449),#12445,.T.);
#12445=PLANE('',#12446);
#12446=AXIS2_PLACEMENT_3D('',#176,#12447,#12448);
#12447=DIRECTION('',(0.3210406774864349,-0,0.9470654060829435));
#12448=DIRECTION('',(0.04126078078454198,0.9990505083053626,-0.01398677317491261));
#12449=FACE_BOUND('',#12450,.T.);
#12450=EDGE_LOOP('',(#12451,#12452,#12453));
#12451=ORIENTED_EDGE('',*,*,#12454,.T.);
#12452=ORIENTED_EDGE('',*,*,#12455,.T.);
#12453=ORIENTED_EDGE('',*,*,#12456,.T.);
#12454=EDGE_CURVE('',#177,#563,#12457,.F.);
#12455=EDGE_CURVE('',#563,#627,#12458,.T.);
#12456=EDGE_CURVE('',#627,#177,#12459,.T.);
#12457=LINE('',#176,#12460);
#12458=LINE('',#562,#12461);
#12459=LINE('',#626,#12462);
#12460=VECTOR('',#12463,1.0);
#12461=VECTOR('',#12464,1.0);
#12462=VECTOR('',#12465,1.0);
#12463=DIRECTION('',(0.04126078078454198,0.9990505083053626,-0.01398677317491261));
#12464=DIRECTION('',(-0.9470654060829435,0,0.3210406774864349));
#12465=DIRECTION('',(0,-1,0));
#12466=FACE_SURFACE('',(#12471),#12467,.T.);
#12467=PLANE('',#12468);
#12468=AXIS2_PLACEMENT_3D('',#714,#12469,#12470);
#12469=DIRECTION('',(0.19403897044523805,0,-0.980993821564923));
#12470=DIRECTION('',(0,-1,0));
#12471=FACE_BOUND('',#12472,.T.);
#12472=EDGE_LOOP('',(#12473,#12474,#12475));
#12473=ORIENTED_EDGE('',*,*,#12476,.T.);
#12474=ORIENTED_EDGE('',*,*,#12477,.T.);
#12475=ORIENTED_EDGE('',*,*,#12478,.T.);
#12476=EDGE_CURVE('',#715,#939,#12479,.F.);
#12477=EDGE_CURVE('',#939,#839,#12480,.T.);
#12478=EDGE_CURVE('',#839,#715,#12481,.T.);
#12479=LINE('',#714,#12482);
#12480=LINE('',#938,#12483);
#12481=LINE('',#838,#12484);
#12482=VECTOR('',#12485,1.0);
#12483=VECTOR('',#12486,1.0);
#12484=VECTOR('',#12487,1.0);
#12485=DIRECTION('',(0,-1,0));
#12486=DIRECTION('',(-0.980993821564923,0,-0.19403897044523805));
#12487=DIRECTION('',(0.02274104299369849,0.9997312697373918,0.00449814104059178));
#12488=FACE_SURFACE('',(#12493),#12489,.T.);
#12489=PLANE('',#12490);
#12490=AXIS2_PLACEMENT_3D('',#260,#12491,#12492);
#12491=DIRECTION('',(0.3208045041176908,-0,0.9471454324114129));
#12492=DIRECTION('',(0.947145432411413,0,-0.3208045041176908));
#12493=FACE_BOUND('',#12494,.T.);
#12494=EDGE_LOOP('',(#12495,#12496,#12497));
#12495=ORIENTED_EDGE('',*,*,#12498,.T.);
#12496=ORIENTED_EDGE('',*,*,#12499,.T.);
#12497=ORIENTED_EDGE('',*,*,#12500,.T.);
#12498=EDGE_CURVE('',#261,#263,#12501,.F.);
#12499=EDGE_CURVE('',#263,#185,#12502,.T.);
#12500=EDGE_CURVE('',#185,#261,#12503,.T.);
#12501=LINE('',#260,#12504);
#12502=LINE('',#262,#12505);
#12503=LINE('',#184,#12506);
#12504=VECTOR('',#12507,1.0);
#12505=VECTOR('',#12508,1.0);
#12506=VECTOR('',#12509,1.0);
#12507=DIRECTION('',(0.947145432411413,0,-0.3208045041176908));
#12508=DIRECTION('',(-0.030983546092397125,0.9994648011869012,0.010494334660594733));
#12509=DIRECTION('',(0,-1,0));
#12510=FACE_SURFACE('',(#12515),#12511,.T.);
#12511=PLANE('',#12512);
#12512=AXIS2_PLACEMENT_3D('',#772,#12513,#12514);
#12513=DIRECTION('',(0.06651677016472321,0,-0.9977853072113527));
#12514=DIRECTION('',(-0.9977853072113526,0,-0.0665167701647232));
#12515=FACE_BOUND('',#12516,.T.);
#12516=EDGE_LOOP('',(#12517,#12518,#12519));
#12517=ORIENTED_EDGE('',*,*,#12520,.T.);
#12518=ORIENTED_EDGE('',*,*,#12521,.T.);
#12519=ORIENTED_EDGE('',*,*,#12522,.T.);
#12520=EDGE_CURVE('',#773,#939,#12523,.F.);
#12521=EDGE_CURVE('',#939,#715,#12524,.T.);
#12522=EDGE_CURVE('',#715,#773,#12525,.T.);
#12523=LINE('',#772,#12526);
#12524=LINE('',#938,#12527);
#12525=LINE('',#714,#12528);
#12526=VECTOR('',#12529,1.0);
#12527=VECTOR('',#12530,1.0);
#12528=VECTOR('',#12531,1.0);
#12529=DIRECTION('',(-0.9977853072113526,0,-0.0665167701647232));
#12530=DIRECTION('',(0,1,0));
#12531=DIRECTION('',(0.023115905741306886,-0.9997316040794825,0.0015410082492006666));
#12532=FACE_SURFACE('',(#12537),#12533,.T.);
#12533=PLANE('',#12534);
#12534=AXIS2_PLACEMENT_3D('',#626,#12535,#12536);
#12535=DIRECTION('',(0.19494065536813387,0,0.9808150390795619));
#12536=DIRECTION('',(-0.9808150390795618,0,0.19494065536813387));
#12537=FACE_BOUND('',#12538,.T.);
#12538=EDGE_LOOP('',(#12539,#12540,#12541));
#12539=ORIENTED_EDGE('',*,*,#12542,.T.);
#12540=ORIENTED_EDGE('',*,*,#12543,.T.);
#12541=ORIENTED_EDGE('',*,*,#12544,.T.);
#12542=EDGE_CURVE('',#627,#571,#12545,.F.);
#12543=EDGE_CURVE('',#571,#177,#12546,.T.);
#12544=EDGE_CURVE('',#177,#627,#12547,.T.);
#12545=LINE('',#626,#12548);
#12546=LINE('',#570,#12549);
#12547=LINE('',#176,#12550);
#12548=VECTOR('',#12551,1.0);
#12549=VECTOR('',#12552,1.0);
#12550=VECTOR('',#12553,1.0);
#12551=DIRECTION('',(-0.9808150390795618,0,0.19494065536813387));
#12552=DIRECTION('',(0.0427260734407671,-0.9990507340210733,-0.008491966809222753));
#12553=DIRECTION('',(0,1,0));
#12554=FACE_SURFACE('',(#12559),#12555,.T.);
#12555=PLANE('',#12556);
#12556=AXIS2_PLACEMENT_3D('',#732,#12557,#12558);
#12557=DIRECTION('',(0,-1,0));
#12558=DIRECTION('',(0.753580720924432,0,-0.6573553810923078));
#12559=FACE_BOUND('',#12560,.T.);
#12560=EDGE_LOOP('',(#12561,#12562,#12563));
#12561=ORIENTED_EDGE('',*,*,#12564,.T.);
#12562=ORIENTED_EDGE('',*,*,#12565,.T.);
#12563=ORIENTED_EDGE('',*,*,#12566,.T.);
#12564=EDGE_CURVE('',#733,#37,#12567,.F.);
#12565=EDGE_CURVE('',#37,#729,#12568,.T.);
#12566=EDGE_CURVE('',#729,#733,#12569,.T.);
#12567=LINE('',#732,#12570);
#12568=LINE('',#36,#12571);
#12569=LINE('',#728,#12572);
#12570=VECTOR('',#12573,1.0);
#12571=VECTOR('',#12574,1.0);
#12572=VECTOR('',#12575,1.0);
#12573=DIRECTION('',(0.753580720924432,0,-0.6573553810923078));
#12574=DIRECTION('',(-0.7374736871784725,0,0.6753758662547755));
#12575=DIRECTION('',(-0.7490945091601733,0,-0.6624631433869201));
#12576=FACE_SURFACE('',(#12581),#12577,.T.);
#12577=PLANE('',#12578);
#12578=AXIS2_PLACEMENT_3D('',#940,#12579,#12580);
#12579=DIRECTION('',(0,-1,0));
#12580=DIRECTION('',(0.7687353481412719,0,-0.639567013313005));
#12581=FACE_BOUND('',#12582,.T.);
#12582=EDGE_LOOP('',(#12583,#12584,#12585));
#12583=ORIENTED_EDGE('',*,*,#12586,.T.);
#12584=ORIENTED_EDGE('',*,*,#12587,.T.);
#12585=ORIENTED_EDGE('',*,*,#12588,.T.);
#12586=EDGE_CURVE('',#941,#37,#12589,.F.);
#12587=EDGE_CURVE('',#37,#733,#12590,.T.);
#12588=EDGE_CURVE('',#733,#941,#12591,.T.);
#12589=LINE('',#940,#12592);
#12590=LINE('',#36,#12593);
#12591=LINE('',#732,#12594);
#12592=VECTOR('',#12595,1.0);
#12593=VECTOR('',#12596,1.0);
#12594=VECTOR('',#12597,1.0);
#12595=DIRECTION('',(0.7687353481412719,0,-0.639567013313005));
#12596=DIRECTION('',(-0.753580720924432,0,0.6573553810923078));
#12597=DIRECTION('',(-0.8328303005395884,0,-0.5535284008098762));
#12598=FACE_SURFACE('',(#12603),#12599,.T.);
#12599=PLANE('',#12600);
#12600=AXIS2_PLACEMENT_3D('',#260,#12601,#12602);
#12601=DIRECTION('',(0.44313637568124387,-0,0.8964542110716484));
#12602=DIRECTION('',(0,1,0));
#12603=FACE_BOUND('',#12604,.T.);
#12604=EDGE_LOOP('',(#12605,#12606,#12607));
#12605=ORIENTED_EDGE('',*,*,#12608,.T.);
#12606=ORIENTED_EDGE('',*,*,#12609,.T.);
#12607=ORIENTED_EDGE('',*,*,#12610,.T.);
#12608=EDGE_CURVE('',#261,#185,#12611,.F.);
#12609=EDGE_CURVE('',#185,#277,#12612,.T.);
#12610=EDGE_CURVE('',#277,#261,#12613,.T.);
#12611=LINE('',#260,#12614);
#12612=LINE('',#184,#12615);
#12613=LINE('',#276,#12616);
#12614=VECTOR('',#12617,1.0);
#12615=VECTOR('',#12618,1.0);
#12616=VECTOR('',#12619,1.0);
#12617=DIRECTION('',(0,1,0));
#12618=DIRECTION('',(-0.029317424016950845,-0.9994650889524107,0.014492225997411828));
#12619=DIRECTION('',(0.8964542110716484,0,-0.44313637568124387));
#12620=FACE_SURFACE('',(#12625),#12621,.T.);
#12621=PLANE('',#12622);
#12622=AXIS2_PLACEMENT_3D('',#942,#12623,#12624);
#12623=DIRECTION('',(0,-1,0));
#12624=DIRECTION('',(0.782529568142539,0,-0.6226134233877803));
#12625=FACE_BOUND('',#12626,.T.);
#12626=EDGE_LOOP('',(#12627,#12628,#12629));
#12627=ORIENTED_EDGE('',*,*,#12630,.T.);
#12628=ORIENTED_EDGE('',*,*,#12631,.T.);
#12629=ORIENTED_EDGE('',*,*,#12632,.T.);
#12630=EDGE_CURVE('',#943,#37,#12633,.F.);
#12631=EDGE_CURVE('',#37,#941,#12634,.T.);
#12632=EDGE_CURVE('',#941,#943,#12635,.T.);
#12633=LINE('',#942,#12636);
#12634=LINE('',#36,#12637);
#12635=LINE('',#940,#12638);
#12636=VECTOR('',#12639,1.0);
#12637=VECTOR('',#12640,1.0);
#12638=VECTOR('',#12641,1.0);
#12639=DIRECTION('',(0.782529568142539,0,-0.6226134233877803));
#12640=DIRECTION('',(-0.7687353481412719,0,0.639567013313005));
#12641=DIRECTION('',(-0.8964542110716484,0,-0.44313637568124387));
#12642=FACE_SURFACE('',(#12647),#12643,.T.);
#12643=PLANE('',#12644);
#12644=AXIS2_PLACEMENT_3D('',#944,#12645,#12646);
#12645=DIRECTION('',(-0,1,-0));
#12646=DIRECTION('',(-0.5551136825457531,0,0.8317744883383315));
#12647=FACE_BOUND('',#12648,.T.);
#12648=EDGE_LOOP('',(#12649,#12650,#12651));
#12649=ORIENTED_EDGE('',*,*,#12652,.T.);
#12650=ORIENTED_EDGE('',*,*,#12653,.T.);
#12651=ORIENTED_EDGE('',*,*,#12654,.T.);
#12652=EDGE_CURVE('',#945,#399,#12655,.F.);
#12653=EDGE_CURVE('',#399,#837,#12656,.T.);
#12654=EDGE_CURVE('',#837,#945,#12657,.T.);
#12655=LINE('',#944,#12658);
#12656=LINE('',#398,#12659);
#12657=LINE('',#836,#12660);
#12658=VECTOR('',#12661,1.0);
#12659=VECTOR('',#12662,1.0);
#12660=VECTOR('',#12663,1.0);
#12661=DIRECTION('',(-0.5551136825457531,0,0.8317744883383315));
#12662=DIRECTION('',(0.6087527251018279,0,-0.7933600189580379));
#12663=DIRECTION('',(-0.6597771710908157,0,0.7514612994076277));
#12664=FACE_SURFACE('',(#12669),#12665,.T.);
#12665=PLANE('',#12666);
#12666=AXIS2_PLACEMENT_3D('',#738,#12667,#12668);
#12667=DIRECTION('',(0,1,0));
#12668=DIRECTION('',(0.5555343969726556,0,-0.8314935560665686));
#12669=FACE_BOUND('',#12670,.T.);
#12670=EDGE_LOOP('',(#12671,#12672,#12673));
#12671=ORIENTED_EDGE('',*,*,#12674,.T.);
#12672=ORIENTED_EDGE('',*,*,#12675,.T.);
#12673=ORIENTED_EDGE('',*,*,#12676,.T.);
#12674=EDGE_CURVE('',#739,#837,#12677,.F.);
#12675=EDGE_CURVE('',#837,#399,#12678,.T.);
#12676=EDGE_CURVE('',#399,#739,#12679,.T.);
#12677=LINE('',#738,#12680);
#12678=LINE('',#836,#12681);
#12679=LINE('',#398,#12682);
#12680=VECTOR('',#12683,1.0);
#12681=VECTOR('',#12684,1.0);
#12682=VECTOR('',#12685,1.0);
#12683=DIRECTION('',(0.5555343969726556,0,-0.8314935560665686));
#12684=DIRECTION('',(-0.6087527251018279,0,0.7933600189580379));
#12685=DIRECTION('',(-0.4421743426075084,0,0.8969291224726834));
#12686=FACE_SURFACE('',(#12691),#12687,.T.);
#12687=PLANE('',#12688);
#12688=AXIS2_PLACEMENT_3D('',#738,#12689,#12690);
#12689=DIRECTION('',(-0,1,-0));
#12690=DIRECTION('',(-0.32216015093047695,0,0.9466851837609229));
#12691=FACE_BOUND('',#12692,.T.);
#12692=EDGE_LOOP('',(#12693,#12694,#12695));
#12693=ORIENTED_EDGE('',*,*,#12696,.T.);
#12694=ORIENTED_EDGE('',*,*,#12697,.T.);
#12695=ORIENTED_EDGE('',*,*,#12698,.T.);
#12696=EDGE_CURVE('',#739,#947,#12699,.F.);
#12697=EDGE_CURVE('',#947,#755,#12700,.T.);
#12698=EDGE_CURVE('',#755,#739,#12701,.T.);
#12699=LINE('',#738,#12702);
#12700=LINE('',#946,#12703);
#12701=LINE('',#754,#12704);
#12702=VECTOR('',#12705,1.0);
#12703=VECTOR('',#12706,1.0);
#12704=VECTOR('',#12707,1.0);
#12705=DIRECTION('',(-0.32216015093047695,0,0.9466851837609229));
#12706=DIRECTION('',(0.9914564671461483,0,-0.13043800732178648));
#12707=DIRECTION('',(-0.9978582233216796,0,0.06541380702344915));
#12708=FACE_SURFACE('',(#12713),#12709,.T.);
#12709=PLANE('',#12710);
#12710=AXIS2_PLACEMENT_3D('',#948,#12711,#12712);
#12711=DIRECTION('',(0.8328303005395883,0,0.5535284008098762));
#12712=DIRECTION('',(0,-1,0));
#12713=FACE_BOUND('',#12714,.T.);
#12714=EDGE_LOOP('',(#12715,#12716,#12717));
#12715=ORIENTED_EDGE('',*,*,#12718,.T.);
#12716=ORIENTED_EDGE('',*,*,#12719,.T.);
#12717=ORIENTED_EDGE('',*,*,#12720,.T.);
#12718=EDGE_CURVE('',#949,#951,#12721,.F.);
#12719=EDGE_CURVE('',#951,#909,#12722,.T.);
#12720=EDGE_CURVE('',#909,#949,#12723,.T.);
#12721=LINE('',#948,#12724);
#12722=LINE('',#950,#12725);
#12723=LINE('',#908,#12726);
#12724=VECTOR('',#12727,1.0);
#12725=VECTOR('',#12728,1.0);
#12726=VECTOR('',#12729,1.0);
#12727=DIRECTION('',(0,-1,0));
#12728=DIRECTION('',(0.5535284008098762,0,-0.8328303005395884));
#12729=DIRECTION('',(-0.018157083541323372,0.999461855082944,0.02731886804817577));
#12730=FACE_SURFACE('',(#12735),#12731,.T.);
#12731=PLANE('',#12732);
#12732=AXIS2_PLACEMENT_3D('',#276,#12733,#12734);
#12733=DIRECTION('',(0.5535284008098762,0,0.8328303005395883));
#12734=DIRECTION('',(-0.02731886804817577,0.999461855082944,0.018157083541323372));
#12735=FACE_BOUND('',#12736,.T.);
#12736=EDGE_LOOP('',(#12737,#12738,#12739));
#12737=ORIENTED_EDGE('',*,*,#12740,.T.);
#12738=ORIENTED_EDGE('',*,*,#12741,.T.);
#12739=ORIENTED_EDGE('',*,*,#12742,.T.);
#12740=EDGE_CURVE('',#277,#189,#12743,.F.);
#12741=EDGE_CURVE('',#189,#275,#12744,.T.);
#12742=EDGE_CURVE('',#275,#277,#12745,.T.);
#12743=LINE('',#276,#12746);
#12744=LINE('',#188,#12747);
#12745=LINE('',#274,#12748);
#12746=VECTOR('',#12749,1.0);
#12747=VECTOR('',#12750,1.0);
#12748=VECTOR('',#12751,1.0);
#12749=DIRECTION('',(-0.02731886804817577,0.999461855082944,0.018157083541323372));
#12750=DIRECTION('',(0,-1,0));
#12751=DIRECTION('',(0.8328303005395884,0,-0.5535284008098762));
#12752=FACE_SURFACE('',(#12757),#12753,.T.);
#12753=PLANE('',#12754);
#12754=AXIS2_PLACEMENT_3D('',#782,#12755,#12756);
#12755=DIRECTION('',(0,-1,0));
#12756=DIRECTION('',(0.7947330362641634,0,-0.6069591428344611));
#12757=FACE_BOUND('',#12758,.T.);
#12758=EDGE_LOOP('',(#12759,#12760,#12761));
#12759=ORIENTED_EDGE('',*,*,#12762,.T.);
#12760=ORIENTED_EDGE('',*,*,#12763,.T.);
#12761=ORIENTED_EDGE('',*,*,#12764,.T.);
#12762=EDGE_CURVE('',#783,#37,#12765,.F.);
#12763=EDGE_CURVE('',#37,#943,#12766,.T.);
#12764=EDGE_CURVE('',#943,#783,#12767,.T.);
#12765=LINE('',#782,#12768);
#12766=LINE('',#36,#12769);
#12767=LINE('',#942,#12770);
#12768=VECTOR('',#12771,1.0);
#12769=VECTOR('',#12772,1.0);
#12770=VECTOR('',#12773,1.0);
#12771=DIRECTION('',(0.7947330362641634,0,-0.6069591428344611));
#12772=DIRECTION('',(-0.782529568142539,0,0.6226134233877803));
#12773=DIRECTION('',(-0.947145432411413,0,-0.3208045041176908));
#12774=FACE_SURFACE('',(#12779),#12775,.T.);
#12775=PLANE('',#12776);
#12776=AXIS2_PLACEMENT_3D('',#346,#12777,#12778);
#12777=DIRECTION('',(-0.3208045041176908,0,0.9471454324114129));
#12778=DIRECTION('',(-0.030983546092397125,0.9994648011869012,-0.010494334660594733));
#12779=FACE_BOUND('',#12780,.T.);
#12780=EDGE_LOOP('',(#12781,#12782,#12783));
#12781=ORIENTED_EDGE('',*,*,#12784,.T.);
#12782=ORIENTED_EDGE('',*,*,#12785,.T.);
#12783=ORIENTED_EDGE('',*,*,#12786,.T.);
#12784=EDGE_CURVE('',#347,#115,#12787,.F.);
#12785=EDGE_CURVE('',#115,#345,#12788,.T.);
#12786=EDGE_CURVE('',#345,#347,#12789,.T.);
#12787=LINE('',#346,#12790);
#12788=LINE('',#114,#12791);
#12789=LINE('',#344,#12792);
#12790=VECTOR('',#12793,1.0);
#12791=VECTOR('',#12794,1.0);
#12792=VECTOR('',#12795,1.0);
#12793=DIRECTION('',(-0.030983546092397125,0.9994648011869012,-0.010494334660594733));
#12794=DIRECTION('',(0,-1,0));
#12795=DIRECTION('',(0.947145432411413,0,0.3208045041176908));
#12796=FACE_SURFACE('',(#12801),#12797,.T.);
#12797=PLANE('',#12798);
#12798=AXIS2_PLACEMENT_3D('',#780,#12799,#12800);
#12799=DIRECTION('',(0,-1,0));
#12800=DIRECTION('',(0.8052521448336503,0,-0.5929325284050505));
#12801=FACE_BOUND('',#12802,.T.);
#12802=EDGE_LOOP('',(#12803,#12804,#12805));
#12803=ORIENTED_EDGE('',*,*,#12806,.T.);
#12804=ORIENTED_EDGE('',*,*,#12807,.T.);
#12805=ORIENTED_EDGE('',*,*,#12808,.T.);
#12806=EDGE_CURVE('',#781,#37,#12809,.F.);
#12807=EDGE_CURVE('',#37,#783,#12810,.T.);
#12808=EDGE_CURVE('',#783,#781,#12811,.T.);
#12809=LINE('',#780,#12812);
#12810=LINE('',#36,#12813);
#12811=LINE('',#782,#12814);
#12812=VECTOR('',#12815,1.0);
#12813=VECTOR('',#12816,1.0);
#12814=VECTOR('',#12817,1.0);
#12815=DIRECTION('',(0.8052521448336503,0,-0.5929325284050505));
#12816=DIRECTION('',(-0.7947330362641634,0,0.6069591428344611));
#12817=DIRECTION('',(-0.9801886557104992,0,-0.19806614858790147));
#12818=FACE_SURFACE('',(#12823),#12819,.T.);
#12819=PLANE('',#12820);
#12820=AXIS2_PLACEMENT_3D('',#664,#12821,#12822);
#12821=DIRECTION('',(-0.06651677016472321,-0,-0.9977853072113527));
#12822=DIRECTION('',(0,-1,0));
#12823=FACE_BOUND('',#12824,.T.);
#12824=EDGE_LOOP('',(#12825,#12826,#12827));
#12825=ORIENTED_EDGE('',*,*,#12828,.T.);
#12826=ORIENTED_EDGE('',*,*,#12829,.T.);
#12827=ORIENTED_EDGE('',*,*,#12830,.T.);
#12828=EDGE_CURVE('',#665,#775,#12831,.F.);
#12829=EDGE_CURVE('',#775,#621,#12832,.T.);
#12830=EDGE_CURVE('',#621,#665,#12833,.T.);
#12831=LINE('',#664,#12834);
#12832=LINE('',#774,#12835);
#12833=LINE('',#620,#12836);
#12834=VECTOR('',#12837,1.0);
#12835=VECTOR('',#12838,1.0);
#12836=VECTOR('',#12839,1.0);
#12837=DIRECTION('',(0,-1,0));
#12838=DIRECTION('',(-0.023115905741306886,0.9997316040794825,0.0015410082492006666));
#12839=DIRECTION('',(0.9977853072113526,0,-0.0665167701647232));
#12840=FACE_SURFACE('',(#12845),#12841,.T.);
#12841=PLANE('',#12842);
#12842=AXIS2_PLACEMENT_3D('',#952,#12843,#12844);
#12843=DIRECTION('',(0.8964542110716484,0,0.44313637568124387));
#12844=DIRECTION('',(0.44313637568124387,0,-0.8964542110716484));
#12845=FACE_BOUND('',#12846,.T.);
#12846=EDGE_LOOP('',(#12847,#12848,#12849));
#12847=ORIENTED_EDGE('',*,*,#12850,.T.);
#12848=ORIENTED_EDGE('',*,*,#12851,.T.);
#12849=ORIENTED_EDGE('',*,*,#12852,.T.);
#12850=EDGE_CURVE('',#953,#951,#12853,.F.);
#12851=EDGE_CURVE('',#951,#949,#12854,.T.);
#12852=EDGE_CURVE('',#949,#953,#12855,.T.);
#12853=LINE('',#952,#12856);
#12854=LINE('',#950,#12857);
#12855=LINE('',#948,#12858);
#12856=VECTOR('',#12859,1.0);
#12857=VECTOR('',#12860,1.0);
#12858=VECTOR('',#12861,1.0);
#12859=DIRECTION('',(0.44313637568124387,0,-0.8964542110716484));
#12860=DIRECTION('',(0,1,0));
#12861=DIRECTION('',(-0.014492225997411828,-0.9994650889524107,0.029317424016950845));
#12862=FACE_SURFACE('',(#12867),#12863,.T.);
#12863=PLANE('',#12864);
#12864=AXIS2_PLACEMENT_3D('',#274,#12865,#12866);
#12865=DIRECTION('',(0.6624631433869201,-0,0.7490945091601733));
#12866=DIRECTION('',(0,1,0));
#12867=FACE_BOUND('',#12868,.T.);
#12868=EDGE_LOOP('',(#12869,#12870,#12871));
#12869=ORIENTED_EDGE('',*,*,#12872,.T.);
#12870=ORIENTED_EDGE('',*,*,#12873,.T.);
#12871=ORIENTED_EDGE('',*,*,#12874,.T.);
#12872=EDGE_CURVE('',#275,#189,#12875,.F.);
#12873=EDGE_CURVE('',#189,#279,#12876,.T.);
#12874=EDGE_CURVE('',#279,#275,#12877,.T.);
#12875=LINE('',#274,#12878);
#12876=LINE('',#188,#12879);
#12877=LINE('',#278,#12880);
#12878=VECTOR('',#12881,1.0);
#12879=VECTOR('',#12882,1.0);
#12880=VECTOR('',#12883,1.0);
#12881=DIRECTION('',(0,1,0));
#12882=DIRECTION('',(-0.024486800130153506,-0.9994655871263466,0.02165494792358729));
#12883=DIRECTION('',(0.7490945091601733,0,-0.6624631433869201));
#12884=FACE_SURFACE('',(#12889),#12885,.T.);
#12885=PLANE('',#12886);
#12886=AXIS2_PLACEMENT_3D('',#344,#12887,#12888);
#12887=DIRECTION('',(-0.19807545535302362,0,0.9801867750519246));
#12888=DIRECTION('',(0,1,0));
#12889=FACE_BOUND('',#12890,.T.);
#12890=EDGE_LOOP('',(#12891,#12892,#12893));
#12891=ORIENTED_EDGE('',*,*,#12894,.T.);
#12892=ORIENTED_EDGE('',*,*,#12895,.T.);
#12893=ORIENTED_EDGE('',*,*,#12896,.T.);
#12894=EDGE_CURVE('',#345,#115,#12897,.F.);
#12895=EDGE_CURVE('',#115,#545,#12898,.T.);
#12896=EDGE_CURVE('',#545,#345,#12899,.T.);
#12897=LINE('',#344,#12900);
#12898=LINE('',#114,#12901);
#12899=LINE('',#544,#12902);
#12900=VECTOR('',#12903,1.0);
#12901=VECTOR('',#12904,1.0);
#12902=VECTOR('',#12905,1.0);
#12903=DIRECTION('',(0,1,0));
#12904=DIRECTION('',(-0.0321494917719529,-0.9994619564849769,-0.00649674672641907));
#12905=DIRECTION('',(0.9801867750519246,0,0.19807545535302362));
#12906=FACE_SURFACE('',(#12911),#12907,.T.);
#12907=PLANE('',#12908);
#12908=AXIS2_PLACEMENT_3D('',#774,#12909,#12910);
#12909=DIRECTION('',(-0.19403897044523805,0,-0.980993821564923));
#12910=DIRECTION('',(0,1,0));
#12911=FACE_BOUND('',#12912,.T.);
#12912=EDGE_LOOP('',(#12913,#12914,#12915));
#12913=ORIENTED_EDGE('',*,*,#12916,.T.);
#12914=ORIENTED_EDGE('',*,*,#12917,.T.);
#12915=ORIENTED_EDGE('',*,*,#12918,.T.);
#12916=EDGE_CURVE('',#775,#665,#12919,.F.);
#12917=EDGE_CURVE('',#665,#803,#12920,.T.);
#12918=EDGE_CURVE('',#803,#775,#12921,.T.);
#12919=LINE('',#774,#12922);
#12920=LINE('',#664,#12923);
#12921=LINE('',#802,#12924);
#12922=VECTOR('',#12925,1.0);
#12923=VECTOR('',#12926,1.0);
#12924=VECTOR('',#12927,1.0);
#12925=DIRECTION('',(0,1,0));
#12926=DIRECTION('',(0.02274104299369849,-0.9997312697373918,-0.00449814104059178));
#12927=DIRECTION('',(-0.980993821564923,0,0.19403897044523805));
#12928=FACE_SURFACE('',(#12933),#12929,.T.);
#12929=PLANE('',#12930);
#12930=AXIS2_PLACEMENT_3D('',#946,#12931,#12932);
#12931=DIRECTION('',(-0,1,-0));
#12932=DIRECTION('',(-0.1940432355012139,0,0.9809929779342055));
#12933=FACE_BOUND('',#12934,.T.);
#12934=EDGE_LOOP('',(#12935,#12936,#12937));
#12935=ORIENTED_EDGE('',*,*,#12938,.T.);
#12936=ORIENTED_EDGE('',*,*,#12939,.T.);
#12937=ORIENTED_EDGE('',*,*,#12940,.T.);
#12938=EDGE_CURVE('',#947,#431,#12941,.F.);
#12939=EDGE_CURVE('',#431,#755,#12942,.T.);
#12940=EDGE_CURVE('',#755,#947,#12943,.T.);
#12941=LINE('',#946,#12944);
#12942=LINE('',#430,#12945);
#12943=LINE('',#754,#12946);
#12944=VECTOR('',#12947,1.0);
#12945=VECTOR('',#12948,1.0);
#12946=VECTOR('',#12949,1.0);
#12947=DIRECTION('',(-0.1940432355012139,0,0.9809929779342055));
#12948=DIRECTION('',(0.9807902616526057,0,-0.1950652779133521));
#12949=DIRECTION('',(-0.9914564671461483,0,0.13043800732178648));
#12950=FACE_SURFACE('',(#12955),#12951,.T.);
#12951=PLANE('',#12952);
#12952=AXIS2_PLACEMENT_3D('',#430,#12953,#12954);
#12953=DIRECTION('',(-0,1,-0));
#12954=DIRECTION('',(-0.06651844154409839,0,0.9977851957884244));
#12955=FACE_BOUND('',#12956,.T.);
#12956=EDGE_LOOP('',(#12957,#12958,#12959));
#12957=ORIENTED_EDGE('',*,*,#12960,.T.);
#12958=ORIENTED_EDGE('',*,*,#12961,.T.);
#12959=ORIENTED_EDGE('',*,*,#12962,.T.);
#12960=EDGE_CURVE('',#431,#955,#12963,.F.);
#12961=EDGE_CURVE('',#955,#755,#12964,.T.);
#12962=EDGE_CURVE('',#755,#431,#12965,.T.);
#12963=LINE('',#430,#12966);
#12964=LINE('',#954,#12967);
#12965=LINE('',#754,#12968);
#12966=VECTOR('',#12969,1.0);
#12967=VECTOR('',#12970,1.0);
#12968=VECTOR('',#12971,1.0);
#12969=DIRECTION('',(-0.06651844154409839,0,0.9977851957884244));
#12970=DIRECTION('',(0.9659393751893867,0,-0.258768474623045));
#12971=DIRECTION('',(-0.9807902616526057,0,0.1950652779133521));
#12972=FACE_SURFACE('',(#12977),#12973,.T.);
#12973=PLANE('',#12974);
#12974=AXIS2_PLACEMENT_3D('',#954,#12975,#12976);
#12975=DIRECTION('',(-0,1,0));
#12976=DIRECTION('',(0.06651844154409839,0,0.9977851957884244));
#12977=FACE_BOUND('',#12978,.T.);
#12978=EDGE_LOOP('',(#12979,#12980,#12981));
#12979=ORIENTED_EDGE('',*,*,#12982,.T.);
#12980=ORIENTED_EDGE('',*,*,#12983,.T.);
#12981=ORIENTED_EDGE('',*,*,#12984,.T.);
#12982=EDGE_CURVE('',#955,#957,#12985,.F.);
#12983=EDGE_CURVE('',#957,#755,#12986,.T.);
#12984=EDGE_CURVE('',#755,#955,#12987,.T.);
#12985=LINE('',#954,#12988);
#12986=LINE('',#956,#12989);
#12987=LINE('',#754,#12990);
#12988=VECTOR('',#12991,1.0);
#12989=VECTOR('',#12992,1.0);
#12990=VECTOR('',#12993,1.0);
#12991=DIRECTION('',(0.06651844154409839,0,0.9977851957884244));
#12992=DIRECTION('',(0.9469428815596154,0,-0.3214018964840943));
#12993=DIRECTION('',(-0.9659393751893867,0,0.258768474623045));
#12994=FACE_SURFACE('',(#12999),#12995,.T.);
#12995=PLANE('',#12996);
#12996=AXIS2_PLACEMENT_3D('',#956,#12997,#12998);
#12997=DIRECTION('',(-0,1,0));
#12998=DIRECTION('',(0.1940432355012139,0,0.9809929779342055));
#12999=FACE_BOUND('',#13000,.T.);
#13000=EDGE_LOOP('',(#13001,#13002,#13003));
#13001=ORIENTED_EDGE('',*,*,#13004,.T.);
#13002=ORIENTED_EDGE('',*,*,#13005,.T.);
#13003=ORIENTED_EDGE('',*,*,#13006,.T.);
#13004=EDGE_CURVE('',#957,#959,#13007,.F.);
#13005=EDGE_CURVE('',#959,#755,#13008,.T.);
#13006=EDGE_CURVE('',#755,#957,#13009,.T.);
#13007=LINE('',#956,#13010);
#13008=LINE('',#958,#13011);
#13009=LINE('',#754,#13012);
#13010=VECTOR('',#13013,1.0);
#13011=VECTOR('',#13014,1.0);
#13012=VECTOR('',#13015,1.0);
#13013=DIRECTION('',(0.1940432355012139,0,0.9809929779342055));
#13014=DIRECTION('',(0.9238853406089467,0,-0.38266941007596966));
#13015=DIRECTION('',(-0.9469428815596154,0,0.3214018964840943));
#13016=FACE_SURFACE('',(#13021),#13017,.T.);
#13017=PLANE('',#13018);
#13018=AXIS2_PLACEMENT_3D('',#958,#13019,#13020);
#13019=DIRECTION('',(-0,1,0));
#13020=DIRECTION('',(0.32216015093047695,0,0.9466851837609229));
#13021=FACE_BOUND('',#13022,.T.);
#13022=EDGE_LOOP('',(#13023,#13024,#13025));
#13023=ORIENTED_EDGE('',*,*,#13026,.T.);
#13024=ORIENTED_EDGE('',*,*,#13027,.T.);
#13025=ORIENTED_EDGE('',*,*,#13028,.T.);
#13026=EDGE_CURVE('',#959,#961,#13029,.F.);
#13027=EDGE_CURVE('',#961,#755,#13030,.T.);
#13028=EDGE_CURVE('',#755,#959,#13031,.T.);
#13029=LINE('',#958,#13032);
#13030=LINE('',#960,#13033);
#13031=LINE('',#754,#13034);
#13032=VECTOR('',#13035,1.0);
#13033=VECTOR('',#13036,1.0);
#13034=VECTOR('',#13037,1.0);
#13035=DIRECTION('',(0.32216015093047695,0,0.9466851837609229));
#13036=DIRECTION('',(0.8969111918553246,0,-0.4422107121324187));
#13037=DIRECTION('',(-0.9238853406089467,0,0.38266941007596966));
#13038=FACE_SURFACE('',(#13043),#13039,.T.);
#13039=PLANE('',#13040);
#13040=AXIS2_PLACEMENT_3D('',#960,#13041,#13042);
#13041=DIRECTION('',(-0,1,0));
#13042=DIRECTION('',(0.4421743426075084,0,0.8969291224726834));
#13043=FACE_BOUND('',#13044,.T.);
#13044=EDGE_LOOP('',(#13045,#13046,#13047));
#13045=ORIENTED_EDGE('',*,*,#13048,.T.);
#13046=ORIENTED_EDGE('',*,*,#13049,.T.);
#13047=ORIENTED_EDGE('',*,*,#13050,.T.);
#13048=EDGE_CURVE('',#961,#963,#13051,.F.);
#13049=EDGE_CURVE('',#963,#755,#13052,.T.);
#13050=EDGE_CURVE('',#755,#961,#13053,.T.);
#13051=LINE('',#960,#13054);
#13052=LINE('',#962,#13055);
#13053=LINE('',#754,#13056);
#13054=VECTOR('',#13057,1.0);
#13055=VECTOR('',#13058,1.0);
#13056=VECTOR('',#13059,1.0);
#13057=DIRECTION('',(0.4421743426075084,0,0.8969291224726834));
#13058=DIRECTION('',(0.8660642613214505,0,-0.49993269073119284));
#13059=DIRECTION('',(-0.8969111918553246,0,0.4422107121324187));
#13060=FACE_SURFACE('',(#13065),#13061,.T.);
#13061=PLANE('',#13062);
#13062=AXIS2_PLACEMENT_3D('',#964,#13063,#13064);
#13063=DIRECTION('',(0,1,0));
#13064=DIRECTION('',(0.8314879323876713,0,-0.5555428140959754));
#13065=FACE_BOUND('',#13066,.T.);
#13066=EDGE_LOOP('',(#13067,#13068,#13069));
#13067=ORIENTED_EDGE('',*,*,#13070,.T.);
#13068=ORIENTED_EDGE('',*,*,#13071,.T.);
#13069=ORIENTED_EDGE('',*,*,#13072,.T.);
#13070=EDGE_CURVE('',#965,#755,#13073,.F.);
#13071=EDGE_CURVE('',#755,#963,#13074,.T.);
#13072=EDGE_CURVE('',#963,#965,#13075,.T.);
#13073=LINE('',#964,#13076);
#13074=LINE('',#754,#13077);
#13075=LINE('',#962,#13078);
#13076=VECTOR('',#13079,1.0);
#13077=VECTOR('',#13080,1.0);
#13078=VECTOR('',#13081,1.0);
#13079=DIRECTION('',(0.8314879323876713,0,-0.5555428140959754));
#13080=DIRECTION('',(-0.8660642613214505,0,0.49993269073119284));
#13081=DIRECTION('',(0.5551136825457531,0,0.8317744883383315));
#13082=FACE_SURFACE('',(#13087),#13083,.T.);
#13083=PLANE('',#13084);
#13084=AXIS2_PLACEMENT_3D('',#966,#13085,#13086);
#13085=DIRECTION('',(-0,1,0));
#13086=DIRECTION('',(0.7514614341324571,0,0.6597770176442879));
#13087=FACE_BOUND('',#13088,.T.);
#13088=EDGE_LOOP('',(#13089,#13090,#13091));
#13089=ORIENTED_EDGE('',*,*,#13092,.T.);
#13090=ORIENTED_EDGE('',*,*,#13093,.T.);
#13091=ORIENTED_EDGE('',*,*,#13094,.T.);
#13092=EDGE_CURVE('',#967,#933,#13095,.F.);
#13093=EDGE_CURVE('',#933,#755,#13096,.T.);
#13094=EDGE_CURVE('',#755,#967,#13097,.T.);
#13095=LINE('',#966,#13098);
#13096=LINE('',#932,#13099);
#13097=LINE('',#754,#13100);
#13098=VECTOR('',#13101,1.0);
#13099=VECTOR('',#13102,1.0);
#13100=VECTOR('',#13103,1.0);
#13101=DIRECTION('',(0.7514614341324571,0,0.6597770176442879));
#13102=DIRECTION('',(0.7518633656349999,0,-0.6593189512034449));
#13103=DIRECTION('',(-0.7933772906825153,0,0.6087302149797329));
#13104=FACE_SURFACE('',(#13109),#13105,.T.);
#13105=PLANE('',#13106);
#13106=AXIS2_PLACEMENT_3D('',#952,#13107,#13108);
#13107=DIRECTION('',(0.9471454324114129,-0,0.3208045041176908));
#13108=DIRECTION('',(0,1,0));
#13109=FACE_BOUND('',#13110,.T.);
#13110=EDGE_LOOP('',(#13111,#13112,#13113));
#13111=ORIENTED_EDGE('',*,*,#13114,.T.);
#13112=ORIENTED_EDGE('',*,*,#13115,.T.);
#13113=ORIENTED_EDGE('',*,*,#13116,.T.);
#13114=EDGE_CURVE('',#953,#969,#13117,.F.);
#13115=EDGE_CURVE('',#969,#915,#13118,.T.);
#13116=EDGE_CURVE('',#915,#953,#13119,.T.);
#13117=LINE('',#952,#13120);
#13118=LINE('',#968,#13121);
#13119=LINE('',#914,#13122);
#13120=VECTOR('',#13123,1.0);
#13121=VECTOR('',#13124,1.0);
#13122=VECTOR('',#13125,1.0);
#13123=DIRECTION('',(0,1,0));
#13124=DIRECTION('',(-0.010494334660594733,-0.9994648011869012,0.030983546092397125));
#13125=DIRECTION('',(0.3208045041176908,0,-0.947145432411413));
#13126=FACE_SURFACE('',(#13131),#13127,.T.);
#13127=PLANE('',#13128);
#13128=AXIS2_PLACEMENT_3D('',#198,#13129,#13130);
#13129=DIRECTION('',(0.7490945091601733,0,0.6624631433869201));
#13130=DIRECTION('',(0,-1,0));
#13131=FACE_BOUND('',#13132,.T.);
#13132=EDGE_LOOP('',(#13133,#13134,#13135));
#13133=ORIENTED_EDGE('',*,*,#13136,.T.);
#13134=ORIENTED_EDGE('',*,*,#13137,.T.);
#13135=ORIENTED_EDGE('',*,*,#13138,.T.);
#13136=EDGE_CURVE('',#199,#281,#13139,.F.);
#13137=EDGE_CURVE('',#281,#279,#13140,.T.);
#13138=EDGE_CURVE('',#279,#199,#13141,.T.);
#13139=LINE('',#198,#13142);
#13140=LINE('',#280,#13143);
#13141=LINE('',#278,#13144);
#13142=VECTOR('',#13145,1.0);
#13143=VECTOR('',#13146,1.0);
#13144=VECTOR('',#13147,1.0);
#13145=DIRECTION('',(0,-1,0));
#13146=DIRECTION('',(0.6624631433869201,0,-0.7490945091601733));
#13147=DIRECTION('',(-0.02165494792358729,0.9994655871263466,0.024486800130153506));
#13148=FACE_SURFACE('',(#13153),#13149,.T.);
#13149=PLANE('',#13150);
#13150=AXIS2_PLACEMENT_3D('',#628,#13151,#13152);
#13151=DIRECTION('',(-0.32216221266948775,-0,-0.9466844821417005));
#13152=DIRECTION('',(0.9466844821417005,0,-0.3221622126694877));
#13153=FACE_BOUND('',#13154,.T.);
#13154=EDGE_LOOP('',(#13155,#13156,#13157));
#13155=ORIENTED_EDGE('',*,*,#13158,.T.);
#13156=ORIENTED_EDGE('',*,*,#13159,.T.);
#13157=ORIENTED_EDGE('',*,*,#13160,.T.);
#13158=EDGE_CURVE('',#629,#663,#13161,.F.);
#13159=EDGE_CURVE('',#663,#803,#13162,.T.);
#13160=EDGE_CURVE('',#803,#629,#13163,.T.);
#13161=LINE('',#628,#13164);
#13162=LINE('',#662,#13165);
#13163=LINE('',#802,#13166);
#13164=VECTOR('',#13167,1.0);
#13165=VECTOR('',#13168,1.0);
#13166=VECTOR('',#13169,1.0);
#13167=DIRECTION('',(0.9466844821417005,0,-0.3221622126694877));
#13168=DIRECTION('',(-0.02190806113122163,-0.9997321907743092,0.007455440099076559));
#13169=DIRECTION('',(0,1,0));
#13170=FACE_SURFACE('',(#13175),#13171,.T.);
#13171=PLANE('',#13172);
#13172=AXIS2_PLACEMENT_3D('',#806,#13173,#13174);
#13173=DIRECTION('',(0,-1,0));
#13174=DIRECTION('',(0.24796922367174237,0,0.968767910343666));
#13175=FACE_BOUND('',#13176,.T.);
#13176=EDGE_LOOP('',(#13177,#13178,#13179));
#13177=ORIENTED_EDGE('',*,*,#13180,.T.);
#13178=ORIENTED_EDGE('',*,*,#13181,.T.);
#13179=ORIENTED_EDGE('',*,*,#13182,.T.);
#13180=EDGE_CURVE('',#807,#35,#13183,.F.);
#13181=EDGE_CURVE('',#35,#971,#13184,.T.);
#13182=EDGE_CURVE('',#971,#807,#13185,.T.);
#13183=LINE('',#806,#13186);
#13184=LINE('',#34,#13187);
#13185=LINE('',#970,#13188);
#13186=VECTOR('',#13189,1.0);
#13187=VECTOR('',#13190,1.0);
#13188=VECTOR('',#13191,1.0);
#13189=DIRECTION('',(0.24796922367174237,0,0.968767910343666));
#13190=DIRECTION('',(-0.2534772894814417,0,-0.9673413377485434));
#13191=DIRECTION('',(0.44313637568124387,0,-0.8964542110716484));
#13192=FACE_SURFACE('',(#13197),#13193,.T.);
#13193=PLANE('',#13194);
#13194=AXIS2_PLACEMENT_3D('',#964,#13195,#13196);
#13195=DIRECTION('',(-0,1,0));
#13196=DIRECTION('',(0.6597771710908157,0,0.7514612994076277));
#13197=FACE_BOUND('',#13198,.T.);
#13198=EDGE_LOOP('',(#13199,#13200,#13201));
#13199=ORIENTED_EDGE('',*,*,#13202,.T.);
#13200=ORIENTED_EDGE('',*,*,#13203,.T.);
#13201=ORIENTED_EDGE('',*,*,#13204,.T.);
#13202=EDGE_CURVE('',#965,#967,#13205,.F.);
#13203=EDGE_CURVE('',#967,#755,#13206,.T.);
#13204=EDGE_CURVE('',#755,#965,#13207,.T.);
#13205=LINE('',#964,#13208);
#13206=LINE('',#966,#13209);
#13207=LINE('',#754,#13210);
#13208=VECTOR('',#13211,1.0);
#13209=VECTOR('',#13212,1.0);
#13210=VECTOR('',#13213,1.0);
#13211=DIRECTION('',(0.6597771710908157,0,0.7514612994076277));
#13212=DIRECTION('',(0.7933772906825153,0,-0.6087302149797329));
#13213=DIRECTION('',(-0.8314879323876713,0,0.5555428140959754));
#13214=FACE_SURFACE('',(#13219),#13215,.T.);
#13215=PLANE('',#13216);
#13216=AXIS2_PLACEMENT_3D('',#932,#13217,#13218);
#13217=DIRECTION('',(-0,1,0));
#13218=DIRECTION('',(0.8317754105372092,0,0.5551123007335157));
#13219=FACE_BOUND('',#13220,.T.);
#13220=EDGE_LOOP('',(#13221,#13222,#13223));
#13221=ORIENTED_EDGE('',*,*,#13224,.T.);
#13222=ORIENTED_EDGE('',*,*,#13225,.T.);
#13223=ORIENTED_EDGE('',*,*,#13226,.T.);
#13224=EDGE_CURVE('',#933,#931,#13227,.F.);
#13225=EDGE_CURVE('',#931,#755,#13228,.T.);
#13226=EDGE_CURVE('',#755,#933,#13229,.T.);
#13227=LINE('',#932,#13230);
#13228=LINE('',#930,#13231);
#13229=LINE('',#754,#13232);
#13230=VECTOR('',#13233,1.0);
#13231=VECTOR('',#13234,1.0);
#13232=VECTOR('',#13235,1.0);
#13233=DIRECTION('',(0.8317754105372092,0,0.5551123007335157));
#13234=DIRECTION('',(0.70710689727359,0,-0.7071066650994859));
#13235=DIRECTION('',(-0.7518633656349999,0,0.6593189512034449));
#13236=FACE_SURFACE('',(#13241),#13237,.T.);
#13237=PLANE('',#13238);
#13238=AXIS2_PLACEMENT_3D('',#930,#13239,#13240);
#13239=DIRECTION('',(-0,1,0));
#13240=DIRECTION('',(0.8969278836976249,0,0.442176855393518));
#13241=FACE_BOUND('',#13242,.T.);
#13242=EDGE_LOOP('',(#13243,#13244,#13245));
#13243=ORIENTED_EDGE('',*,*,#13246,.T.);
#13244=ORIENTED_EDGE('',*,*,#13247,.T.);
#13245=ORIENTED_EDGE('',*,*,#13248,.T.);
#13246=EDGE_CURVE('',#931,#841,#13249,.F.);
#13247=EDGE_CURVE('',#841,#755,#13250,.T.);
#13248=EDGE_CURVE('',#755,#931,#13251,.T.);
#13249=LINE('',#930,#13252);
#13250=LINE('',#840,#13253);
#13251=LINE('',#754,#13254);
#13252=VECTOR('',#13255,1.0);
#13253=VECTOR('',#13256,1.0);
#13254=VECTOR('',#13257,1.0);
#13255=DIRECTION('',(0.8969278836976249,0,0.442176855393518));
#13256=DIRECTION('',(0.6593393093822609,0,-0.7518455127905753));
#13257=DIRECTION('',(-0.70710689727359,0,0.7071066650994859));
#13258=FACE_SURFACE('',(#13263),#13259,.T.);
#13259=PLANE('',#13260);
#13260=AXIS2_PLACEMENT_3D('',#840,#13261,#13262);
#13261=DIRECTION('',(-0,1,0));
#13262=DIRECTION('',(0.9466844821417005,0,0.3221622126694877));
#13263=FACE_BOUND('',#13264,.T.);
#13264=EDGE_LOOP('',(#13265,#13266,#13267));
#13265=ORIENTED_EDGE('',*,*,#13268,.T.);
#13266=ORIENTED_EDGE('',*,*,#13269,.T.);
#13267=ORIENTED_EDGE('',*,*,#13270,.T.);
#13268=EDGE_CURVE('',#841,#839,#13271,.F.);
#13269=EDGE_CURVE('',#839,#755,#13272,.T.);
#13270=EDGE_CURVE('',#755,#841,#13273,.T.);
#13271=LINE('',#840,#13274);
#13272=LINE('',#838,#13275);
#13273=LINE('',#754,#13276);
#13274=VECTOR('',#13277,1.0);
#13275=VECTOR('',#13278,1.0);
#13276=VECTOR('',#13279,1.0);
#13277=DIRECTION('',(0.9466844821417005,0,0.3221622126694877));
#13278=DIRECTION('',(0.6088000916567958,0,-0.7933236719011207));
#13279=DIRECTION('',(-0.6593393093822609,0,0.7518455127905753));
#13280=FACE_SURFACE('',(#13285),#13281,.T.);
#13281=PLANE('',#13282);
#13282=AXIS2_PLACEMENT_3D('',#938,#13283,#13284);
#13283=DIRECTION('',(0,1,0));
#13284=DIRECTION('',(0.5556075567805326,0,-0.8314446721510502));
#13285=FACE_BOUND('',#13286,.T.);
#13286=EDGE_LOOP('',(#13287,#13288,#13289));
#13287=ORIENTED_EDGE('',*,*,#13290,.T.);
#13288=ORIENTED_EDGE('',*,*,#13291,.T.);
#13289=ORIENTED_EDGE('',*,*,#13292,.T.);
#13290=EDGE_CURVE('',#939,#755,#13293,.F.);
#13291=EDGE_CURVE('',#755,#839,#13294,.T.);
#13292=EDGE_CURVE('',#839,#939,#13295,.T.);
#13293=LINE('',#938,#13296);
#13294=LINE('',#754,#13297);
#13295=LINE('',#838,#13298);
#13296=VECTOR('',#13299,1.0);
#13297=VECTOR('',#13300,1.0);
#13298=VECTOR('',#13301,1.0);
#13299=DIRECTION('',(0.5556075567805326,0,-0.8314446721510502));
#13300=DIRECTION('',(-0.6088000916567958,0,0.7933236719011207));
#13301=DIRECTION('',(0.980993821564923,0,0.19403897044523805));
#13302=FACE_SURFACE('',(#13307),#13303,.T.);
#13303=PLANE('',#13304);
#13304=AXIS2_PLACEMENT_3D('',#772,#13305,#13306);
#13305=DIRECTION('',(0,1,0));
#13306=DIRECTION('',(0.5000085518291213,0,-0.8660204663272946));
#13307=FACE_BOUND('',#13308,.T.);
#13308=EDGE_LOOP('',(#13309,#13310,#13311));
#13309=ORIENTED_EDGE('',*,*,#13312,.T.);
#13310=ORIENTED_EDGE('',*,*,#13313,.T.);
#13311=ORIENTED_EDGE('',*,*,#13314,.T.);
#13312=EDGE_CURVE('',#773,#755,#13315,.F.);
#13313=EDGE_CURVE('',#755,#939,#13316,.T.);
#13314=EDGE_CURVE('',#939,#773,#13317,.T.);
#13315=LINE('',#772,#13318);
#13316=LINE('',#754,#13319);
#13317=LINE('',#938,#13320);
#13318=VECTOR('',#13321,1.0);
#13319=VECTOR('',#13322,1.0);
#13320=VECTOR('',#13323,1.0);
#13321=DIRECTION('',(0.5000085518291213,0,-0.8660204663272946));
#13322=DIRECTION('',(-0.5556075567805326,0,0.8314446721510502));
#13323=DIRECTION('',(0.9977853072113526,0,0.0665167701647232));
#13324=FACE_SURFACE('',(#13329),#13325,.T.);
#13325=PLANE('',#13326);
#13326=AXIS2_PLACEMENT_3D('',#198,#13327,#13328);
#13327=DIRECTION('',(0.8328303005395883,0,0.5535284008098762));
#13328=DIRECTION('',(-0.5535284008098762,0,0.8328303005395884));
#13329=FACE_BOUND('',#13330,.T.);
#13330=EDGE_LOOP('',(#13331,#13332,#13333));
#13331=ORIENTED_EDGE('',*,*,#13334,.T.);
#13332=ORIENTED_EDGE('',*,*,#13335,.T.);
#13333=ORIENTED_EDGE('',*,*,#13336,.T.);
#13334=EDGE_CURVE('',#199,#207,#13337,.F.);
#13335=EDGE_CURVE('',#207,#281,#13338,.T.);
#13336=EDGE_CURVE('',#281,#199,#13339,.T.);
#13337=LINE('',#198,#13340);
#13338=LINE('',#206,#13341);
#13339=LINE('',#280,#13342);
#13340=VECTOR('',#13343,1.0);
#13341=VECTOR('',#13344,1.0);
#13342=VECTOR('',#13345,1.0);
#13343=DIRECTION('',(-0.5535284008098762,0,0.8328303005395884));
#13344=DIRECTION('',(0.018157083541323372,-0.999461855082944,-0.02731886804817577));
#13345=DIRECTION('',(0,1,0));
#13346=FACE_SURFACE('',(#13351),#13347,.T.);
#13347=PLANE('',#13348);
#13348=AXIS2_PLACEMENT_3D('',#288,#13349,#13350);
#13349=DIRECTION('',(0.8328303005395883,-0,0.5535284008098762));
#13350=DIRECTION('',(0.5535284008098762,0,-0.8328303005395884));
#13351=FACE_BOUND('',#13352,.T.);
#13352=EDGE_LOOP('',(#13353,#13354,#13355));
#13353=ORIENTED_EDGE('',*,*,#13356,.T.);
#13354=ORIENTED_EDGE('',*,*,#13357,.T.);
#13355=ORIENTED_EDGE('',*,*,#13358,.T.);
#13356=EDGE_CURVE('',#289,#281,#13359,.F.);
#13357=EDGE_CURVE('',#281,#207,#13360,.T.);
#13358=EDGE_CURVE('',#207,#289,#13361,.T.);
#13359=LINE('',#288,#13362);
#13360=LINE('',#280,#13363);
#13361=LINE('',#206,#13364);
#13362=VECTOR('',#13365,1.0);
#13363=VECTOR('',#13366,1.0);
#13364=VECTOR('',#13367,1.0);
#13365=DIRECTION('',(0.5535284008098762,0,-0.8328303005395884));
#13366=DIRECTION('',(-0.018157083541323372,0.999461855082944,0.02731886804817577));
#13367=DIRECTION('',(0,-1,0));
#13368=FACE_SURFACE('',(#13373),#13369,.T.);
#13369=PLANE('',#13370);
#13370=AXIS2_PLACEMENT_3D('',#800,#13371,#13372);
#13371=DIRECTION('',(-0.442176855393518,0,-0.8969278836976248));
#13372=DIRECTION('',(0,1,0));
#13373=FACE_BOUND('',#13374,.T.);
#13374=EDGE_LOOP('',(#13375,#13376,#13377));
#13375=ORIENTED_EDGE('',*,*,#13378,.T.);
#13376=ORIENTED_EDGE('',*,*,#13379,.T.);
#13377=ORIENTED_EDGE('',*,*,#13380,.T.);
#13378=EDGE_CURVE('',#801,#663,#13381,.F.);
#13379=EDGE_CURVE('',#663,#703,#13382,.T.);
#13380=EDGE_CURVE('',#703,#801,#13383,.T.);
#13381=LINE('',#800,#13384);
#13382=LINE('',#662,#13385);
#13383=LINE('',#702,#13386);
#13384=VECTOR('',#13387,1.0);
#13385=VECTOR('',#13388,1.0);
#13386=VECTOR('',#13389,1.0);
#13387=DIRECTION('',(0,1,0));
#13388=DIRECTION('',(0.020783485575203937,-0.999731496450873,-0.010246059312900537));
#13389=DIRECTION('',(-0.8969278836976249,0,0.442176855393518));
#13390=FACE_SURFACE('',(#13395),#13391,.T.);
#13391=PLANE('',#13392);
#13392=AXIS2_PLACEMENT_3D('',#108,#13393,#13394);
#13393=DIRECTION('',(1,0,0));
#13394=DIRECTION('',(0,-1,0));
#13395=FACE_BOUND('',#13396,.T.);
#13396=EDGE_LOOP('',(#13397,#13398,#13399));
#13397=ORIENTED_EDGE('',*,*,#13400,.T.);
#13398=ORIENTED_EDGE('',*,*,#13401,.T.);
#13399=ORIENTED_EDGE('',*,*,#13402,.T.);
#13400=EDGE_CURVE('',#109,#107,#13403,.F.);
#13401=EDGE_CURVE('',#107,#217,#13404,.T.);
#13402=EDGE_CURVE('',#217,#109,#13405,.T.);
#13403=LINE('',#108,#13406);
#13404=LINE('',#106,#13407);
#13405=LINE('',#216,#13408);
#13406=VECTOR('',#13409,1.0);
#13407=VECTOR('',#13410,1.0);
#13408=VECTOR('',#13411,1.0);
#13409=DIRECTION('',(0,-1,0));
#13410=DIRECTION('',(0,0,-1));
#13411=DIRECTION('',(0,0.7069890046056831,0.7072245381536653));
#13412=FACE_SURFACE('',(#13417),#13413,.T.);
#13413=PLANE('',#13414);
#13414=AXIS2_PLACEMENT_3D('',#108,#13415,#13416);
#13415=DIRECTION('',(1,0,0));
#13416=DIRECTION('',(0,-0.7069890046056831,-0.7072245381536653));
#13417=FACE_BOUND('',#13418,.T.);
#13418=EDGE_LOOP('',(#13419,#13420,#13421));
#13419=ORIENTED_EDGE('',*,*,#13422,.T.);
#13420=ORIENTED_EDGE('',*,*,#13423,.T.);
#13421=ORIENTED_EDGE('',*,*,#13424,.T.);
#13422=EDGE_CURVE('',#109,#217,#13425,.F.);
#13423=EDGE_CURVE('',#217,#53,#13426,.T.);
#13424=EDGE_CURVE('',#53,#109,#13427,.T.);
#13425=LINE('',#108,#13428);
#13426=LINE('',#216,#13429);
#13427=LINE('',#52,#13430);
#13428=VECTOR('',#13431,1.0);
#13429=VECTOR('',#13432,1.0);
#13430=VECTOR('',#13433,1.0);
#13431=DIRECTION('',(0,-0.7069890046056831,-0.7072245381536653));
#13432=DIRECTION('',(0,1,0));
#13433=DIRECTION('',(0,0,1));
#13434=FACE_SURFACE('',(#13439),#13435,.T.);
#13435=PLANE('',#13436);
#13436=AXIS2_PLACEMENT_3D('',#808,#13437,#13438);
#13437=DIRECTION('',(0,-1,0));
#13438=DIRECTION('',(0.24341283790577914,0,0.9699227754531053));
#13439=FACE_BOUND('',#13440,.T.);
#13440=EDGE_LOOP('',(#13441,#13442,#13443));
#13441=ORIENTED_EDGE('',*,*,#13444,.T.);
#13442=ORIENTED_EDGE('',*,*,#13445,.T.);
#13443=ORIENTED_EDGE('',*,*,#13446,.T.);
#13444=EDGE_CURVE('',#809,#35,#13447,.F.);
#13445=EDGE_CURVE('',#35,#807,#13448,.T.);
#13446=EDGE_CURVE('',#807,#809,#13449,.T.);
#13447=LINE('',#808,#13450);
#13448=LINE('',#34,#13451);
#13449=LINE('',#806,#13452);
#13450=VECTOR('',#13453,1.0);
#13451=VECTOR('',#13454,1.0);
#13452=VECTOR('',#13455,1.0);
#13453=DIRECTION('',(0.24341283790577914,0,0.9699227754531053));
#13454=DIRECTION('',(-0.24796922367174237,0,-0.968767910343666));
#13455=DIRECTION('',(0.3208045041176908,0,-0.947145432411413));
#13456=FACE_SURFACE('',(#13461),#13457,.T.);
#13457=PLANE('',#13458);
#13458=AXIS2_PLACEMENT_3D('',#204,#13459,#13460);
#13459=DIRECTION('',(0.8964542110716484,0,0.44313637568124387));
#13460=DIRECTION('',(0,-1,0));
#13461=FACE_BOUND('',#13462,.T.);
#13462=EDGE_LOOP('',(#13463,#13464,#13465));
#13463=ORIENTED_EDGE('',*,*,#13466,.T.);
#13464=ORIENTED_EDGE('',*,*,#13467,.T.);
#13465=ORIENTED_EDGE('',*,*,#13468,.T.);
#13466=EDGE_CURVE('',#205,#287,#13469,.F.);
#13467=EDGE_CURVE('',#287,#289,#13470,.T.);
#13468=EDGE_CURVE('',#289,#205,#13471,.T.);
#13469=LINE('',#204,#13472);
#13470=LINE('',#286,#13473);
#13471=LINE('',#288,#13474);
#13472=VECTOR('',#13475,1.0);
#13473=VECTOR('',#13476,1.0);
#13474=VECTOR('',#13477,1.0);
#13475=DIRECTION('',(0,-1,0));
#13476=DIRECTION('',(0.44313637568124387,0,-0.8964542110716484));
#13477=DIRECTION('',(-0.014492225997411828,0.9994650889524107,0.029317424016950845));
#13478=FACE_SURFACE('',(#13483),#13479,.T.);
#13479=PLANE('',#13480);
#13480=AXIS2_PLACEMENT_3D('',#204,#13481,#13482);
#13481=DIRECTION('',(0.8964542110716484,0,0.44313637568124387));
#13482=DIRECTION('',(0.014492225997411828,-0.9994650889524107,-0.029317424016950845));
#13483=FACE_BOUND('',#13484,.T.);
#13484=EDGE_LOOP('',(#13485,#13486,#13487));
#13485=ORIENTED_EDGE('',*,*,#13488,.T.);
#13486=ORIENTED_EDGE('',*,*,#13489,.T.);
#13487=ORIENTED_EDGE('',*,*,#13490,.T.);
#13488=EDGE_CURVE('',#205,#289,#13491,.F.);
#13489=EDGE_CURVE('',#289,#207,#13492,.T.);
#13490=EDGE_CURVE('',#207,#205,#13493,.T.);
#13491=LINE('',#204,#13494);
#13492=LINE('',#288,#13495);
#13493=LINE('',#206,#13496);
#13494=VECTOR('',#13497,1.0);
#13495=VECTOR('',#13498,1.0);
#13496=VECTOR('',#13499,1.0);
#13497=DIRECTION('',(0.014492225997411828,-0.9994650889524107,-0.029317424016950845));
#13498=DIRECTION('',(0,1,0));
#13499=DIRECTION('',(-0.44313637568124387,0,0.8964542110716484));
#13500=FACE_SURFACE('',(#13505),#13501,.T.);
#13501=PLANE('',#13502);
#13502=AXIS2_PLACEMENT_3D('',#634,#13503,#13504);
#13503=DIRECTION('',(-0.5551123007335157,0,-0.8317754105372092));
#13504=DIRECTION('',(-0.019284074528847773,-0.9997312095568961,0.01286985265927911));
#13505=FACE_BOUND('',#13506,.T.);
#13506=EDGE_LOOP('',(#13507,#13508,#13509));
#13507=ORIENTED_EDGE('',*,*,#13510,.T.);
#13508=ORIENTED_EDGE('',*,*,#13511,.T.);
#13509=ORIENTED_EDGE('',*,*,#13512,.T.);
#13510=EDGE_CURVE('',#635,#703,#13513,.F.);
#13511=EDGE_CURVE('',#703,#637,#13514,.T.);
#13512=EDGE_CURVE('',#637,#635,#13515,.T.);
#13513=LINE('',#634,#13516);
#13514=LINE('',#702,#13517);
#13515=LINE('',#636,#13518);
#13516=VECTOR('',#13519,1.0);
#13517=VECTOR('',#13520,1.0);
#13518=VECTOR('',#13521,1.0);
#13519=DIRECTION('',(-0.019284074528847773,-0.9997312095568961,0.01286985265927911));
#13520=DIRECTION('',(0,1,0));
#13521=DIRECTION('',(0.8317754105372092,0,-0.5551123007335157));
#13522=FACE_SURFACE('',(#13527),#13523,.T.);
#13523=PLANE('',#13524);
#13524=AXIS2_PLACEMENT_3D('',#972,#13525,#13526);
#13525=DIRECTION('',(0.9801886557104991,0,0.19806614858790147));
#13526=DIRECTION('',(-0.19806614858790147,0,0.9801886557104992));
#13527=FACE_BOUND('',#13528,.T.);
#13528=EDGE_LOOP('',(#13529,#13530,#13531));
#13529=ORIENTED_EDGE('',*,*,#13532,.T.);
#13530=ORIENTED_EDGE('',*,*,#13533,.T.);
#13531=ORIENTED_EDGE('',*,*,#13534,.T.);
#13532=EDGE_CURVE('',#973,#975,#13535,.F.);
#13533=EDGE_CURVE('',#975,#915,#13536,.T.);
#13534=EDGE_CURVE('',#915,#973,#13537,.T.);
#13535=LINE('',#972,#13538);
#13536=LINE('',#974,#13539);
#13537=LINE('',#914,#13540);
#13538=VECTOR('',#13541,1.0);
#13539=VECTOR('',#13542,1.0);
#13540=VECTOR('',#13543,1.0);
#13541=DIRECTION('',(-0.19806614858790147,0,0.9801886557104992));
#13542=DIRECTION('',(0.006496429019428964,-0.9994619585479648,-0.032149491838312616));
#13543=DIRECTION('',(0,1,0));
#13544=FACE_SURFACE('',(#13549),#13545,.T.);
#13545=PLANE('',#13546);
#13546=AXIS2_PLACEMENT_3D('',#446,#13547,#13548);
#13547=DIRECTION('',(-0.9981306949977661,-0,-0.06111559296346773));
#13548=DIRECTION('',(0,-1,0));
#13549=FACE_BOUND('',#13550,.T.);
#13550=EDGE_LOOP('',(#13551,#13552,#13553));
#13551=ORIENTED_EDGE('',*,*,#13554,.T.);
#13552=ORIENTED_EDGE('',*,*,#13555,.T.);
#13553=ORIENTED_EDGE('',*,*,#13556,.T.);
#13554=EDGE_CURVE('',#447,#215,#13557,.F.);
#13555=EDGE_CURVE('',#215,#213,#13558,.T.);
#13556=EDGE_CURVE('',#213,#447,#13559,.T.);
#13557=LINE('',#446,#13560);
#13558=LINE('',#214,#13561);
#13559=LINE('',#212,#13562);
#13560=VECTOR('',#13563,1.0);
#13561=VECTOR('',#13564,1.0);
#13562=VECTOR('',#13565,1.0);
#13563=DIRECTION('',(0,-1,0));
#13564=DIRECTION('',(-0.06111559296346774,0,0.9981306949977663));
#13565=DIRECTION('',(0.0019991025975822853,0.9994648785898486,-0.03264904369477998));
#13566=FACE_SURFACE('',(#13571),#13567,.T.);
#13567=PLANE('',#13568);
#13568=AXIS2_PLACEMENT_3D('',#354,#13569,#13570);
#13569=DIRECTION('',(0.0610962390449761,0,0.9981318798508337));
#13570=DIRECTION('',(-0.03264904373624796,-0.999464879859282,0.0019984671574639905));
#13571=FACE_BOUND('',#13572,.T.);
#13572=EDGE_LOOP('',(#13573,#13574,#13575));
#13573=ORIENTED_EDGE('',*,*,#13576,.T.);
#13574=ORIENTED_EDGE('',*,*,#13577,.T.);
#13575=ORIENTED_EDGE('',*,*,#13578,.T.);
#13576=EDGE_CURVE('',#355,#549,#13579,.F.);
#13577=EDGE_CURVE('',#549,#547,#13580,.T.);
#13578=EDGE_CURVE('',#547,#355,#13581,.T.);
#13579=LINE('',#354,#13582);
#13580=LINE('',#548,#13583);
#13581=LINE('',#546,#13584);
#13582=VECTOR('',#13585,1.0);
#13583=VECTOR('',#13586,1.0);
#13584=VECTOR('',#13587,1.0);
#13585=DIRECTION('',(-0.03264904373624796,-0.999464879859282,0.0019984671574639905));
#13586=DIRECTION('',(0.9981318798508337,0,-0.0610962390449761));
#13587=DIRECTION('',(0,1,0));
#13588=FACE_SURFACE('',(#13593),#13589,.T.);
#13589=PLANE('',#13590);
#13590=AXIS2_PLACEMENT_3D('',#286,#13591,#13592);
#13591=DIRECTION('',(0.9471454324114129,-0,0.3208045041176908));
#13592=DIRECTION('',(0,1,0));
#13593=FACE_BOUND('',#13594,.T.);
#13594=EDGE_LOOP('',(#13595,#13596,#13597));
#13595=ORIENTED_EDGE('',*,*,#13598,.T.);
#13596=ORIENTED_EDGE('',*,*,#13599,.T.);
#13597=ORIENTED_EDGE('',*,*,#13600,.T.);
#13598=EDGE_CURVE('',#287,#205,#13601,.F.);
#13599=EDGE_CURVE('',#205,#291,#13602,.T.);
#13600=EDGE_CURVE('',#291,#287,#13603,.T.);
#13601=LINE('',#286,#13604);
#13602=LINE('',#204,#13605);
#13603=LINE('',#290,#13606);
#13604=VECTOR('',#13607,1.0);
#13605=VECTOR('',#13608,1.0);
#13606=VECTOR('',#13609,1.0);
#13607=DIRECTION('',(0,1,0));
#13608=DIRECTION('',(-0.010494334660594733,-0.9994648011869012,0.030983546092397125));
#13609=DIRECTION('',(0.3208045041176908,0,-0.947145432411413));
#13610=FACE_SURFACE('',(#13615),#13611,.T.);
#13611=PLANE('',#13612);
#13612=AXIS2_PLACEMENT_3D('',#218,#13613,#13614);
#13613=DIRECTION('',(0.9471454324114129,0,0.3208045041176908));
#13614=DIRECTION('',(0,-1,0));
#13615=FACE_BOUND('',#13616,.T.);
#13616=EDGE_LOOP('',(#13617,#13618,#13619));
#13617=ORIENTED_EDGE('',*,*,#13620,.T.);
#13618=ORIENTED_EDGE('',*,*,#13621,.T.);
#13619=ORIENTED_EDGE('',*,*,#13622,.T.);
#13620=EDGE_CURVE('',#219,#291,#13623,.F.);
#13621=EDGE_CURVE('',#291,#205,#13624,.T.);
#13622=EDGE_CURVE('',#205,#219,#13625,.T.);
#13623=LINE('',#218,#13626);
#13624=LINE('',#290,#13627);
#13625=LINE('',#204,#13628);
#13626=VECTOR('',#13629,1.0);
#13627=VECTOR('',#13630,1.0);
#13628=VECTOR('',#13631,1.0);
#13629=DIRECTION('',(0,-1,0));
#13630=DIRECTION('',(0.010494334660594733,0.9994648011869012,-0.030983546092397125));
#13631=DIRECTION('',(-0.3208045041176908,0,0.947145432411413));
#13632=FACE_SURFACE('',(#13637),#13633,.T.);
#13633=PLANE('',#13634);
#13634=AXIS2_PLACEMENT_3D('',#218,#13635,#13636);
#13635=DIRECTION('',(0.9801886557104991,0,0.19806614858790147));
#13636=DIRECTION('',(-0.19806614858790147,0,0.9801886557104992));
#13637=FACE_BOUND('',#13638,.T.);
#13638=EDGE_LOOP('',(#13639,#13640,#13641));
#13639=ORIENTED_EDGE('',*,*,#13642,.T.);
#13640=ORIENTED_EDGE('',*,*,#13643,.T.);
#13641=ORIENTED_EDGE('',*,*,#13644,.T.);
#13642=EDGE_CURVE('',#219,#643,#13645,.F.);
#13643=EDGE_CURVE('',#643,#291,#13646,.T.);
#13644=EDGE_CURVE('',#291,#219,#13647,.T.);
#13645=LINE('',#218,#13648);
#13646=LINE('',#642,#13649);
#13647=LINE('',#290,#13650);
#13648=VECTOR('',#13651,1.0);
#13649=VECTOR('',#13652,1.0);
#13650=VECTOR('',#13653,1.0);
#13651=DIRECTION('',(-0.19806614858790147,0,0.9801886557104992));
#13652=DIRECTION('',(0.006496429019428964,-0.9994619585479648,-0.032149491838312616));
#13653=DIRECTION('',(0,1,0));
#13654=FACE_SURFACE('',(#13659),#13655,.T.);
#13655=PLANE('',#13656);
#13656=AXIS2_PLACEMENT_3D('',#292,#13657,#13658);
#13657=DIRECTION('',(0.9801886557104991,-0,0.19806614858790147));
#13658=DIRECTION('',(0.19806614858790147,0,-0.9801886557104992));
#13659=FACE_BOUND('',#13660,.T.);
#13660=EDGE_LOOP('',(#13661,#13662,#13663));
#13661=ORIENTED_EDGE('',*,*,#13664,.T.);
#13662=ORIENTED_EDGE('',*,*,#13665,.T.);
#13663=ORIENTED_EDGE('',*,*,#13666,.T.);
#13664=EDGE_CURVE('',#293,#291,#13667,.F.);
#13665=EDGE_CURVE('',#291,#643,#13668,.T.);
#13666=EDGE_CURVE('',#643,#293,#13669,.T.);
#13667=LINE('',#292,#13670);
#13668=LINE('',#290,#13671);
#13669=LINE('',#642,#13672);
#13670=VECTOR('',#13673,1.0);
#13671=VECTOR('',#13674,1.0);
#13672=VECTOR('',#13675,1.0);
#13673=DIRECTION('',(0.19806614858790147,0,-0.9801886557104992));
#13674=DIRECTION('',(-0.006496429019428964,0.9994619585479648,0.032149491838312616));
#13675=DIRECTION('',(0,-1,0));
#13676=FACE_SURFACE('',(#13681),#13677,.T.);
#13677=PLANE('',#13678);
#13678=AXIS2_PLACEMENT_3D('',#918,#13679,#13680);
#13679=DIRECTION('',(0.9981306949977661,-0,0.06111559296346773));
#13680=DIRECTION('',(0.06111559296346774,0,-0.9981306949977663));
#13681=FACE_BOUND('',#13682,.T.);
#13682=EDGE_LOOP('',(#13683,#13684,#13685));
#13683=ORIENTED_EDGE('',*,*,#13686,.T.);
#13684=ORIENTED_EDGE('',*,*,#13687,.T.);
#13685=ORIENTED_EDGE('',*,*,#13688,.T.);
#13686=EDGE_CURVE('',#919,#917,#13689,.F.);
#13687=EDGE_CURVE('',#917,#479,#13690,.T.);
#13688=EDGE_CURVE('',#479,#919,#13691,.T.);
#13689=LINE('',#918,#13692);
#13690=LINE('',#916,#13693);
#13691=LINE('',#478,#13694);
#13692=VECTOR('',#13695,1.0);
#13693=VECTOR('',#13696,1.0);
#13694=VECTOR('',#13697,1.0);
#13695=DIRECTION('',(0.06111559296346774,0,-0.9981306949977663));
#13696=DIRECTION('',(-0.0019991025975822853,0.9994648785898486,0.03264904369477998));
#13697=DIRECTION('',(0,-1,0));
#13698=FACE_SURFACE('',(#13703),#13699,.T.);
#13699=PLANE('',#13700);
#13700=AXIS2_PLACEMENT_3D('',#442,#13701,#13702);
#13701=DIRECTION('',(-0.9471454324114129,0,0.3208045041176908));
#13702=DIRECTION('',(-0.010494334660594733,-0.9994648011869012,-0.030983546092397125));
#13703=FACE_BOUND('',#13704,.T.);
#13704=EDGE_LOOP('',(#13705,#13706,#13707));
#13705=ORIENTED_EDGE('',*,*,#13708,.T.);
#13706=ORIENTED_EDGE('',*,*,#13709,.T.);
#13707=ORIENTED_EDGE('',*,*,#13710,.T.);
#13708=EDGE_CURVE('',#443,#539,#13711,.F.);
#13709=EDGE_CURVE('',#539,#371,#13712,.T.);
#13710=EDGE_CURVE('',#371,#443,#13713,.T.);
#13711=LINE('',#442,#13714);
#13712=LINE('',#538,#13715);
#13713=LINE('',#370,#13716);
#13714=VECTOR('',#13717,1.0);
#13715=VECTOR('',#13718,1.0);
#13716=VECTOR('',#13719,1.0);
#13717=DIRECTION('',(-0.010494334660594733,-0.9994648011869012,-0.030983546092397125));
#13718=DIRECTION('',(0.3208045041176908,0,0.947145432411413));
#13719=DIRECTION('',(0,1,0));
#13720=FACE_SURFACE('',(#13725),#13721,.T.);
#13721=PLANE('',#13722);
#13722=AXIS2_PLACEMENT_3D('',#220,#13723,#13724);
#13723=DIRECTION('',(0.9978074433456018,0,0.06618388024370983));
#13724=DIRECTION('',(0,-1,0));
#13725=FACE_BOUND('',#13726,.T.);
#13726=EDGE_LOOP('',(#13727,#13728,#13729));
#13727=ORIENTED_EDGE('',*,*,#13730,.T.);
#13728=ORIENTED_EDGE('',*,*,#13731,.T.);
#13729=ORIENTED_EDGE('',*,*,#13732,.T.);
#13730=EDGE_CURVE('',#221,#305,#13733,.F.);
#13731=EDGE_CURVE('',#305,#643,#13734,.T.);
#13732=EDGE_CURVE('',#643,#221,#13735,.T.);
#13733=LINE('',#220,#13736);
#13734=LINE('',#304,#13737);
#13735=LINE('',#642,#13738);
#13736=VECTOR('',#13739,1.0);
#13737=VECTOR('',#13740,1.0);
#13738=VECTOR('',#13741,1.0);
#13739=DIRECTION('',(0,-1,0));
#13740=DIRECTION('',(0.002165587822835961,0.999464532094208,-0.032649032375971734));
#13741=DIRECTION('',(-0.06618388024370983,0,0.9978074433456018));
#13742=FACE_SURFACE('',(#13747),#13743,.T.);
#13743=PLANE('',#13744);
#13744=AXIS2_PLACEMENT_3D('',#292,#13745,#13746);
#13745=DIRECTION('',(0.9978074433456018,-0,0.06618388024370983));
#13746=DIRECTION('',(0,1,0));
#13747=FACE_BOUND('',#13748,.T.);
#13748=EDGE_LOOP('',(#13749,#13750,#13751));
#13749=ORIENTED_EDGE('',*,*,#13752,.T.);
#13750=ORIENTED_EDGE('',*,*,#13753,.T.);
#13751=ORIENTED_EDGE('',*,*,#13754,.T.);
#13752=EDGE_CURVE('',#293,#643,#13755,.F.);
#13753=EDGE_CURVE('',#643,#305,#13756,.T.);
#13754=EDGE_CURVE('',#305,#293,#13757,.T.);
#13755=LINE('',#292,#13758);
#13756=LINE('',#642,#13759);
#13757=LINE('',#304,#13760);
#13758=VECTOR('',#13761,1.0);
#13759=VECTOR('',#13762,1.0);
#13760=VECTOR('',#13763,1.0);
#13761=DIRECTION('',(0,1,0));
#13762=DIRECTION('',(-0.002165587822835961,-0.999464532094208,0.032649032375971734));
#13763=DIRECTION('',(0.06618388024370983,0,-0.9978074433456018));
#13764=FACE_SURFACE('',(#13769),#13765,.T.);
#13765=PLANE('',#13766);
#13766=AXIS2_PLACEMENT_3D('',#918,#13767,#13768);
#13767=DIRECTION('',(0.9981306949977661,0,-0.06111559296346773));
#13768=DIRECTION('',(0,1,0));
#13769=FACE_BOUND('',#13770,.T.);
#13770=EDGE_LOOP('',(#13771,#13772,#13773));
#13771=ORIENTED_EDGE('',*,*,#13774,.T.);
#13772=ORIENTED_EDGE('',*,*,#13775,.T.);
#13773=ORIENTED_EDGE('',*,*,#13776,.T.);
#13774=EDGE_CURVE('',#919,#479,#13777,.F.);
#13775=EDGE_CURVE('',#479,#921,#13778,.T.);
#13776=EDGE_CURVE('',#921,#919,#13779,.T.);
#13777=LINE('',#918,#13780);
#13778=LINE('',#478,#13781);
#13779=LINE('',#920,#13782);
#13780=VECTOR('',#13783,1.0);
#13781=VECTOR('',#13784,1.0);
#13782=VECTOR('',#13785,1.0);
#13783=DIRECTION('',(0,1,0));
#13784=DIRECTION('',(0.0019991025975822853,-0.9994648785898486,0.03264904369477998));
#13785=DIRECTION('',(-0.06111559296346774,0,-0.9981306949977663));
#13786=FACE_SURFACE('',(#13791),#13787,.T.);
#13787=PLANE('',#13788);
#13788=AXIS2_PLACEMENT_3D('',#976,#13789,#13790);
#13789=DIRECTION('',(0.9981306949977661,0,-0.06111559296346773));
#13790=DIRECTION('',(0,-1,0));
#13791=FACE_BOUND('',#13792,.T.);
#13792=EDGE_LOOP('',(#13793,#13794,#13795));
#13793=ORIENTED_EDGE('',*,*,#13796,.T.);
#13794=ORIENTED_EDGE('',*,*,#13797,.T.);
#13795=ORIENTED_EDGE('',*,*,#13798,.T.);
#13796=EDGE_CURVE('',#977,#921,#13799,.F.);
#13797=EDGE_CURVE('',#921,#479,#13800,.T.);
#13798=EDGE_CURVE('',#479,#977,#13801,.T.);
#13799=LINE('',#976,#13802);
#13800=LINE('',#920,#13803);
#13801=LINE('',#478,#13804);
#13802=VECTOR('',#13805,1.0);
#13803=VECTOR('',#13806,1.0);
#13804=VECTOR('',#13807,1.0);
#13805=DIRECTION('',(0,-1,0));
#13806=DIRECTION('',(-0.0019991025975822853,0.9994648785898486,-0.03264904369477998));
#13807=DIRECTION('',(0.06111559296346774,0,0.9981306949977663));
#13808=FACE_SURFACE('',(#13813),#13809,.T.);
#13809=PLANE('',#13810);
#13810=AXIS2_PLACEMENT_3D('',#772,#13811,#13812);
#13811=DIRECTION('',(-0.06651677016472321,0,-0.9977853072113527));
#13812=DIRECTION('',(0,1,0));
#13813=FACE_BOUND('',#13814,.T.);
#13814=EDGE_LOOP('',(#13815,#13816,#13817));
#13815=ORIENTED_EDGE('',*,*,#13818,.T.);
#13816=ORIENTED_EDGE('',*,*,#13819,.T.);
#13817=ORIENTED_EDGE('',*,*,#13820,.T.);
#13818=EDGE_CURVE('',#773,#621,#13821,.F.);
#13819=EDGE_CURVE('',#621,#775,#13822,.T.);
#13820=EDGE_CURVE('',#775,#773,#13823,.T.);
#13821=LINE('',#772,#13824);
#13822=LINE('',#620,#13825);
#13823=LINE('',#774,#13826);
#13824=VECTOR('',#13827,1.0);
#13825=VECTOR('',#13828,1.0);
#13826=VECTOR('',#13829,1.0);
#13827=DIRECTION('',(0,1,0));
#13828=DIRECTION('',(0.023115905741306886,-0.9997316040794825,-0.0015410082492006666));
#13829=DIRECTION('',(-0.9977853072113526,0,0.0665167701647232));
#13830=FACE_SURFACE('',(#13835),#13831,.T.);
#13831=PLANE('',#13832);
#13832=AXIS2_PLACEMENT_3D('',#976,#13833,#13834);
#13833=DIRECTION('',(0.9801886557104991,0,-0.19806614858790147));
#13834=DIRECTION('',(0.19806614858790147,0,0.9801886557104992));
#13835=FACE_BOUND('',#13836,.T.);
#13836=EDGE_LOOP('',(#13837,#13838,#13839));
#13837=ORIENTED_EDGE('',*,*,#13840,.T.);
#13838=ORIENTED_EDGE('',*,*,#13841,.T.);
#13839=ORIENTED_EDGE('',*,*,#13842,.T.);
#13840=EDGE_CURVE('',#977,#979,#13843,.F.);
#13841=EDGE_CURVE('',#979,#921,#13844,.T.);
#13842=EDGE_CURVE('',#921,#977,#13845,.T.);
#13843=LINE('',#976,#13846);
#13844=LINE('',#978,#13847);
#13845=LINE('',#920,#13848);
#13846=VECTOR('',#13849,1.0);
#13847=VECTOR('',#13850,1.0);
#13848=VECTOR('',#13851,1.0);
#13849=DIRECTION('',(0.19806614858790147,0,0.9801886557104992));
#13850=DIRECTION('',(-0.006496429019428964,-0.9994619585479648,-0.032149491838312616));
#13851=DIRECTION('',(0,1,0));
#13852=FACE_SURFACE('',(#13857),#13853,.T.);
#13853=PLANE('',#13854);
#13854=AXIS2_PLACEMENT_3D('',#220,#13855,#13856);
#13855=DIRECTION('',(0.9978074433456018,0,-0.06618388024370983));
#13856=DIRECTION('',(0.06618388024370983,0,0.9978074433456018));
#13857=FACE_BOUND('',#13858,.T.);
#13858=EDGE_LOOP('',(#13859,#13860,#13861));
#13859=ORIENTED_EDGE('',*,*,#13862,.T.);
#13860=ORIENTED_EDGE('',*,*,#13863,.T.);
#13861=ORIENTED_EDGE('',*,*,#13864,.T.);
#13862=EDGE_CURVE('',#221,#223,#13865,.F.);
#13863=EDGE_CURVE('',#223,#305,#13866,.T.);
#13864=EDGE_CURVE('',#305,#221,#13867,.T.);
#13865=LINE('',#220,#13868);
#13866=LINE('',#222,#13869);
#13867=LINE('',#304,#13870);
#13868=VECTOR('',#13871,1.0);
#13869=VECTOR('',#13872,1.0);
#13870=VECTOR('',#13873,1.0);
#13871=DIRECTION('',(0.06618388024370983,0,0.9978074433456018));
#13872=DIRECTION('',(-0.002165587822835961,-0.999464532094208,-0.032649032375971734));
#13873=DIRECTION('',(0,1,0));
#13874=FACE_SURFACE('',(#13879),#13875,.T.);
#13875=PLANE('',#13876);
#13876=AXIS2_PLACEMENT_3D('',#606,#13877,#13878);
#13877=DIRECTION('',(0.9978074433456018,0,-0.06618388024370983));
#13878=DIRECTION('',(-0.06618388024370983,0,-0.9978074433456018));
#13879=FACE_BOUND('',#13880,.T.);
#13880=EDGE_LOOP('',(#13881,#13882,#13883));
#13881=ORIENTED_EDGE('',*,*,#13884,.T.);
#13882=ORIENTED_EDGE('',*,*,#13885,.T.);
#13883=ORIENTED_EDGE('',*,*,#13886,.T.);
#13884=EDGE_CURVE('',#607,#305,#13887,.F.);
#13885=EDGE_CURVE('',#305,#223,#13888,.T.);
#13886=EDGE_CURVE('',#223,#607,#13889,.T.);
#13887=LINE('',#606,#13890);
#13888=LINE('',#304,#13891);
#13889=LINE('',#222,#13892);
#13890=VECTOR('',#13893,1.0);
#13891=VECTOR('',#13894,1.0);
#13892=VECTOR('',#13895,1.0);
#13893=DIRECTION('',(-0.06618388024370983,0,-0.9978074433456018));
#13894=DIRECTION('',(0.002165587822835961,0.999464532094208,0.032649032375971734));
#13895=DIRECTION('',(0,-1,0));
#13896=FACE_SURFACE('',(#13901),#13897,.T.);
#13897=PLANE('',#13898);
#13898=AXIS2_PLACEMENT_3D('',#770,#13899,#13900);
#13899=DIRECTION('',(-0.8317744883383313,0,-0.555113682545753));
#13900=DIRECTION('',(0.012869932075371612,0.9997312075775491,-0.01928412414165092));
#13901=FACE_BOUND('',#13902,.T.);
#13902=EDGE_LOOP('',(#13903,#13904,#13905));
#13903=ORIENTED_EDGE('',*,*,#13906,.T.);
#13904=ORIENTED_EDGE('',*,*,#13907,.T.);
#13905=ORIENTED_EDGE('',*,*,#13908,.T.);
#13906=EDGE_CURVE('',#771,#679,#13909,.F.);
#13907=EDGE_CURVE('',#679,#757,#13910,.T.);
#13908=EDGE_CURVE('',#757,#771,#13911,.T.);
#13909=LINE('',#770,#13912);
#13910=LINE('',#678,#13913);
#13911=LINE('',#756,#13914);
#13912=VECTOR('',#13915,1.0);
#13913=VECTOR('',#13916,1.0);
#13914=VECTOR('',#13917,1.0);
#13915=DIRECTION('',(0.012869932075371612,0.9997312075775491,-0.01928412414165092));
#13916=DIRECTION('',(0,-1,0));
#13917=DIRECTION('',(-0.5551136825457531,0,0.8317744883383315));
#13918=FACE_SURFACE('',(#13923),#13919,.T.);
#13919=PLANE('',#13920);
#13920=AXIS2_PLACEMENT_3D('',#628,#13921,#13922);
#13921=DIRECTION('',(-0.19403897044523805,-0,-0.980993821564923));
#13922=DIRECTION('',(0,-1,0));
#13923=FACE_BOUND('',#13924,.T.);
#13924=EDGE_LOOP('',(#13925,#13926,#13927));
#13925=ORIENTED_EDGE('',*,*,#13928,.T.);
#13926=ORIENTED_EDGE('',*,*,#13929,.T.);
#13927=ORIENTED_EDGE('',*,*,#13930,.T.);
#13928=EDGE_CURVE('',#629,#803,#13931,.F.);
#13929=EDGE_CURVE('',#803,#665,#13932,.T.);
#13930=EDGE_CURVE('',#665,#629,#13933,.T.);
#13931=LINE('',#628,#13934);
#13932=LINE('',#802,#13935);
#13933=LINE('',#664,#13936);
#13934=VECTOR('',#13937,1.0);
#13935=VECTOR('',#13938,1.0);
#13936=VECTOR('',#13939,1.0);
#13937=DIRECTION('',(0,-1,0));
#13938=DIRECTION('',(-0.02274104299369849,0.9997312697373918,0.00449814104059178));
#13939=DIRECTION('',(0.980993821564923,0,-0.19403897044523805));
#13940=FACE_SURFACE('',(#13945),#13941,.T.);
#13941=PLANE('',#13942);
#13942=AXIS2_PLACEMENT_3D('',#922,#13943,#13944);
#13943=DIRECTION('',(0.9471454324114129,0,-0.3208045041176908));
#13944=DIRECTION('',(0,1,0));
#13945=FACE_BOUND('',#13946,.T.);
#13946=EDGE_LOOP('',(#13947,#13948,#13949));
#13947=ORIENTED_EDGE('',*,*,#13950,.T.);
#13948=ORIENTED_EDGE('',*,*,#13951,.T.);
#13949=ORIENTED_EDGE('',*,*,#13952,.T.);
#13950=EDGE_CURVE('',#923,#979,#13953,.F.);
#13951=EDGE_CURVE('',#979,#981,#13954,.T.);
#13952=EDGE_CURVE('',#981,#923,#13955,.T.);
#13953=LINE('',#922,#13956);
#13954=LINE('',#978,#13957);
#13955=LINE('',#980,#13958);
#13956=VECTOR('',#13959,1.0);
#13957=VECTOR('',#13960,1.0);
#13958=VECTOR('',#13961,1.0);
#13959=DIRECTION('',(0,1,0));
#13960=DIRECTION('',(0.010494334660594733,-0.9994648011869012,0.030983546092397125));
#13961=DIRECTION('',(-0.3208045041176908,0,-0.947145432411413));
#13962=FACE_SURFACE('',(#13967),#13963,.T.);
#13963=PLANE('',#13964);
#13964=AXIS2_PLACEMENT_3D('',#222,#13965,#13966);
#13965=DIRECTION('',(0.9801886557104991,0,-0.19806614858790147));
#13966=DIRECTION('',(0.19806614858790147,0,0.9801886557104992));
#13967=FACE_BOUND('',#13968,.T.);
#13968=EDGE_LOOP('',(#13969,#13970,#13971));
#13969=ORIENTED_EDGE('',*,*,#13972,.T.);
#13970=ORIENTED_EDGE('',*,*,#13973,.T.);
#13971=ORIENTED_EDGE('',*,*,#13974,.T.);
#13972=EDGE_CURVE('',#223,#641,#13975,.F.);
#13973=EDGE_CURVE('',#641,#607,#13976,.T.);
#13974=EDGE_CURVE('',#607,#223,#13977,.T.);
#13975=LINE('',#222,#13978);
#13976=LINE('',#640,#13979);
#13977=LINE('',#606,#13980);
#13978=VECTOR('',#13981,1.0);
#13979=VECTOR('',#13982,1.0);
#13980=VECTOR('',#13983,1.0);
#13981=DIRECTION('',(0.19806614858790147,0,0.9801886557104992));
#13982=DIRECTION('',(-0.006496429019428964,-0.9994619585479648,-0.032149491838312616));
#13983=DIRECTION('',(0,1,0));
#13984=FACE_SURFACE('',(#13989),#13985,.T.);
#13985=PLANE('',#13986);
#13986=AXIS2_PLACEMENT_3D('',#608,#13987,#13988);
#13987=DIRECTION('',(0.9801886557104991,0,-0.19806614858790147));
#13988=DIRECTION('',(-0.19806614858790147,0,-0.9801886557104992));
#13989=FACE_BOUND('',#13990,.T.);
#13990=EDGE_LOOP('',(#13991,#13992,#13993));
#13991=ORIENTED_EDGE('',*,*,#13994,.T.);
#13992=ORIENTED_EDGE('',*,*,#13995,.T.);
#13993=ORIENTED_EDGE('',*,*,#13996,.T.);
#13994=EDGE_CURVE('',#609,#607,#13997,.F.);
#13995=EDGE_CURVE('',#607,#641,#13998,.T.);
#13996=EDGE_CURVE('',#641,#609,#13999,.T.);
#13997=LINE('',#608,#14000);
#13998=LINE('',#606,#14001);
#13999=LINE('',#640,#14002);
#14000=VECTOR('',#14003,1.0);
#14001=VECTOR('',#14004,1.0);
#14002=VECTOR('',#14005,1.0);
#14003=DIRECTION('',(-0.19806614858790147,0,-0.9801886557104992));
#14004=DIRECTION('',(0.006496429019428964,0.9994619585479648,0.032149491838312616));
#14005=DIRECTION('',(0,-1,0));
#14006=FACE_SURFACE('',(#14011),#14007,.T.);
#14007=PLANE('',#14008);
#14008=AXIS2_PLACEMENT_3D('',#756,#14009,#14010);
#14009=DIRECTION('',(-0.8969291224726834,0,-0.4421743426075083));
#14010=DIRECTION('',(0,1,0));
#14011=FACE_BOUND('',#14012,.T.);
#14012=EDGE_LOOP('',(#14013,#14014,#14015));
#14013=ORIENTED_EDGE('',*,*,#14016,.T.);
#14014=ORIENTED_EDGE('',*,*,#14017,.T.);
#14015=ORIENTED_EDGE('',*,*,#14018,.T.);
#14016=EDGE_CURVE('',#757,#679,#14019,.F.);
#14017=EDGE_CURVE('',#679,#753,#14020,.T.);
#14018=EDGE_CURVE('',#753,#757,#14021,.T.);
#14019=LINE('',#756,#14022);
#14020=LINE('',#678,#14023);
#14021=LINE('',#752,#14024);
#14022=VECTOR('',#14025,1.0);
#14023=VECTOR('',#14026,1.0);
#14024=VECTOR('',#14027,1.0);
#14025=DIRECTION('',(0,1,0));
#14026=DIRECTION('',(0.010245960032960322,-0.9997314986028556,-0.02078343100384414));
#14027=DIRECTION('',(-0.4421743426075084,0,0.8969291224726834));
#14028=FACE_SURFACE('',(#14033),#14029,.T.);
#14029=PLANE('',#14030);
#14030=AXIS2_PLACEMENT_3D('',#800,#14031,#14032);
#14031=DIRECTION('',(-0.32216221266948775,0,-0.9466844821417005));
#14032=DIRECTION('',(-0.9466844821417005,0,0.3221622126694877));
#14033=FACE_BOUND('',#14034,.T.);
#14034=EDGE_LOOP('',(#14035,#14036,#14037));
#14035=ORIENTED_EDGE('',*,*,#14038,.T.);
#14036=ORIENTED_EDGE('',*,*,#14039,.T.);
#14037=ORIENTED_EDGE('',*,*,#14040,.T.);
#14038=EDGE_CURVE('',#801,#803,#14041,.F.);
#14039=EDGE_CURVE('',#803,#663,#14042,.T.);
#14040=EDGE_CURVE('',#663,#801,#14043,.T.);
#14041=LINE('',#800,#14044);
#14042=LINE('',#802,#14045);
#14043=LINE('',#662,#14046);
#14044=VECTOR('',#14047,1.0);
#14045=VECTOR('',#14048,1.0);
#14046=VECTOR('',#14049,1.0);
#14047=DIRECTION('',(-0.9466844821417005,0,0.3221622126694877));
#14048=DIRECTION('',(0.02190806113122163,0.9997321907743092,-0.007455440099076559));
#14049=DIRECTION('',(0,-1,0));
#14050=FACE_SURFACE('',(#14055),#14051,.T.);
#14051=PLANE('',#14052);
#14052=AXIS2_PLACEMENT_3D('',#608,#14053,#14054);
#14053=DIRECTION('',(0.9471454324114129,0,-0.3208045041176908));
#14054=DIRECTION('',(0,1,0));
#14055=FACE_BOUND('',#14056,.T.);
#14056=EDGE_LOOP('',(#14057,#14058,#14059));
#14057=ORIENTED_EDGE('',*,*,#14060,.T.);
#14058=ORIENTED_EDGE('',*,*,#14061,.T.);
#14059=ORIENTED_EDGE('',*,*,#14062,.T.);
#14060=EDGE_CURVE('',#609,#641,#14063,.F.);
#14061=EDGE_CURVE('',#641,#487,#14064,.T.);
#14062=EDGE_CURVE('',#487,#609,#14065,.T.);
#14063=LINE('',#608,#14066);
#14064=LINE('',#640,#14067);
#14065=LINE('',#486,#14068);
#14066=VECTOR('',#14069,1.0);
#14067=VECTOR('',#14070,1.0);
#14068=VECTOR('',#14071,1.0);
#14069=DIRECTION('',(0,1,0));
#14070=DIRECTION('',(0.010494334660594733,-0.9994648011869012,0.030983546092397125));
#14071=DIRECTION('',(-0.3208045041176908,0,-0.947145432411413));
#14072=FACE_SURFACE('',(#14077),#14073,.T.);
#14073=PLANE('',#14074);
#14074=AXIS2_PLACEMENT_3D('',#294,#14075,#14076);
#14075=DIRECTION('',(0.9471454324114129,0,-0.3208045041176908));
#14076=DIRECTION('',(0,-1,0));
#14077=FACE_BOUND('',#14078,.T.);
#14078=EDGE_LOOP('',(#14079,#14080,#14081));
#14079=ORIENTED_EDGE('',*,*,#14082,.T.);
#14080=ORIENTED_EDGE('',*,*,#14083,.T.);
#14081=ORIENTED_EDGE('',*,*,#14084,.T.);
#14082=EDGE_CURVE('',#295,#487,#14085,.F.);
#14083=EDGE_CURVE('',#487,#641,#14086,.T.);
#14084=EDGE_CURVE('',#641,#295,#14087,.T.);
#14085=LINE('',#294,#14088);
#14086=LINE('',#486,#14089);
#14087=LINE('',#640,#14090);
#14088=VECTOR('',#14091,1.0);
#14089=VECTOR('',#14092,1.0);
#14090=VECTOR('',#14093,1.0);
#14091=DIRECTION('',(0,-1,0));
#14092=DIRECTION('',(-0.010494334660594733,0.9994648011869012,-0.030983546092397125));
#14093=DIRECTION('',(0.3208045041176908,0,0.947145432411413));
#14094=FACE_SURFACE('',(#14099),#14095,.T.);
#14095=PLANE('',#14096);
#14096=AXIS2_PLACEMENT_3D('',#636,#14097,#14098);
#14097=DIRECTION('',(-0.442176855393518,-0,-0.8969278836976248));
#14098=DIRECTION('',(0,-1,0));
#14099=FACE_BOUND('',#14100,.T.);
#14100=EDGE_LOOP('',(#14101,#14102,#14103));
#14101=ORIENTED_EDGE('',*,*,#14104,.T.);
#14102=ORIENTED_EDGE('',*,*,#14105,.T.);
#14103=ORIENTED_EDGE('',*,*,#14106,.T.);
#14104=EDGE_CURVE('',#637,#703,#14107,.F.);
#14105=EDGE_CURVE('',#703,#663,#14108,.T.);
#14106=EDGE_CURVE('',#663,#637,#14109,.T.);
#14107=LINE('',#636,#14110);
#14108=LINE('',#702,#14111);
#14109=LINE('',#662,#14112);
#14110=VECTOR('',#14113,1.0);
#14111=VECTOR('',#14114,1.0);
#14112=VECTOR('',#14115,1.0);
#14113=DIRECTION('',(0,-1,0));
#14114=DIRECTION('',(-0.020783485575203937,0.999731496450873,0.010246059312900537));
#14115=DIRECTION('',(0.8969278836976249,0,-0.442176855393518));
#14116=FACE_SURFACE('',(#14121),#14117,.T.);
#14117=PLANE('',#14118);
#14118=AXIS2_PLACEMENT_3D('',#982,#14119,#14120);
#14119=DIRECTION('',(0.8964542110716484,0,-0.44313637568124387));
#14120=DIRECTION('',(0.44313637568124387,0,0.8964542110716484));
#14121=FACE_BOUND('',#14122,.T.);
#14122=EDGE_LOOP('',(#14123,#14124,#14125));
#14123=ORIENTED_EDGE('',*,*,#14126,.T.);
#14124=ORIENTED_EDGE('',*,*,#14127,.T.);
#14125=ORIENTED_EDGE('',*,*,#14128,.T.);
#14126=EDGE_CURVE('',#983,#473,#14129,.F.);
#14127=EDGE_CURVE('',#473,#981,#14130,.T.);
#14128=EDGE_CURVE('',#981,#983,#14131,.T.);
#14129=LINE('',#982,#14132);
#14130=LINE('',#472,#14133);
#14131=LINE('',#980,#14134);
#14132=VECTOR('',#14135,1.0);
#14133=VECTOR('',#14136,1.0);
#14134=VECTOR('',#14137,1.0);
#14135=DIRECTION('',(0.44313637568124387,0,0.8964542110716484));
#14136=DIRECTION('',(-0.014492225997411828,-0.9994650889524107,-0.029317424016950845));
#14137=DIRECTION('',(0,1,0));
#14138=FACE_SURFACE('',(#14143),#14139,.T.);
#14139=PLANE('',#14140);
#14140=AXIS2_PLACEMENT_3D('',#814,#14141,#14142);
#14141=DIRECTION('',(0,-1,0));
#14142=DIRECTION('',(0.6354081529470299,0,-0.7721764559791007));
#14143=FACE_BOUND('',#14144,.T.);
#14144=EDGE_LOOP('',(#14145,#14146,#14147));
#14145=ORIENTED_EDGE('',*,*,#14148,.T.);
#14146=ORIENTED_EDGE('',*,*,#14149,.T.);
#14147=ORIENTED_EDGE('',*,*,#14150,.T.);
#14148=EDGE_CURVE('',#815,#37,#14151,.F.);
#14149=EDGE_CURVE('',#37,#809,#14152,.T.);
#14150=EDGE_CURVE('',#809,#815,#14153,.T.);
#14151=LINE('',#814,#14154);
#14152=LINE('',#36,#14155);
#14153=LINE('',#808,#14156);
#14154=VECTOR('',#14157,1.0);
#14155=VECTOR('',#14158,1.0);
#14156=VECTOR('',#14159,1.0);
#14157=DIRECTION('',(0.6354081529470299,0,-0.7721764559791007));
#14158=DIRECTION('',(-0.6272971513736818,0,0.778779997097039));
#14159=DIRECTION('',(0.19806614858790147,0,-0.9801886557104992));
#14160=FACE_SURFACE('',(#14165),#14161,.T.);
#14161=PLANE('',#14162);
#14162=AXIS2_PLACEMENT_3D('',#294,#14163,#14164);
#14163=DIRECTION('',(0.8964542110716484,0,-0.44313637568124387));
#14164=DIRECTION('',(0.44313637568124387,0,0.8964542110716484));
#14165=FACE_BOUND('',#14166,.T.);
#14166=EDGE_LOOP('',(#14167,#14168,#14169));
#14167=ORIENTED_EDGE('',*,*,#14170,.T.);
#14168=ORIENTED_EDGE('',*,*,#14171,.T.);
#14169=ORIENTED_EDGE('',*,*,#14172,.T.);
#14170=EDGE_CURVE('',#295,#297,#14173,.F.);
#14171=EDGE_CURVE('',#297,#487,#14174,.T.);
#14172=EDGE_CURVE('',#487,#295,#14175,.T.);
#14173=LINE('',#294,#14176);
#14174=LINE('',#296,#14177);
#14175=LINE('',#486,#14178);
#14176=VECTOR('',#14179,1.0);
#14177=VECTOR('',#14180,1.0);
#14178=VECTOR('',#14181,1.0);
#14179=DIRECTION('',(0.44313637568124387,0,0.8964542110716484));
#14180=DIRECTION('',(-0.014492225997411828,-0.9994650889524107,-0.029317424016950845));
#14181=DIRECTION('',(0,1,0));
#14182=FACE_SURFACE('',(#14187),#14183,.T.);
#14183=PLANE('',#14184);
#14184=AXIS2_PLACEMENT_3D('',#984,#14185,#14186);
#14185=DIRECTION('',(0,-1,0));
#14186=DIRECTION('',(0.6457368290058478,0,-0.7635600485000982));
#14187=FACE_BOUND('',#14188,.T.);
#14188=EDGE_LOOP('',(#14189,#14190,#14191));
#14189=ORIENTED_EDGE('',*,*,#14192,.T.);
#14190=ORIENTED_EDGE('',*,*,#14193,.T.);
#14191=ORIENTED_EDGE('',*,*,#14194,.T.);
#14192=EDGE_CURVE('',#985,#37,#14195,.F.);
#14193=EDGE_CURVE('',#37,#815,#14196,.T.);
#14194=EDGE_CURVE('',#815,#985,#14197,.T.);
#14195=LINE('',#984,#14198);
#14196=LINE('',#36,#14199);
#14197=LINE('',#814,#14200);
#14198=VECTOR('',#14201,1.0);
#14199=VECTOR('',#14202,1.0);
#14200=VECTOR('',#14203,1.0);
#14201=DIRECTION('',(0.6457368290058478,0,-0.7635600485000982));
#14202=DIRECTION('',(-0.6354081529470299,0,0.7721764559791007));
#14203=DIRECTION('',(0.06618388024370983,0,-0.9978074433456018));
#14204=FACE_SURFACE('',(#14209),#14205,.T.);
#14205=PLANE('',#14206);
#14206=AXIS2_PLACEMENT_3D('',#472,#14207,#14208);
#14207=DIRECTION('',(0.8328303005395883,0,-0.5535284008098762));
#14208=DIRECTION('',(0.5535284008098762,0,0.8328303005395884));
#14209=FACE_BOUND('',#14210,.T.);
#14210=EDGE_LOOP('',(#14211,#14212,#14213));
#14211=ORIENTED_EDGE('',*,*,#14214,.T.);
#14212=ORIENTED_EDGE('',*,*,#14215,.T.);
#14213=ORIENTED_EDGE('',*,*,#14216,.T.);
#14214=EDGE_CURVE('',#473,#569,#14217,.F.);
#14215=EDGE_CURVE('',#569,#937,#14218,.T.);
#14216=EDGE_CURVE('',#937,#473,#14219,.T.);
#14217=LINE('',#472,#14220);
#14218=LINE('',#568,#14221);
#14219=LINE('',#936,#14222);
#14220=VECTOR('',#14223,1.0);
#14221=VECTOR('',#14224,1.0);
#14222=VECTOR('',#14225,1.0);
#14223=DIRECTION('',(0.5535284008098762,0,0.8328303005395884));
#14224=DIRECTION('',(-0.018157083541323372,-0.999461855082944,-0.02731886804817577));
#14225=DIRECTION('',(0,1,0));
#14226=FACE_SURFACE('',(#14231),#14227,.T.);
#14227=PLANE('',#14228);
#14228=AXIS2_PLACEMENT_3D('',#236,#14229,#14230);
#14229=DIRECTION('',(-0.19806614858790147,0,0.9801886557104991));
#14230=DIRECTION('',(-0.032149491838312616,-0.9994619585479648,-0.006496429019428964));
#14231=FACE_BOUND('',#14232,.T.);
#14232=EDGE_LOOP('',(#14233,#14234,#14235));
#14233=ORIENTED_EDGE('',*,*,#14236,.T.);
#14234=ORIENTED_EDGE('',*,*,#14237,.T.);
#14235=ORIENTED_EDGE('',*,*,#14238,.T.);
#14236=EDGE_CURVE('',#237,#331,#14239,.F.);
#14237=EDGE_CURVE('',#331,#393,#14240,.T.);
#14238=EDGE_CURVE('',#393,#237,#14241,.T.);
#14239=LINE('',#236,#14242);
#14240=LINE('',#330,#14243);
#14241=LINE('',#392,#14244);
#14242=VECTOR('',#14245,1.0);
#14243=VECTOR('',#14246,1.0);
#14244=VECTOR('',#14247,1.0);
#14245=DIRECTION('',(-0.032149491838312616,-0.9994619585479648,-0.006496429019428964));
#14246=DIRECTION('',(0.9801886557104992,0,0.19806614858790147));
#14247=DIRECTION('',(0,1,0));
#14248=FACE_SURFACE('',(#14253),#14249,.T.);
#14249=PLANE('',#14250);
#14250=AXIS2_PLACEMENT_3D('',#534,#14251,#14252);
#14251=DIRECTION('',(-0.06111559296346773,0,0.9981306949977661));
#14252=DIRECTION('',(0,-1,0));
#14253=FACE_BOUND('',#14254,.T.);
#14254=EDGE_LOOP('',(#14255,#14256,#14257));
#14255=ORIENTED_EDGE('',*,*,#14258,.T.);
#14256=ORIENTED_EDGE('',*,*,#14259,.T.);
#14257=ORIENTED_EDGE('',*,*,#14260,.T.);
#14258=EDGE_CURVE('',#535,#329,#14261,.F.);
#14259=EDGE_CURVE('',#329,#235,#14262,.T.);
#14260=EDGE_CURVE('',#235,#535,#14263,.T.);
#14261=LINE('',#534,#14264);
#14262=LINE('',#328,#14265);
#14263=LINE('',#234,#14266);
#14264=VECTOR('',#14267,1.0);
#14265=VECTOR('',#14268,1.0);
#14266=VECTOR('',#14269,1.0);
#14267=DIRECTION('',(0,-1,0));
#14268=DIRECTION('',(0.03264904369477998,0.9994648785898486,0.0019991025975822853));
#14269=DIRECTION('',(-0.9981306949977663,0,-0.06111559296346774));
#14270=FACE_SURFACE('',(#14275),#14271,.T.);
#14271=PLANE('',#14272);
#14272=AXIS2_PLACEMENT_3D('',#330,#14273,#14274);
#14273=DIRECTION('',(-0.06111559296346773,0,0.9981306949977661));
#14274=DIRECTION('',(0,1,0));
#14275=FACE_BOUND('',#14276,.T.);
#14276=EDGE_LOOP('',(#14277,#14278,#14279));
#14277=ORIENTED_EDGE('',*,*,#14280,.T.);
#14278=ORIENTED_EDGE('',*,*,#14281,.T.);
#14279=ORIENTED_EDGE('',*,*,#14282,.T.);
#14280=EDGE_CURVE('',#331,#235,#14283,.F.);
#14281=EDGE_CURVE('',#235,#329,#14284,.T.);
#14282=EDGE_CURVE('',#329,#331,#14285,.T.);
#14283=LINE('',#330,#14286);
#14284=LINE('',#234,#14287);
#14285=LINE('',#328,#14288);
#14286=VECTOR('',#14289,1.0);
#14287=VECTOR('',#14290,1.0);
#14288=VECTOR('',#14291,1.0);
#14289=DIRECTION('',(0,1,0));
#14290=DIRECTION('',(-0.03264904369477998,-0.9994648785898486,-0.0019991025975822853));
#14291=DIRECTION('',(0.9981306949977663,0,0.06111559296346774));
#14292=FACE_SURFACE('',(#14297),#14293,.T.);
#14293=PLANE('',#14294);
#14294=AXIS2_PLACEMENT_3D('',#674,#14295,#14296);
#14295=DIRECTION('',(-0.6597770176442878,-0,-0.7514614341324569));
#14296=DIRECTION('',(0,-1,0));
#14297=FACE_BOUND('',#14298,.T.);
#14298=EDGE_LOOP('',(#14299,#14300,#14301));
#14299=ORIENTED_EDGE('',*,*,#14302,.T.);
#14300=ORIENTED_EDGE('',*,*,#14303,.T.);
#14301=ORIENTED_EDGE('',*,*,#14304,.T.);
#14302=EDGE_CURVE('',#675,#705,#14305,.F.);
#14303=EDGE_CURVE('',#705,#635,#14306,.T.);
#14304=EDGE_CURVE('',#635,#675,#14307,.T.);
#14305=LINE('',#674,#14308);
#14306=LINE('',#704,#14309);
#14307=LINE('',#634,#14310);
#14308=VECTOR('',#14311,1.0);
#14309=VECTOR('',#14312,1.0);
#14310=VECTOR('',#14313,1.0);
#14311=DIRECTION('',(0,-1,0));
#14312=DIRECTION('',(-0.017409816063309363,0.9997315871738084,0.015285676680463114));
#14313=DIRECTION('',(0.7514614341324571,0,-0.6597770176442879));
#14314=FACE_SURFACE('',(#14319),#14315,.T.);
#14315=PLANE('',#14316);
#14316=AXIS2_PLACEMENT_3D('',#986,#14317,#14318);
#14317=DIRECTION('',(0.7490945091601733,0,-0.6624631433869201));
#14318=DIRECTION('',(0,-1,0));
#14319=FACE_BOUND('',#14320,.T.);
#14320=EDGE_LOOP('',(#14321,#14322,#14323));
#14321=ORIENTED_EDGE('',*,*,#14324,.T.);
#14322=ORIENTED_EDGE('',*,*,#14325,.T.);
#14323=ORIENTED_EDGE('',*,*,#14326,.T.);
#14324=EDGE_CURVE('',#987,#927,#14327,.F.);
#14325=EDGE_CURVE('',#927,#569,#14328,.T.);
#14326=EDGE_CURVE('',#569,#987,#14329,.T.);
#14327=LINE('',#986,#14330);
#14328=LINE('',#926,#14331);
#14329=LINE('',#568,#14332);
#14330=VECTOR('',#14333,1.0);
#14331=VECTOR('',#14334,1.0);
#14332=VECTOR('',#14335,1.0);
#14333=DIRECTION('',(0,-1,0));
#14334=DIRECTION('',(-0.02165494792358729,0.9994655871263466,-0.024486800130153506));
#14335=DIRECTION('',(0.6624631433869201,0,0.7490945091601733));
#14336=FACE_SURFACE('',(#14341),#14337,.T.);
#14337=PLANE('',#14338);
#14338=AXIS2_PLACEMENT_3D('',#672,#14339,#14340);
#14339=DIRECTION('',(-0.7514612994076278,0,-0.6597771710908158));
#14340=DIRECTION('',(-0.015285656832630553,-0.9997315879958157,0.01740978628702289));
#14341=FACE_BOUND('',#14342,.T.);
#14342=EDGE_LOOP('',(#14343,#14344,#14345));
#14343=ORIENTED_EDGE('',*,*,#14346,.T.);
#14344=ORIENTED_EDGE('',*,*,#14347,.T.);
#14345=ORIENTED_EDGE('',*,*,#14348,.T.);
#14346=EDGE_CURVE('',#673,#705,#14349,.F.);
#14347=EDGE_CURVE('',#705,#675,#14350,.T.);
#14348=EDGE_CURVE('',#675,#673,#14351,.T.);
#14349=LINE('',#672,#14352);
#14350=LINE('',#704,#14353);
#14351=LINE('',#674,#14354);
#14352=VECTOR('',#14355,1.0);
#14353=VECTOR('',#14356,1.0);
#14354=VECTOR('',#14357,1.0);
#14355=DIRECTION('',(-0.015285656832630553,-0.9997315879958157,0.01740978628702289));
#14356=DIRECTION('',(0,1,0));
#14357=DIRECTION('',(0.6597771710908157,0,-0.7514612994076277));
#14358=FACE_SURFACE('',(#14363),#14359,.T.);
#14359=PLANE('',#14360);
#14360=AXIS2_PLACEMENT_3D('',#988,#14361,#14362);
#14361=DIRECTION('',(0,-1,0));
#14362=DIRECTION('',(0.7208093066601338,0,-0.693133423975599));
#14363=FACE_BOUND('',#14364,.T.);
#14364=EDGE_LOOP('',(#14365,#14366,#14367));
#14365=ORIENTED_EDGE('',*,*,#14368,.T.);
#14366=ORIENTED_EDGE('',*,*,#14369,.T.);
#14367=ORIENTED_EDGE('',*,*,#14370,.T.);
#14368=EDGE_CURVE('',#989,#37,#14371,.F.);
#14369=EDGE_CURVE('',#37,#991,#14372,.T.);
#14370=EDGE_CURVE('',#991,#989,#14373,.T.);
#14371=LINE('',#988,#14374);
#14372=LINE('',#36,#14375);
#14373=LINE('',#990,#14376);
#14374=VECTOR('',#14377,1.0);
#14375=VECTOR('',#14378,1.0);
#14376=VECTOR('',#14379,1.0);
#14377=DIRECTION('',(0.7208093066601338,0,-0.693133423975599));
#14378=DIRECTION('',(-0.7040116534640045,0,0.7101884199188823));
#14379=DIRECTION('',(-0.5535284008098762,0,-0.8328303005395884));
#14380=FACE_SURFACE('',(#14385),#14381,.T.);
#14381=PLANE('',#14382);
#14382=AXIS2_PLACEMENT_3D('',#494,#14383,#14384);
#14383=DIRECTION('',(-0.8964542110716484,0,0.44313637568124387));
#14384=DIRECTION('',(0,-1,0));
#14385=FACE_BOUND('',#14386,.T.);
#14386=EDGE_LOOP('',(#14387,#14388,#14389));
#14387=ORIENTED_EDGE('',*,*,#14390,.T.);
#14388=ORIENTED_EDGE('',*,*,#14391,.T.);
#14389=ORIENTED_EDGE('',*,*,#14392,.T.);
#14390=EDGE_CURVE('',#495,#361,#14393,.F.);
#14391=EDGE_CURVE('',#361,#499,#14394,.T.);
#14392=EDGE_CURVE('',#499,#495,#14395,.T.);
#14393=LINE('',#494,#14396);
#14394=LINE('',#360,#14397);
#14395=LINE('',#498,#14398);
#14396=VECTOR('',#14399,1.0);
#14397=VECTOR('',#14400,1.0);
#14398=VECTOR('',#14401,1.0);
#14399=DIRECTION('',(0,-1,0));
#14400=DIRECTION('',(0.014492225997411828,0.9994650889524107,0.029317424016950845));
#14401=DIRECTION('',(-0.44313637568124387,0,-0.8964542110716484));
#14402=FACE_SURFACE('',(#14407),#14403,.T.);
#14403=PLANE('',#14404);
#14404=AXIS2_PLACEMENT_3D('',#352,#14405,#14406);
#14405=DIRECTION('',(-0.8964542110716484,0,0.44313637568124387));
#14406=DIRECTION('',(0,1,0));
#14407=FACE_BOUND('',#14408,.T.);
#14408=EDGE_LOOP('',(#14409,#14410,#14411));
#14409=ORIENTED_EDGE('',*,*,#14412,.T.);
#14410=ORIENTED_EDGE('',*,*,#14413,.T.);
#14411=ORIENTED_EDGE('',*,*,#14414,.T.);
#14412=EDGE_CURVE('',#353,#499,#14415,.F.);
#14413=EDGE_CURVE('',#499,#361,#14416,.T.);
#14414=EDGE_CURVE('',#361,#353,#14417,.T.);
#14415=LINE('',#352,#14418);
#14416=LINE('',#498,#14419);
#14417=LINE('',#360,#14420);
#14418=VECTOR('',#14421,1.0);
#14419=VECTOR('',#14422,1.0);
#14420=VECTOR('',#14423,1.0);
#14421=DIRECTION('',(0,1,0));
#14422=DIRECTION('',(-0.014492225997411828,-0.9994650889524107,-0.029317424016950845));
#14423=DIRECTION('',(0.44313637568124387,0,0.8964542110716484));
#14424=FACE_SURFACE('',(#14429),#14425,.T.);
#14425=PLANE('',#14426);
#14426=AXIS2_PLACEMENT_3D('',#170,#14427,#14428);
#14427=DIRECTION('',(0.9801886557104991,0,0.19806614858790147));
#14428=DIRECTION('',(-0.006496429019428964,-0.9994619585479648,0.032149491838312616));
#14429=FACE_BOUND('',#14430,.T.);
#14430=EDGE_LOOP('',(#14431,#14432,#14433));
#14431=ORIENTED_EDGE('',*,*,#14434,.T.);
#14432=ORIENTED_EDGE('',*,*,#14435,.T.);
#14433=ORIENTED_EDGE('',*,*,#14436,.T.);
#14434=EDGE_CURVE('',#171,#245,#14437,.F.);
#14435=EDGE_CURVE('',#245,#239,#14438,.T.);
#14436=EDGE_CURVE('',#239,#171,#14439,.T.);
#14437=LINE('',#170,#14440);
#14438=LINE('',#244,#14441);
#14439=LINE('',#238,#14442);
#14440=VECTOR('',#14443,1.0);
#14441=VECTOR('',#14444,1.0);
#14442=VECTOR('',#14445,1.0);
#14443=DIRECTION('',(-0.006496429019428964,-0.9994619585479648,0.032149491838312616));
#14444=DIRECTION('',(0.19806614858790147,0,-0.9801886557104992));
#14445=DIRECTION('',(0,1,0));
#14446=FACE_SURFACE('',(#14451),#14447,.T.);
#14447=PLANE('',#14448);
#14448=AXIS2_PLACEMENT_3D('',#50,#14449,#14450);
#14449=DIRECTION('',(-0.06575752643030885,0,0.9978356316136276));
#14450=DIRECTION('',(0.9978356316136276,0,0.06575752643030885));
#14451=FACE_BOUND('',#14452,.T.);
#14452=EDGE_LOOP('',(#14453,#14454,#14455));
#14453=ORIENTED_EDGE('',*,*,#14456,.T.);
#14454=ORIENTED_EDGE('',*,*,#14457,.T.);
#14455=ORIENTED_EDGE('',*,*,#14458,.T.);
#14456=EDGE_CURVE('',#51,#49,#14459,.F.);
#14457=EDGE_CURVE('',#49,#689,#14460,.T.);
#14458=EDGE_CURVE('',#689,#51,#14461,.T.);
#14459=LINE('',#50,#14462);
#14460=LINE('',#48,#14463);
#14461=LINE('',#688,#14464);
#14462=VECTOR('',#14465,1.0);
#14463=VECTOR('',#14466,1.0);
#14464=VECTOR('',#14467,1.0);
#14465=DIRECTION('',(0.9978356316136276,0,0.06575752643030885));
#14466=DIRECTION('',(-0.053035343961856926,0.9985865195380688,-0.0034950375811621786));
#14467=DIRECTION('',(0,-1,0));
#14468=FACE_SURFACE('',(#14473),#14469,.T.);
#14469=PLANE('',#14470);
#14470=AXIS2_PLACEMENT_3D('',#728,#14471,#14472);
#14471=DIRECTION('',(0,-1,0));
#14472=DIRECTION('',(0.7374736871784725,0,-0.6753758662547755));
#14473=FACE_BOUND('',#14474,.T.);
#14474=EDGE_LOOP('',(#14475,#14476,#14477));
#14475=ORIENTED_EDGE('',*,*,#14478,.T.);
#14476=ORIENTED_EDGE('',*,*,#14479,.T.);
#14477=ORIENTED_EDGE('',*,*,#14480,.T.);
#14478=EDGE_CURVE('',#729,#37,#14481,.F.);
#14479=EDGE_CURVE('',#37,#989,#14482,.T.);
#14480=EDGE_CURVE('',#989,#729,#14483,.T.);
#14481=LINE('',#728,#14484);
#14482=LINE('',#36,#14485);
#14483=LINE('',#988,#14486);
#14484=VECTOR('',#14487,1.0);
#14485=VECTOR('',#14488,1.0);
#14486=VECTOR('',#14489,1.0);
#14487=DIRECTION('',(0.7374736871784725,0,-0.6753758662547755));
#14488=DIRECTION('',(-0.7208093066601338,0,0.693133423975599));
#14489=DIRECTION('',(-0.6624631433869201,0,-0.7490945091601733));
#14490=FACE_SURFACE('',(#14495),#14491,.T.);
#14491=PLANE('',#14492);
#14492=AXIS2_PLACEMENT_3D('',#360,#14493,#14494);
#14493=DIRECTION('',(-0.8328303005395883,0,0.5535284008098762));
#14494=DIRECTION('',(0,1,0));
#14495=FACE_BOUND('',#14496,.T.);
#14496=EDGE_LOOP('',(#14497,#14498,#14499));
#14497=ORIENTED_EDGE('',*,*,#14500,.T.);
#14498=ORIENTED_EDGE('',*,*,#14501,.T.);
#14499=ORIENTED_EDGE('',*,*,#14502,.T.);
#14500=EDGE_CURVE('',#361,#495,#14503,.F.);
#14501=EDGE_CURVE('',#495,#367,#14504,.T.);
#14502=EDGE_CURVE('',#367,#361,#14505,.T.);
#14503=LINE('',#360,#14506);
#14504=LINE('',#494,#14507);
#14505=LINE('',#366,#14508);
#14506=VECTOR('',#14509,1.0);
#14507=VECTOR('',#14510,1.0);
#14508=VECTOR('',#14511,1.0);
#14509=DIRECTION('',(0,1,0));
#14510=DIRECTION('',(-0.018157083541323372,-0.999461855082944,-0.02731886804817577));
#14511=DIRECTION('',(0.5535284008098762,0,0.8328303005395884));
#14512=FACE_SURFACE('',(#14517),#14513,.T.);
#14513=PLANE('',#14514);
#14514=AXIS2_PLACEMENT_3D('',#458,#14515,#14516);
#14515=DIRECTION('',(0.9978074433456018,0,0.06618388024370983));
#14516=DIRECTION('',(0,-1,0));
#14517=FACE_BOUND('',#14518,.T.);
#14518=EDGE_LOOP('',(#14519,#14520,#14521));
#14519=ORIENTED_EDGE('',*,*,#14522,.T.);
#14520=ORIENTED_EDGE('',*,*,#14523,.T.);
#14521=ORIENTED_EDGE('',*,*,#14524,.T.);
#14522=EDGE_CURVE('',#459,#247,#14525,.F.);
#14523=EDGE_CURVE('',#247,#245,#14526,.T.);
#14524=EDGE_CURVE('',#245,#459,#14527,.T.);
#14525=LINE('',#458,#14528);
#14526=LINE('',#246,#14529);
#14527=LINE('',#244,#14530);
#14528=VECTOR('',#14531,1.0);
#14529=VECTOR('',#14532,1.0);
#14530=VECTOR('',#14533,1.0);
#14531=DIRECTION('',(0,-1,0));
#14532=DIRECTION('',(0.06618388024370983,0,-0.9978074433456018));
#14533=DIRECTION('',(-0.002165587822835961,0.999464532094208,0.032649032375971734));
#14534=FACE_SURFACE('',(#14539),#14535,.T.);
#14535=PLANE('',#14536);
#14536=AXIS2_PLACEMENT_3D('',#688,#14537,#14538);
#14537=DIRECTION('',(-0.19494065536813387,0,0.9808150390795619));
#14538=DIRECTION('',(-0.9808150390795618,0,-0.19494065536813387));
#14539=FACE_BOUND('',#14540,.T.);
#14540=EDGE_LOOP('',(#14541,#14542,#14543));
#14541=ORIENTED_EDGE('',*,*,#14544,.T.);
#14542=ORIENTED_EDGE('',*,*,#14545,.T.);
#14543=ORIENTED_EDGE('',*,*,#14546,.T.);
#14544=EDGE_CURVE('',#689,#697,#14547,.F.);
#14545=EDGE_CURVE('',#697,#51,#14548,.T.);
#14546=EDGE_CURVE('',#51,#689,#14549,.T.);
#14547=LINE('',#688,#14550);
#14548=LINE('',#696,#14551);
#14549=LINE('',#50,#14552);
#14550=VECTOR('',#14553,1.0);
#14551=VECTOR('',#14554,1.0);
#14552=VECTOR('',#14555,1.0);
#14553=DIRECTION('',(-0.9808150390795618,0,-0.19494065536813387));
#14554=DIRECTION('',(0.05337911050483624,-0.998517958457943,0.010609297747459112));
#14555=DIRECTION('',(0,1,0));
#14556=FACE_SURFACE('',(#14561),#14557,.T.);
#14557=PLANE('',#14558);
#14558=AXIS2_PLACEMENT_3D('',#248,#14559,#14560);
#14559=DIRECTION('',(-0.7490945091601733,0,0.6624631433869201));
#14560=DIRECTION('',(0,-1,0));
#14561=FACE_BOUND('',#14562,.T.);
#14562=EDGE_LOOP('',(#14563,#14564,#14565));
#14563=ORIENTED_EDGE('',*,*,#14566,.T.);
#14564=ORIENTED_EDGE('',*,*,#14567,.T.);
#14565=ORIENTED_EDGE('',*,*,#14568,.T.);
#14566=EDGE_CURVE('',#249,#365,#14569,.F.);
#14567=EDGE_CURVE('',#365,#367,#14570,.T.);
#14568=EDGE_CURVE('',#367,#249,#14571,.T.);
#14569=LINE('',#248,#14572);
#14570=LINE('',#364,#14573);
#14571=LINE('',#366,#14574);
#14572=VECTOR('',#14575,1.0);
#14573=VECTOR('',#14576,1.0);
#14574=VECTOR('',#14577,1.0);
#14575=DIRECTION('',(0,-1,0));
#14576=DIRECTION('',(0.6624631433869201,0,0.7490945091601733));
#14577=DIRECTION('',(-0.02165494792358729,0.9994655871263466,-0.024486800130153506));
#14578=FACE_SURFACE('',(#14583),#14579,.T.);
#14579=PLANE('',#14580);
#14580=AXIS2_PLACEMENT_3D('',#458,#14581,#14582);
#14581=DIRECTION('',(0.9978074433456018,0,-0.06618388024370983));
#14582=DIRECTION('',(0.002165587822835961,-0.999464532094208,0.032649032375971734));
#14583=FACE_BOUND('',#14584,.T.);
#14584=EDGE_LOOP('',(#14585,#14586,#14587));
#14585=ORIENTED_EDGE('',*,*,#14588,.T.);
#14586=ORIENTED_EDGE('',*,*,#14589,.T.);
#14587=ORIENTED_EDGE('',*,*,#14590,.T.);
#14588=EDGE_CURVE('',#459,#599,#14591,.F.);
#14589=EDGE_CURVE('',#599,#247,#14592,.T.);
#14590=EDGE_CURVE('',#247,#459,#14593,.T.);
#14591=LINE('',#458,#14594);
#14592=LINE('',#598,#14595);
#14593=LINE('',#246,#14596);
#14594=VECTOR('',#14597,1.0);
#14595=VECTOR('',#14598,1.0);
#14596=VECTOR('',#14599,1.0);
#14597=DIRECTION('',(0.002165587822835961,-0.999464532094208,0.032649032375971734));
#14598=DIRECTION('',(-0.06618388024370983,0,-0.9978074433456018));
#14599=DIRECTION('',(0,1,0));
#14600=FACE_SURFACE('',(#14605),#14601,.T.);
#14601=PLANE('',#14602);
#14602=AXIS2_PLACEMENT_3D('',#876,#14603,#14604);
#14603=DIRECTION('',(-0,-1,0));
#14604=DIRECTION('',(-0.5651079624841489,0,0.8250169639086301));
#14605=FACE_BOUND('',#14606,.T.);
#14606=EDGE_LOOP('',(#14607,#14608,#14609));
#14607=ORIENTED_EDGE('',*,*,#14610,.T.);
#14608=ORIENTED_EDGE('',*,*,#14611,.T.);
#14609=ORIENTED_EDGE('',*,*,#14612,.T.);
#14610=EDGE_CURVE('',#877,#597,#14613,.F.);
#14611=EDGE_CURVE('',#597,#993,#14614,.T.);
#14612=EDGE_CURVE('',#993,#877,#14615,.T.);
#14613=LINE('',#876,#14616);
#14614=LINE('',#596,#14617);
#14615=LINE('',#992,#14618);
#14616=VECTOR('',#14619,1.0);
#14617=VECTOR('',#14620,1.0);
#14618=VECTOR('',#14621,1.0);
#14619=DIRECTION('',(-0.5651079624841489,0,0.8250169639086301));
#14620=DIRECTION('',(0.5519229477940605,0,-0.8338951131277331));
#14621=DIRECTION('',(0.8964542110716484,0,0.44313637568124387));
#14622=FACE_SURFACE('',(#14627),#14623,.T.);
#14623=PLANE('',#14624);
#14624=AXIS2_PLACEMENT_3D('',#980,#14625,#14626);
#14625=DIRECTION('',(0,-1,0));
#14626=DIRECTION('',(0.44313637568124387,0,0.8964542110716484));
#14627=FACE_BOUND('',#14628,.T.);
#14628=EDGE_LOOP('',(#14629,#14630,#14631));
#14629=ORIENTED_EDGE('',*,*,#14632,.T.);
#14630=ORIENTED_EDGE('',*,*,#14633,.T.);
#14631=ORIENTED_EDGE('',*,*,#14634,.T.);
#14632=EDGE_CURVE('',#981,#937,#14635,.F.);
#14633=EDGE_CURVE('',#937,#179,#14636,.T.);
#14634=EDGE_CURVE('',#179,#981,#14637,.T.);
#14635=LINE('',#980,#14638);
#14636=LINE('',#936,#14639);
#14637=LINE('',#178,#14640);
#14638=VECTOR('',#14641,1.0);
#14639=VECTOR('',#14642,1.0);
#14640=VECTOR('',#14643,1.0);
#14641=DIRECTION('',(0.44313637568124387,0,0.8964542110716484));
#14642=DIRECTION('',(-0.7001301349873641,0,0.7140152617994767));
#14643=DIRECTION('',(0.6913235923600572,0,-0.7225452862252895));
#14644=FACE_SURFACE('',(#14649),#14645,.T.);
#14645=PLANE('',#14646);
#14646=AXIS2_PLACEMENT_3D('',#364,#14647,#14648);
#14647=DIRECTION('',(-0.6624631433869201,0,0.7490945091601733));
#14648=DIRECTION('',(0,1,0));
#14649=FACE_BOUND('',#14650,.T.);
#14650=EDGE_LOOP('',(#14651,#14652,#14653));
#14651=ORIENTED_EDGE('',*,*,#14654,.T.);
#14652=ORIENTED_EDGE('',*,*,#14655,.T.);
#14653=ORIENTED_EDGE('',*,*,#14656,.T.);
#14654=EDGE_CURVE('',#365,#249,#14657,.F.);
#14655=EDGE_CURVE('',#249,#253,#14658,.T.);
#14656=EDGE_CURVE('',#253,#365,#14659,.T.);
#14657=LINE('',#364,#14660);
#14658=LINE('',#248,#14661);
#14659=LINE('',#252,#14662);
#14660=VECTOR('',#14663,1.0);
#14661=VECTOR('',#14664,1.0);
#14662=VECTOR('',#14665,1.0);
#14663=DIRECTION('',(0,1,0));
#14664=DIRECTION('',(-0.7490945091601733,0,-0.6624631433869201));
#14665=DIRECTION('',(0.024486800130153506,-0.9994655871263466,0.02165494792358729));
#14666=FACE_SURFACE('',(#14671),#14667,.T.);
#14667=PLANE('',#14668);
#14668=AXIS2_PLACEMENT_3D('',#364,#14669,#14670);
#14669=DIRECTION('',(-0.6624631433869201,0,0.7490945091601733));
#14670=DIRECTION('',(-0.024486800130153506,0.9994655871263466,-0.02165494792358729));
#14671=FACE_BOUND('',#14672,.T.);
#14672=EDGE_LOOP('',(#14673,#14674,#14675));
#14673=ORIENTED_EDGE('',*,*,#14676,.T.);
#14674=ORIENTED_EDGE('',*,*,#14677,.T.);
#14675=ORIENTED_EDGE('',*,*,#14678,.T.);
#14676=EDGE_CURVE('',#365,#253,#14679,.F.);
#14677=EDGE_CURVE('',#253,#373,#14680,.T.);
#14678=EDGE_CURVE('',#373,#365,#14681,.T.);
#14679=LINE('',#364,#14682);
#14680=LINE('',#252,#14683);
#14681=LINE('',#372,#14684);
#14682=VECTOR('',#14685,1.0);
#14683=VECTOR('',#14686,1.0);
#14684=VECTOR('',#14687,1.0);
#14685=DIRECTION('',(-0.024486800130153506,0.9994655871263466,-0.02165494792358729));
#14686=DIRECTION('',(0,-1,0));
#14687=DIRECTION('',(0.7490945091601733,0,0.6624631433869201));
#14688=FACE_SURFACE('',(#14693),#14689,.T.);
#14689=PLANE('',#14690);
#14690=AXIS2_PLACEMENT_3D('',#874,#14691,#14692);
#14691=DIRECTION('',(-0,-1,0));
#14692=DIRECTION('',(-0.5777129640972388,0,0.8162399960268931));
#14693=FACE_BOUND('',#14694,.T.);
#14694=EDGE_LOOP('',(#14695,#14696,#14697));
#14695=ORIENTED_EDGE('',*,*,#14698,.T.);
#14696=ORIENTED_EDGE('',*,*,#14699,.T.);
#14697=ORIENTED_EDGE('',*,*,#14700,.T.);
#14698=EDGE_CURVE('',#875,#597,#14701,.F.);
#14699=EDGE_CURVE('',#597,#877,#14702,.T.);
#14700=EDGE_CURVE('',#877,#875,#14703,.T.);
#14701=LINE('',#874,#14704);
#14702=LINE('',#596,#14705);
#14703=LINE('',#876,#14706);
#14704=VECTOR('',#14707,1.0);
#14705=VECTOR('',#14708,1.0);
#14706=VECTOR('',#14709,1.0);
#14707=DIRECTION('',(-0.5777129640972388,0,0.8162399960268931));
#14708=DIRECTION('',(0.5651079624841489,0,-0.8250169639086301));
#14709=DIRECTION('',(0.947145432411413,0,0.3208045041176908));
#14710=FACE_SURFACE('',(#14715),#14711,.T.);
#14711=PLANE('',#14712);
#14712=AXIS2_PLACEMENT_3D('',#994,#14713,#14714);
#14713=DIRECTION('',(-0,-1,0));
#14714=DIRECTION('',(0.3162684323264494,0,0.948669741645516));
#14715=FACE_BOUND('',#14716,.T.);
#14716=EDGE_LOOP('',(#14717,#14718,#14719));
#14717=ORIENTED_EDGE('',*,*,#14720,.T.);
#14718=ORIENTED_EDGE('',*,*,#14721,.T.);
#14719=ORIENTED_EDGE('',*,*,#14722,.T.);
#14720=EDGE_CURVE('',#995,#35,#14723,.F.);
#14721=EDGE_CURVE('',#35,#881,#14724,.T.);
#14722=EDGE_CURVE('',#881,#995,#14725,.T.);
#14723=LINE('',#994,#14726);
#14724=LINE('',#34,#14727);
#14725=LINE('',#880,#14728);
#14726=VECTOR('',#14729,1.0);
#14727=VECTOR('',#14730,1.0);
#14728=VECTOR('',#14731,1.0);
#14729=DIRECTION('',(0.3162684323264494,0,0.948669741645516));
#14730=DIRECTION('',(-0.3240249576838768,0,-0.9460485330034406));
#14731=DIRECTION('',(0.9978074433456018,0,0.06618388024370983));
#14732=FACE_SURFACE('',(#14737),#14733,.T.);
#14733=PLANE('',#14734);
#14734=AXIS2_PLACEMENT_3D('',#996,#14735,#14736);
#14735=DIRECTION('',(-0,-1,0));
#14736=DIRECTION('',(-0.5384246456831011,0,0.8426736621735766));
#14737=FACE_BOUND('',#14738,.T.);
#14738=EDGE_LOOP('',(#14739,#14740,#14741));
#14739=ORIENTED_EDGE('',*,*,#14742,.T.);
#14740=ORIENTED_EDGE('',*,*,#14743,.T.);
#14741=ORIENTED_EDGE('',*,*,#14744,.T.);
#14742=EDGE_CURVE('',#997,#597,#14745,.F.);
#14743=EDGE_CURVE('',#597,#927,#14746,.T.);
#14744=EDGE_CURVE('',#927,#997,#14747,.T.);
#14745=LINE('',#996,#14748);
#14746=LINE('',#596,#14749);
#14747=LINE('',#926,#14750);
#14748=VECTOR('',#14751,1.0);
#14749=VECTOR('',#14752,1.0);
#14750=VECTOR('',#14753,1.0);
#14751=DIRECTION('',(-0.5384246456831011,0,0.8426736621735766));
#14752=DIRECTION('',(0.5250343897289078,0,-0.8510810123613342));
#14753=DIRECTION('',(0.7490945091601733,0,0.6624631433869201));
#14754=FACE_SURFACE('',(#14759),#14755,.T.);
#14755=PLANE('',#14756);
#14756=AXIS2_PLACEMENT_3D('',#396,#14757,#14758);
#14757=DIRECTION('',(-0.5535284008098762,0,0.8328303005395883));
#14758=DIRECTION('',(0.8328303005395884,0,0.5535284008098762));
#14759=FACE_BOUND('',#14760,.T.);
#14760=EDGE_LOOP('',(#14761,#14762,#14763));
#14761=ORIENTED_EDGE('',*,*,#14764,.T.);
#14762=ORIENTED_EDGE('',*,*,#14765,.T.);
#14763=ORIENTED_EDGE('',*,*,#14766,.T.);
#14764=EDGE_CURVE('',#397,#373,#14767,.F.);
#14765=EDGE_CURVE('',#373,#257,#14768,.T.);
#14766=EDGE_CURVE('',#257,#397,#14769,.T.);
#14767=LINE('',#396,#14770);
#14768=LINE('',#372,#14771);
#14769=LINE('',#256,#14772);
#14770=VECTOR('',#14773,1.0);
#14771=VECTOR('',#14774,1.0);
#14772=VECTOR('',#14775,1.0);
#14773=DIRECTION('',(0.8328303005395884,0,0.5535284008098762));
#14774=DIRECTION('',(-0.02731886804817577,0.999461855082944,-0.018157083541323372));
#14775=DIRECTION('',(0,-1,0));
#14776=FACE_SURFACE('',(#14781),#14777,.T.);
#14777=PLANE('',#14778);
#14778=AXIS2_PLACEMENT_3D('',#252,#14779,#14780);
#14779=DIRECTION('',(-0.5535284008098762,0,0.8328303005395883));
#14780=DIRECTION('',(-0.8328303005395884,0,-0.5535284008098762));
#14781=FACE_BOUND('',#14782,.T.);
#14782=EDGE_LOOP('',(#14783,#14784,#14785));
#14783=ORIENTED_EDGE('',*,*,#14786,.T.);
#14784=ORIENTED_EDGE('',*,*,#14787,.T.);
#14785=ORIENTED_EDGE('',*,*,#14788,.T.);
#14786=EDGE_CURVE('',#253,#257,#14789,.F.);
#14787=EDGE_CURVE('',#257,#373,#14790,.T.);
#14788=EDGE_CURVE('',#373,#253,#14791,.T.);
#14789=LINE('',#252,#14792);
#14790=LINE('',#256,#14793);
#14791=LINE('',#372,#14794);
#14792=VECTOR('',#14795,1.0);
#14793=VECTOR('',#14796,1.0);
#14794=VECTOR('',#14797,1.0);
#14795=DIRECTION('',(-0.8328303005395884,0,-0.5535284008098762));
#14796=DIRECTION('',(0.02731886804817577,-0.999461855082944,0.018157083541323372));
#14797=DIRECTION('',(0,1,0));
#14798=FACE_SURFACE('',(#14803),#14799,.T.);
#14799=PLANE('',#14800);
#14800=AXIS2_PLACEMENT_3D('',#698,#14801,#14802);
#14801=DIRECTION('',(-0.44262005811798016,0,0.8967092528526935));
#14802=DIRECTION('',(-0.8967092528526935,0,-0.44262005811798016));
#14803=FACE_BOUND('',#14804,.T.);
#14804=EDGE_LOOP('',(#14805,#14806,#14807));
#14805=ORIENTED_EDGE('',*,*,#14808,.T.);
#14806=ORIENTED_EDGE('',*,*,#14809,.T.);
#14807=ORIENTED_EDGE('',*,*,#14810,.T.);
#14808=EDGE_CURVE('',#699,#725,#14811,.F.);
#14809=EDGE_CURVE('',#725,#71,#14812,.T.);
#14810=EDGE_CURVE('',#71,#699,#14813,.T.);
#14811=LINE('',#698,#14814);
#14812=LINE('',#724,#14815);
#14813=LINE('',#70,#14816);
#14814=VECTOR('',#14817,1.0);
#14815=VECTOR('',#14818,1.0);
#14816=VECTOR('',#14819,1.0);
#14817=DIRECTION('',(-0.8967092528526935,0,-0.44262005811798016));
#14818=DIRECTION('',(0,-1,0));
#14819=DIRECTION('',(0.04880256699703845,0.9985179120190216,0.0240891849524433));
#14820=FACE_SURFACE('',(#14825),#14821,.T.);
#14821=PLANE('',#14822);
#14822=AXIS2_PLACEMENT_3D('',#998,#14823,#14824);
#14823=DIRECTION('',(0,-1,0));
#14824=DIRECTION('',(0.308092771591396,0,0.9513563181548393));
#14825=FACE_BOUND('',#14826,.T.);
#14826=EDGE_LOOP('',(#14827,#14828,#14829));
#14827=ORIENTED_EDGE('',*,*,#14830,.T.);
#14828=ORIENTED_EDGE('',*,*,#14831,.T.);
#14829=ORIENTED_EDGE('',*,*,#14832,.T.);
#14830=EDGE_CURVE('',#999,#35,#14833,.F.);
#14831=EDGE_CURVE('',#35,#995,#14834,.T.);
#14832=EDGE_CURVE('',#995,#999,#14835,.T.);
#14833=LINE('',#998,#14836);
#14834=LINE('',#34,#14837);
#14835=LINE('',#994,#14838);
#14836=VECTOR('',#14839,1.0);
#14837=VECTOR('',#14840,1.0);
#14838=VECTOR('',#14841,1.0);
#14839=DIRECTION('',(0.308092771591396,0,0.9513563181548393));
#14840=DIRECTION('',(-0.3162684323264494,0,-0.948669741645516));
#14841=DIRECTION('',(0.9978074433456018,0,-0.06618388024370983));
#14842=FACE_SURFACE('',(#14847),#14843,.T.);
#14843=PLANE('',#14844);
#14844=AXIS2_PLACEMENT_3D('',#72,#14845,#14846);
#14845=DIRECTION('',(-0.5550539925057638,0,0.83181432147049));
#14846=DIRECTION('',(0.8318143214704898,0,0.5550539925057638));
#14847=FACE_BOUND('',#14848,.T.);
#14848=EDGE_LOOP('',(#14849,#14850,#14851));
#14849=ORIENTED_EDGE('',*,*,#14852,.T.);
#14850=ORIENTED_EDGE('',*,*,#14853,.T.);
#14851=ORIENTED_EDGE('',*,*,#14854,.T.);
#14852=EDGE_CURVE('',#73,#71,#14855,.F.);
#14853=EDGE_CURVE('',#71,#721,#14856,.T.);
#14854=EDGE_CURVE('',#721,#73,#14857,.T.);
#14855=LINE('',#72,#14858);
#14856=LINE('',#70,#14859);
#14857=LINE('',#720,#14860);
#14858=VECTOR('',#14861,1.0);
#14859=VECTOR('',#14862,1.0);
#14860=VECTOR('',#14863,1.0);
#14861=DIRECTION('',(0.8318143214704898,0,0.5550539925057638));
#14862=DIRECTION('',(-0.04526615145769074,0.9985182114059541,-0.030205248266879238));
#14863=DIRECTION('',(0,-1,0));
#14864=FACE_SURFACE('',(#14869),#14865,.T.);
#14865=PLANE('',#14866);
#14866=AXIS2_PLACEMENT_3D('',#724,#14867,#14868);
#14867=DIRECTION('',(-0.5550539925057638,0,0.83181432147049));
#14868=DIRECTION('',(-0.8318143214704898,0,-0.5550539925057638));
#14869=FACE_BOUND('',#14870,.T.);
#14870=EDGE_LOOP('',(#14871,#14872,#14873));
#14871=ORIENTED_EDGE('',*,*,#14874,.T.);
#14872=ORIENTED_EDGE('',*,*,#14875,.T.);
#14873=ORIENTED_EDGE('',*,*,#14876,.T.);
#14874=EDGE_CURVE('',#725,#721,#14877,.F.);
#14875=EDGE_CURVE('',#721,#71,#14878,.T.);
#14876=EDGE_CURVE('',#71,#725,#14879,.T.);
#14877=LINE('',#724,#14880);
#14878=LINE('',#720,#14881);
#14879=LINE('',#70,#14882);
#14880=VECTOR('',#14883,1.0);
#14881=VECTOR('',#14884,1.0);
#14882=VECTOR('',#14885,1.0);
#14883=DIRECTION('',(-0.8318143214704898,0,-0.5550539925057638));
#14884=DIRECTION('',(0.04526615145769074,-0.9985182114059541,0.030205248266879238));
#14885=DIRECTION('',(0,1,0));
#14886=FACE_SURFACE('',(#14891),#14887,.T.);
#14887=PLANE('',#14888);
#14888=AXIS2_PLACEMENT_3D('',#254,#14889,#14890);
#14889=DIRECTION('',(-0.44313637568124387,0,0.8964542110716484));
#14890=DIRECTION('',(0,-1,0));
#14891=FACE_BOUND('',#14892,.T.);
#14892=EDGE_LOOP('',(#14893,#14894,#14895));
#14893=ORIENTED_EDGE('',*,*,#14896,.T.);
#14894=ORIENTED_EDGE('',*,*,#14897,.T.);
#14895=ORIENTED_EDGE('',*,*,#14898,.T.);
#14896=EDGE_CURVE('',#255,#395,#14899,.F.);
#14897=EDGE_CURVE('',#395,#257,#14900,.T.);
#14898=EDGE_CURVE('',#257,#255,#14901,.T.);
#14899=LINE('',#254,#14902);
#14900=LINE('',#394,#14903);
#14901=LINE('',#256,#14904);
#14902=VECTOR('',#14905,1.0);
#14903=VECTOR('',#14906,1.0);
#14904=VECTOR('',#14907,1.0);
#14905=DIRECTION('',(0,-1,0));
#14906=DIRECTION('',(0.029317424016950845,0.9994650889524107,0.014492225997411828));
#14907=DIRECTION('',(-0.8964542110716484,0,-0.44313637568124387));
#14908=FACE_SURFACE('',(#14913),#14909,.T.);
#14909=PLANE('',#14910);
#14910=AXIS2_PLACEMENT_3D('',#396,#14911,#14912);
#14911=DIRECTION('',(-0.44313637568124387,0,0.8964542110716484));
#14912=DIRECTION('',(0,1,0));
#14913=FACE_BOUND('',#14914,.T.);
#14914=EDGE_LOOP('',(#14915,#14916,#14917));
#14915=ORIENTED_EDGE('',*,*,#14918,.T.);
#14916=ORIENTED_EDGE('',*,*,#14919,.T.);
#14917=ORIENTED_EDGE('',*,*,#14920,.T.);
#14918=EDGE_CURVE('',#397,#257,#14921,.F.);
#14919=EDGE_CURVE('',#257,#395,#14922,.T.);
#14920=EDGE_CURVE('',#395,#397,#14923,.T.);
#14921=LINE('',#396,#14924);
#14922=LINE('',#256,#14925);
#14923=LINE('',#394,#14926);
#14924=VECTOR('',#14927,1.0);
#14925=VECTOR('',#14928,1.0);
#14926=VECTOR('',#14929,1.0);
#14927=DIRECTION('',(0,1,0));
#14928=DIRECTION('',(-0.029317424016950845,-0.9994650889524107,-0.014492225997411828));
#14929=DIRECTION('',(0.8964542110716484,0,0.44313637568124387));
#14930=FACE_SURFACE('',(#14935),#14931,.T.);
#14931=PLANE('',#14932);
#14932=AXIS2_PLACEMENT_3D('',#720,#14933,#14934);
#14933=DIRECTION('',(-0.6597479748418018,0,0.7514869324826223));
#14934=DIRECTION('',(-0.7514869324826223,0,-0.6597479748418018));
#14935=FACE_BOUND('',#14936,.T.);
#14936=EDGE_LOOP('',(#14937,#14938,#14939));
#14937=ORIENTED_EDGE('',*,*,#14940,.T.);
#14938=ORIENTED_EDGE('',*,*,#14941,.T.);
#14939=ORIENTED_EDGE('',*,*,#14942,.T.);
#14940=EDGE_CURVE('',#721,#713,#14943,.F.);
#14941=EDGE_CURVE('',#713,#73,#14944,.T.);
#14942=EDGE_CURVE('',#73,#721,#14945,.T.);
#14943=LINE('',#720,#14946);
#14944=LINE('',#712,#14947);
#14945=LINE('',#72,#14948);
#14946=VECTOR('',#14949,1.0);
#14947=VECTOR('',#14950,1.0);
#14948=VECTOR('',#14951,1.0);
#14949=DIRECTION('',(-0.7514869324826223,0,-0.6597479748418018));
#14950=DIRECTION('',(0.04089764502330126,-0.9985180086460064,0.03590500022506492));
#14951=DIRECTION('',(0,1,0));
#14952=FACE_SURFACE('',(#14957),#14953,.T.);
#14953=PLANE('',#14954);
#14954=AXIS2_PLACEMENT_3D('',#392,#14955,#14956);
#14955=DIRECTION('',(-0.3208045041176908,0,0.9471454324114129));
#14956=DIRECTION('',(0.947145432411413,0,0.3208045041176908));
#14957=FACE_BOUND('',#14958,.T.);
#14958=EDGE_LOOP('',(#14959,#14960,#14961));
#14959=ORIENTED_EDGE('',*,*,#14962,.T.);
#14960=ORIENTED_EDGE('',*,*,#14963,.T.);
#14961=ORIENTED_EDGE('',*,*,#14964,.T.);
#14962=EDGE_CURVE('',#393,#395,#14965,.F.);
#14963=EDGE_CURVE('',#395,#237,#14966,.T.);
#14964=EDGE_CURVE('',#237,#393,#14967,.T.);
#14965=LINE('',#392,#14968);
#14966=LINE('',#394,#14969);
#14967=LINE('',#236,#14970);
#14968=VECTOR('',#14971,1.0);
#14969=VECTOR('',#14972,1.0);
#14970=VECTOR('',#14973,1.0);
#14971=DIRECTION('',(0.947145432411413,0,0.3208045041176908));
#14972=DIRECTION('',(-0.030983546092397125,0.9994648011869012,-0.010494334660594733));
#14973=DIRECTION('',(0,-1,0));
#14974=FACE_SURFACE('',(#14979),#14975,.T.);
#14975=PLANE('',#14976);
#14976=AXIS2_PLACEMENT_3D('',#254,#14977,#14978);
#14977=DIRECTION('',(-0.3208045041176908,0,0.9471454324114129));
#14978=DIRECTION('',(-0.947145432411413,0,-0.3208045041176908));
#14979=FACE_BOUND('',#14980,.T.);
#14980=EDGE_LOOP('',(#14981,#14982,#14983));
#14981=ORIENTED_EDGE('',*,*,#14984,.T.);
#14982=ORIENTED_EDGE('',*,*,#14985,.T.);
#14983=ORIENTED_EDGE('',*,*,#14986,.T.);
#14984=EDGE_CURVE('',#255,#237,#14987,.F.);
#14985=EDGE_CURVE('',#237,#395,#14988,.T.);
#14986=EDGE_CURVE('',#395,#255,#14989,.T.);
#14987=LINE('',#254,#14990);
#14988=LINE('',#236,#14991);
#14989=LINE('',#394,#14992);
#14990=VECTOR('',#14993,1.0);
#14991=VECTOR('',#14994,1.0);
#14992=VECTOR('',#14995,1.0);
#14993=DIRECTION('',(-0.947145432411413,0,-0.3208045041176908));
#14994=DIRECTION('',(0.030983546092397125,-0.9994648011869012,0.010494334660594733));
#14995=DIRECTION('',(0,1,0));
#14996=FACE_SURFACE('',(#15001),#14997,.T.);
#14997=PLANE('',#14998);
#14998=AXIS2_PLACEMENT_3D('',#76,#14999,#15000);
#14999=DIRECTION('',(-0.7514857776659815,0,0.6597492902351278));
#15000=DIRECTION('',(0.03590503999711379,0.9985180112742726,0.04089754593709842));
#15001=FACE_BOUND('',#15002,.T.);
#15002=EDGE_LOOP('',(#15003,#15004,#15005));
#15003=ORIENTED_EDGE('',*,*,#15006,.T.);
#15004=ORIENTED_EDGE('',*,*,#15007,.T.);
#15005=ORIENTED_EDGE('',*,*,#15008,.T.);
#15006=EDGE_CURVE('',#77,#713,#15009,.F.);
#15007=EDGE_CURVE('',#713,#693,#15010,.T.);
#15008=EDGE_CURVE('',#693,#77,#15011,.T.);
#15009=LINE('',#76,#15012);
#15010=LINE('',#712,#15013);
#15011=LINE('',#692,#15014);
#15012=VECTOR('',#15015,1.0);
#15013=VECTOR('',#15016,1.0);
#15014=VECTOR('',#15017,1.0);
#15015=DIRECTION('',(0.03590503999711379,0.9985180112742726,0.04089754593709842));
#15016=DIRECTION('',(-0.6597492902351278,0,-0.7514857776659815));
#15017=DIRECTION('',(0,-1,0));
#15018=FACE_SURFACE('',(#15023),#15019,.T.);
#15019=PLANE('',#15020);
#15020=AXIS2_PLACEMENT_3D('',#942,#15021,#15022);
#15021=DIRECTION('',(-0.3208045041176908,0,0.9471454324114129));
#15022=DIRECTION('',(-0.030983546092397125,0.9994648011869012,-0.010494334660594733));
#15023=FACE_BOUND('',#15024,.T.);
#15024=EDGE_LOOP('',(#15025,#15026,#15027));
#15025=ORIENTED_EDGE('',*,*,#15028,.T.);
#15026=ORIENTED_EDGE('',*,*,#15029,.T.);
#15027=ORIENTED_EDGE('',*,*,#15030,.T.);
#15028=EDGE_CURVE('',#943,#1001,#15031,.F.);
#15029=EDGE_CURVE('',#1001,#783,#15032,.T.);
#15030=EDGE_CURVE('',#783,#943,#15033,.T.);
#15031=LINE('',#942,#15034);
#15032=LINE('',#1000,#15035);
#15033=LINE('',#782,#15036);
#15034=VECTOR('',#15037,1.0);
#15035=VECTOR('',#15038,1.0);
#15036=VECTOR('',#15039,1.0);
#15037=DIRECTION('',(-0.030983546092397125,0.9994648011869012,-0.010494334660594733));
#15038=DIRECTION('',(0,-1,0));
#15039=DIRECTION('',(0.947145432411413,0,0.3208045041176908));
#15040=FACE_SURFACE('',(#15045),#15041,.T.);
#15041=PLANE('',#15042);
#15042=AXIS2_PLACEMENT_3D('',#234,#15043,#15044);
#15043=DIRECTION('',(-0.19806614858790147,0,0.9801886557104991));
#15044=DIRECTION('',(0,-1,0));
#15045=FACE_BOUND('',#15046,.T.);
#15046=EDGE_LOOP('',(#15047,#15048,#15049));
#15047=ORIENTED_EDGE('',*,*,#15050,.T.);
#15048=ORIENTED_EDGE('',*,*,#15051,.T.);
#15049=ORIENTED_EDGE('',*,*,#15052,.T.);
#15050=EDGE_CURVE('',#235,#331,#15053,.F.);
#15051=EDGE_CURVE('',#331,#237,#15054,.T.);
#15052=EDGE_CURVE('',#237,#235,#15055,.T.);
#15053=LINE('',#234,#15056);
#15054=LINE('',#330,#15057);
#15055=LINE('',#236,#15058);
#15056=VECTOR('',#15059,1.0);
#15057=VECTOR('',#15060,1.0);
#15058=VECTOR('',#15061,1.0);
#15059=DIRECTION('',(0,-1,0));
#15060=DIRECTION('',(0.032149491838312616,0.9994619585479648,0.006496429019428964));
#15061=DIRECTION('',(-0.9801886557104992,0,-0.19806614858790147));
#15062=FACE_SURFACE('',(#15067),#15063,.T.);
#15063=PLANE('',#15064);
#15064=AXIS2_PLACEMENT_3D('',#912,#15065,#15066);
#15065=DIRECTION('',(0,-1,0));
#15066=DIRECTION('',(0.28274932713991674,0,0.9591938375541851));
#15067=FACE_BOUND('',#15068,.T.);
#15068=EDGE_LOOP('',(#15069,#15070,#15071));
#15069=ORIENTED_EDGE('',*,*,#15072,.T.);
#15070=ORIENTED_EDGE('',*,*,#15073,.T.);
#15071=ORIENTED_EDGE('',*,*,#15074,.T.);
#15072=EDGE_CURVE('',#913,#35,#15075,.F.);
#15073=EDGE_CURVE('',#35,#1003,#15076,.T.);
#15074=EDGE_CURVE('',#1003,#913,#15077,.T.);
#15075=LINE('',#912,#15078);
#15076=LINE('',#34,#15079);
#15077=LINE('',#1002,#15080);
#15078=VECTOR('',#15081,1.0);
#15079=VECTOR('',#15082,1.0);
#15080=VECTOR('',#15083,1.0);
#15081=DIRECTION('',(0.28274932713991674,0,0.9591938375541851));
#15082=DIRECTION('',(-0.29114536172805455,0,-0.956678827164185));
#15083=DIRECTION('',(0.8964542110716484,0,-0.44313637568124387));
#15084=FACE_SURFACE('',(#15089),#15085,.T.);
#15085=PLANE('',#15086);
#15086=AXIS2_PLACEMENT_3D('',#692,#15087,#15088);
#15087=DIRECTION('',(-0.831815331684311,0,0.5550524785774041));
#15088=DIRECTION('',(-0.5550524785774041,0,-0.831815331684311));
#15089=FACE_BOUND('',#15090,.T.);
#15090=EDGE_LOOP('',(#15091,#15092,#15093));
#15091=ORIENTED_EDGE('',*,*,#15094,.T.);
#15092=ORIENTED_EDGE('',*,*,#15095,.T.);
#15093=ORIENTED_EDGE('',*,*,#15096,.T.);
#15094=EDGE_CURVE('',#693,#691,#15097,.F.);
#15095=EDGE_CURVE('',#691,#77,#15098,.T.);
#15096=EDGE_CURVE('',#77,#693,#15099,.T.);
#15097=LINE('',#692,#15100);
#15098=LINE('',#690,#15101);
#15099=LINE('',#76,#15102);
#15100=VECTOR('',#15103,1.0);
#15101=VECTOR('',#15104,1.0);
#15102=VECTOR('',#15105,1.0);
#15103=DIRECTION('',(-0.5550524785774041,0,-0.831815331684311));
#15104=DIRECTION('',(0.030205168902806362,-0.9985182111092549,0.045266210960563644));
#15105=DIRECTION('',(0,1,0));
#15106=FACE_SURFACE('',(#15111),#15107,.T.);
#15107=PLANE('',#15108);
#15108=AXIS2_PLACEMENT_3D('',#782,#15109,#15110);
#15109=DIRECTION('',(-0.19806614858790147,0,0.9801886557104991));
#15110=DIRECTION('',(0,1,0));
#15111=FACE_BOUND('',#15112,.T.);
#15112=EDGE_LOOP('',(#15113,#15114,#15115));
#15113=ORIENTED_EDGE('',*,*,#15116,.T.);
#15114=ORIENTED_EDGE('',*,*,#15117,.T.);
#15115=ORIENTED_EDGE('',*,*,#15118,.T.);
#15116=EDGE_CURVE('',#783,#1001,#15119,.F.);
#15117=EDGE_CURVE('',#1001,#169,#15120,.T.);
#15118=EDGE_CURVE('',#169,#783,#15121,.T.);
#15119=LINE('',#782,#15122);
#15120=LINE('',#1000,#15123);
#15121=LINE('',#168,#15124);
#15122=VECTOR('',#15125,1.0);
#15123=VECTOR('',#15126,1.0);
#15124=VECTOR('',#15127,1.0);
#15125=DIRECTION('',(0,1,0));
#15126=DIRECTION('',(-0.9801886557104992,0,-0.19806614858790147));
#15127=DIRECTION('',(0.032149491838312616,-0.9994619585479648,0.006496429019428964));
#15128=FACE_SURFACE('',(#15133),#15129,.T.);
#15129=PLANE('',#15130);
#15130=AXIS2_PLACEMENT_3D('',#624,#15131,#15132);
#15131=DIRECTION('',(-0.6597770176442878,0,0.7514614341324569));
#15132=DIRECTION('',(0,-1,0));
#15133=FACE_BOUND('',#15134,.T.);
#15134=EDGE_LOOP('',(#15135,#15136,#15137));
#15135=ORIENTED_EDGE('',*,*,#15138,.T.);
#15136=ORIENTED_EDGE('',*,*,#15139,.T.);
#15137=ORIENTED_EDGE('',*,*,#15140,.T.);
#15138=EDGE_CURVE('',#625,#743,#15141,.F.);
#15139=EDGE_CURVE('',#743,#737,#15142,.T.);
#15140=EDGE_CURVE('',#737,#625,#15143,.T.);
#15141=LINE('',#624,#15144);
#15142=LINE('',#742,#15145);
#15143=LINE('',#736,#15146);
#15144=VECTOR('',#15147,1.0);
#15145=VECTOR('',#15148,1.0);
#15146=VECTOR('',#15149,1.0);
#15147=DIRECTION('',(0,-1,0));
#15148=DIRECTION('',(0.7514614341324571,0,0.6597770176442879));
#15149=DIRECTION('',(-0.017409816063309363,0.9997315871738084,-0.015285676680463114));
#15150=FACE_SURFACE('',(#15155),#15151,.T.);
#15151=PLANE('',#15152);
#15152=AXIS2_PLACEMENT_3D('',#66,#15153,#15154);
#15153=DIRECTION('',(-0.6624685974516458,0,0.7490896858123528));
#15154=DIRECTION('',(-0.7490896858123527,0,-0.6624685974516457));
#15155=FACE_BOUND('',#15156,.T.);
#15156=EDGE_LOOP('',(#15157,#15158,#15159));
#15157=ORIENTED_EDGE('',*,*,#15160,.T.);
#15158=ORIENTED_EDGE('',*,*,#15161,.T.);
#15159=ORIENTED_EDGE('',*,*,#15162,.T.);
#15160=EDGE_CURVE('',#67,#193,#15163,.F.);
#15161=EDGE_CURVE('',#193,#271,#15164,.T.);
#15162=EDGE_CURVE('',#271,#67,#15165,.T.);
#15163=LINE('',#66,#15166);
#15164=LINE('',#192,#15167);
#15165=LINE('',#270,#15168);
#15166=VECTOR('',#15169,1.0);
#15167=VECTOR('',#15170,1.0);
#15168=VECTOR('',#15171,1.0);
#15169=DIRECTION('',(-0.7490896858123527,0,-0.6624685974516457));
#15170=DIRECTION('',(0.02448679996167712,-0.9994655802497293,0.021655265496146218));
#15171=DIRECTION('',(0,1,0));
#15172=FACE_SURFACE('',(#15177),#15173,.T.);
#15173=PLANE('',#15174);
#15174=AXIS2_PLACEMENT_3D('',#690,#15175,#15176);
#15175=DIRECTION('',(-0.8967087098424152,0,0.4426211582072767));
#15176=DIRECTION('',(-0.4426211582072767,0,-0.8967087098424152));
#15177=FACE_BOUND('',#15178,.T.);
#15178=EDGE_LOOP('',(#15179,#15180,#15181));
#15179=ORIENTED_EDGE('',*,*,#15182,.T.);
#15180=ORIENTED_EDGE('',*,*,#15183,.T.);
#15181=ORIENTED_EDGE('',*,*,#15184,.T.);
#15182=EDGE_CURVE('',#691,#905,#15185,.F.);
#15183=EDGE_CURVE('',#905,#63,#15186,.T.);
#15184=EDGE_CURVE('',#63,#691,#15187,.T.);
#15185=LINE('',#690,#15188);
#15186=LINE('',#904,#15189);
#15187=LINE('',#62,#15190);
#15188=VECTOR('',#15191,1.0);
#15189=VECTOR('',#15192,1.0);
#15190=VECTOR('',#15193,1.0);
#15191=DIRECTION('',(-0.4426211582072767,0,-0.8967087098424152));
#15192=DIRECTION('',(0,-1,0));
#15193=DIRECTION('',(0.024089264249806733,0.9985179096268786,0.04880257679950667));
#15194=FACE_SURFACE('',(#15199),#15195,.T.);
#15195=PLANE('',#15196);
#15196=AXIS2_PLACEMENT_3D('',#910,#15197,#15198);
#15197=DIRECTION('',(0,-1,0));
#15198=DIRECTION('',(0.7490945091601733,0,-0.6624631433869201));
#15199=FACE_BOUND('',#15200,.T.);
#15200=EDGE_LOOP('',(#15201,#15202,#15203));
#15201=ORIENTED_EDGE('',*,*,#15204,.T.);
#15202=ORIENTED_EDGE('',*,*,#15205,.T.);
#15203=ORIENTED_EDGE('',*,*,#15206,.T.);
#15204=EDGE_CURVE('',#911,#1005,#15207,.F.);
#15205=EDGE_CURVE('',#1005,#35,#15208,.T.);
#15206=EDGE_CURVE('',#35,#911,#15209,.T.);
#15207=LINE('',#910,#15210);
#15208=LINE('',#1004,#15211);
#15209=LINE('',#34,#15212);
#15210=VECTOR('',#15213,1.0);
#15211=VECTOR('',#15214,1.0);
#15212=VECTOR('',#15215,1.0);
#15213=DIRECTION('',(0.7490945091601733,0,-0.6624631433869201));
#15214=DIRECTION('',(0.2669343150696726,0,0.9637147251330576));
#15215=DIRECTION('',(-0.2745959179123984,0,-0.9615597131046243));
#15216=FACE_SURFACE('',(#15221),#15217,.T.);
#15217=PLANE('',#15218);
#15218=AXIS2_PLACEMENT_3D('',#1006,#15219,#15220);
#15219=DIRECTION('',(0,-1,0));
#15220=DIRECTION('',(0.25983392437178715,0,0.9656533186115793));
#15221=FACE_BOUND('',#15222,.T.);
#15222=EDGE_LOOP('',(#15223,#15224,#15225));
#15223=ORIENTED_EDGE('',*,*,#15226,.T.);
#15224=ORIENTED_EDGE('',*,*,#15227,.T.);
#15225=ORIENTED_EDGE('',*,*,#15228,.T.);
#15226=EDGE_CURVE('',#1007,#35,#15229,.F.);
#15227=EDGE_CURVE('',#35,#1005,#15230,.T.);
#15228=EDGE_CURVE('',#1005,#1007,#15231,.T.);
#15229=LINE('',#1006,#15232);
#15230=LINE('',#34,#15233);
#15231=LINE('',#1004,#15234);
#15232=VECTOR('',#15235,1.0);
#15233=VECTOR('',#15236,1.0);
#15234=VECTOR('',#15237,1.0);
#15235=DIRECTION('',(0.25983392437178715,0,0.9656533186115793));
#15236=DIRECTION('',(-0.2669343150696726,0,-0.9637147251330576));
#15237=DIRECTION('',(0.6624631433869201,0,-0.7490945091601733));
#15238=FACE_SURFACE('',(#15243),#15239,.T.);
#15239=PLANE('',#15240);
#15240=AXIS2_PLACEMENT_3D('',#970,#15241,#15242);
#15241=DIRECTION('',(0,-1,0));
#15242=DIRECTION('',(0.2534772894814417,0,0.9673413377485434));
#15243=FACE_BOUND('',#15244,.T.);
#15244=EDGE_LOOP('',(#15245,#15246,#15247));
#15245=ORIENTED_EDGE('',*,*,#15248,.T.);
#15246=ORIENTED_EDGE('',*,*,#15249,.T.);
#15247=ORIENTED_EDGE('',*,*,#15250,.T.);
#15248=EDGE_CURVE('',#971,#35,#15251,.F.);
#15249=EDGE_CURVE('',#35,#1007,#15252,.T.);
#15250=EDGE_CURVE('',#1007,#971,#15253,.T.);
#15251=LINE('',#970,#15254);
#15252=LINE('',#34,#15255);
#15253=LINE('',#1006,#15256);
#15254=VECTOR('',#15257,1.0);
#15255=VECTOR('',#15258,1.0);
#15256=VECTOR('',#15259,1.0);
#15257=DIRECTION('',(0.2534772894814417,0,0.9673413377485434));
#15258=DIRECTION('',(-0.25983392437178715,0,-0.9656533186115793));
#15259=DIRECTION('',(0.5535284008098762,0,-0.8328303005395884));
#15260=FACE_SURFACE('',(#15265),#15261,.T.);
#15261=PLANE('',#15262);
#15262=AXIS2_PLACEMENT_3D('',#564,#15263,#15264);
#15263=DIRECTION('',(-0.9471454324114129,0,-0.3208045041176908));
#15264=DIRECTION('',(0,1,0));
#15265=FACE_BOUND('',#15266,.T.);
#15266=EDGE_LOOP('',(#15267,#15268,#15269));
#15267=ORIENTED_EDGE('',*,*,#15270,.T.);
#15268=ORIENTED_EDGE('',*,*,#15271,.T.);
#15269=ORIENTED_EDGE('',*,*,#15272,.T.);
#15270=EDGE_CURVE('',#565,#267,#15273,.F.);
#15271=EDGE_CURVE('',#267,#265,#15274,.T.);
#15272=EDGE_CURVE('',#265,#565,#15275,.T.);
#15273=LINE('',#564,#15276);
#15274=LINE('',#266,#15277);
#15275=LINE('',#264,#15278);
#15276=VECTOR('',#15279,1.0);
#15277=VECTOR('',#15280,1.0);
#15278=VECTOR('',#15281,1.0);
#15279=DIRECTION('',(0,1,0));
#15280=DIRECTION('',(0.3208045041176908,0,-0.947145432411413));
#15281=DIRECTION('',(-0.010494334660594733,-0.9994648011869012,0.030983546092397125));
#15282=FACE_SURFACE('',(#15287),#15283,.T.);
#15283=PLANE('',#15284);
#15284=AXIS2_PLACEMENT_3D('',#564,#15285,#15286);
#15285=DIRECTION('',(-0.9471454324114129,0,-0.3208045041176908));
#15286=DIRECTION('',(0.010494334660594733,0.9994648011869012,-0.030983546092397125));
#15287=FACE_BOUND('',#15288,.T.);
#15288=EDGE_LOOP('',(#15289,#15290,#15291));
#15289=ORIENTED_EDGE('',*,*,#15292,.T.);
#15290=ORIENTED_EDGE('',*,*,#15293,.T.);
#15291=ORIENTED_EDGE('',*,*,#15294,.T.);
#15292=EDGE_CURVE('',#565,#265,#15295,.F.);
#15293=EDGE_CURVE('',#265,#341,#15296,.T.);
#15294=EDGE_CURVE('',#341,#565,#15297,.T.);
#15295=LINE('',#564,#15298);
#15296=LINE('',#264,#15299);
#15297=LINE('',#340,#15300);
#15298=VECTOR('',#15301,1.0);
#15299=VECTOR('',#15302,1.0);
#15300=VECTOR('',#15303,1.0);
#15301=DIRECTION('',(0.010494334660594733,0.9994648011869012,-0.030983546092397125));
#15302=DIRECTION('',(0,-1,0));
#15303=DIRECTION('',(-0.3208045041176908,0,0.947145432411413));
#15304=FACE_SURFACE('',(#15309),#15305,.T.);
#15305=PLANE('',#15306);
#15306=AXIS2_PLACEMENT_3D('',#874,#15307,#15308);
#15307=DIRECTION('',(0,-1,0));
#15308=DIRECTION('',(0.9801886557104992,0,0.19806614858790147));
#15309=FACE_BOUND('',#15310,.T.);
#15310=EDGE_LOOP('',(#15311,#15312,#15313));
#15311=ORIENTED_EDGE('',*,*,#15314,.T.);
#15312=ORIENTED_EDGE('',*,*,#15315,.T.);
#15313=ORIENTED_EDGE('',*,*,#15316,.T.);
#15314=EDGE_CURVE('',#875,#881,#15317,.F.);
#15315=EDGE_CURVE('',#881,#597,#15318,.T.);
#15316=EDGE_CURVE('',#597,#875,#15319,.T.);
#15317=LINE('',#874,#15320);
#15318=LINE('',#880,#15321);
#15319=LINE('',#596,#15322);
#15320=VECTOR('',#15323,1.0);
#15321=VECTOR('',#15324,1.0);
#15322=VECTOR('',#15325,1.0);
#15323=DIRECTION('',(0.9801886557104992,0,0.19806614858790147));
#15324=DIRECTION('',(-0.5895146122248507,0,0.807757712419624));
#15325=DIRECTION('',(0.5777129640972388,0,-0.8162399960268931));
#15326=FACE_SURFACE('',(#15331),#15327,.T.);
#15327=PLANE('',#15328);
#15328=AXIS2_PLACEMENT_3D('',#596,#15329,#15330);
#15329=DIRECTION('',(0,-1,0));
#15330=DIRECTION('',(0.5895146122248507,0,-0.807757712419624));
#15331=FACE_BOUND('',#15332,.T.);
#15332=EDGE_LOOP('',(#15333,#15334,#15335));
#15333=ORIENTED_EDGE('',*,*,#15336,.T.);
#15334=ORIENTED_EDGE('',*,*,#15337,.T.);
#15335=ORIENTED_EDGE('',*,*,#15338,.T.);
#15336=EDGE_CURVE('',#597,#881,#15339,.F.);
#15337=EDGE_CURVE('',#881,#35,#15340,.T.);
#15338=EDGE_CURVE('',#35,#597,#15341,.T.);
#15339=LINE('',#596,#15342);
#15340=LINE('',#880,#15343);
#15341=LINE('',#34,#15344);
#15342=VECTOR('',#15345,1.0);
#15343=VECTOR('',#15346,1.0);
#15344=VECTOR('',#15347,1.0);
#15345=DIRECTION('',(0.5895146122248507,0,-0.807757712419624));
#15346=DIRECTION('',(0.3240249576838768,0,0.9460485330034406));
#15347=DIRECTION('',(-0.7966383881030107,0,-0.6044561841859483));
#15348=FACE_SURFACE('',(#15353),#15349,.T.);
#15349=PLANE('',#15350);
#15350=AXIS2_PLACEMENT_3D('',#34,#15351,#15352);
#15351=DIRECTION('',(0,-1,0));
#15352=DIRECTION('',(-0.308092771591396,0,-0.9513563181548393));
#15353=FACE_BOUND('',#15354,.T.);
#15354=EDGE_LOOP('',(#15355,#15356,#15357));
#15355=ORIENTED_EDGE('',*,*,#15358,.T.);
#15356=ORIENTED_EDGE('',*,*,#15359,.T.);
#15357=ORIENTED_EDGE('',*,*,#15360,.T.);
#15358=EDGE_CURVE('',#35,#999,#15361,.F.);
#15359=EDGE_CURVE('',#999,#1009,#15362,.T.);
#15360=EDGE_CURVE('',#1009,#35,#15363,.T.);
#15361=LINE('',#34,#15364);
#15362=LINE('',#998,#15365);
#15363=LINE('',#1008,#15366);
#15364=VECTOR('',#15367,1.0);
#15365=VECTOR('',#15368,1.0);
#15366=VECTOR('',#15369,1.0);
#15367=DIRECTION('',(-0.308092771591396,0,-0.9513563181548393));
#15368=DIRECTION('',(0.9801886557104992,0,-0.19806614858790147));
#15369=DIRECTION('',(0.2996450936402124,0,0.9540507417623804));
#15370=FACE_SURFACE('',(#15375),#15371,.T.);
#15371=PLANE('',#15372);
#15372=AXIS2_PLACEMENT_3D('',#1008,#15373,#15374);
#15373=DIRECTION('',(0,-1,0));
#15374=DIRECTION('',(0.947145432411413,0,-0.3208045041176908));
#15375=FACE_BOUND('',#15376,.T.);
#15376=EDGE_LOOP('',(#15377,#15378,#15379));
#15377=ORIENTED_EDGE('',*,*,#15380,.T.);
#15378=ORIENTED_EDGE('',*,*,#15381,.T.);
#15379=ORIENTED_EDGE('',*,*,#15382,.T.);
#15380=EDGE_CURVE('',#1009,#1003,#15383,.F.);
#15381=EDGE_CURVE('',#1003,#35,#15384,.T.);
#15382=EDGE_CURVE('',#35,#1009,#15385,.T.);
#15383=LINE('',#1008,#15386);
#15384=LINE('',#1002,#15387);
#15385=LINE('',#34,#15388);
#15386=VECTOR('',#15389,1.0);
#15387=VECTOR('',#15390,1.0);
#15388=VECTOR('',#15391,1.0);
#15389=DIRECTION('',(0.947145432411413,0,-0.3208045041176908));
#15390=DIRECTION('',(0.29114536172805455,0,0.956678827164185));
#15391=DIRECTION('',(-0.2996450936402124,0,-0.9540507417623804));
#15392=FACE_SURFACE('',(#15397),#15393,.T.);
#15393=PLANE('',#15394);
#15394=AXIS2_PLACEMENT_3D('',#912,#15395,#15396);
#15395=DIRECTION('',(0,-1,0));
#15396=DIRECTION('',(0.8328303005395884,0,-0.5535284008098762));
#15397=FACE_BOUND('',#15398,.T.);
#15398=EDGE_LOOP('',(#15399,#15400,#15401));
#15399=ORIENTED_EDGE('',*,*,#15402,.T.);
#15400=ORIENTED_EDGE('',*,*,#15403,.T.);
#15401=ORIENTED_EDGE('',*,*,#15404,.T.);
#15402=EDGE_CURVE('',#913,#911,#15405,.F.);
#15403=EDGE_CURVE('',#911,#35,#15406,.T.);
#15404=EDGE_CURVE('',#35,#913,#15407,.T.);
#15405=LINE('',#912,#15408);
#15406=LINE('',#910,#15409);
#15407=LINE('',#34,#15410);
#15408=VECTOR('',#15411,1.0);
#15409=VECTOR('',#15412,1.0);
#15410=VECTOR('',#15413,1.0);
#15411=DIRECTION('',(0.8328303005395884,0,-0.5535284008098762));
#15412=DIRECTION('',(0.2745959179123984,0,0.9615597131046243));
#15413=DIRECTION('',(-0.28274932713991674,0,-0.9591938375541851));
#15414=FACE_SURFACE('',(#15419),#15415,.T.);
#15415=PLANE('',#15416);
#15416=AXIS2_PLACEMENT_3D('',#734,#15417,#15418);
#15417=DIRECTION('',(-0.9470657366646223,0,0.3210397022735602));
#15418=DIRECTION('',(0.01747406136301251,-0.998517610789172,0.051548405633589416));
#15419=FACE_BOUND('',#15420,.T.);
#15420=EDGE_LOOP('',(#15421,#15422,#15423));
#15421=ORIENTED_EDGE('',*,*,#15424,.T.);
#15422=ORIENTED_EDGE('',*,*,#15425,.T.);
#15423=ORIENTED_EDGE('',*,*,#15426,.T.);
#15424=EDGE_CURVE('',#735,#63,#15427,.F.);
#15425=EDGE_CURVE('',#63,#905,#15428,.T.);
#15426=EDGE_CURVE('',#905,#735,#15429,.T.);
#15427=LINE('',#734,#15430);
#15428=LINE('',#62,#15431);
#15429=LINE('',#904,#15432);
#15430=VECTOR('',#15433,1.0);
#15431=VECTOR('',#15434,1.0);
#15432=VECTOR('',#15435,1.0);
#15433=DIRECTION('',(0.01747406136301251,-0.998517610789172,0.051548405633589416));
#15434=DIRECTION('',(0,1,0));
#15435=DIRECTION('',(-0.32103970227356016,0,-0.9470657366646223));
#15436=FACE_SURFACE('',(#15441),#15437,.T.);
#15437=PLANE('',#15438);
#15438=AXIS2_PLACEMENT_3D('',#504,#15439,#15440);
#15439=DIRECTION('',(-0.9801886557104991,-0,-0.19806614858790147));
#15440=DIRECTION('',(0,-1,0));
#15441=FACE_BOUND('',#15442,.T.);
#15442=EDGE_LOOP('',(#15443,#15444,#15445));
#15443=ORIENTED_EDGE('',*,*,#15446,.T.);
#15444=ORIENTED_EDGE('',*,*,#15447,.T.);
#15445=ORIENTED_EDGE('',*,*,#15448,.T.);
#15446=EDGE_CURVE('',#505,#339,#15449,.F.);
#15447=EDGE_CURVE('',#339,#265,#15450,.T.);
#15448=EDGE_CURVE('',#265,#505,#15451,.T.);
#15449=LINE('',#504,#15452);
#15450=LINE('',#338,#15453);
#15451=LINE('',#264,#15454);
#15452=VECTOR('',#15455,1.0);
#15453=VECTOR('',#15456,1.0);
#15454=VECTOR('',#15457,1.0);
#15455=DIRECTION('',(0,-1,0));
#15456=DIRECTION('',(-0.006496429019428964,0.9994619585479648,0.032149491838312616));
#15457=DIRECTION('',(0.19806614858790147,0,-0.9801886557104992));
#15458=FACE_SURFACE('',(#15463),#15459,.T.);
#15459=PLANE('',#15460);
#15460=AXIS2_PLACEMENT_3D('',#340,#15461,#15462);
#15461=DIRECTION('',(-0.9801886557104991,0,-0.19806614858790147));
#15462=DIRECTION('',(0,1,0));
#15463=FACE_BOUND('',#15464,.T.);
#15464=EDGE_LOOP('',(#15465,#15466,#15467));
#15465=ORIENTED_EDGE('',*,*,#15468,.T.);
#15466=ORIENTED_EDGE('',*,*,#15469,.T.);
#15467=ORIENTED_EDGE('',*,*,#15470,.T.);
#15468=EDGE_CURVE('',#341,#265,#15471,.F.);
#15469=EDGE_CURVE('',#265,#339,#15472,.T.);
#15470=EDGE_CURVE('',#339,#341,#15473,.T.);
#15471=LINE('',#340,#15474);
#15472=LINE('',#264,#15475);
#15473=LINE('',#338,#15476);
#15474=VECTOR('',#15477,1.0);
#15475=VECTOR('',#15478,1.0);
#15476=VECTOR('',#15479,1.0);
#15477=DIRECTION('',(0,1,0));
#15478=DIRECTION('',(0.006496429019428964,-0.9994619585479648,-0.032149491838312616));
#15479=DIRECTION('',(-0.19806614858790147,0,0.9801886557104992));
#15480=FACE_SURFACE('',(#15485),#15481,.T.);
#15481=PLANE('',#15482);
#15482=AXIS2_PLACEMENT_3D('',#512,#15483,#15484);
#15483=DIRECTION('',(-0.947065886929003,0,-0.3210392589939445));
#15484=DIRECTION('',(-0.32103925899394453,0,0.9470658869290031));
#15485=FACE_BOUND('',#15486,.T.);
#15486=EDGE_LOOP('',(#15487,#15488,#15489));
#15487=ORIENTED_EDGE('',*,*,#15490,.T.);
#15488=ORIENTED_EDGE('',*,*,#15491,.T.);
#15489=ORIENTED_EDGE('',*,*,#15492,.T.);
#15490=EDGE_CURVE('',#513,#99,#15493,.F.);
#15491=EDGE_CURVE('',#99,#873,#15494,.T.);
#15492=EDGE_CURVE('',#873,#513,#15495,.T.);
#15493=LINE('',#512,#15496);
#15494=LINE('',#98,#15497);
#15495=LINE('',#872,#15498);
#15496=VECTOR('',#15499,1.0);
#15497=VECTOR('',#15500,1.0);
#15498=VECTOR('',#15501,1.0);
#15499=DIRECTION('',(-0.32103925899394453,0,0.9470658869290031));
#15500=DIRECTION('',(0.017474061291532603,0.9985176067046067,-0.051548484777773664));
#15501=DIRECTION('',(0,-1,0));
#15502=FACE_SURFACE('',(#15507),#15503,.T.);
#15503=PLANE('',#15504);
#15504=AXIS2_PLACEMENT_3D('',#342,#15505,#15506);
#15505=DIRECTION('',(-0.9981306949977661,0,-0.06111559296346773));
#15506=DIRECTION('',(-0.06111559296346774,0,0.9981306949977663));
#15507=FACE_BOUND('',#15508,.T.);
#15508=EDGE_LOOP('',(#15509,#15510,#15511));
#15509=ORIENTED_EDGE('',*,*,#15512,.T.);
#15510=ORIENTED_EDGE('',*,*,#15513,.T.);
#15511=ORIENTED_EDGE('',*,*,#15514,.T.);
#15512=EDGE_CURVE('',#343,#339,#15515,.F.);
#15513=EDGE_CURVE('',#339,#503,#15516,.T.);
#15514=EDGE_CURVE('',#503,#343,#15517,.T.);
#15515=LINE('',#342,#15518);
#15516=LINE('',#338,#15519);
#15517=LINE('',#502,#15520);
#15518=VECTOR('',#15521,1.0);
#15519=VECTOR('',#15522,1.0);
#15520=VECTOR('',#15523,1.0);
#15521=DIRECTION('',(-0.06111559296346774,0,0.9981306949977663));
#15522=DIRECTION('',(0.0019991025975822853,0.9994648785898486,-0.03264904369477998));
#15523=DIRECTION('',(0,-1,0));
#15524=FACE_SURFACE('',(#15529),#15525,.T.);
#15525=PLANE('',#15526);
#15526=AXIS2_PLACEMENT_3D('',#504,#15527,#15528);
#15527=DIRECTION('',(-0.9981306949977661,-0,-0.06111559296346773));
#15528=DIRECTION('',(0.06111559296346774,0,-0.9981306949977663));
#15529=FACE_BOUND('',#15530,.T.);
#15530=EDGE_LOOP('',(#15531,#15532,#15533));
#15531=ORIENTED_EDGE('',*,*,#15534,.T.);
#15532=ORIENTED_EDGE('',*,*,#15535,.T.);
#15533=ORIENTED_EDGE('',*,*,#15536,.T.);
#15534=EDGE_CURVE('',#505,#503,#15537,.F.);
#15535=EDGE_CURVE('',#503,#339,#15538,.T.);
#15536=EDGE_CURVE('',#339,#505,#15539,.T.);
#15537=LINE('',#504,#15540);
#15538=LINE('',#502,#15541);
#15539=LINE('',#338,#15542);
#15540=VECTOR('',#15543,1.0);
#15541=VECTOR('',#15544,1.0);
#15542=VECTOR('',#15545,1.0);
#15543=DIRECTION('',(0.06111559296346774,0,-0.9981306949977663));
#15544=DIRECTION('',(-0.0019991025975822853,-0.9994648785898486,0.03264904369477998));
#15545=DIRECTION('',(0,1,0));
#15546=FACE_SURFACE('',(#15551),#15547,.T.);
#15547=PLANE('',#15548);
#15548=AXIS2_PLACEMENT_3D('',#34,#15549,#15550);
#15549=DIRECTION('',(0,-1,-0));
#15550=DIRECTION('',(-0.24341283790577914,0,-0.9699227754531053));
#15551=FACE_BOUND('',#15552,.T.);
#15552=EDGE_LOOP('',(#15553,#15554,#15555));
#15553=ORIENTED_EDGE('',*,*,#15556,.T.);
#15554=ORIENTED_EDGE('',*,*,#15557,.T.);
#15555=ORIENTED_EDGE('',*,*,#15558,.T.);
#15556=EDGE_CURVE('',#35,#809,#15559,.F.);
#15557=EDGE_CURVE('',#809,#37,#15560,.T.);
#15558=EDGE_CURVE('',#37,#35,#15561,.T.);
#15559=LINE('',#34,#15562);
#15560=LINE('',#808,#15563);
#15561=LINE('',#36,#15564);
#15562=VECTOR('',#15565,1.0);
#15563=VECTOR('',#15566,1.0);
#15564=VECTOR('',#15567,1.0);
#15565=DIRECTION('',(-0.24341283790577914,0,-0.9699227754531053));
#15566=DIRECTION('',(0.6272971513736818,0,-0.778779997097039));
#15567=DIRECTION('',(0,0,1));
#15568=FACE_SURFACE('',(#15573),#15569,.T.);
#15569=PLANE('',#15570);
#15570=AXIS2_PLACEMENT_3D('',#1010,#15571,#15572);
#15571=DIRECTION('',(0,-1,0));
#15572=DIRECTION('',(0.658098602149573,0,-0.7529317564353213));
#15573=FACE_BOUND('',#15574,.T.);
#15574=EDGE_LOOP('',(#15575,#15576,#15577));
#15575=ORIENTED_EDGE('',*,*,#15578,.T.);
#15576=ORIENTED_EDGE('',*,*,#15579,.T.);
#15577=ORIENTED_EDGE('',*,*,#15580,.T.);
#15578=EDGE_CURVE('',#1011,#37,#15581,.F.);
#15579=EDGE_CURVE('',#37,#985,#15582,.T.);
#15580=EDGE_CURVE('',#985,#1011,#15583,.T.);
#15581=LINE('',#1010,#15584);
#15582=LINE('',#36,#15585);
#15583=LINE('',#984,#15586);
#15584=VECTOR('',#15587,1.0);
#15585=VECTOR('',#15588,1.0);
#15586=VECTOR('',#15589,1.0);
#15587=DIRECTION('',(0.658098602149573,0,-0.7529317564353213));
#15588=DIRECTION('',(-0.6457368290058478,0,0.7635600485000982));
#15589=DIRECTION('',(-0.06618388024370983,0,-0.9978074433456018));
#15590=FACE_SURFACE('',(#15595),#15591,.T.);
#15591=PLANE('',#15592);
#15592=AXIS2_PLACEMENT_3D('',#36,#15593,#15594);
#15593=DIRECTION('',(0,-1,0));
#15594=DIRECTION('',(-0.658098602149573,0,0.7529317564353213));
#15595=FACE_BOUND('',#15596,.T.);
#15596=EDGE_LOOP('',(#15597,#15598,#15599));
#15597=ORIENTED_EDGE('',*,*,#15600,.T.);
#15598=ORIENTED_EDGE('',*,*,#15601,.T.);
#15599=ORIENTED_EDGE('',*,*,#15602,.T.);
#15600=EDGE_CURVE('',#37,#1011,#15603,.F.);
#15601=EDGE_CURVE('',#1011,#1013,#15604,.T.);
#15602=EDGE_CURVE('',#1013,#37,#15605,.T.);
#15603=LINE('',#36,#15606);
#15604=LINE('',#1010,#15607);
#15605=LINE('',#1012,#15608);
#15606=VECTOR('',#15609,1.0);
#15607=VECTOR('',#15610,1.0);
#15608=VECTOR('',#15611,1.0);
#15609=DIRECTION('',(-0.658098602149573,0,0.7529317564353213));
#15610=DIRECTION('',(-0.19806614858790147,0,-0.9801886557104992));
#15611=DIRECTION('',(0.6722445378061256,0,-0.7403291709704735));
#15612=FACE_SURFACE('',(#15617),#15613,.T.);
#15613=PLANE('',#15614);
#15614=AXIS2_PLACEMENT_3D('',#1014,#15615,#15616);
#15615=DIRECTION('',(0,-1,0));
#15616=DIRECTION('',(0.6876698858418037,0,-0.7260235038249936));
#15617=FACE_BOUND('',#15618,.T.);
#15618=EDGE_LOOP('',(#15619,#15620,#15621));
#15619=ORIENTED_EDGE('',*,*,#15622,.T.);
#15620=ORIENTED_EDGE('',*,*,#15623,.T.);
#15621=ORIENTED_EDGE('',*,*,#15624,.T.);
#15622=EDGE_CURVE('',#1015,#37,#15625,.F.);
#15623=EDGE_CURVE('',#37,#1013,#15626,.T.);
#15624=EDGE_CURVE('',#1013,#1015,#15627,.T.);
#15625=LINE('',#1014,#15628);
#15626=LINE('',#36,#15629);
#15627=LINE('',#1012,#15630);
#15628=VECTOR('',#15631,1.0);
#15629=VECTOR('',#15632,1.0);
#15630=VECTOR('',#15633,1.0);
#15631=DIRECTION('',(0.6876698858418037,0,-0.7260235038249936));
#15632=DIRECTION('',(-0.6722445378061256,0,0.7403291709704735));
#15633=DIRECTION('',(-0.3208045041176908,0,-0.947145432411413));
#15634=FACE_SURFACE('',(#15639),#15635,.T.);
#15635=PLANE('',#15636);
#15636=AXIS2_PLACEMENT_3D('',#1014,#15637,#15638);
#15637=DIRECTION('',(0,-1,-0));
#15638=DIRECTION('',(-0.44313637568124387,0,-0.8964542110716484));
#15639=FACE_BOUND('',#15640,.T.);
#15640=EDGE_LOOP('',(#15641,#15642,#15643));
#15641=ORIENTED_EDGE('',*,*,#15644,.T.);
#15642=ORIENTED_EDGE('',*,*,#15645,.T.);
#15643=ORIENTED_EDGE('',*,*,#15646,.T.);
#15644=EDGE_CURVE('',#1015,#991,#15647,.F.);
#15645=EDGE_CURVE('',#991,#37,#15648,.T.);
#15646=EDGE_CURVE('',#37,#1015,#15649,.T.);
#15647=LINE('',#1014,#15650);
#15648=LINE('',#990,#15651);
#15649=LINE('',#36,#15652);
#15650=VECTOR('',#15653,1.0);
#15651=VECTOR('',#15654,1.0);
#15652=VECTOR('',#15655,1.0);
#15653=DIRECTION('',(-0.44313637568124387,0,-0.8964542110716484));
#15654=DIRECTION('',(0.7040116534640045,0,-0.7101884199188823));
#15655=DIRECTION('',(-0.6876698858418037,0,0.7260235038249936));
#15656=FACE_SURFACE('',(#15661),#15657,.T.);
#15657=PLANE('',#15658);
#15658=AXIS2_PLACEMENT_3D('',#1004,#15659,#15660);
#15659=DIRECTION('',(-0.7490945091601733,0,-0.6624631433869201));
#15660=DIRECTION('',(0,1,0));
#15661=FACE_BOUND('',#15662,.T.);
#15662=EDGE_LOOP('',(#15663,#15664,#15665));
#15663=ORIENTED_EDGE('',*,*,#15666,.T.);
#15664=ORIENTED_EDGE('',*,*,#15667,.T.);
#15665=ORIENTED_EDGE('',*,*,#15668,.T.);
#15666=EDGE_CURVE('',#1005,#1017,#15669,.F.);
#15667=EDGE_CURVE('',#1017,#1019,#15670,.T.);
#15668=EDGE_CURVE('',#1019,#1005,#15671,.T.);
#15669=LINE('',#1004,#15672);
#15670=LINE('',#1016,#15673);
#15671=LINE('',#1018,#15674);
#15672=VECTOR('',#15675,1.0);
#15673=VECTOR('',#15676,1.0);
#15674=VECTOR('',#15677,1.0);
#15675=DIRECTION('',(0,1,0));
#15676=DIRECTION('',(0.6624631433869201,0,-0.7490945091601733));
#15677=DIRECTION('',(-0.02165494792358729,-0.9994655871263466,0.024486800130153506));
#15678=FACE_SURFACE('',(#15683),#15679,.T.);
#15679=PLANE('',#15680);
#15680=AXIS2_PLACEMENT_3D('',#1004,#15681,#15682);
#15681=DIRECTION('',(-0.7490945091601733,0,-0.6624631433869201));
#15682=DIRECTION('',(0.02165494792358729,0.9994655871263466,-0.024486800130153506));
#15683=FACE_BOUND('',#15684,.T.);
#15684=EDGE_LOOP('',(#15685,#15686,#15687));
#15685=ORIENTED_EDGE('',*,*,#15688,.T.);
#15686=ORIENTED_EDGE('',*,*,#15689,.T.);
#15687=ORIENTED_EDGE('',*,*,#15690,.T.);
#15688=EDGE_CURVE('',#1005,#1019,#15691,.F.);
#15689=EDGE_CURVE('',#1019,#1007,#15692,.T.);
#15690=EDGE_CURVE('',#1007,#1005,#15693,.T.);
#15691=LINE('',#1004,#15694);
#15692=LINE('',#1018,#15695);
#15693=LINE('',#1006,#15696);
#15694=VECTOR('',#15697,1.0);
#15695=VECTOR('',#15698,1.0);
#15696=VECTOR('',#15699,1.0);
#15697=DIRECTION('',(0.02165494792358729,0.9994655871263466,-0.024486800130153506));
#15698=DIRECTION('',(0,-1,0));
#15699=DIRECTION('',(-0.6624631433869201,0,0.7490945091601733));
#15700=FACE_SURFACE('',(#15705),#15701,.T.);
#15701=PLANE('',#15702);
#15702=AXIS2_PLACEMENT_3D('',#342,#15703,#15704);
#15703=DIRECTION('',(-0.9981306949977661,0,0.06111559296346773));
#15704=DIRECTION('',(0,1,0));
#15705=FACE_BOUND('',#15706,.T.);
#15706=EDGE_LOOP('',(#15707,#15708,#15709));
#15707=ORIENTED_EDGE('',*,*,#15710,.T.);
#15708=ORIENTED_EDGE('',*,*,#15711,.T.);
#15709=ORIENTED_EDGE('',*,*,#15712,.T.);
#15710=EDGE_CURVE('',#343,#503,#15713,.F.);
#15711=EDGE_CURVE('',#503,#283,#15714,.T.);
#15712=EDGE_CURVE('',#283,#343,#15715,.T.);
#15713=LINE('',#342,#15716);
#15714=LINE('',#502,#15717);
#15715=LINE('',#282,#15718);
#15716=VECTOR('',#15719,1.0);
#15717=VECTOR('',#15720,1.0);
#15718=VECTOR('',#15721,1.0);
#15719=DIRECTION('',(0,1,0));
#15720=DIRECTION('',(-0.06111559296346774,0,-0.9981306949977663));
#15721=DIRECTION('',(0.0019991025975822853,-0.9994648785898486,0.03264904369477998));
#15722=FACE_SURFACE('',(#15727),#15723,.T.);
#15723=PLANE('',#15724);
#15724=AXIS2_PLACEMENT_3D('',#342,#15725,#15726);
#15725=DIRECTION('',(-0.9981306949977661,0,0.06111559296346773));
#15726=DIRECTION('',(-0.0019991025975822853,0.9994648785898486,-0.03264904369477998));
#15727=FACE_BOUND('',#15728,.T.);
#15728=EDGE_LOOP('',(#15729,#15730,#15731));
#15729=ORIENTED_EDGE('',*,*,#15732,.T.);
#15730=ORIENTED_EDGE('',*,*,#15733,.T.);
#15731=ORIENTED_EDGE('',*,*,#15734,.T.);
#15732=EDGE_CURVE('',#343,#283,#15735,.F.);
#15733=EDGE_CURVE('',#283,#351,#15736,.T.);
#15734=EDGE_CURVE('',#351,#343,#15737,.T.);
#15735=LINE('',#342,#15738);
#15736=LINE('',#282,#15739);
#15737=LINE('',#350,#15740);
#15738=VECTOR('',#15741,1.0);
#15739=VECTOR('',#15742,1.0);
#15740=VECTOR('',#15743,1.0);
#15741=DIRECTION('',(-0.0019991025975822853,0.9994648785898486,-0.03264904369477998));
#15742=DIRECTION('',(0,-1,0));
#15743=DIRECTION('',(0.06111559296346774,0,0.9981306949977663));
#15744=FACE_SURFACE('',(#15749),#15745,.T.);
#15745=PLANE('',#15746);
#15746=AXIS2_PLACEMENT_3D('',#1006,#15747,#15748);
#15747=DIRECTION('',(-0.8328303005395883,0,-0.5535284008098762));
#15748=DIRECTION('',(0,1,0));
#15749=FACE_BOUND('',#15750,.T.);
#15750=EDGE_LOOP('',(#15751,#15752,#15753));
#15751=ORIENTED_EDGE('',*,*,#15754,.T.);
#15752=ORIENTED_EDGE('',*,*,#15755,.T.);
#15753=ORIENTED_EDGE('',*,*,#15756,.T.);
#15754=EDGE_CURVE('',#1007,#1019,#15757,.F.);
#15755=EDGE_CURVE('',#1019,#971,#15758,.T.);
#15756=EDGE_CURVE('',#971,#1007,#15759,.T.);
#15757=LINE('',#1006,#15760);
#15758=LINE('',#1018,#15761);
#15759=LINE('',#970,#15762);
#15760=VECTOR('',#15763,1.0);
#15761=VECTOR('',#15764,1.0);
#15762=VECTOR('',#15765,1.0);
#15763=DIRECTION('',(0,1,0));
#15764=DIRECTION('',(0.018157083541323372,-0.999461855082944,-0.02731886804817577));
#15765=DIRECTION('',(-0.5535284008098762,0,0.8328303005395884));
#15766=FACE_SURFACE('',(#15771),#15767,.T.);
#15767=PLANE('',#15768);
#15768=AXIS2_PLACEMENT_3D('',#718,#15769,#15770);
#15769=DIRECTION('',(-0,-1,-0));
#15770=DIRECTION('',(-0.9981306949977663,0,0.06111559296346774));
#15771=FACE_BOUND('',#15772,.T.);
#15772=EDGE_LOOP('',(#15773,#15774,#15775));
#15773=ORIENTED_EDGE('',*,*,#15776,.T.);
#15774=ORIENTED_EDGE('',*,*,#15777,.T.);
#15775=ORIENTED_EDGE('',*,*,#15778,.T.);
#15776=EDGE_CURVE('',#719,#717,#15779,.F.);
#15777=EDGE_CURVE('',#717,#37,#15780,.T.);
#15778=EDGE_CURVE('',#37,#719,#15781,.T.);
#15779=LINE('',#718,#15782);
#15780=LINE('',#716,#15783);
#15781=LINE('',#36,#15784);
#15782=VECTOR('',#15785,1.0);
#15783=VECTOR('',#15786,1.0);
#15784=VECTOR('',#15787,1.0);
#15785=DIRECTION('',(-0.9981306949977663,0,0.06111559296346774));
#15786=DIRECTION('',(0.8206865911238759,0,-0.5713786127861913));
#15787=DIRECTION('',(-0.8138434799476757,0,0.5810841506586265));
#15788=FACE_SURFACE('',(#15793),#15789,.T.);
#15789=PLANE('',#15790);
#15790=AXIS2_PLACEMENT_3D('',#716,#15791,#15792);
#15791=DIRECTION('',(-0,-1,-0));
#15792=DIRECTION('',(-0.9801886557104992,0,0.19806614858790147));
#15793=FACE_BOUND('',#15794,.T.);
#15794=EDGE_LOOP('',(#15795,#15796,#15797));
#15795=ORIENTED_EDGE('',*,*,#15798,.T.);
#15796=ORIENTED_EDGE('',*,*,#15799,.T.);
#15797=ORIENTED_EDGE('',*,*,#15800,.T.);
#15798=EDGE_CURVE('',#717,#879,#15801,.F.);
#15799=EDGE_CURVE('',#879,#37,#15802,.T.);
#15800=EDGE_CURVE('',#37,#717,#15803,.T.);
#15801=LINE('',#716,#15804);
#15802=LINE('',#878,#15805);
#15803=LINE('',#36,#15806);
#15804=VECTOR('',#15807,1.0);
#15805=VECTOR('',#15808,1.0);
#15806=VECTOR('',#15809,1.0);
#15807=DIRECTION('',(-0.9801886557104992,0,0.19806614858790147));
#15808=DIRECTION('',(0.825652458046545,0,-0.5641790660080348));
#15809=DIRECTION('',(-0.8206865911238759,0,0.5713786127861913));
#15810=FACE_SURFACE('',(#15815),#15811,.T.);
#15811=PLANE('',#15812);
#15812=AXIS2_PLACEMENT_3D('',#780,#15813,#15814);
#15813=DIRECTION('',(0,-1,-0));
#15814=DIRECTION('',(-0.9981306949977663,0,-0.06111559296346774));
#15815=FACE_BOUND('',#15816,.T.);
#15816=EDGE_LOOP('',(#15817,#15818,#15819));
#15817=ORIENTED_EDGE('',*,*,#15820,.T.);
#15818=ORIENTED_EDGE('',*,*,#15821,.T.);
#15819=ORIENTED_EDGE('',*,*,#15822,.T.);
#15820=EDGE_CURVE('',#781,#719,#15823,.F.);
#15821=EDGE_CURVE('',#719,#37,#15824,.T.);
#15822=EDGE_CURVE('',#37,#781,#15825,.T.);
#15823=LINE('',#780,#15826);
#15824=LINE('',#718,#15827);
#15825=LINE('',#36,#15828);
#15826=VECTOR('',#15829,1.0);
#15827=VECTOR('',#15830,1.0);
#15828=VECTOR('',#15831,1.0);
#15829=DIRECTION('',(-0.9981306949977663,0,-0.06111559296346774));
#15830=DIRECTION('',(0.8138434799476757,0,-0.5810841506586265));
#15831=DIRECTION('',(-0.8052521448336503,0,0.5929325284050505));
#15832=FACE_SURFACE('',(#15837),#15833,.T.);
#15833=PLANE('',#15834);
#15834=AXIS2_PLACEMENT_3D('',#282,#15835,#15836);
#15835=DIRECTION('',(-0.9801886557104991,0,0.19806614858790147));
#15836=DIRECTION('',(-0.006496429019428964,-0.9994619585479648,-0.032149491838312616));
#15837=FACE_BOUND('',#15838,.T.);
#15838=EDGE_LOOP('',(#15839,#15840,#15841));
#15839=ORIENTED_EDGE('',*,*,#15842,.T.);
#15840=ORIENTED_EDGE('',*,*,#15843,.T.);
#15841=ORIENTED_EDGE('',*,*,#15844,.T.);
#15842=EDGE_CURVE('',#283,#349,#15845,.F.);
#15843=EDGE_CURVE('',#349,#351,#15846,.T.);
#15844=EDGE_CURVE('',#351,#283,#15847,.T.);
#15845=LINE('',#282,#15848);
#15846=LINE('',#348,#15849);
#15847=LINE('',#350,#15850);
#15848=VECTOR('',#15851,1.0);
#15849=VECTOR('',#15852,1.0);
#15850=VECTOR('',#15853,1.0);
#15851=DIRECTION('',(-0.006496429019428964,-0.9994619585479648,-0.032149491838312616));
#15852=DIRECTION('',(0.19806614858790147,0,0.9801886557104992));
#15853=DIRECTION('',(0,1,0));
#15854=FACE_SURFACE('',(#15859),#15855,.T.);
#15855=PLANE('',#15856);
#15856=AXIS2_PLACEMENT_3D('',#932,#15857,#15858);
#15857=DIRECTION('',(0.6597770176442878,0,-0.7514614341324569));
#15858=DIRECTION('',(-0.7514614341324571,0,-0.6597770176442879));
#15859=FACE_BOUND('',#15860,.T.);
#15860=EDGE_LOOP('',(#15861,#15862,#15863));
#15861=ORIENTED_EDGE('',*,*,#15864,.T.);
#15862=ORIENTED_EDGE('',*,*,#15865,.T.);
#15863=ORIENTED_EDGE('',*,*,#15866,.T.);
#15864=EDGE_CURVE('',#933,#967,#15867,.F.);
#15865=EDGE_CURVE('',#967,#723,#15868,.T.);
#15866=EDGE_CURVE('',#723,#933,#15869,.T.);
#15867=LINE('',#932,#15870);
#15868=LINE('',#966,#15871);
#15869=LINE('',#722,#15872);
#15870=VECTOR('',#15873,1.0);
#15871=VECTOR('',#15874,1.0);
#15872=VECTOR('',#15875,1.0);
#15873=DIRECTION('',(-0.7514614341324571,0,-0.6597770176442879));
#15874=DIRECTION('',(0.017409816063309363,0.9997315871738084,0.015285676680463114));
#15875=DIRECTION('',(0,-1,0));
#15876=FACE_SURFACE('',(#15881),#15877,.T.);
#15877=PLANE('',#15878);
#15878=AXIS2_PLACEMENT_3D('',#354,#15879,#15880);
#15879=DIRECTION('',(-0.0610962390449761,0,0.9981318798508337));
#15880=DIRECTION('',(0,-1,0));
#15881=FACE_BOUND('',#15882,.T.);
#15882=EDGE_LOOP('',(#15883,#15884,#15885));
#15883=ORIENTED_EDGE('',*,*,#15886,.T.);
#15884=ORIENTED_EDGE('',*,*,#15887,.T.);
#15885=ORIENTED_EDGE('',*,*,#15888,.T.);
#15886=EDGE_CURVE('',#355,#547,#15889,.F.);
#15887=EDGE_CURVE('',#547,#545,#15890,.T.);
#15888=EDGE_CURVE('',#545,#355,#15891,.T.);
#15889=LINE('',#354,#15892);
#15890=LINE('',#546,#15893);
#15891=LINE('',#544,#15894);
#15892=VECTOR('',#15895,1.0);
#15893=VECTOR('',#15896,1.0);
#15894=VECTOR('',#15897,1.0);
#15895=DIRECTION('',(0,-1,0));
#15896=DIRECTION('',(0.9981318798508337,0,0.0610962390449761));
#15897=DIRECTION('',(-0.03264904373624796,0.999464879859282,-0.0019984671574639905));
#15898=FACE_SURFACE('',(#15903),#15899,.T.);
#15899=PLANE('',#15900);
#15900=AXIS2_PLACEMENT_3D('',#970,#15901,#15902);
#15901=DIRECTION('',(-0.8964542110716484,0,-0.44313637568124387));
#15902=DIRECTION('',(0.014492225997411828,0.9994650889524107,-0.029317424016950845));
#15903=FACE_BOUND('',#15904,.T.);
#15904=EDGE_LOOP('',(#15905,#15906,#15907));
#15905=ORIENTED_EDGE('',*,*,#15908,.T.);
#15906=ORIENTED_EDGE('',*,*,#15909,.T.);
#15907=ORIENTED_EDGE('',*,*,#15910,.T.);
#15908=EDGE_CURVE('',#971,#1021,#15911,.F.);
#15909=EDGE_CURVE('',#1021,#807,#15912,.T.);
#15910=EDGE_CURVE('',#807,#971,#15913,.T.);
#15911=LINE('',#970,#15914);
#15912=LINE('',#1020,#15915);
#15913=LINE('',#806,#15916);
#15914=VECTOR('',#15917,1.0);
#15915=VECTOR('',#15918,1.0);
#15916=VECTOR('',#15919,1.0);
#15917=DIRECTION('',(0.014492225997411828,0.9994650889524107,-0.029317424016950845));
#15918=DIRECTION('',(0,-1,0));
#15919=DIRECTION('',(-0.44313637568124387,0,0.8964542110716484));
#15920=FACE_SURFACE('',(#15925),#15921,.T.);
#15921=PLANE('',#15922);
#15922=AXIS2_PLACEMENT_3D('',#498,#15923,#15924);
#15923=DIRECTION('',(-0.9471454324114129,0,0.3208045041176908));
#15924=DIRECTION('',(0,-1,0));
#15925=FACE_BOUND('',#15926,.T.);
#15926=EDGE_LOOP('',(#15927,#15928,#15929));
#15927=ORIENTED_EDGE('',*,*,#15930,.T.);
#15928=ORIENTED_EDGE('',*,*,#15931,.T.);
#15929=ORIENTED_EDGE('',*,*,#15932,.T.);
#15930=EDGE_CURVE('',#499,#353,#15933,.F.);
#15931=EDGE_CURVE('',#353,#349,#15934,.T.);
#15932=EDGE_CURVE('',#349,#499,#15935,.T.);
#15933=LINE('',#498,#15936);
#15934=LINE('',#352,#15937);
#15935=LINE('',#348,#15938);
#15936=VECTOR('',#15939,1.0);
#15937=VECTOR('',#15940,1.0);
#15938=VECTOR('',#15941,1.0);
#15939=DIRECTION('',(0,-1,0));
#15940=DIRECTION('',(0.3208045041176908,0,0.947145432411413));
#15941=DIRECTION('',(-0.010494334660594733,0.9994648011869012,-0.030983546092397125));
#15942=FACE_SURFACE('',(#15947),#15943,.T.);
#15943=PLANE('',#15944);
#15944=AXIS2_PLACEMENT_3D('',#758,#15945,#15946);
#15945=DIRECTION('',(-0.9809929779342055,0,-0.19404323550121394));
#15946=DIRECTION('',(0,1,0));
#15947=FACE_BOUND('',#15948,.T.);
#15948=EDGE_LOOP('',(#15949,#15950,#15951));
#15949=ORIENTED_EDGE('',*,*,#15952,.T.);
#15950=ORIENTED_EDGE('',*,*,#15953,.T.);
#15951=ORIENTED_EDGE('',*,*,#15954,.T.);
#15952=EDGE_CURVE('',#759,#681,#15955,.F.);
#15953=EDGE_CURVE('',#681,#761,#15956,.T.);
#15954=EDGE_CURVE('',#761,#759,#15957,.T.);
#15955=LINE('',#758,#15958);
#15956=LINE('',#680,#15959);
#15957=LINE('',#760,#15960);
#15958=VECTOR('',#15961,1.0);
#15959=VECTOR('',#15962,1.0);
#15960=VECTOR('',#15963,1.0);
#15961=DIRECTION('',(0,1,0));
#15962=DIRECTION('',(0.004498240342332914,-0.9997312696859166,-0.022741025614682348));
#15963=DIRECTION('',(-0.1940432355012139,0,0.9809929779342055));
#15964=FACE_SURFACE('',(#15969),#15965,.T.);
#15965=PLANE('',#15966);
#15966=AXIS2_PLACEMENT_3D('',#94,#15967,#15968);
#15967=DIRECTION('',(0,-1,0));
#15968=DIRECTION('',(1,0,0));
#15969=FACE_BOUND('',#15970,.T.);
#15970=EDGE_LOOP('',(#15971,#15972,#15973));
#15971=ORIENTED_EDGE('',*,*,#15974,.T.);
#15972=ORIENTED_EDGE('',*,*,#15975,.T.);
#15973=ORIENTED_EDGE('',*,*,#15976,.T.);
#15974=EDGE_CURVE('',#95,#37,#15977,.F.);
#15975=EDGE_CURVE('',#37,#149,#15978,.T.);
#15976=EDGE_CURVE('',#149,#95,#15979,.T.);
#15977=LINE('',#94,#15980);
#15978=LINE('',#36,#15981);
#15979=LINE('',#148,#15982);
#15980=VECTOR('',#15983,1.0);
#15981=VECTOR('',#15984,1.0);
#15982=VECTOR('',#15985,1.0);
#15983=DIRECTION('',(1,0,0));
#15984=DIRECTION('',(-0.9853385740437475,0,0.1706103587166807));
#15985=DIRECTION('',(-0.9731541139489817,0,-0.23015444923827202));
#15986=FACE_SURFACE('',(#15991),#15987,.T.);
#15987=PLANE('',#15988);
#15988=AXIS2_PLACEMENT_3D('',#950,#15989,#15990);
#15989=DIRECTION('',(0,-1,-0));
#15990=DIRECTION('',(-0.9999427302751316,0,-0.010702157255216605));
#15991=FACE_BOUND('',#15992,.T.);
#15992=EDGE_LOOP('',(#15993,#15994,#15995));
#15993=ORIENTED_EDGE('',*,*,#15996,.T.);
#15994=ORIENTED_EDGE('',*,*,#15997,.T.);
#15995=ORIENTED_EDGE('',*,*,#15998,.T.);
#15996=EDGE_CURVE('',#951,#149,#15999,.F.);
#15997=EDGE_CURVE('',#149,#909,#16000,.T.);
#15998=EDGE_CURVE('',#909,#951,#16001,.T.);
#15999=LINE('',#950,#16002);
#16000=LINE('',#148,#16003);
#16001=LINE('',#908,#16004);
#16002=VECTOR('',#16005,1.0);
#16003=VECTOR('',#16006,1.0);
#16004=VECTOR('',#16007,1.0);
#16005=DIRECTION('',(-0.9999427302751316,0,-0.010702157255216605));
#16006=DIRECTION('',(0.9999931826506335,0,0.003692513000212228));
#16007=DIRECTION('',(-0.5535284008098762,0,0.8328303005395884));
#16008=FACE_SURFACE('',(#16013),#16009,.T.);
#16009=PLANE('',#16010);
#16010=AXIS2_PLACEMENT_3D('',#950,#16011,#16012);
#16011=DIRECTION('',(-0,-1,0));
#16012=DIRECTION('',(-0.44313637568124387,0,0.8964542110716484));
#16013=FACE_BOUND('',#16014,.T.);
#16014=EDGE_LOOP('',(#16015,#16016,#16017));
#16015=ORIENTED_EDGE('',*,*,#16018,.T.);
#16016=ORIENTED_EDGE('',*,*,#16019,.T.);
#16017=ORIENTED_EDGE('',*,*,#16020,.T.);
#16018=EDGE_CURVE('',#951,#953,#16021,.F.);
#16019=EDGE_CURVE('',#953,#149,#16022,.T.);
#16020=EDGE_CURVE('',#149,#951,#16023,.T.);
#16021=LINE('',#950,#16024);
#16022=LINE('',#952,#16025);
#16023=LINE('',#148,#16026);
#16024=VECTOR('',#16027,1.0);
#16025=VECTOR('',#16028,1.0);
#16026=VECTOR('',#16029,1.0);
#16027=DIRECTION('',(-0.44313637568124387,0,0.8964542110716484));
#16028=DIRECTION('',(-0.9998330503417225,0,-0.01827214941834553));
#16029=DIRECTION('',(0.9999427302751316,0,0.010702157255216605));
#16030=FACE_SURFACE('',(#16035),#16031,.T.);
#16031=PLANE('',#16032);
#16032=AXIS2_PLACEMENT_3D('',#914,#16033,#16034);
#16033=DIRECTION('',(0,-1,-0));
#16034=DIRECTION('',(-0.99965415582669,0,-0.026297694545869207));
#16035=FACE_BOUND('',#16036,.T.);
#16036=EDGE_LOOP('',(#16037,#16038,#16039));
#16037=ORIENTED_EDGE('',*,*,#16040,.T.);
#16038=ORIENTED_EDGE('',*,*,#16041,.T.);
#16039=ORIENTED_EDGE('',*,*,#16042,.T.);
#16040=EDGE_CURVE('',#915,#149,#16043,.F.);
#16041=EDGE_CURVE('',#149,#953,#16044,.T.);
#16042=EDGE_CURVE('',#953,#915,#16045,.T.);
#16043=LINE('',#914,#16046);
#16044=LINE('',#148,#16047);
#16045=LINE('',#952,#16048);
#16046=VECTOR('',#16049,1.0);
#16047=VECTOR('',#16050,1.0);
#16048=VECTOR('',#16051,1.0);
#16049=DIRECTION('',(-0.99965415582669,0,-0.026297694545869207));
#16050=DIRECTION('',(0.9998330503417225,0,0.01827214941834553));
#16051=DIRECTION('',(-0.3208045041176908,0,0.947145432411413));
#16052=FACE_SURFACE('',(#16057),#16053,.T.);
#16053=PLANE('',#16054);
#16054=AXIS2_PLACEMENT_3D('',#916,#16055,#16056);
#16055=DIRECTION('',(-0,-1,0));
#16056=DIRECTION('',(-0.06111559296346774,0,0.9981306949977663));
#16057=FACE_BOUND('',#16058,.T.);
#16058=EDGE_LOOP('',(#16059,#16060,#16061));
#16059=ORIENTED_EDGE('',*,*,#16062,.T.);
#16060=ORIENTED_EDGE('',*,*,#16063,.T.);
#16061=ORIENTED_EDGE('',*,*,#16064,.T.);
#16062=EDGE_CURVE('',#917,#919,#16065,.F.);
#16063=EDGE_CURVE('',#919,#149,#16066,.T.);
#16064=EDGE_CURVE('',#149,#917,#16067,.T.);
#16065=LINE('',#916,#16068);
#16066=LINE('',#918,#16069);
#16067=LINE('',#148,#16070);
#16068=VECTOR('',#16071,1.0);
#16069=VECTOR('',#16072,1.0);
#16070=VECTOR('',#16073,1.0);
#16071=DIRECTION('',(-0.06111559296346774,0,0.9981306949977663));
#16072=DIRECTION('',(-0.9990727037403595,0,-0.0430549955397522));
#16073=DIRECTION('',(0.9994003198891545,0,0.034626588129003294));
#16074=FACE_SURFACE('',(#16079),#16075,.T.);
#16075=PLANE('',#16076);
#16076=AXIS2_PLACEMENT_3D('',#922,#16077,#16078);
#16077=DIRECTION('',(-0,-1,0));
#16078=DIRECTION('',(0.3208045041176908,0,0.947145432411413));
#16079=FACE_BOUND('',#16080,.T.);
#16080=EDGE_LOOP('',(#16081,#16082,#16083));
#16081=ORIENTED_EDGE('',*,*,#16084,.T.);
#16082=ORIENTED_EDGE('',*,*,#16085,.T.);
#16083=ORIENTED_EDGE('',*,*,#16086,.T.);
#16084=EDGE_CURVE('',#923,#981,#16087,.F.);
#16085=EDGE_CURVE('',#981,#149,#16088,.T.);
#16086=EDGE_CURVE('',#149,#923,#16089,.T.);
#16087=LINE('',#922,#16090);
#16088=LINE('',#980,#16091);
#16089=LINE('',#148,#16092);
#16090=VECTOR('',#16093,1.0);
#16091=VECTOR('',#16094,1.0);
#16092=VECTOR('',#16095,1.0);
#16093=DIRECTION('',(0.3208045041176908,0,0.947145432411413));
#16094=DIRECTION('',(-0.9977300202063294,0,-0.06734097399858051));
#16095=DIRECTION('',(0.9982230321964062,0,0.05958840485037703));
#16096=FACE_SURFACE('',(#16101),#16097,.T.);
#16097=PLANE('',#16098);
#16098=AXIS2_PLACEMENT_3D('',#178,#16099,#16100);
#16099=DIRECTION('',(0,-1,-0));
#16100=DIRECTION('',(-0.7185300489820355,0,-0.6954959156672839));
#16101=FACE_BOUND('',#16102,.T.);
#16102=EDGE_LOOP('',(#16103,#16104,#16105));
#16103=ORIENTED_EDGE('',*,*,#16106,.T.);
#16104=ORIENTED_EDGE('',*,*,#16107,.T.);
#16105=ORIENTED_EDGE('',*,*,#16108,.T.);
#16106=EDGE_CURVE('',#179,#149,#16109,.F.);
#16107=EDGE_CURVE('',#149,#981,#16110,.T.);
#16108=EDGE_CURVE('',#981,#179,#16111,.T.);
#16109=LINE('',#178,#16112);
#16110=LINE('',#148,#16113);
#16111=LINE('',#980,#16114);
#16112=VECTOR('',#16115,1.0);
#16113=VECTOR('',#16116,1.0);
#16114=VECTOR('',#16117,1.0);
#16115=DIRECTION('',(-0.7185300489820355,0,-0.6954959156672839));
#16116=DIRECTION('',(0.9977300202063294,0,0.06734097399858051));
#16117=DIRECTION('',(-0.6913235923600572,0,0.7225452862252895));
#16118=FACE_SURFACE('',(#16123),#16119,.T.);
#16119=PLANE('',#16120);
#16120=AXIS2_PLACEMENT_3D('',#178,#16121,#16122);
#16121=DIRECTION('',(0,-1,0));
#16122=DIRECTION('',(0.7001301349873641,0,-0.7140152617994767));
#16123=FACE_BOUND('',#16124,.T.);
#16124=EDGE_LOOP('',(#16125,#16126,#16127));
#16125=ORIENTED_EDGE('',*,*,#16128,.T.);
#16126=ORIENTED_EDGE('',*,*,#16129,.T.);
#16127=ORIENTED_EDGE('',*,*,#16130,.T.);
#16128=EDGE_CURVE('',#179,#937,#16131,.F.);
#16129=EDGE_CURVE('',#937,#597,#16132,.T.);
#16130=EDGE_CURVE('',#597,#179,#16133,.T.);
#16131=LINE('',#178,#16134);
#16132=LINE('',#936,#16135);
#16133=LINE('',#596,#16136);
#16134=VECTOR('',#16137,1.0);
#16135=VECTOR('',#16138,1.0);
#16136=VECTOR('',#16139,1.0);
#16137=DIRECTION('',(0.7001301349873641,0,-0.7140152617994767));
#16138=DIRECTION('',(-0.4996502550333299,0,0.8662272349938719));
#16139=DIRECTION('',(-1,0,0));
#16140=FACE_SURFACE('',(#16145),#16141,.T.);
#16141=PLANE('',#16142);
#16142=AXIS2_PLACEMENT_3D('',#596,#16143,#16144);
#16143=DIRECTION('',(0,-1,0));
#16144=DIRECTION('',(0.5384246456831011,0,-0.8426736621735766));
#16145=FACE_BOUND('',#16146,.T.);
#16146=EDGE_LOOP('',(#16147,#16148,#16149));
#16147=ORIENTED_EDGE('',*,*,#16150,.T.);
#16148=ORIENTED_EDGE('',*,*,#16151,.T.);
#16149=ORIENTED_EDGE('',*,*,#16152,.T.);
#16150=EDGE_CURVE('',#597,#997,#16153,.F.);
#16151=EDGE_CURVE('',#997,#993,#16154,.T.);
#16152=EDGE_CURVE('',#993,#597,#16155,.T.);
#16153=LINE('',#596,#16156);
#16154=LINE('',#996,#16157);
#16155=LINE('',#992,#16158);
#16156=VECTOR('',#16159,1.0);
#16157=VECTOR('',#16160,1.0);
#16158=VECTOR('',#16161,1.0);
#16159=DIRECTION('',(0.5384246456831011,0,-0.8426736621735766));
#16160=DIRECTION('',(0.8328303005395884,0,0.5535284008098762));
#16161=DIRECTION('',(-0.5519229477940605,0,0.8338951131277331));
#16162=FACE_SURFACE('',(#16167),#16163,.T.);
#16163=PLANE('',#16164);
#16164=AXIS2_PLACEMENT_3D('',#708,#16165,#16166);
#16165=DIRECTION('',(0.5551123007335157,0,-0.8317754105372092));
#16166=DIRECTION('',(-0.019284074528847773,-0.9997312095568961,-0.01286985265927911));
#16167=FACE_BOUND('',#16168,.T.);
#16168=EDGE_LOOP('',(#16169,#16170,#16171));
#16169=ORIENTED_EDGE('',*,*,#16172,.T.);
#16170=ORIENTED_EDGE('',*,*,#16173,.T.);
#16171=ORIENTED_EDGE('',*,*,#16174,.T.);
#16172=EDGE_CURVE('',#709,#933,#16175,.F.);
#16173=EDGE_CURVE('',#933,#723,#16176,.T.);
#16174=EDGE_CURVE('',#723,#709,#16177,.T.);
#16175=LINE('',#708,#16178);
#16176=LINE('',#932,#16179);
#16177=LINE('',#722,#16180);
#16178=VECTOR('',#16181,1.0);
#16179=VECTOR('',#16182,1.0);
#16180=VECTOR('',#16183,1.0);
#16181=DIRECTION('',(-0.019284074528847773,-0.9997312095568961,-0.01286985265927911));
#16182=DIRECTION('',(0,1,0));
#16183=DIRECTION('',(0.8317754105372092,0,0.5551123007335157));
#16184=FACE_SURFACE('',(#16189),#16185,.T.);
#16185=PLANE('',#16186);
#16186=AXIS2_PLACEMENT_3D('',#806,#16187,#16188);
#16187=DIRECTION('',(-0.9471454324114129,0,-0.3208045041176908));
#16188=DIRECTION('',(0,1,0));
#16189=FACE_BOUND('',#16190,.T.);
#16190=EDGE_LOOP('',(#16191,#16192,#16193));
#16191=ORIENTED_EDGE('',*,*,#16194,.T.);
#16192=ORIENTED_EDGE('',*,*,#16195,.T.);
#16193=ORIENTED_EDGE('',*,*,#16196,.T.);
#16194=EDGE_CURVE('',#807,#1021,#16197,.F.);
#16195=EDGE_CURVE('',#1021,#145,#16198,.T.);
#16196=EDGE_CURVE('',#145,#807,#16199,.T.);
#16197=LINE('',#806,#16200);
#16198=LINE('',#1020,#16201);
#16199=LINE('',#144,#16202);
#16200=VECTOR('',#16203,1.0);
#16201=VECTOR('',#16204,1.0);
#16202=VECTOR('',#16205,1.0);
#16203=DIRECTION('',(0,1,0));
#16204=DIRECTION('',(0.3208045041176908,0,-0.947145432411413));
#16205=DIRECTION('',(-0.010494334660594733,-0.9994648011869012,0.030983546092397125));
#16206=FACE_SURFACE('',(#16211),#16207,.T.);
#16207=PLANE('',#16208);
#16208=AXIS2_PLACEMENT_3D('',#38,#16209,#16210);
#16209=DIRECTION('',(0,1,0));
#16210=DIRECTION('',(-1,0,0));
#16211=FACE_BOUND('',#16212,.T.);
#16212=EDGE_LOOP('',(#16213,#16214,#16215));
#16213=ORIENTED_EDGE('',*,*,#16216,.T.);
#16214=ORIENTED_EDGE('',*,*,#16217,.T.);
#16215=ORIENTED_EDGE('',*,*,#16218,.T.);
#16216=EDGE_CURVE('',#39,#557,#16219,.F.);
#16217=EDGE_CURVE('',#557,#167,#16220,.T.);
#16218=EDGE_CURVE('',#167,#39,#16221,.T.);
#16219=LINE('',#38,#16222);
#16220=LINE('',#556,#16223);
#16221=LINE('',#166,#16224);
#16222=VECTOR('',#16225,1.0);
#16223=VECTOR('',#16226,1.0);
#16224=VECTOR('',#16227,1.0);
#16225=DIRECTION('',(-1,0,0));
#16226=DIRECTION('',(0.8321527403562253,0,0.5545464964433772));
#16227=DIRECTION('',(0.8138434799476757,0,-0.5810841506586265));
#16228=FACE_SURFACE('',(#16233),#16229,.T.);
#16229=PLANE('',#16230);
#16230=AXIS2_PLACEMENT_3D('',#812,#16231,#16232);
#16231=DIRECTION('',(-0.9977851957884243,-0,-0.06651844154409839));
#16232=DIRECTION('',(0.06651844154409839,0,-0.9977851957884244));
#16233=FACE_BOUND('',#16234,.T.);
#16234=EDGE_LOOP('',(#16235,#16236,#16237));
#16235=ORIENTED_EDGE('',*,*,#16238,.T.);
#16236=ORIENTED_EDGE('',*,*,#16239,.T.);
#16237=ORIENTED_EDGE('',*,*,#16240,.T.);
#16238=EDGE_CURVE('',#813,#811,#16241,.F.);
#16239=EDGE_CURVE('',#811,#761,#16242,.T.);
#16240=EDGE_CURVE('',#761,#813,#16243,.T.);
#16241=LINE('',#812,#16244);
#16242=LINE('',#810,#16245);
#16243=LINE('',#760,#16246);
#16244=VECTOR('',#16247,1.0);
#16245=VECTOR('',#16248,1.0);
#16246=VECTOR('',#16249,1.0);
#16247=DIRECTION('',(0.06651844154409839,0,-0.9977851957884244));
#16248=DIRECTION('',(-0.001541047969466543,-0.9997316037314329,0.023115918146009988));
#16249=DIRECTION('',(0,1,0));
#16250=FACE_SURFACE('',(#16255),#16251,.T.);
#16251=PLANE('',#16252);
#16252=AXIS2_PLACEMENT_3D('',#706,#16253,#16254);
#16253=DIRECTION('',(0.442176855393518,0,-0.8969278836976248));
#16254=DIRECTION('',(0,-1,0));
#16255=FACE_BOUND('',#16256,.T.);
#16256=EDGE_LOOP('',(#16257,#16258,#16259));
#16257=ORIENTED_EDGE('',*,*,#16260,.T.);
#16258=ORIENTED_EDGE('',*,*,#16261,.T.);
#16259=ORIENTED_EDGE('',*,*,#16262,.T.);
#16260=EDGE_CURVE('',#707,#841,#16263,.F.);
#16261=EDGE_CURVE('',#841,#709,#16264,.T.);
#16262=EDGE_CURVE('',#709,#707,#16265,.T.);
#16263=LINE('',#706,#16266);
#16264=LINE('',#840,#16267);
#16265=LINE('',#708,#16268);
#16266=VECTOR('',#16269,1.0);
#16267=VECTOR('',#16270,1.0);
#16268=VECTOR('',#16271,1.0);
#16269=DIRECTION('',(0,-1,0));
#16270=DIRECTION('',(-0.020783485575203937,0.999731496450873,-0.010246059312900537));
#16271=DIRECTION('',(0.8969278836976249,0,0.442176855393518));
#16272=FACE_SURFACE('',(#16277),#16273,.T.);
#16273=PLANE('',#16274);
#16274=AXIS2_PLACEMENT_3D('',#484,#16275,#16276);
#16275=DIRECTION('',(0.8328303005395883,0,-0.5535284008098762));
#16276=DIRECTION('',(0,1,0));
#16277=FACE_BOUND('',#16278,.T.);
#16278=EDGE_LOOP('',(#16279,#16280,#16281));
#16279=ORIENTED_EDGE('',*,*,#16282,.T.);
#16280=ORIENTED_EDGE('',*,*,#16283,.T.);
#16281=ORIENTED_EDGE('',*,*,#16284,.T.);
#16282=EDGE_CURVE('',#485,#297,#16285,.F.);
#16283=EDGE_CURVE('',#297,#299,#16286,.T.);
#16284=EDGE_CURVE('',#299,#485,#16287,.T.);
#16285=LINE('',#484,#16288);
#16286=LINE('',#296,#16289);
#16287=LINE('',#298,#16290);
#16288=VECTOR('',#16291,1.0);
#16289=VECTOR('',#16292,1.0);
#16290=VECTOR('',#16293,1.0);
#16291=DIRECTION('',(0,1,0));
#16292=DIRECTION('',(0.5535284008098762,0,0.8328303005395884));
#16293=DIRECTION('',(-0.018157083541323372,-0.999461855082944,-0.02731886804817577));
#16294=FACE_SURFACE('',(#16299),#16295,.T.);
#16295=PLANE('',#16296);
#16296=AXIS2_PLACEMENT_3D('',#144,#16297,#16298);
#16297=DIRECTION('',(-0.9801886557104991,0,-0.19806614858790147));
#16298=DIRECTION('',(0.19806614858790147,0,-0.9801886557104992));
#16299=FACE_BOUND('',#16300,.T.);
#16300=EDGE_LOOP('',(#16301,#16302,#16303));
#16301=ORIENTED_EDGE('',*,*,#16304,.T.);
#16302=ORIENTED_EDGE('',*,*,#16305,.T.);
#16303=ORIENTED_EDGE('',*,*,#16306,.T.);
#16304=EDGE_CURVE('',#145,#143,#16307,.F.);
#16305=EDGE_CURVE('',#143,#815,#16308,.T.);
#16306=EDGE_CURVE('',#815,#145,#16309,.T.);
#16307=LINE('',#144,#16310);
#16308=LINE('',#142,#16311);
#16309=LINE('',#814,#16312);
#16310=VECTOR('',#16313,1.0);
#16311=VECTOR('',#16314,1.0);
#16312=VECTOR('',#16315,1.0);
#16313=DIRECTION('',(0.19806614858790147,0,-0.9801886557104992));
#16314=DIRECTION('',(0,-1,0));
#16315=DIRECTION('',(-0.006496429019428964,0.9994619585479648,0.032149491838312616));
#16316=FACE_SURFACE('',(#16321),#16317,.T.);
#16317=PLANE('',#16318);
#16318=AXIS2_PLACEMENT_3D('',#1022,#16319,#16320);
#16319=DIRECTION('',(0,1,0));
#16320=DIRECTION('',(0.9981306949977663,0,-0.06111559296346774));
#16321=FACE_BOUND('',#16322,.T.);
#16322=EDGE_LOOP('',(#16323,#16324,#16325));
#16323=ORIENTED_EDGE('',*,*,#16326,.T.);
#16324=ORIENTED_EDGE('',*,*,#16327,.T.);
#16325=ORIENTED_EDGE('',*,*,#16328,.T.);
#16326=EDGE_CURVE('',#1023,#167,#16329,.F.);
#16327=EDGE_CURVE('',#167,#557,#16330,.T.);
#16328=EDGE_CURVE('',#557,#1023,#16331,.T.);
#16329=LINE('',#1022,#16332);
#16330=LINE('',#166,#16333);
#16331=LINE('',#556,#16334);
#16332=VECTOR('',#16335,1.0);
#16333=VECTOR('',#16336,1.0);
#16334=VECTOR('',#16337,1.0);
#16335=DIRECTION('',(0.9981306949977663,0,-0.06111559296346774));
#16336=DIRECTION('',(-0.8321527403562253,0,-0.5545464964433772));
#16337=DIRECTION('',(0.8246476167225651,0,0.5656468052007305));
#16338=FACE_SURFACE('',(#16343),#16339,.T.);
#16339=PLANE('',#16340);
#16340=AXIS2_PLACEMENT_3D('',#710,#16341,#16342);
#16341=DIRECTION('',(0.32216221266948775,0,-0.9466844821417005));
#16342=DIRECTION('',(-0.02190806113122163,-0.9997321907743092,-0.007455440099076559));
#16343=FACE_BOUND('',#16344,.T.);
#16344=EDGE_LOOP('',(#16345,#16346,#16347));
#16345=ORIENTED_EDGE('',*,*,#16348,.T.);
#16346=ORIENTED_EDGE('',*,*,#16349,.T.);
#16347=ORIENTED_EDGE('',*,*,#16350,.T.);
#16348=EDGE_CURVE('',#711,#841,#16351,.F.);
#16349=EDGE_CURVE('',#841,#707,#16352,.T.);
#16350=EDGE_CURVE('',#707,#711,#16353,.T.);
#16351=LINE('',#710,#16354);
#16352=LINE('',#840,#16355);
#16353=LINE('',#706,#16356);
#16354=VECTOR('',#16357,1.0);
#16355=VECTOR('',#16358,1.0);
#16356=VECTOR('',#16359,1.0);
#16357=DIRECTION('',(-0.02190806113122163,-0.9997321907743092,-0.007455440099076559));
#16358=DIRECTION('',(0,1,0));
#16359=DIRECTION('',(0.9466844821417005,0,0.3221622126694877));
#16360=FACE_SURFACE('',(#16365),#16361,.T.);
#16361=PLANE('',#16362);
#16362=AXIS2_PLACEMENT_3D('',#610,#16363,#16364);
#16363=DIRECTION('',(0.7490945091601733,0,-0.6624631433869201));
#16364=DIRECTION('',(-0.02165494792358729,0.9994655871263466,-0.024486800130153506));
#16365=FACE_BOUND('',#16366,.T.);
#16366=EDGE_LOOP('',(#16367,#16368,#16369));
#16367=ORIENTED_EDGE('',*,*,#16370,.T.);
#16368=ORIENTED_EDGE('',*,*,#16371,.T.);
#16369=ORIENTED_EDGE('',*,*,#16372,.T.);
#16370=EDGE_CURVE('',#611,#299,#16373,.F.);
#16371=EDGE_CURVE('',#299,#307,#16374,.T.);
#16372=EDGE_CURVE('',#307,#611,#16375,.T.);
#16373=LINE('',#610,#16376);
#16374=LINE('',#298,#16377);
#16375=LINE('',#306,#16378);
#16376=VECTOR('',#16379,1.0);
#16377=VECTOR('',#16380,1.0);
#16378=VECTOR('',#16381,1.0);
#16379=DIRECTION('',(-0.02165494792358729,0.9994655871263466,-0.024486800130153506));
#16380=DIRECTION('',(0.6624631433869201,0,0.7490945091601733));
#16381=DIRECTION('',(0,-1,0));
#16382=FACE_SURFACE('',(#16387),#16383,.T.);
#16383=PLANE('',#16384);
#16384=AXIS2_PLACEMENT_3D('',#1024,#16385,#16386);
#16385=DIRECTION('',(0,1,0));
#16386=DIRECTION('',(0.9801886557104992,0,-0.19806614858790147));
#16387=FACE_BOUND('',#16388,.T.);
#16388=EDGE_LOOP('',(#16389,#16390,#16391));
#16389=ORIENTED_EDGE('',*,*,#16392,.T.);
#16390=ORIENTED_EDGE('',*,*,#16393,.T.);
#16391=ORIENTED_EDGE('',*,*,#16394,.T.);
#16392=EDGE_CURVE('',#1025,#1023,#16395,.F.);
#16393=EDGE_CURVE('',#1023,#557,#16396,.T.);
#16394=EDGE_CURVE('',#557,#1025,#16397,.T.);
#16395=LINE('',#1024,#16398);
#16396=LINE('',#1022,#16399);
#16397=LINE('',#556,#16400);
#16398=VECTOR('',#16401,1.0);
#16399=VECTOR('',#16402,1.0);
#16400=VECTOR('',#16403,1.0);
#16401=DIRECTION('',(0.9801886557104992,0,-0.19806614858790147));
#16402=DIRECTION('',(-0.8246476167225651,0,-0.5656468052007305));
#16403=DIRECTION('',(0.815372714431799,0,0.5789363838627868));
#16404=FACE_SURFACE('',(#16409),#16405,.T.);
#16405=PLANE('',#16406);
#16406=AXIS2_PLACEMENT_3D('',#446,#16407,#16408);
#16407=DIRECTION('',(-0.9981306949977661,0,0.06111559296346773));
#16408=DIRECTION('',(-0.06111559296346774,0,-0.9981306949977663));
#16409=FACE_BOUND('',#16410,.T.);
#16410=EDGE_LOOP('',(#16411,#16412,#16413));
#16411=ORIENTED_EDGE('',*,*,#16414,.T.);
#16412=ORIENTED_EDGE('',*,*,#16415,.T.);
#16413=ORIENTED_EDGE('',*,*,#16416,.T.);
#16414=EDGE_CURVE('',#447,#445,#16417,.F.);
#16415=EDGE_CURVE('',#445,#215,#16418,.T.);
#16416=EDGE_CURVE('',#215,#447,#16419,.T.);
#16417=LINE('',#446,#16420);
#16418=LINE('',#444,#16421);
#16419=LINE('',#214,#16422);
#16420=VECTOR('',#16423,1.0);
#16421=VECTOR('',#16424,1.0);
#16422=VECTOR('',#16425,1.0);
#16423=DIRECTION('',(-0.06111559296346774,0,-0.9981306949977663));
#16424=DIRECTION('',(0.0019991025975822853,-0.9994648785898486,0.03264904369477998));
#16425=DIRECTION('',(0,1,0));
#16426=FACE_SURFACE('',(#16431),#16427,.T.);
#16427=PLANE('',#16428);
#16428=AXIS2_PLACEMENT_3D('',#814,#16429,#16430);
#16429=DIRECTION('',(-0.9978074433456018,0,-0.06618388024370983));
#16430=DIRECTION('',(0,1,0));
#16431=FACE_BOUND('',#16432,.T.);
#16432=EDGE_LOOP('',(#16433,#16434,#16435));
#16433=ORIENTED_EDGE('',*,*,#16436,.T.);
#16434=ORIENTED_EDGE('',*,*,#16437,.T.);
#16435=ORIENTED_EDGE('',*,*,#16438,.T.);
#16436=EDGE_CURVE('',#815,#143,#16439,.F.);
#16437=EDGE_CURVE('',#143,#985,#16440,.T.);
#16438=EDGE_CURVE('',#985,#815,#16441,.T.);
#16439=LINE('',#814,#16442);
#16440=LINE('',#142,#16443);
#16441=LINE('',#984,#16444);
#16442=VECTOR('',#16445,1.0);
#16443=VECTOR('',#16446,1.0);
#16444=VECTOR('',#16447,1.0);
#16445=DIRECTION('',(0,1,0));
#16446=DIRECTION('',(0.002165587822835961,-0.999464532094208,-0.032649032375971734));
#16447=DIRECTION('',(-0.06618388024370983,0,0.9978074433456018));
#16448=FACE_SURFACE('',(#16453),#16449,.T.);
#16449=PLANE('',#16450);
#16450=AXIS2_PLACEMENT_3D('',#924,#16451,#16452);
#16451=DIRECTION('',(0,1,0));
#16452=DIRECTION('',(0.947145432411413,0,-0.3208045041176908));
#16453=FACE_BOUND('',#16454,.T.);
#16454=EDGE_LOOP('',(#16455,#16456,#16457));
#16455=ORIENTED_EDGE('',*,*,#16458,.T.);
#16456=ORIENTED_EDGE('',*,*,#16459,.T.);
#16457=ORIENTED_EDGE('',*,*,#16460,.T.);
#16458=EDGE_CURVE('',#925,#1025,#16461,.F.);
#16459=EDGE_CURVE('',#1025,#557,#16462,.T.);
#16460=EDGE_CURVE('',#557,#925,#16463,.T.);
#16461=LINE('',#924,#16464);
#16462=LINE('',#1024,#16465);
#16463=LINE('',#556,#16466);
#16464=VECTOR('',#16467,1.0);
#16465=VECTOR('',#16468,1.0);
#16466=VECTOR('',#16469,1.0);
#16467=DIRECTION('',(0.947145432411413,0,-0.3208045041176908));
#16468=DIRECTION('',(-0.815372714431799,0,-0.5789363838627868));
#16469=DIRECTION('',(0.8045357455220651,0,0.5939042298024615));
#16470=FACE_SURFACE('',(#16475),#16471,.T.);
#16471=PLANE('',#16472);
#16472=AXIS2_PLACEMENT_3D('',#306,#16473,#16474);
#16473=DIRECTION('',(0.6624631433869201,0,-0.7490945091601733));
#16474=DIRECTION('',(0.7490945091601733,0,0.6624631433869201));
#16475=FACE_BOUND('',#16476,.T.);
#16476=EDGE_LOOP('',(#16477,#16478,#16479));
#16477=ORIENTED_EDGE('',*,*,#16480,.T.);
#16478=ORIENTED_EDGE('',*,*,#16481,.T.);
#16479=ORIENTED_EDGE('',*,*,#16482,.T.);
#16480=EDGE_CURVE('',#307,#311,#16483,.F.);
#16481=EDGE_CURVE('',#311,#611,#16484,.T.);
#16482=EDGE_CURVE('',#611,#307,#16485,.T.);
#16483=LINE('',#306,#16486);
#16484=LINE('',#310,#16487);
#16485=LINE('',#610,#16488);
#16486=VECTOR('',#16489,1.0);
#16487=VECTOR('',#16490,1.0);
#16488=VECTOR('',#16491,1.0);
#16489=DIRECTION('',(0.7490945091601733,0,0.6624631433869201));
#16490=DIRECTION('',(-0.024486800130153506,-0.9994655871263466,-0.02165494792358729));
#16491=DIRECTION('',(0,1,0));
#16492=FACE_SURFACE('',(#16497),#16493,.T.);
#16493=PLANE('',#16494);
#16494=AXIS2_PLACEMENT_3D('',#518,#16495,#16496);
#16495=DIRECTION('',(0.6624631433869201,0,-0.7490945091601733));
#16496=DIRECTION('',(-0.7490945091601733,0,-0.6624631433869201));
#16497=FACE_BOUND('',#16498,.T.);
#16498=EDGE_LOOP('',(#16499,#16500,#16501));
#16499=ORIENTED_EDGE('',*,*,#16502,.T.);
#16500=ORIENTED_EDGE('',*,*,#16503,.T.);
#16501=ORIENTED_EDGE('',*,*,#16504,.T.);
#16502=EDGE_CURVE('',#519,#611,#16505,.F.);
#16503=EDGE_CURVE('',#611,#311,#16506,.T.);
#16504=EDGE_CURVE('',#311,#519,#16507,.T.);
#16505=LINE('',#518,#16508);
#16506=LINE('',#610,#16509);
#16507=LINE('',#310,#16510);
#16508=VECTOR('',#16511,1.0);
#16509=VECTOR('',#16512,1.0);
#16510=VECTOR('',#16513,1.0);
#16511=DIRECTION('',(-0.7490945091601733,0,-0.6624631433869201));
#16512=DIRECTION('',(0.024486800130153506,0.9994655871263466,0.02165494792358729));
#16513=DIRECTION('',(0,-1,0));
#16514=FACE_SURFACE('',(#16519),#16515,.T.);
#16515=PLANE('',#16516);
#16516=AXIS2_PLACEMENT_3D('',#1026,#16517,#16518);
#16517=DIRECTION('',(0,1,0));
#16518=DIRECTION('',(0.7490945091601733,0,-0.6624631433869201));
#16519=FACE_BOUND('',#16520,.T.);
#16520=EDGE_LOOP('',(#16521,#16522,#16523));
#16521=ORIENTED_EDGE('',*,*,#16524,.T.);
#16522=ORIENTED_EDGE('',*,*,#16525,.T.);
#16523=ORIENTED_EDGE('',*,*,#16526,.T.);
#16524=EDGE_CURVE('',#1027,#935,#16527,.F.);
#16525=EDGE_CURVE('',#935,#557,#16528,.T.);
#16526=EDGE_CURVE('',#557,#1027,#16529,.T.);
#16527=LINE('',#1026,#16530);
#16528=LINE('',#934,#16531);
#16529=LINE('',#556,#16532);
#16530=VECTOR('',#16533,1.0);
#16531=VECTOR('',#16534,1.0);
#16532=VECTOR('',#16535,1.0);
#16533=DIRECTION('',(0.7490945091601733,0,-0.6624631433869201));
#16534=DIRECTION('',(-0.7785564471999809,0,-0.6275745840323232));
#16535=DIRECTION('',(0.7639441221442363,0,0.6452824019305595));
#16536=FACE_SURFACE('',(#16541),#16537,.T.);
#16537=PLANE('',#16538);
#16538=AXIS2_PLACEMENT_3D('',#1028,#16539,#16540);
#16539=DIRECTION('',(0,1,0));
#16540=DIRECTION('',(0.8964542110716484,0,-0.44313637568124387));
#16541=FACE_BOUND('',#16542,.T.);
#16542=EDGE_LOOP('',(#16543,#16544,#16545));
#16543=ORIENTED_EDGE('',*,*,#16546,.T.);
#16544=ORIENTED_EDGE('',*,*,#16547,.T.);
#16545=ORIENTED_EDGE('',*,*,#16548,.T.);
#16546=EDGE_CURVE('',#1029,#925,#16549,.F.);
#16547=EDGE_CURVE('',#925,#557,#16550,.T.);
#16548=EDGE_CURVE('',#557,#1029,#16551,.T.);
#16549=LINE('',#1028,#16552);
#16550=LINE('',#924,#16553);
#16551=LINE('',#556,#16554);
#16552=VECTOR('',#16555,1.0);
#16553=VECTOR('',#16556,1.0);
#16554=VECTOR('',#16557,1.0);
#16555=DIRECTION('',(0.8964542110716484,0,-0.44313637568124387));
#16556=DIRECTION('',(-0.8045357455220651,0,-0.5939042298024615));
#16557=DIRECTION('',(0.7922005881676899,0,0.6102607869646929));
#16558=FACE_SURFACE('',(#16563),#16559,.T.);
#16559=PLANE('',#16560);
#16560=AXIS2_PLACEMENT_3D('',#984,#16561,#16562);
#16561=DIRECTION('',(-0.9978074433456018,0,0.06618388024370983));
#16562=DIRECTION('',(-0.002165587822835961,0.999464532094208,-0.032649032375971734));
#16563=FACE_BOUND('',#16564,.T.);
#16564=EDGE_LOOP('',(#16565,#16566,#16567));
#16565=ORIENTED_EDGE('',*,*,#16568,.T.);
#16566=ORIENTED_EDGE('',*,*,#16569,.T.);
#16567=ORIENTED_EDGE('',*,*,#16570,.T.);
#16568=EDGE_CURVE('',#985,#137,#16571,.F.);
#16569=EDGE_CURVE('',#137,#1011,#16572,.T.);
#16570=EDGE_CURVE('',#1011,#985,#16573,.T.);
#16571=LINE('',#984,#16574);
#16572=LINE('',#136,#16575);
#16573=LINE('',#1010,#16576);
#16574=VECTOR('',#16577,1.0);
#16575=VECTOR('',#16578,1.0);
#16576=VECTOR('',#16579,1.0);
#16577=DIRECTION('',(-0.002165587822835961,0.999464532094208,-0.032649032375971734));
#16578=DIRECTION('',(0,-1,0));
#16579=DIRECTION('',(0.06618388024370983,0,0.9978074433456018));
#16580=FACE_SURFACE('',(#16585),#16581,.T.);
#16581=PLANE('',#16582);
#16582=AXIS2_PLACEMENT_3D('',#514,#16583,#16584);
#16583=DIRECTION('',(0.5535284008098762,0,-0.8328303005395883));
#16584=DIRECTION('',(-0.8328303005395884,0,-0.5535284008098762));
#16585=FACE_BOUND('',#16586,.T.);
#16586=EDGE_LOOP('',(#16587,#16588,#16589));
#16587=ORIENTED_EDGE('',*,*,#16590,.T.);
#16588=ORIENTED_EDGE('',*,*,#16591,.T.);
#16589=ORIENTED_EDGE('',*,*,#16592,.T.);
#16590=EDGE_CURVE('',#515,#519,#16593,.F.);
#16591=EDGE_CURVE('',#519,#311,#16594,.T.);
#16592=EDGE_CURVE('',#311,#515,#16595,.T.);
#16593=LINE('',#514,#16596);
#16594=LINE('',#518,#16597);
#16595=LINE('',#310,#16598);
#16596=VECTOR('',#16599,1.0);
#16597=VECTOR('',#16600,1.0);
#16598=VECTOR('',#16601,1.0);
#16599=DIRECTION('',(-0.8328303005395884,0,-0.5535284008098762));
#16600=DIRECTION('',(0,1,0));
#16601=DIRECTION('',(0.02731886804817577,-0.999461855082944,0.018157083541323372));
#16602=FACE_SURFACE('',(#16607),#16603,.T.);
#16603=PLANE('',#16604);
#16604=AXIS2_PLACEMENT_3D('',#686,#16605,#16606);
#16605=DIRECTION('',(-0.19493925266772844,-0,-0.9808153178704683));
#16606=DIRECTION('',(0,-1,0));
#16607=FACE_BOUND('',#16608,.T.);
#16608=EDGE_LOOP('',(#16609,#16610,#16611));
#16609=ORIENTED_EDGE('',*,*,#16612,.T.);
#16610=ORIENTED_EDGE('',*,*,#16613,.T.);
#16611=ORIENTED_EDGE('',*,*,#16614,.T.);
#16612=EDGE_CURVE('',#687,#555,#16615,.F.);
#16613=EDGE_CURVE('',#555,#787,#16616,.T.);
#16614=EDGE_CURVE('',#787,#687,#16617,.T.);
#16615=LINE('',#686,#16618);
#16616=LINE('',#554,#16619);
#16617=LINE('',#786,#16620);
#16618=VECTOR('',#16621,1.0);
#16619=VECTOR('',#16622,1.0);
#16620=VECTOR('',#16623,1.0);
#16621=DIRECTION('',(0,-1,0));
#16622=DIRECTION('',(-0.05337911054977604,0.9985179592985938,0.010609218401313375));
#16623=DIRECTION('',(0.9808153178704683,0,-0.19493925266772844));
#16624=FACE_SURFACE('',(#16629),#16625,.T.);
#16625=PLANE('',#16626);
#16626=AXIS2_PLACEMENT_3D('',#972,#16627,#16628);
#16627=DIRECTION('',(0,1,0));
#16628=DIRECTION('',(0.3208045041176908,0,-0.947145432411413));
#16629=FACE_BOUND('',#16630,.T.);
#16630=EDGE_LOOP('',(#16631,#16632,#16633));
#16631=ORIENTED_EDGE('',*,*,#16634,.T.);
#16632=ORIENTED_EDGE('',*,*,#16635,.T.);
#16633=ORIENTED_EDGE('',*,*,#16636,.T.);
#16634=EDGE_CURVE('',#973,#969,#16637,.F.);
#16635=EDGE_CURVE('',#969,#557,#16638,.T.);
#16636=EDGE_CURVE('',#557,#973,#16639,.T.);
#16637=LINE('',#972,#16640);
#16638=LINE('',#968,#16641);
#16639=LINE('',#556,#16642);
#16640=VECTOR('',#16643,1.0);
#16641=VECTOR('',#16644,1.0);
#16642=VECTOR('',#16645,1.0);
#16643=DIRECTION('',(0.3208045041176908,0,-0.947145432411413));
#16644=DIRECTION('',(-0.7180053678525781,0,-0.6960375648877609));
#16645=DIRECTION('',(0.7034923067704054,0,0.7107028734392832));
#16646=FACE_SURFACE('',(#16651),#16647,.T.);
#16647=PLANE('',#16648);
#16648=AXIS2_PLACEMENT_3D('',#1030,#16649,#16650);
#16649=DIRECTION('',(0,1,0));
#16650=DIRECTION('',(0.6624631433869201,0,-0.7490945091601733));
#16651=FACE_BOUND('',#16652,.T.);
#16652=EDGE_LOOP('',(#16653,#16654,#16655));
#16653=ORIENTED_EDGE('',*,*,#16656,.T.);
#16654=ORIENTED_EDGE('',*,*,#16657,.T.);
#16655=ORIENTED_EDGE('',*,*,#16658,.T.);
#16656=EDGE_CURVE('',#1031,#1027,#16659,.F.);
#16657=EDGE_CURVE('',#1027,#557,#16660,.T.);
#16658=EDGE_CURVE('',#557,#1031,#16661,.T.);
#16659=LINE('',#1030,#16662);
#16660=LINE('',#1026,#16663);
#16661=LINE('',#556,#16664);
#16662=VECTOR('',#16665,1.0);
#16663=VECTOR('',#16666,1.0);
#16664=VECTOR('',#16667,1.0);
#16665=DIRECTION('',(0.6624631433869201,0,-0.7490945091601733));
#16666=DIRECTION('',(-0.7639441221442363,0,-0.6452824019305595));
#16667=DIRECTION('',(0.7487111238360544,0,0.662896412001266));
#16668=FACE_SURFACE('',(#16673),#16669,.T.);
#16669=PLANE('',#16670);
#16670=AXIS2_PLACEMENT_3D('',#934,#16671,#16672);
#16671=DIRECTION('',(0,1,0));
#16672=DIRECTION('',(0.8328303005395884,0,-0.5535284008098762));
#16673=FACE_BOUND('',#16674,.T.);
#16674=EDGE_LOOP('',(#16675,#16676,#16677));
#16675=ORIENTED_EDGE('',*,*,#16678,.T.);
#16676=ORIENTED_EDGE('',*,*,#16679,.T.);
#16677=ORIENTED_EDGE('',*,*,#16680,.T.);
#16678=EDGE_CURVE('',#935,#1029,#16681,.F.);
#16679=EDGE_CURVE('',#1029,#557,#16682,.T.);
#16680=EDGE_CURVE('',#557,#935,#16683,.T.);
#16681=LINE('',#934,#16684);
#16682=LINE('',#1028,#16685);
#16683=LINE('',#556,#16686);
#16684=VECTOR('',#16687,1.0);
#16685=VECTOR('',#16688,1.0);
#16686=VECTOR('',#16689,1.0);
#16687=DIRECTION('',(0.8328303005395884,0,-0.5535284008098762));
#16688=DIRECTION('',(-0.7922005881676899,0,-0.6102607869646929));
#16689=DIRECTION('',(0.7785564471999809,0,0.6275745840323232));
#16690=FACE_SURFACE('',(#16695),#16691,.T.);
#16691=PLANE('',#16692);
#16692=AXIS2_PLACEMENT_3D('',#772,#16693,#16694);
#16693=DIRECTION('',(0.06651677016472321,0,-0.9977853072113527));
#16694=DIRECTION('',(-0.023115905741306886,0.9997316040794825,-0.0015410082492006666));
#16695=FACE_BOUND('',#16696,.T.);
#16696=EDGE_LOOP('',(#16697,#16698,#16699));
#16697=ORIENTED_EDGE('',*,*,#16700,.T.);
#16698=ORIENTED_EDGE('',*,*,#16701,.T.);
#16699=ORIENTED_EDGE('',*,*,#16702,.T.);
#16700=EDGE_CURVE('',#773,#715,#16703,.F.);
#16701=EDGE_CURVE('',#715,#621,#16704,.T.);
#16702=EDGE_CURVE('',#621,#773,#16705,.T.);
#16703=LINE('',#772,#16706);
#16704=LINE('',#714,#16707);
#16705=LINE('',#620,#16708);
#16706=VECTOR('',#16709,1.0);
#16707=VECTOR('',#16710,1.0);
#16708=VECTOR('',#16711,1.0);
#16709=DIRECTION('',(-0.023115905741306886,0.9997316040794825,-0.0015410082492006666));
#16710=DIRECTION('',(0.9977853072113526,0,0.0665167701647232));
#16711=DIRECTION('',(0,-1,0));
#16712=FACE_SURFACE('',(#16717),#16713,.T.);
#16713=PLANE('',#16714);
#16714=AXIS2_PLACEMENT_3D('',#1010,#16715,#16716);
#16715=DIRECTION('',(-0.9801886557104991,0,0.19806614858790147));
#16716=DIRECTION('',(0,1,0));
#16717=FACE_BOUND('',#16718,.T.);
#16718=EDGE_LOOP('',(#16719,#16720,#16721));
#16719=ORIENTED_EDGE('',*,*,#16722,.T.);
#16720=ORIENTED_EDGE('',*,*,#16723,.T.);
#16721=ORIENTED_EDGE('',*,*,#16724,.T.);
#16722=EDGE_CURVE('',#1011,#137,#16725,.F.);
#16723=EDGE_CURVE('',#137,#1013,#16726,.T.);
#16724=EDGE_CURVE('',#1013,#1011,#16727,.T.);
#16725=LINE('',#1010,#16728);
#16726=LINE('',#136,#16729);
#16727=LINE('',#1012,#16730);
#16728=VECTOR('',#16731,1.0);
#16729=VECTOR('',#16732,1.0);
#16730=VECTOR('',#16733,1.0);
#16731=DIRECTION('',(0,1,0));
#16732=DIRECTION('',(-0.006496429019428964,-0.9994619585479648,-0.032149491838312616));
#16733=DIRECTION('',(0.19806614858790147,0,0.9801886557104992));
#16734=FACE_SURFACE('',(#16739),#16735,.T.);
#16735=PLANE('',#16736);
#16736=AXIS2_PLACEMENT_3D('',#318,#16737,#16738);
#16737=DIRECTION('',(0.44313637568124387,0,-0.8964542110716484));
#16738=DIRECTION('',(0,-1,0));
#16739=FACE_BOUND('',#16740,.T.);
#16740=EDGE_LOOP('',(#16741,#16742,#16743));
#16741=ORIENTED_EDGE('',*,*,#16744,.T.);
#16742=ORIENTED_EDGE('',*,*,#16745,.T.);
#16743=ORIENTED_EDGE('',*,*,#16746,.T.);
#16744=EDGE_CURVE('',#319,#523,#16747,.F.);
#16745=EDGE_CURVE('',#523,#515,#16748,.T.);
#16746=EDGE_CURVE('',#515,#319,#16749,.T.);
#16747=LINE('',#318,#16750);
#16748=LINE('',#522,#16751);
#16749=LINE('',#514,#16752);
#16750=VECTOR('',#16753,1.0);
#16751=VECTOR('',#16754,1.0);
#16752=VECTOR('',#16755,1.0);
#16753=DIRECTION('',(0,-1,0));
#16754=DIRECTION('',(-0.8964542110716484,0,-0.44313637568124387));
#16755=DIRECTION('',(0.029317424016950845,0.9994650889524107,0.014492225997411828));
#16756=FACE_SURFACE('',(#16761),#16757,.T.);
#16757=PLANE('',#16758);
#16758=AXIS2_PLACEMENT_3D('',#554,#16759,#16760);
#16759=DIRECTION('',(-0.0657580889860491,0,-0.9978355945409558));
#16760=DIRECTION('',(0,1,0));
#16761=FACE_BOUND('',#16762,.T.);
#16762=EDGE_LOOP('',(#16763,#16764,#16765));
#16763=ORIENTED_EDGE('',*,*,#16766,.T.);
#16764=ORIENTED_EDGE('',*,*,#16767,.T.);
#16765=ORIENTED_EDGE('',*,*,#16768,.T.);
#16766=EDGE_CURVE('',#555,#687,#16769,.F.);
#16767=EDGE_CURVE('',#687,#659,#16770,.T.);
#16768=EDGE_CURVE('',#659,#555,#16771,.T.);
#16769=LINE('',#554,#16772);
#16770=LINE('',#686,#16773);
#16771=LINE('',#658,#16774);
#16772=VECTOR('',#16775,1.0);
#16773=VECTOR('',#16776,1.0);
#16774=VECTOR('',#16777,1.0);
#16775=DIRECTION('',(0,1,0));
#16776=DIRECTION('',(0.9978355945409558,0,-0.06575808898604908));
#16777=DIRECTION('',(-0.05429444441556644,-0.9985185581210554,0.00357804324365618));
#16778=FACE_SURFACE('',(#16783),#16779,.T.);
#16779=PLANE('',#16780);
#16780=AXIS2_PLACEMENT_3D('',#894,#16781,#16782);
#16781=DIRECTION('',(-0.9808153421123802,0,0.19493913069718588));
#16782=DIRECTION('',(0,-1,0));
#16783=FACE_BOUND('',#16784,.T.);
#16784=EDGE_LOOP('',(#16785,#16786,#16787));
#16785=ORIENTED_EDGE('',*,*,#16788,.T.);
#16786=ORIENTED_EDGE('',*,*,#16789,.T.);
#16787=ORIENTED_EDGE('',*,*,#16790,.T.);
#16788=EDGE_CURVE('',#895,#83,#16791,.F.);
#16789=EDGE_CURVE('',#83,#59,#16792,.T.);
#16790=EDGE_CURVE('',#59,#895,#16793,.T.);
#16791=LINE('',#894,#16794);
#16792=LINE('',#82,#16795);
#16793=LINE('',#58,#16796);
#16794=VECTOR('',#16797,1.0);
#16795=VECTOR('',#16798,1.0);
#16796=VECTOR('',#16799,1.0);
#16797=DIRECTION('',(0,-1,0));
#16798=DIRECTION('',(0.19493913069718588,0,0.9808153421123803));
#16799=DIRECTION('',(-0.010609218381652285,0.998517957448132,-0.05337914516869985));
#16800=FACE_SURFACE('',(#16805),#16801,.T.);
#16801=PLANE('',#16802);
#16802=AXIS2_PLACEMENT_3D('',#894,#16803,#16804);
#16803=DIRECTION('',(-0.9808153421123802,0,0.19493913069718588));
#16804=DIRECTION('',(0.010609218381652285,-0.998517957448132,0.05337914516869985));
#16805=FACE_BOUND('',#16806,.T.);
#16806=EDGE_LOOP('',(#16807,#16808,#16809));
#16807=ORIENTED_EDGE('',*,*,#16810,.T.);
#16808=ORIENTED_EDGE('',*,*,#16811,.T.);
#16809=ORIENTED_EDGE('',*,*,#16812,.T.);
#16810=EDGE_CURVE('',#895,#59,#16813,.F.);
#16811=EDGE_CURVE('',#59,#735,#16814,.T.);
#16812=EDGE_CURVE('',#735,#895,#16815,.T.);
#16813=LINE('',#894,#16816);
#16814=LINE('',#58,#16817);
#16815=LINE('',#734,#16818);
#16816=VECTOR('',#16819,1.0);
#16817=VECTOR('',#16820,1.0);
#16818=VECTOR('',#16821,1.0);
#16819=DIRECTION('',(0.010609218381652285,-0.998517957448132,0.05337914516869985));
#16820=DIRECTION('',(0,1,0));
#16821=DIRECTION('',(-0.19493913069718588,0,-0.9808153421123803));
#16822=FACE_SURFACE('',(#16827),#16823,.T.);
#16823=PLANE('',#16824);
#16824=AXIS2_PLACEMENT_3D('',#324,#16825,#16826);
#16825=DIRECTION('',(0.3208045041176908,0,-0.9471454324114129));
#16826=DIRECTION('',(0,-1,0));
#16827=FACE_BOUND('',#16828,.T.);
#16828=EDGE_LOOP('',(#16829,#16830,#16831));
#16829=ORIENTED_EDGE('',*,*,#16832,.T.);
#16830=ORIENTED_EDGE('',*,*,#16833,.T.);
#16831=ORIENTED_EDGE('',*,*,#16834,.T.);
#16832=EDGE_CURVE('',#325,#521,#16835,.F.);
#16833=EDGE_CURVE('',#521,#523,#16836,.T.);
#16834=EDGE_CURVE('',#523,#325,#16837,.T.);
#16835=LINE('',#324,#16838);
#16836=LINE('',#520,#16839);
#16837=LINE('',#522,#16840);
#16838=VECTOR('',#16841,1.0);
#16839=VECTOR('',#16842,1.0);
#16840=VECTOR('',#16843,1.0);
#16841=DIRECTION('',(0,-1,0));
#16842=DIRECTION('',(-0.947145432411413,0,-0.3208045041176908));
#16843=DIRECTION('',(0.030983546092397125,0.9994648011869012,0.010494334660594733));
#16844=FACE_SURFACE('',(#16849),#16845,.T.);
#16845=PLANE('',#16846);
#16846=AXIS2_PLACEMENT_3D('',#324,#16847,#16848);
#16847=DIRECTION('',(0.3208045041176908,0,-0.9471454324114129));
#16848=DIRECTION('',(-0.030983546092397125,-0.9994648011869012,-0.010494334660594733));
#16849=FACE_BOUND('',#16850,.T.);
#16850=EDGE_LOOP('',(#16851,#16852,#16853));
#16851=ORIENTED_EDGE('',*,*,#16854,.T.);
#16852=ORIENTED_EDGE('',*,*,#16855,.T.);
#16853=ORIENTED_EDGE('',*,*,#16856,.T.);
#16854=EDGE_CURVE('',#325,#523,#16857,.F.);
#16855=EDGE_CURVE('',#523,#319,#16858,.T.);
#16856=EDGE_CURVE('',#319,#325,#16859,.T.);
#16857=LINE('',#324,#16860);
#16858=LINE('',#522,#16861);
#16859=LINE('',#318,#16862);
#16860=VECTOR('',#16863,1.0);
#16861=VECTOR('',#16864,1.0);
#16862=VECTOR('',#16865,1.0);
#16863=DIRECTION('',(-0.030983546092397125,-0.9994648011869012,-0.010494334660594733));
#16864=DIRECTION('',(0,1,0));
#16865=DIRECTION('',(0.947145432411413,0,0.3208045041176908));
#16866=FACE_SURFACE('',(#16871),#16867,.T.);
#16867=PLANE('',#16868);
#16868=AXIS2_PLACEMENT_3D('',#966,#16869,#16870);
#16869=DIRECTION('',(0.7514612994076278,0,-0.6597771710908158));
#16870=DIRECTION('',(-0.015285656832630553,0.9997315879958157,-0.01740978628702289));
#16871=FACE_BOUND('',#16872,.T.);
#16872=EDGE_LOOP('',(#16873,#16874,#16875));
#16873=ORIENTED_EDGE('',*,*,#16876,.T.);
#16874=ORIENTED_EDGE('',*,*,#16877,.T.);
#16875=ORIENTED_EDGE('',*,*,#16878,.T.);
#16876=EDGE_CURVE('',#967,#695,#16879,.F.);
#16877=EDGE_CURVE('',#695,#727,#16880,.T.);
#16878=EDGE_CURVE('',#727,#967,#16881,.T.);
#16879=LINE('',#966,#16882);
#16880=LINE('',#694,#16883);
#16881=LINE('',#726,#16884);
#16882=VECTOR('',#16885,1.0);
#16883=VECTOR('',#16886,1.0);
#16884=VECTOR('',#16887,1.0);
#16885=DIRECTION('',(-0.015285656832630553,0.9997315879958157,-0.01740978628702289));
#16886=DIRECTION('',(0.6597771710908157,0,0.7514612994076277));
#16887=DIRECTION('',(0,-1,0));
#16888=FACE_SURFACE('',(#16893),#16889,.T.);
#16889=PLANE('',#16890);
#16890=AXIS2_PLACEMENT_3D('',#1030,#16891,#16892);
#16891=DIRECTION('',(0,1,0));
#16892=DIRECTION('',(-0.7487111238360544,0,-0.662896412001266));
#16893=FACE_BOUND('',#16894,.T.);
#16894=EDGE_LOOP('',(#16895,#16896,#16897));
#16895=ORIENTED_EDGE('',*,*,#16898,.T.);
#16896=ORIENTED_EDGE('',*,*,#16899,.T.);
#16897=ORIENTED_EDGE('',*,*,#16900,.T.);
#16898=EDGE_CURVE('',#1031,#557,#16901,.F.);
#16899=EDGE_CURVE('',#557,#949,#16902,.T.);
#16900=EDGE_CURVE('',#949,#1031,#16903,.T.);
#16901=LINE('',#1030,#16904);
#16902=LINE('',#556,#16905);
#16903=LINE('',#948,#16906);
#16904=VECTOR('',#16907,1.0);
#16905=VECTOR('',#16908,1.0);
#16906=VECTOR('',#16909,1.0);
#16907=DIRECTION('',(-0.7487111238360544,0,-0.662896412001266));
#16908=DIRECTION('',(0.7332187680160135,0,0.6799928221893813));
#16909=DIRECTION('',(0.5535284008098762,0,-0.8328303005395884));
#16910=FACE_SURFACE('',(#16915),#16911,.T.);
#16911=PLANE('',#16912);
#16912=AXIS2_PLACEMENT_3D('',#82,#16913,#16914);
#16913=DIRECTION('',(-0.997835595723393,0,0.0657580710433444));
#16914=DIRECTION('',(0,1,0));
#16915=FACE_BOUND('',#16916,.T.);
#16916=EDGE_LOOP('',(#16917,#16918,#16919));
#16917=ORIENTED_EDGE('',*,*,#16920,.T.);
#16918=ORIENTED_EDGE('',*,*,#16921,.T.);
#16919=ORIENTED_EDGE('',*,*,#16922,.T.);
#16920=EDGE_CURVE('',#83,#895,#16923,.F.);
#16921=EDGE_CURVE('',#895,#69,#16924,.T.);
#16922=EDGE_CURVE('',#69,#83,#16925,.T.);
#16923=LINE('',#82,#16926);
#16924=LINE('',#894,#16927);
#16925=LINE('',#68,#16928);
#16926=VECTOR('',#16929,1.0);
#16927=VECTOR('',#16930,1.0);
#16928=VECTOR('',#16931,1.0);
#16929=DIRECTION('',(0,1,0));
#16930=DIRECTION('',(-0.003578043240765651,-0.9985185573144003,-0.05429445925079055));
#16931=DIRECTION('',(0.0657580710433444,0,0.9978355957233929));
#16932=FACE_SURFACE('',(#16937),#16933,.T.);
#16933=PLANE('',#16934);
#16934=AXIS2_PLACEMENT_3D('',#892,#16935,#16936);
#16935=DIRECTION('',(-0.997835595723393,0,0.0657580710433444));
#16936=DIRECTION('',(0,-1,0));
#16937=FACE_BOUND('',#16938,.T.);
#16938=EDGE_LOOP('',(#16939,#16940,#16941));
#16939=ORIENTED_EDGE('',*,*,#16942,.T.);
#16940=ORIENTED_EDGE('',*,*,#16943,.T.);
#16941=ORIENTED_EDGE('',*,*,#16944,.T.);
#16942=EDGE_CURVE('',#893,#69,#16945,.F.);
#16943=EDGE_CURVE('',#69,#895,#16946,.T.);
#16944=EDGE_CURVE('',#895,#893,#16947,.T.);
#16945=LINE('',#892,#16948);
#16946=LINE('',#68,#16949);
#16947=LINE('',#894,#16950);
#16948=VECTOR('',#16951,1.0);
#16949=VECTOR('',#16952,1.0);
#16950=VECTOR('',#16953,1.0);
#16951=DIRECTION('',(0,-1,0));
#16952=DIRECTION('',(0.003578043240765651,0.9985185573144003,0.05429445925079055));
#16953=DIRECTION('',(-0.0657580710433444,0,-0.9978355957233929));
#16954=FACE_SURFACE('',(#16959),#16955,.T.);
#16955=PLANE('',#16956);
#16956=AXIS2_PLACEMENT_3D('',#324,#16957,#16958);
#16957=DIRECTION('',(0.19806614858790147,0,-0.9801886557104991));
#16958=DIRECTION('',(0.9801886557104992,0,0.19806614858790147));
#16959=FACE_BOUND('',#16960,.T.);
#16960=EDGE_LOOP('',(#16961,#16962,#16963));
#16961=ORIENTED_EDGE('',*,*,#16964,.T.);
#16962=ORIENTED_EDGE('',*,*,#16965,.T.);
#16963=ORIENTED_EDGE('',*,*,#16966,.T.);
#16964=EDGE_CURVE('',#325,#327,#16967,.F.);
#16965=EDGE_CURVE('',#327,#521,#16968,.T.);
#16966=EDGE_CURVE('',#521,#325,#16969,.T.);
#16967=LINE('',#324,#16970);
#16968=LINE('',#326,#16971);
#16969=LINE('',#520,#16972);
#16970=VECTOR('',#16973,1.0);
#16971=VECTOR('',#16974,1.0);
#16972=VECTOR('',#16975,1.0);
#16973=DIRECTION('',(0.9801886557104992,0,0.19806614858790147));
#16974=DIRECTION('',(-0.032149491838312616,-0.9994619585479648,-0.006496429019428964));
#16975=DIRECTION('',(0,1,0));
#16976=FACE_SURFACE('',(#16981),#16977,.T.);
#16977=PLANE('',#16978);
#16978=AXIS2_PLACEMENT_3D('',#582,#16979,#16980);
#16979=DIRECTION('',(0.19806614858790147,0,-0.9801886557104991));
#16980=DIRECTION('',(-0.9801886557104992,0,-0.19806614858790147));
#16981=FACE_BOUND('',#16982,.T.);
#16982=EDGE_LOOP('',(#16983,#16984,#16985));
#16983=ORIENTED_EDGE('',*,*,#16986,.T.);
#16984=ORIENTED_EDGE('',*,*,#16987,.T.);
#16985=ORIENTED_EDGE('',*,*,#16988,.T.);
#16986=EDGE_CURVE('',#583,#521,#16989,.F.);
#16987=EDGE_CURVE('',#521,#327,#16990,.T.);
#16988=EDGE_CURVE('',#327,#583,#16991,.T.);
#16989=LINE('',#582,#16992);
#16990=LINE('',#520,#16993);
#16991=LINE('',#326,#16994);
#16992=VECTOR('',#16995,1.0);
#16993=VECTOR('',#16996,1.0);
#16994=VECTOR('',#16997,1.0);
#16995=DIRECTION('',(-0.9801886557104992,0,-0.19806614858790147));
#16996=DIRECTION('',(0.032149491838312616,0.9994619585479648,0.006496429019428964));
#16997=DIRECTION('',(0,-1,0));
#16998=FACE_SURFACE('',(#17003),#16999,.T.);
#16999=PLANE('',#17000);
#17000=AXIS2_PLACEMENT_3D('',#722,#17001,#17002);
#17001=DIRECTION('',(0.6597770176442878,0,-0.7514614341324569));
#17002=DIRECTION('',(-0.017409816063309363,-0.9997315871738084,-0.015285676680463114));
#17003=FACE_BOUND('',#17004,.T.);
#17004=EDGE_LOOP('',(#17005,#17006,#17007));
#17005=ORIENTED_EDGE('',*,*,#17008,.T.);
#17006=ORIENTED_EDGE('',*,*,#17009,.T.);
#17007=ORIENTED_EDGE('',*,*,#17010,.T.);
#17008=EDGE_CURVE('',#723,#967,#17011,.F.);
#17009=EDGE_CURVE('',#967,#727,#17012,.T.);
#17010=EDGE_CURVE('',#727,#723,#17013,.T.);
#17011=LINE('',#722,#17014);
#17012=LINE('',#966,#17015);
#17013=LINE('',#726,#17016);
#17014=VECTOR('',#17017,1.0);
#17015=VECTOR('',#17018,1.0);
#17016=VECTOR('',#17019,1.0);
#17017=DIRECTION('',(-0.017409816063309363,-0.9997315871738084,-0.015285676680463114));
#17018=DIRECTION('',(0,1,0));
#17019=DIRECTION('',(0.7514614341324571,0,0.6597770176442879));
#17020=FACE_SURFACE('',(#17025),#17021,.T.);
#17021=PLANE('',#17022);
#17022=AXIS2_PLACEMENT_3D('',#968,#17023,#17024);
#17023=DIRECTION('',(0,1,0));
#17024=DIRECTION('',(0.44313637568124387,0,-0.8964542110716484));
#17025=FACE_BOUND('',#17026,.T.);
#17026=EDGE_LOOP('',(#17027,#17028,#17029));
#17027=ORIENTED_EDGE('',*,*,#17030,.T.);
#17028=ORIENTED_EDGE('',*,*,#17031,.T.);
#17029=ORIENTED_EDGE('',*,*,#17032,.T.);
#17030=EDGE_CURVE('',#969,#949,#17033,.F.);
#17031=EDGE_CURVE('',#949,#557,#17034,.T.);
#17032=EDGE_CURVE('',#557,#969,#17035,.T.);
#17033=LINE('',#968,#17036);
#17034=LINE('',#948,#17037);
#17035=LINE('',#556,#17038);
#17036=VECTOR('',#17039,1.0);
#17037=VECTOR('',#17040,1.0);
#17038=VECTOR('',#17041,1.0);
#17039=DIRECTION('',(0.44313637568124387,0,-0.8964542110716484));
#17040=DIRECTION('',(-0.7332187680160135,0,-0.6799928221893813));
#17041=DIRECTION('',(0.7180053678525781,0,0.6960375648877609));
#17042=FACE_SURFACE('',(#17047),#17043,.T.);
#17043=PLANE('',#17044);
#17044=AXIS2_PLACEMENT_3D('',#884,#17045,#17046);
#17045=DIRECTION('',(-0.997835595723393,-0,-0.0657580710433444));
#17046=DIRECTION('',(0,-1,0));
#17047=FACE_BOUND('',#17048,.T.);
#17048=EDGE_LOOP('',(#17049,#17050,#17051));
#17049=ORIENTED_EDGE('',*,*,#17052,.T.);
#17050=ORIENTED_EDGE('',*,*,#17053,.T.);
#17051=ORIENTED_EDGE('',*,*,#17054,.T.);
#17052=EDGE_CURVE('',#885,#101,#17055,.F.);
#17053=EDGE_CURVE('',#101,#69,#17056,.T.);
#17054=EDGE_CURVE('',#69,#885,#17057,.T.);
#17055=LINE('',#884,#17058);
#17056=LINE('',#100,#17059);
#17057=LINE('',#68,#17060);
#17058=VECTOR('',#17061,1.0);
#17059=VECTOR('',#17062,1.0);
#17060=VECTOR('',#17063,1.0);
#17061=DIRECTION('',(0,-1,0));
#17062=DIRECTION('',(-0.0657580710433444,0,0.9978355957233929));
#17063=DIRECTION('',(0.003578043240765651,0.9985185573144003,-0.05429445925079055));
#17064=FACE_SURFACE('',(#17069),#17065,.T.);
#17065=PLANE('',#17066);
#17066=AXIS2_PLACEMENT_3D('',#884,#17067,#17068);
#17067=DIRECTION('',(-0.997835595723393,0,-0.0657580710433444));
#17068=DIRECTION('',(-0.003578043240765651,-0.9985185573144003,0.05429445925079055));
#17069=FACE_BOUND('',#17070,.T.);
#17070=EDGE_LOOP('',(#17071,#17072,#17073));
#17071=ORIENTED_EDGE('',*,*,#17074,.T.);
#17072=ORIENTED_EDGE('',*,*,#17075,.T.);
#17073=ORIENTED_EDGE('',*,*,#17076,.T.);
#17074=EDGE_CURVE('',#885,#69,#17077,.F.);
#17075=EDGE_CURVE('',#69,#893,#17078,.T.);
#17076=EDGE_CURVE('',#893,#885,#17079,.T.);
#17077=LINE('',#884,#17080);
#17078=LINE('',#68,#17081);
#17079=LINE('',#892,#17082);
#17080=VECTOR('',#17083,1.0);
#17081=VECTOR('',#17084,1.0);
#17082=VECTOR('',#17085,1.0);
#17083=DIRECTION('',(-0.003578043240765651,-0.9985185573144003,0.05429445925079055));
#17084=DIRECTION('',(0,1,0));
#17085=DIRECTION('',(0.0657580710433444,0,-0.9978355957233929));
#17086=FACE_SURFACE('',(#17091),#17087,.T.);
#17087=PLANE('',#17088);
#17088=AXIS2_PLACEMENT_3D('',#424,#17089,#17090);
#17089=DIRECTION('',(0.8964542110716484,0,-0.44313637568124387));
#17090=DIRECTION('',(0,1,0));
#17091=FACE_BOUND('',#17092,.T.);
#17092=EDGE_LOOP('',(#17093,#17094,#17095));
#17093=ORIENTED_EDGE('',*,*,#17096,.T.);
#17094=ORIENTED_EDGE('',*,*,#17097,.T.);
#17095=ORIENTED_EDGE('',*,*,#17098,.T.);
#17096=EDGE_CURVE('',#425,#453,#17099,.F.);
#17097=EDGE_CURVE('',#453,#409,#17100,.T.);
#17098=EDGE_CURVE('',#409,#425,#17101,.T.);
#17099=LINE('',#424,#17102);
#17100=LINE('',#452,#17103);
#17101=LINE('',#408,#17104);
#17102=VECTOR('',#17105,1.0);
#17103=VECTOR('',#17106,1.0);
#17104=VECTOR('',#17107,1.0);
#17105=DIRECTION('',(0,1,0));
#17106=DIRECTION('',(0.014492225997411828,-0.9994650889524107,0.029317424016950845));
#17107=DIRECTION('',(-0.44313637568124387,0,-0.8964542110716484));
#17108=FACE_SURFACE('',(#17113),#17109,.T.);
#17109=PLANE('',#17110);
#17110=AXIS2_PLACEMENT_3D('',#326,#17111,#17112);
#17111=DIRECTION('',(0.06618388024370983,0,-0.9978074433456018));
#17112=DIRECTION('',(0.9978074433456018,0,0.06618388024370983));
#17113=FACE_BOUND('',#17114,.T.);
#17114=EDGE_LOOP('',(#17115,#17116,#17117));
#17115=ORIENTED_EDGE('',*,*,#17118,.T.);
#17116=ORIENTED_EDGE('',*,*,#17119,.T.);
#17117=ORIENTED_EDGE('',*,*,#17120,.T.);
#17118=EDGE_CURVE('',#327,#359,#17121,.F.);
#17119=EDGE_CURVE('',#359,#583,#17122,.T.);
#17120=EDGE_CURVE('',#583,#327,#17123,.T.);
#17121=LINE('',#326,#17124);
#17122=LINE('',#358,#17125);
#17123=LINE('',#582,#17126);
#17124=VECTOR('',#17127,1.0);
#17125=VECTOR('',#17128,1.0);
#17126=VECTOR('',#17129,1.0);
#17127=DIRECTION('',(0.9978074433456018,0,0.06618388024370983));
#17128=DIRECTION('',(-0.032649032375971734,-0.999464532094208,-0.002165587822835961));
#17129=DIRECTION('',(0,1,0));
#17130=FACE_SURFACE('',(#17135),#17131,.T.);
#17131=PLANE('',#17132);
#17132=AXIS2_PLACEMENT_3D('',#530,#17133,#17134);
#17133=DIRECTION('',(0.06618388024370983,0,-0.9978074433456018));
#17134=DIRECTION('',(-0.9978074433456018,0,-0.06618388024370983));
#17135=FACE_BOUND('',#17136,.T.);
#17136=EDGE_LOOP('',(#17137,#17138,#17139));
#17137=ORIENTED_EDGE('',*,*,#17140,.T.);
#17138=ORIENTED_EDGE('',*,*,#17141,.T.);
#17139=ORIENTED_EDGE('',*,*,#17142,.T.);
#17140=EDGE_CURVE('',#531,#583,#17143,.F.);
#17141=EDGE_CURVE('',#583,#359,#17144,.T.);
#17142=EDGE_CURVE('',#359,#531,#17145,.T.);
#17143=LINE('',#530,#17146);
#17144=LINE('',#582,#17147);
#17145=LINE('',#358,#17148);
#17146=VECTOR('',#17149,1.0);
#17147=VECTOR('',#17150,1.0);
#17148=VECTOR('',#17151,1.0);
#17149=DIRECTION('',(-0.9978074433456018,0,-0.06618388024370983));
#17150=DIRECTION('',(0.032649032375971734,0.999464532094208,0.002165587822835961));
#17151=DIRECTION('',(0,-1,0));
#17152=FACE_SURFACE('',(#17157),#17153,.T.);
#17153=PLANE('',#17154);
#17154=AXIS2_PLACEMENT_3D('',#884,#17155,#17156);
#17155=DIRECTION('',(-0.9808152867022286,0,-0.19493940948721727));
#17156=DIRECTION('',(0.19493940948721727,0,-0.9808152867022286));
#17157=FACE_BOUND('',#17158,.T.);
#17158=EDGE_LOOP('',(#17159,#17160,#17161));
#17159=ORIENTED_EDGE('',*,*,#17162,.T.);
#17160=ORIENTED_EDGE('',*,*,#17163,.T.);
#17161=ORIENTED_EDGE('',*,*,#17164,.T.);
#17162=EDGE_CURVE('',#885,#883,#17165,.F.);
#17163=EDGE_CURVE('',#883,#99,#17166,.T.);
#17164=EDGE_CURVE('',#99,#885,#17167,.T.);
#17165=LINE('',#884,#17168);
#17166=LINE('',#882,#17169);
#17167=LINE('',#98,#17170);
#17168=VECTOR('',#17171,1.0);
#17169=VECTOR('',#17172,1.0);
#17170=VECTOR('',#17173,1.0);
#17171=DIRECTION('',(0.19493940948721727,0,-0.9808152867022286));
#17172=DIRECTION('',(0,-1,0));
#17173=DIRECTION('',(-0.010609218426591904,0.9985179616777572,0.05337906603973085));
#17174=FACE_SURFACE('',(#17179),#17175,.T.);
#17175=PLANE('',#17176);
#17176=AXIS2_PLACEMENT_3D('',#884,#17177,#17178);
#17177=DIRECTION('',(-0.9808152867022286,-0,-0.19493940948721727));
#17178=DIRECTION('',(0.010609218426591904,-0.9985179616777572,-0.05337906603973085));
#17179=FACE_BOUND('',#17180,.T.);
#17180=EDGE_LOOP('',(#17181,#17182,#17183));
#17181=ORIENTED_EDGE('',*,*,#17184,.T.);
#17182=ORIENTED_EDGE('',*,*,#17185,.T.);
#17183=ORIENTED_EDGE('',*,*,#17186,.T.);
#17184=EDGE_CURVE('',#885,#99,#17187,.F.);
#17185=EDGE_CURVE('',#99,#101,#17188,.T.);
#17186=EDGE_CURVE('',#101,#885,#17189,.T.);
#17187=LINE('',#884,#17190);
#17188=LINE('',#98,#17191);
#17189=LINE('',#100,#17192);
#17190=VECTOR('',#17193,1.0);
#17191=VECTOR('',#17194,1.0);
#17192=VECTOR('',#17195,1.0);
#17193=DIRECTION('',(0.010609218426591904,-0.9985179616777572,-0.05337906603973085));
#17194=DIRECTION('',(-0.19493940948721727,0,0.9808152867022286));
#17195=DIRECTION('',(0,1,0));
#17196=FACE_SURFACE('',(#17201),#17197,.T.);
#17197=PLANE('',#17198);
#17198=AXIS2_PLACEMENT_3D('',#406,#17199,#17200);
#17199=DIRECTION('',(0.8328303005395883,0,-0.5535284008098762));
#17200=DIRECTION('',(-0.5535284008098762,0,-0.8328303005395884));
#17201=FACE_BOUND('',#17202,.T.);
#17202=EDGE_LOOP('',(#17203,#17204,#17205));
#17203=ORIENTED_EDGE('',*,*,#17206,.T.);
#17204=ORIENTED_EDGE('',*,*,#17207,.T.);
#17205=ORIENTED_EDGE('',*,*,#17208,.T.);
#17206=EDGE_CURVE('',#407,#409,#17209,.F.);
#17207=EDGE_CURVE('',#409,#301,#17210,.T.);
#17208=EDGE_CURVE('',#301,#407,#17211,.T.);
#17209=LINE('',#406,#17212);
#17210=LINE('',#408,#17213);
#17211=LINE('',#300,#17214);
#17212=VECTOR('',#17215,1.0);
#17213=VECTOR('',#17216,1.0);
#17214=VECTOR('',#17217,1.0);
#17215=DIRECTION('',(-0.5535284008098762,0,-0.8328303005395884));
#17216=DIRECTION('',(0,1,0));
#17217=DIRECTION('',(0.018157083541323372,-0.999461855082944,0.02731886804817577));
#17218=FACE_SURFACE('',(#17223),#17219,.T.);
#17219=PLANE('',#17220);
#17220=AXIS2_PLACEMENT_3D('',#556,#17221,#17222);
#17221=DIRECTION('',(0,1,-0));
#17222=DIRECTION('',(-0.47684938862807696,0,0.878985017258559));
#17223=FACE_BOUND('',#17224,.T.);
#17224=EDGE_LOOP('',(#17225,#17226,#17227));
#17225=ORIENTED_EDGE('',*,*,#17228,.T.);
#17226=ORIENTED_EDGE('',*,*,#17229,.T.);
#17227=ORIENTED_EDGE('',*,*,#17230,.T.);
#17228=EDGE_CURVE('',#557,#475,#17231,.F.);
#17229=EDGE_CURVE('',#475,#973,#17232,.T.);
#17230=EDGE_CURVE('',#973,#557,#17233,.T.);
#17231=LINE('',#556,#17234);
#17232=LINE('',#474,#17235);
#17233=LINE('',#972,#17236);
#17234=VECTOR('',#17237,1.0);
#17235=VECTOR('',#17238,1.0);
#17236=VECTOR('',#17239,1.0);
#17237=DIRECTION('',(-0.47684938862807696,0,0.878985017258559));
#17238=DIRECTION('',(0.9838683956506411,0,-0.17889376747062363));
#17239=DIRECTION('',(-0.7034923067704054,0,-0.7107028734392832));
#17240=FACE_SURFACE('',(#17245),#17241,.T.);
#17241=PLANE('',#17242);
#17242=AXIS2_PLACEMENT_3D('',#974,#17243,#17244);
#17243=DIRECTION('',(0,1,0));
#17244=DIRECTION('',(0.19806614858790147,0,-0.9801886557104992));
#17245=FACE_BOUND('',#17246,.T.);
#17246=EDGE_LOOP('',(#17247,#17248,#17249));
#17247=ORIENTED_EDGE('',*,*,#17250,.T.);
#17248=ORIENTED_EDGE('',*,*,#17251,.T.);
#17249=ORIENTED_EDGE('',*,*,#17252,.T.);
#17250=EDGE_CURVE('',#975,#973,#17253,.F.);
#17251=EDGE_CURVE('',#973,#475,#17254,.T.);
#17252=EDGE_CURVE('',#475,#975,#17255,.T.);
#17253=LINE('',#974,#17256);
#17254=LINE('',#972,#17257);
#17255=LINE('',#474,#17258);
#17256=VECTOR('',#17259,1.0);
#17257=VECTOR('',#17260,1.0);
#17258=VECTOR('',#17261,1.0);
#17259=DIRECTION('',(0.19806614858790147,0,-0.9801886557104992));
#17260=DIRECTION('',(-0.9838683956506411,0,0.17889376747062363));
#17261=DIRECTION('',(0.9868386562568453,0,-0.16170796677091726));
#17262=FACE_SURFACE('',(#17267),#17263,.T.);
#17263=PLANE('',#17264);
#17264=AXIS2_PLACEMENT_3D('',#358,#17265,#17266);
#17265=DIRECTION('',(-0.06618388024370983,-0,-0.9978074433456018));
#17266=DIRECTION('',(0.9978074433456018,0,-0.06618388024370983));
#17267=FACE_BOUND('',#17268,.T.);
#17268=EDGE_LOOP('',(#17269,#17270,#17271));
#17269=ORIENTED_EDGE('',*,*,#17272,.T.);
#17270=ORIENTED_EDGE('',*,*,#17273,.T.);
#17271=ORIENTED_EDGE('',*,*,#17274,.T.);
#17272=EDGE_CURVE('',#359,#363,#17275,.F.);
#17273=EDGE_CURVE('',#363,#531,#17276,.T.);
#17274=EDGE_CURVE('',#531,#359,#17277,.T.);
#17275=LINE('',#358,#17278);
#17276=LINE('',#362,#17279);
#17277=LINE('',#530,#17280);
#17278=VECTOR('',#17281,1.0);
#17279=VECTOR('',#17282,1.0);
#17280=VECTOR('',#17283,1.0);
#17281=DIRECTION('',(0.9978074433456018,0,-0.06618388024370983));
#17282=DIRECTION('',(-0.032649032375971734,-0.999464532094208,0.002165587822835961));
#17283=DIRECTION('',(0,1,0));
#17284=FACE_SURFACE('',(#17289),#17285,.T.);
#17285=PLANE('',#17286);
#17286=AXIS2_PLACEMENT_3D('',#882,#17287,#17288);
#17287=DIRECTION('',(-0.947065886929003,-0,-0.3210392589939445));
#17288=DIRECTION('',(0.32103925899394453,0,-0.9470658869290031));
#17289=FACE_BOUND('',#17290,.T.);
#17290=EDGE_LOOP('',(#17291,#17292,#17293));
#17291=ORIENTED_EDGE('',*,*,#17294,.T.);
#17292=ORIENTED_EDGE('',*,*,#17295,.T.);
#17293=ORIENTED_EDGE('',*,*,#17296,.T.);
#17294=EDGE_CURVE('',#883,#873,#17297,.F.);
#17295=EDGE_CURVE('',#873,#99,#17298,.T.);
#17296=EDGE_CURVE('',#99,#883,#17299,.T.);
#17297=LINE('',#882,#17300);
#17298=LINE('',#872,#17301);
#17299=LINE('',#98,#17302);
#17300=VECTOR('',#17303,1.0);
#17301=VECTOR('',#17304,1.0);
#17302=VECTOR('',#17305,1.0);
#17303=DIRECTION('',(0.32103925899394453,0,-0.9470658869290031));
#17304=DIRECTION('',(-0.017474061291532603,-0.9985176067046067,0.051548484777773664));
#17305=DIRECTION('',(0,1,0));
#17306=FACE_SURFACE('',(#17311),#17307,.T.);
#17307=PLANE('',#17308);
#17308=AXIS2_PLACEMENT_3D('',#308,#17309,#17310);
#17309=DIRECTION('',(0.7490945091601733,0,-0.6624631433869201));
#17310=DIRECTION('',(0,-1,0));
#17311=FACE_BOUND('',#17312,.T.);
#17312=EDGE_LOOP('',(#17313,#17314,#17315));
#17313=ORIENTED_EDGE('',*,*,#17316,.T.);
#17314=ORIENTED_EDGE('',*,*,#17317,.T.);
#17315=ORIENTED_EDGE('',*,*,#17318,.T.);
#17316=EDGE_CURVE('',#309,#413,#17319,.F.);
#17317=EDGE_CURVE('',#413,#407,#17320,.T.);
#17318=EDGE_CURVE('',#407,#309,#17321,.T.);
#17319=LINE('',#308,#17322);
#17320=LINE('',#412,#17323);
#17321=LINE('',#406,#17324);
#17322=VECTOR('',#17325,1.0);
#17323=VECTOR('',#17326,1.0);
#17324=VECTOR('',#17327,1.0);
#17325=DIRECTION('',(0,-1,0));
#17326=DIRECTION('',(-0.6624631433869201,0,-0.7490945091601733));
#17327=DIRECTION('',(0.02165494792358729,0.9994655871263466,0.024486800130153506));
#17328=FACE_SURFACE('',(#17333),#17329,.T.);
#17329=PLANE('',#17330);
#17330=AXIS2_PLACEMENT_3D('',#410,#17331,#17332);
#17331=DIRECTION('',(0.6624685974516458,0,-0.7490896858123528));
#17332=DIRECTION('',(-0.7490896858123527,0,-0.6624685974516457));
#17333=FACE_BOUND('',#17334,.T.);
#17334=EDGE_LOOP('',(#17335,#17336,#17337));
#17335=ORIENTED_EDGE('',*,*,#17338,.T.);
#17336=ORIENTED_EDGE('',*,*,#17339,.T.);
#17337=ORIENTED_EDGE('',*,*,#17340,.T.);
#17338=EDGE_CURVE('',#411,#413,#17341,.F.);
#17339=EDGE_CURVE('',#413,#309,#17342,.T.);
#17340=EDGE_CURVE('',#309,#411,#17343,.T.);
#17341=LINE('',#410,#17344);
#17342=LINE('',#412,#17345);
#17343=LINE('',#308,#17346);
#17344=VECTOR('',#17347,1.0);
#17345=VECTOR('',#17348,1.0);
#17346=VECTOR('',#17349,1.0);
#17347=DIRECTION('',(-0.7490896858123527,0,-0.6624685974516457));
#17348=DIRECTION('',(0,1,0));
#17349=DIRECTION('',(0.02448679996167712,-0.9994655802497293,0.021655265496146218));
#17350=FACE_SURFACE('',(#17355),#17351,.T.);
#17351=PLANE('',#17352);
#17352=AXIS2_PLACEMENT_3D('',#532,#17353,#17354);
#17353=DIRECTION('',(-0.06618388024370983,0,-0.9978074433456018));
#17354=DIRECTION('',(-0.9978074433456018,0,0.06618388024370983));
#17355=FACE_BOUND('',#17356,.T.);
#17356=EDGE_LOOP('',(#17357,#17358,#17359));
#17357=ORIENTED_EDGE('',*,*,#17360,.T.);
#17358=ORIENTED_EDGE('',*,*,#17361,.T.);
#17359=ORIENTED_EDGE('',*,*,#17362,.T.);
#17360=EDGE_CURVE('',#533,#531,#17363,.F.);
#17361=EDGE_CURVE('',#531,#363,#17364,.T.);
#17362=EDGE_CURVE('',#363,#533,#17365,.T.);
#17363=LINE('',#532,#17366);
#17364=LINE('',#530,#17367);
#17365=LINE('',#362,#17368);
#17366=VECTOR('',#17369,1.0);
#17367=VECTOR('',#17370,1.0);
#17368=VECTOR('',#17371,1.0);
#17369=DIRECTION('',(-0.9978074433456018,0,0.06618388024370983));
#17370=DIRECTION('',(0.032649032375971734,0.999464532094208,-0.002165587822835961));
#17371=DIRECTION('',(0,-1,0));
#17372=FACE_SURFACE('',(#17377),#17373,.T.);
#17373=PLANE('',#17374);
#17374=AXIS2_PLACEMENT_3D('',#478,#17375,#17376);
#17375=DIRECTION('',(0,1,-0));
#17376=DIRECTION('',(-0.9644758641925316,0,0.2641709813550104));
#17377=FACE_BOUND('',#17378,.T.);
#17378=EDGE_LOOP('',(#17379,#17380,#17381));
#17379=ORIENTED_EDGE('',*,*,#17382,.T.);
#17380=ORIENTED_EDGE('',*,*,#17383,.T.);
#17381=ORIENTED_EDGE('',*,*,#17384,.T.);
#17382=EDGE_CURVE('',#479,#477,#17385,.F.);
#17383=EDGE_CURVE('',#477,#977,#17386,.T.);
#17384=EDGE_CURVE('',#977,#479,#17387,.T.);
#17385=LINE('',#478,#17388);
#17386=LINE('',#476,#17389);
#17387=LINE('',#976,#17390);
#17388=VECTOR('',#17391,1.0);
#17389=VECTOR('',#17392,1.0);
#17390=VECTOR('',#17393,1.0);
#17391=DIRECTION('',(-0.9644758641925316,0,0.2641709813550104));
#17392=DIRECTION('',(0.969337720452944,0,-0.2457323415977029));
#17393=DIRECTION('',(-0.06111559296346774,0,-0.9981306949977663));
#17394=FACE_SURFACE('',(#17399),#17395,.T.);
#17395=PLANE('',#17396);
#17396=AXIS2_PLACEMENT_3D('',#478,#17397,#17398);
#17397=DIRECTION('',(0,1,0));
#17398=DIRECTION('',(0.06111559296346774,0,-0.9981306949977663));
#17399=FACE_BOUND('',#17400,.T.);
#17400=EDGE_LOOP('',(#17401,#17402,#17403));
#17401=ORIENTED_EDGE('',*,*,#17404,.T.);
#17402=ORIENTED_EDGE('',*,*,#17405,.T.);
#17403=ORIENTED_EDGE('',*,*,#17406,.T.);
#17404=EDGE_CURVE('',#479,#975,#17407,.F.);
#17405=EDGE_CURVE('',#975,#475,#17408,.T.);
#17406=EDGE_CURVE('',#475,#479,#17409,.T.);
#17407=LINE('',#478,#17410);
#17408=LINE('',#974,#17411);
#17409=LINE('',#474,#17412);
#17410=VECTOR('',#17413,1.0);
#17411=VECTOR('',#17414,1.0);
#17412=VECTOR('',#17415,1.0);
#17413=DIRECTION('',(0.06111559296346774,0,-0.9981306949977663));
#17414=DIRECTION('',(-0.9868386562568453,0,0.16170796677091726));
#17415=DIRECTION('',(0.9896369525703581,0,-0.143592138041241));
#17416=FACE_SURFACE('',(#17421),#17417,.T.);
#17417=PLANE('',#17418);
#17418=AXIS2_PLACEMENT_3D('',#976,#17419,#17420);
#17419=DIRECTION('',(0,1,-0));
#17420=DIRECTION('',(-0.969337720452944,0,0.2457323415977029));
#17421=FACE_BOUND('',#17422,.T.);
#17422=EDGE_LOOP('',(#17423,#17424,#17425));
#17423=ORIENTED_EDGE('',*,*,#17426,.T.);
#17424=ORIENTED_EDGE('',*,*,#17427,.T.);
#17425=ORIENTED_EDGE('',*,*,#17428,.T.);
#17426=EDGE_CURVE('',#977,#477,#17429,.F.);
#17427=EDGE_CURVE('',#477,#979,#17430,.T.);
#17428=EDGE_CURVE('',#979,#977,#17431,.T.);
#17429=LINE('',#976,#17432);
#17430=LINE('',#476,#17433);
#17431=LINE('',#978,#17434);
#17432=VECTOR('',#17435,1.0);
#17433=VECTOR('',#17436,1.0);
#17434=VECTOR('',#17437,1.0);
#17435=DIRECTION('',(-0.969337720452944,0,0.2457323415977029));
#17436=DIRECTION('',(0.9739509322738954,0,-0.22675886206014093));
#17437=DIRECTION('',(-0.19806614858790147,0,-0.9801886557104992));
#17438=FACE_SURFACE('',(#17443),#17439,.T.);
#17439=PLANE('',#17440);
#17440=AXIS2_PLACEMENT_3D('',#476,#17441,#17442);
#17441=DIRECTION('',(-0,1,0));
#17442=DIRECTION('',(0.32103925899394453,0,0.9470658869290031));
#17443=FACE_BOUND('',#17444,.T.);
#17444=EDGE_LOOP('',(#17445,#17446,#17447));
#17445=ORIENTED_EDGE('',*,*,#17448,.T.);
#17446=ORIENTED_EDGE('',*,*,#17449,.T.);
#17447=ORIENTED_EDGE('',*,*,#17450,.T.);
#17448=EDGE_CURVE('',#477,#469,#17451,.F.);
#17449=EDGE_CURVE('',#469,#979,#17452,.T.);
#17450=EDGE_CURVE('',#979,#477,#17453,.T.);
#17451=LINE('',#476,#17454);
#17452=LINE('',#468,#17455);
#17453=LINE('',#978,#17456);
#17454=VECTOR('',#17457,1.0);
#17455=VECTOR('',#17458,1.0);
#17456=VECTOR('',#17459,1.0);
#17457=DIRECTION('',(0.32103925899394453,0,0.9470658869290031));
#17458=DIRECTION('',(0.9362717669596068,0,-0.35127649849418574));
#17459=DIRECTION('',(-0.9739509322738954,0,0.22675886206014093));
#17460=FACE_SURFACE('',(#17465),#17461,.T.);
#17461=PLANE('',#17462);
#17462=AXIS2_PLACEMENT_3D('',#866,#17463,#17464);
#17463=DIRECTION('',(0.5535284008098762,0,-0.8328303005395883));
#17464=DIRECTION('',(0,-1,0));
#17465=FACE_BOUND('',#17466,.T.);
#17466=EDGE_LOOP('',(#17467,#17468,#17469));
#17467=ORIENTED_EDGE('',*,*,#17470,.T.);
#17468=ORIENTED_EDGE('',*,*,#17471,.T.);
#17469=ORIENTED_EDGE('',*,*,#17472,.T.);
#17470=EDGE_CURVE('',#867,#993,#17473,.F.);
#17471=EDGE_CURVE('',#993,#997,#17474,.T.);
#17472=EDGE_CURVE('',#997,#867,#17475,.T.);
#17473=LINE('',#866,#17476);
#17474=LINE('',#992,#17477);
#17475=LINE('',#996,#17478);
#17476=VECTOR('',#17479,1.0);
#17477=VECTOR('',#17480,1.0);
#17478=VECTOR('',#17481,1.0);
#17479=DIRECTION('',(0,-1,0));
#17480=DIRECTION('',(-0.8328303005395884,0,-0.5535284008098762));
#17481=DIRECTION('',(0.02731886804817577,0.999461855082944,0.018157083541323372));
#17482=FACE_SURFACE('',(#17487),#17483,.T.);
#17483=PLANE('',#17484);
#17484=AXIS2_PLACEMENT_3D('',#576,#17485,#17486);
#17485=DIRECTION('',(-0.3208045041176908,0,-0.9471454324114129));
#17486=DIRECTION('',(-0.947145432411413,0,0.3208045041176908));
#17487=FACE_BOUND('',#17488,.T.);
#17488=EDGE_LOOP('',(#17489,#17490,#17491));
#17489=ORIENTED_EDGE('',*,*,#17492,.T.);
#17490=ORIENTED_EDGE('',*,*,#17493,.T.);
#17491=ORIENTED_EDGE('',*,*,#17494,.T.);
#17492=EDGE_CURVE('',#577,#579,#17495,.F.);
#17493=EDGE_CURVE('',#579,#111,#17496,.T.);
#17494=EDGE_CURVE('',#111,#577,#17497,.T.);
#17495=LINE('',#576,#17498);
#17496=LINE('',#578,#17499);
#17497=LINE('',#110,#17500);
#17498=VECTOR('',#17501,1.0);
#17499=VECTOR('',#17502,1.0);
#17500=VECTOR('',#17503,1.0);
#17501=DIRECTION('',(-0.947145432411413,0,0.3208045041176908));
#17502=DIRECTION('',(0.030983546092397125,0.9994648011869012,-0.010494334660594733));
#17503=DIRECTION('',(0,-1,0));
#17504=FACE_SURFACE('',(#17509),#17505,.T.);
#17505=PLANE('',#17506);
#17506=AXIS2_PLACEMENT_3D('',#576,#17507,#17508);
#17507=DIRECTION('',(-0.44313637568124387,0,-0.8964542110716484));
#17508=DIRECTION('',(0,1,0));
#17509=FACE_BOUND('',#17510,.T.);
#17510=EDGE_LOOP('',(#17511,#17512,#17513));
#17511=ORIENTED_EDGE('',*,*,#17514,.T.);
#17512=ORIENTED_EDGE('',*,*,#17515,.T.);
#17513=ORIENTED_EDGE('',*,*,#17516,.T.);
#17514=EDGE_CURVE('',#577,#111,#17517,.F.);
#17515=EDGE_CURVE('',#111,#543,#17518,.T.);
#17516=EDGE_CURVE('',#543,#577,#17519,.T.);
#17517=LINE('',#576,#17520);
#17518=LINE('',#110,#17521);
#17519=LINE('',#542,#17522);
#17520=VECTOR('',#17523,1.0);
#17521=VECTOR('',#17524,1.0);
#17522=VECTOR('',#17525,1.0);
#17523=DIRECTION('',(0,1,0));
#17524=DIRECTION('',(0.029317424016950845,-0.9994650889524107,-0.014492225997411828));
#17525=DIRECTION('',(-0.8964542110716484,0,0.44313637568124387));
#17526=FACE_SURFACE('',(#17531),#17527,.T.);
#17527=PLANE('',#17528);
#17528=AXIS2_PLACEMENT_3D('',#116,#17529,#17530);
#17529=DIRECTION('',(-0.44313637568124387,-0,-0.8964542110716484));
#17530=DIRECTION('',(0,-1,0));
#17531=FACE_BOUND('',#17532,.T.);
#17532=EDGE_LOOP('',(#17533,#17534,#17535));
#17533=ORIENTED_EDGE('',*,*,#17536,.T.);
#17534=ORIENTED_EDGE('',*,*,#17537,.T.);
#17535=ORIENTED_EDGE('',*,*,#17538,.T.);
#17536=EDGE_CURVE('',#117,#543,#17539,.F.);
#17537=EDGE_CURVE('',#543,#111,#17540,.T.);
#17538=EDGE_CURVE('',#111,#117,#17541,.T.);
#17539=LINE('',#116,#17542);
#17540=LINE('',#542,#17543);
#17541=LINE('',#110,#17544);
#17542=VECTOR('',#17545,1.0);
#17543=VECTOR('',#17546,1.0);
#17544=VECTOR('',#17547,1.0);
#17545=DIRECTION('',(0,-1,0));
#17546=DIRECTION('',(-0.029317424016950845,0.9994650889524107,0.014492225997411828));
#17547=DIRECTION('',(0.8964542110716484,0,-0.44313637568124387));
#17548=FACE_SURFACE('',(#17553),#17549,.T.);
#17549=PLANE('',#17550);
#17550=AXIS2_PLACEMENT_3D('',#866,#17551,#17552);
#17551=DIRECTION('',(0.44313637568124387,0,-0.8964542110716484));
#17552=DIRECTION('',(0.8964542110716484,0,0.44313637568124387));
#17553=FACE_BOUND('',#17554,.T.);
#17554=EDGE_LOOP('',(#17555,#17556,#17557));
#17555=ORIENTED_EDGE('',*,*,#17558,.T.);
#17556=ORIENTED_EDGE('',*,*,#17559,.T.);
#17557=ORIENTED_EDGE('',*,*,#17560,.T.);
#17558=EDGE_CURVE('',#867,#865,#17561,.F.);
#17559=EDGE_CURVE('',#865,#993,#17562,.T.);
#17560=EDGE_CURVE('',#993,#867,#17563,.T.);
#17561=LINE('',#866,#17564);
#17562=LINE('',#864,#17565);
#17563=LINE('',#992,#17566);
#17564=VECTOR('',#17567,1.0);
#17565=VECTOR('',#17568,1.0);
#17566=VECTOR('',#17569,1.0);
#17567=DIRECTION('',(0.8964542110716484,0,0.44313637568124387));
#17568=DIRECTION('',(-0.029317424016950845,-0.9994650889524107,-0.014492225997411828));
#17569=DIRECTION('',(0,1,0));
#17570=FACE_SURFACE('',(#17575),#17571,.T.);
#17571=PLANE('',#17572);
#17572=AXIS2_PLACEMENT_3D('',#472,#17573,#17574);
#17573=DIRECTION('',(0,1,0));
#17574=DIRECTION('',(-0.44313637568124387,0,-0.8964542110716484));
#17575=FACE_BOUND('',#17576,.T.);
#17576=EDGE_LOOP('',(#17577,#17578,#17579));
#17577=ORIENTED_EDGE('',*,*,#17580,.T.);
#17578=ORIENTED_EDGE('',*,*,#17581,.T.);
#17579=ORIENTED_EDGE('',*,*,#17582,.T.);
#17580=EDGE_CURVE('',#473,#983,#17583,.F.);
#17581=EDGE_CURVE('',#983,#469,#17584,.T.);
#17582=EDGE_CURVE('',#469,#473,#17585,.T.);
#17583=LINE('',#472,#17586);
#17584=LINE('',#982,#17587);
#17585=LINE('',#468,#17588);
#17586=VECTOR('',#17589,1.0);
#17587=VECTOR('',#17590,1.0);
#17588=VECTOR('',#17591,1.0);
#17589=DIRECTION('',(-0.44313637568124387,0,-0.8964542110716484));
#17590=DIRECTION('',(-0.9429700677592298,0,0.33287753199961356));
#17591=DIRECTION('',(0.9492488879639372,0,-0.31452591101406663));
#17592=FACE_SURFACE('',(#17597),#17593,.T.);
#17593=PLANE('',#17594);
#17594=AXIS2_PLACEMENT_3D('',#982,#17595,#17596);
#17595=DIRECTION('',(0,1,0));
#17596=DIRECTION('',(-0.3208045041176908,0,-0.947145432411413));
#17597=FACE_BOUND('',#17598,.T.);
#17598=EDGE_LOOP('',(#17599,#17600,#17601));
#17599=ORIENTED_EDGE('',*,*,#17602,.T.);
#17600=ORIENTED_EDGE('',*,*,#17603,.T.);
#17601=ORIENTED_EDGE('',*,*,#17604,.T.);
#17602=EDGE_CURVE('',#983,#979,#17605,.F.);
#17603=EDGE_CURVE('',#979,#469,#17606,.T.);
#17604=EDGE_CURVE('',#469,#983,#17607,.T.);
#17605=LINE('',#982,#17608);
#17606=LINE('',#978,#17609);
#17607=LINE('',#468,#17610);
#17608=VECTOR('',#17611,1.0);
#17609=VECTOR('',#17612,1.0);
#17610=VECTOR('',#17613,1.0);
#17611=DIRECTION('',(-0.3208045041176908,0,-0.947145432411413));
#17612=DIRECTION('',(-0.9362717669596068,0,0.35127649849418574));
#17613=DIRECTION('',(0.9429700677592298,0,-0.33287753199961356));
#17614=FACE_SURFACE('',(#17619),#17615,.T.);
#17615=PLANE('',#17616);
#17616=AXIS2_PLACEMENT_3D('',#476,#17617,#17618);
#17617=DIRECTION('',(0.947065886929003,0,-0.3210392589939445));
#17618=DIRECTION('',(0,1,0));
#17619=FACE_BOUND('',#17620,.T.);
#17620=EDGE_LOOP('',(#17621,#17622,#17623));
#17621=ORIENTED_EDGE('',*,*,#17624,.T.);
#17622=ORIENTED_EDGE('',*,*,#17625,.T.);
#17623=ORIENTED_EDGE('',*,*,#17626,.T.);
#17624=EDGE_CURVE('',#477,#749,#17627,.F.);
#17625=EDGE_CURVE('',#749,#469,#17628,.T.);
#17626=EDGE_CURVE('',#469,#477,#17629,.T.);
#17627=LINE('',#476,#17630);
#17628=LINE('',#748,#17631);
#17629=LINE('',#468,#17632);
#17630=VECTOR('',#17633,1.0);
#17631=VECTOR('',#17634,1.0);
#17632=VECTOR('',#17635,1.0);
#17633=DIRECTION('',(0,1,0));
#17634=DIRECTION('',(0.017474061291532603,-0.9985176067046067,0.051548484777773664));
#17635=DIRECTION('',(-0.32103925899394453,0,-0.9470658869290031));
#17636=FACE_SURFACE('',(#17641),#17637,.T.);
#17637=PLANE('',#17638);
#17638=AXIS2_PLACEMENT_3D('',#542,#17639,#17640);
#17639=DIRECTION('',(-0.5535284008098762,0,-0.8328303005395883));
#17640=DIRECTION('',(0,1,0));
#17641=FACE_BOUND('',#17642,.T.);
#17642=EDGE_LOOP('',(#17643,#17644,#17645));
#17643=ORIENTED_EDGE('',*,*,#17646,.T.);
#17644=ORIENTED_EDGE('',*,*,#17647,.T.);
#17645=ORIENTED_EDGE('',*,*,#17648,.T.);
#17646=EDGE_CURVE('',#543,#117,#17649,.F.);
#17647=EDGE_CURVE('',#117,#541,#17650,.T.);
#17648=EDGE_CURVE('',#541,#543,#17651,.T.);
#17649=LINE('',#542,#17652);
#17650=LINE('',#116,#17653);
#17651=LINE('',#540,#17654);
#17652=VECTOR('',#17655,1.0);
#17653=VECTOR('',#17656,1.0);
#17654=VECTOR('',#17657,1.0);
#17655=DIRECTION('',(0,1,0));
#17656=DIRECTION('',(0.02731886804817577,-0.999461855082944,-0.018157083541323372));
#17657=DIRECTION('',(-0.8328303005395884,0,0.5535284008098762));
#17658=FACE_SURFACE('',(#17663),#17659,.T.);
#17659=PLANE('',#17660);
#17660=AXIS2_PLACEMENT_3D('',#202,#17661,#17662);
#17661=DIRECTION('',(-0.5535284008098762,-0,-0.8328303005395883));
#17662=DIRECTION('',(0,-1,0));
#17663=FACE_BOUND('',#17664,.T.);
#17664=EDGE_LOOP('',(#17665,#17666,#17667));
#17665=ORIENTED_EDGE('',*,*,#17668,.T.);
#17666=ORIENTED_EDGE('',*,*,#17669,.T.);
#17667=ORIENTED_EDGE('',*,*,#17670,.T.);
#17668=EDGE_CURVE('',#203,#541,#17671,.F.);
#17669=EDGE_CURVE('',#541,#117,#17672,.T.);
#17670=EDGE_CURVE('',#117,#203,#17673,.T.);
#17671=LINE('',#202,#17674);
#17672=LINE('',#540,#17675);
#17673=LINE('',#116,#17676);
#17674=VECTOR('',#17677,1.0);
#17675=VECTOR('',#17678,1.0);
#17676=VECTOR('',#17679,1.0);
#17677=DIRECTION('',(0,-1,0));
#17678=DIRECTION('',(-0.02731886804817577,0.999461855082944,0.018157083541323372));
#17679=DIRECTION('',(0.8328303005395884,0,-0.5535284008098762));
#17680=FACE_SURFACE('',(#17685),#17681,.T.);
#17681=PLANE('',#17682);
#17682=AXIS2_PLACEMENT_3D('',#320,#17683,#17684);
#17683=DIRECTION('',(0.19807545535302362,0,-0.9801867750519246));
#17684=DIRECTION('',(0,-1,0));
#17685=FACE_BOUND('',#17686,.T.);
#17686=EDGE_LOOP('',(#17687,#17688,#17689));
#17687=ORIENTED_EDGE('',*,*,#17690,.T.);
#17688=ORIENTED_EDGE('',*,*,#17691,.T.);
#17689=ORIENTED_EDGE('',*,*,#17692,.T.);
#17690=EDGE_CURVE('',#321,#439,#17693,.F.);
#17691=EDGE_CURVE('',#439,#603,#17694,.T.);
#17692=EDGE_CURVE('',#603,#321,#17695,.T.);
#17693=LINE('',#320,#17696);
#17694=LINE('',#438,#17697);
#17695=LINE('',#602,#17698);
#17696=VECTOR('',#17699,1.0);
#17697=VECTOR('',#17700,1.0);
#17698=VECTOR('',#17701,1.0);
#17699=DIRECTION('',(0,-1,0));
#17700=DIRECTION('',(-0.9801867750519246,0,-0.19807545535302362));
#17701=DIRECTION('',(0.0321494917719529,0.9994619564849769,0.00649674672641907));
#17702=FACE_SURFACE('',(#17707),#17703,.T.);
#17703=PLANE('',#17704);
#17704=AXIS2_PLACEMENT_3D('',#876,#17705,#17706);
#17705=DIRECTION('',(0.3208045041176908,0,-0.9471454324114129));
#17706=DIRECTION('',(0,1,0));
#17707=FACE_BOUND('',#17708,.T.);
#17708=EDGE_LOOP('',(#17709,#17710,#17711));
#17709=ORIENTED_EDGE('',*,*,#17712,.T.);
#17710=ORIENTED_EDGE('',*,*,#17713,.T.);
#17711=ORIENTED_EDGE('',*,*,#17714,.T.);
#17712=EDGE_CURVE('',#877,#865,#17715,.F.);
#17713=EDGE_CURVE('',#865,#87,#17716,.T.);
#17714=EDGE_CURVE('',#87,#877,#17717,.T.);
#17715=LINE('',#876,#17718);
#17716=LINE('',#864,#17719);
#17717=LINE('',#86,#17720);
#17718=VECTOR('',#17721,1.0);
#17719=VECTOR('',#17722,1.0);
#17720=VECTOR('',#17723,1.0);
#17721=DIRECTION('',(0,1,0));
#17722=DIRECTION('',(0.947145432411413,0,0.3208045041176908));
#17723=DIRECTION('',(-0.030983546092397125,-0.9994648011869012,-0.010494334660594733));
#17724=FACE_SURFACE('',(#17729),#17725,.T.);
#17725=PLANE('',#17726);
#17726=AXIS2_PLACEMENT_3D('',#568,#17727,#17728);
#17727=DIRECTION('',(0,1,-0));
#17728=DIRECTION('',(-0.9100012618428245,0,0.41460547927453545));
#17729=FACE_BOUND('',#17730,.T.);
#17730=EDGE_LOOP('',(#17731,#17732,#17733));
#17731=ORIENTED_EDGE('',*,*,#17734,.T.);
#17732=ORIENTED_EDGE('',*,*,#17735,.T.);
#17733=ORIENTED_EDGE('',*,*,#17736,.T.);
#17734=EDGE_CURVE('',#569,#471,#17737,.F.);
#17735=EDGE_CURVE('',#471,#987,#17738,.T.);
#17736=EDGE_CURVE('',#987,#569,#17739,.T.);
#17737=LINE('',#568,#17740);
#17738=LINE('',#470,#17741);
#17739=LINE('',#986,#17742);
#17740=VECTOR('',#17743,1.0);
#17741=VECTOR('',#17744,1.0);
#17742=VECTOR('',#17745,1.0);
#17743=DIRECTION('',(-0.9100012618428245,0,0.41460547927453545));
#17744=DIRECTION('',(0.9173470250683955,0,-0.39808847709794926));
#17745=DIRECTION('',(-0.6624631433869201,0,-0.7490945091601733));
#17746=FACE_SURFACE('',(#17751),#17747,.T.);
#17747=PLANE('',#17748);
#17748=AXIS2_PLACEMENT_3D('',#818,#17749,#17750);
#17749=DIRECTION('',(0.9808152867022286,0,-0.19493940948721727));
#17750=DIRECTION('',(-0.010609218426591904,-0.9985179616777572,-0.05337906603973085));
#17751=FACE_BOUND('',#17752,.T.);
#17752=EDGE_LOOP('',(#17753,#17754,#17755));
#17753=ORIENTED_EDGE('',*,*,#17756,.T.);
#17754=ORIENTED_EDGE('',*,*,#17757,.T.);
#17755=ORIENTED_EDGE('',*,*,#17758,.T.);
#17756=EDGE_CURVE('',#819,#469,#17759,.F.);
#17757=EDGE_CURVE('',#469,#821,#17760,.T.);
#17758=EDGE_CURVE('',#821,#819,#17761,.T.);
#17759=LINE('',#818,#17762);
#17760=LINE('',#468,#17763);
#17761=LINE('',#820,#17764);
#17762=VECTOR('',#17765,1.0);
#17763=VECTOR('',#17766,1.0);
#17764=VECTOR('',#17767,1.0);
#17765=DIRECTION('',(-0.010609218426591904,-0.9985179616777572,-0.05337906603973085));
#17766=DIRECTION('',(0,1,0));
#17767=DIRECTION('',(0.19493940948721727,0,0.9808152867022286));
#17768=FACE_SURFACE('',(#17773),#17769,.T.);
#17769=PLANE('',#17770);
#17770=AXIS2_PLACEMENT_3D('',#374,#17771,#17772);
#17771=DIRECTION('',(-0.6624631433869201,-0,-0.7490945091601733));
#17772=DIRECTION('',(0,-1,0));
#17773=FACE_BOUND('',#17774,.T.);
#17774=EDGE_LOOP('',(#17775,#17776,#17777));
#17775=ORIENTED_EDGE('',*,*,#17778,.T.);
#17776=ORIENTED_EDGE('',*,*,#17779,.T.);
#17777=ORIENTED_EDGE('',*,*,#17780,.T.);
#17778=EDGE_CURVE('',#375,#581,#17781,.F.);
#17779=EDGE_CURVE('',#581,#203,#17782,.T.);
#17780=EDGE_CURVE('',#203,#375,#17783,.T.);
#17781=LINE('',#374,#17784);
#17782=LINE('',#580,#17785);
#17783=LINE('',#202,#17786);
#17784=VECTOR('',#17787,1.0);
#17785=VECTOR('',#17788,1.0);
#17786=VECTOR('',#17789,1.0);
#17787=DIRECTION('',(0,-1,0));
#17788=DIRECTION('',(-0.024486800130153506,0.9994655871263466,0.02165494792358729));
#17789=DIRECTION('',(0.7490945091601733,0,-0.6624631433869201));
#17790=FACE_SURFACE('',(#17795),#17791,.T.);
#17791=PLANE('',#17792);
#17792=AXIS2_PLACEMENT_3D('',#540,#17793,#17794);
#17793=DIRECTION('',(-0.6624631433869201,0,-0.7490945091601733));
#17794=DIRECTION('',(0,1,0));
#17795=FACE_BOUND('',#17796,.T.);
#17796=EDGE_LOOP('',(#17797,#17798,#17799));
#17797=ORIENTED_EDGE('',*,*,#17800,.T.);
#17798=ORIENTED_EDGE('',*,*,#17801,.T.);
#17799=ORIENTED_EDGE('',*,*,#17802,.T.);
#17800=EDGE_CURVE('',#541,#203,#17803,.F.);
#17801=EDGE_CURVE('',#203,#581,#17804,.T.);
#17802=EDGE_CURVE('',#581,#541,#17805,.T.);
#17803=LINE('',#540,#17806);
#17804=LINE('',#202,#17807);
#17805=LINE('',#580,#17808);
#17806=VECTOR('',#17809,1.0);
#17807=VECTOR('',#17810,1.0);
#17808=VECTOR('',#17811,1.0);
#17809=DIRECTION('',(0,1,0));
#17810=DIRECTION('',(0.024486800130153506,-0.9994655871263466,-0.02165494792358729));
#17811=DIRECTION('',(-0.7490945091601733,0,0.6624631433869201));
#17812=FACE_SURFACE('',(#17817),#17813,.T.);
#17813=PLANE('',#17814);
#17814=AXIS2_PLACEMENT_3D('',#438,#17815,#17816);
#17815=DIRECTION('',(0.06616454511999388,0,-0.9978087256428781));
#17816=DIRECTION('',(0,1,0));
#17817=FACE_BOUND('',#17818,.T.);
#17818=EDGE_LOOP('',(#17819,#17820,#17821));
#17819=ORIENTED_EDGE('',*,*,#17822,.T.);
#17820=ORIENTED_EDGE('',*,*,#17823,.T.);
#17821=ORIENTED_EDGE('',*,*,#17824,.T.);
#17822=EDGE_CURVE('',#439,#321,#17825,.F.);
#17823=EDGE_CURVE('',#321,#441,#17826,.T.);
#17824=EDGE_CURVE('',#441,#439,#17827,.T.);
#17825=LINE('',#438,#17828);
#17826=LINE('',#320,#17829);
#17827=LINE('',#440,#17830);
#17828=VECTOR('',#17831,1.0);
#17829=VECTOR('',#17832,1.0);
#17830=VECTOR('',#17833,1.0);
#17831=DIRECTION('',(0,1,0));
#17832=DIRECTION('',(0.03264903242089369,-0.9994645334693758,0.0021649523833784504));
#17833=DIRECTION('',(-0.9978087256428781,0,-0.06616454511999388));
#17834=FACE_SURFACE('',(#17839),#17835,.T.);
#17835=PLANE('',#17836);
#17836=AXIS2_PLACEMENT_3D('',#374,#17837,#17838);
#17837=DIRECTION('',(-0.7490945091601733,-0,-0.6624631433869201));
#17838=DIRECTION('',(0.6624631433869201,0,-0.7490945091601733));
#17839=FACE_BOUND('',#17840,.T.);
#17840=EDGE_LOOP('',(#17841,#17842,#17843));
#17841=ORIENTED_EDGE('',*,*,#17844,.T.);
#17842=ORIENTED_EDGE('',*,*,#17845,.T.);
#17843=ORIENTED_EDGE('',*,*,#17846,.T.);
#17844=EDGE_CURVE('',#375,#335,#17847,.F.);
#17845=EDGE_CURVE('',#335,#581,#17848,.T.);
#17846=EDGE_CURVE('',#581,#375,#17849,.T.);
#17847=LINE('',#374,#17850);
#17848=LINE('',#334,#17851);
#17849=LINE('',#580,#17852);
#17850=VECTOR('',#17853,1.0);
#17851=VECTOR('',#17854,1.0);
#17852=VECTOR('',#17855,1.0);
#17853=DIRECTION('',(0.6624631433869201,0,-0.7490945091601733));
#17854=DIRECTION('',(-0.02165494792358729,-0.9994655871263466,0.024486800130153506));
#17855=DIRECTION('',(0,1,0));
#17856=FACE_SURFACE('',(#17861),#17857,.T.);
#17857=PLANE('',#17858);
#17858=AXIS2_PLACEMENT_3D('',#880,#17859,#17860);
#17859=DIRECTION('',(0.06618388024370983,0,-0.9978074433456018));
#17860=DIRECTION('',(0,1,0));
#17861=FACE_BOUND('',#17862,.T.);
#17862=EDGE_LOOP('',(#17863,#17864,#17865));
#17863=ORIENTED_EDGE('',*,*,#17866,.T.);
#17864=ORIENTED_EDGE('',*,*,#17867,.T.);
#17865=ORIENTED_EDGE('',*,*,#17868,.T.);
#17866=EDGE_CURVE('',#881,#85,#17869,.F.);
#17867=EDGE_CURVE('',#85,#995,#17870,.T.);
#17868=EDGE_CURVE('',#995,#881,#17871,.T.);
#17869=LINE('',#880,#17872);
#17870=LINE('',#84,#17873);
#17871=LINE('',#994,#17874);
#17872=VECTOR('',#17875,1.0);
#17873=VECTOR('',#17876,1.0);
#17874=VECTOR('',#17877,1.0);
#17875=DIRECTION('',(0,1,0));
#17876=DIRECTION('',(0.032649032375971734,-0.999464532094208,0.002165587822835961));
#17877=DIRECTION('',(-0.9978074433456018,0,-0.06618388024370983));
#17878=FACE_SURFACE('',(#17883),#17879,.T.);
#17879=PLANE('',#17880);
#17880=AXIS2_PLACEMENT_3D('',#336,#17881,#17882);
#17881=DIRECTION('',(-0.8328303005395883,-0,-0.5535284008098762));
#17882=DIRECTION('',(0,-1,0));
#17883=FACE_BOUND('',#17884,.T.);
#17884=EDGE_LOOP('',(#17885,#17886,#17887));
#17885=ORIENTED_EDGE('',*,*,#17888,.T.);
#17886=ORIENTED_EDGE('',*,*,#17889,.T.);
#17887=ORIENTED_EDGE('',*,*,#17890,.T.);
#17888=EDGE_CURVE('',#337,#567,#17891,.F.);
#17889=EDGE_CURVE('',#567,#333,#17892,.T.);
#17890=EDGE_CURVE('',#333,#337,#17893,.T.);
#17891=LINE('',#336,#17894);
#17892=LINE('',#566,#17895);
#17893=LINE('',#332,#17896);
#17894=VECTOR('',#17897,1.0);
#17895=VECTOR('',#17898,1.0);
#17896=VECTOR('',#17899,1.0);
#17897=DIRECTION('',(0,-1,0));
#17898=DIRECTION('',(-0.5535284008098762,0,0.8328303005395884));
#17899=DIRECTION('',(0.018157083541323372,0.999461855082944,-0.02731886804817577));
#17900=FACE_SURFACE('',(#17905),#17901,.T.);
#17901=PLANE('',#17902);
#17902=AXIS2_PLACEMENT_3D('',#730,#17903,#17904);
#17903=DIRECTION('',(-0,1,0));
#17904=DIRECTION('',(0.6624631433869201,0,0.7490945091601733));
#17905=FACE_BOUND('',#17906,.T.);
#17906=EDGE_LOOP('',(#17907,#17908,#17909));
#17907=ORIENTED_EDGE('',*,*,#17910,.T.);
#17908=ORIENTED_EDGE('',*,*,#17911,.T.);
#17909=ORIENTED_EDGE('',*,*,#17912,.T.);
#17910=EDGE_CURVE('',#731,#1033,#17913,.F.);
#17911=EDGE_CURVE('',#1033,#39,#17914,.T.);
#17912=EDGE_CURVE('',#39,#731,#17915,.T.);
#17913=LINE('',#730,#17916);
#17914=LINE('',#1032,#17917);
#17915=LINE('',#38,#17918);
#17916=VECTOR('',#17919,1.0);
#17917=VECTOR('',#17920,1.0);
#17918=VECTOR('',#17921,1.0);
#17919=DIRECTION('',(0.6624631433869201,0,0.7490945091601733));
#17920=DIRECTION('',(0.7208093066601338,0,-0.693133423975599));
#17921=DIRECTION('',(-0.7374736871784725,0,0.6753758662547755));
#17922=FACE_SURFACE('',(#17927),#17923,.T.);
#17923=PLANE('',#17924);
#17924=AXIS2_PLACEMENT_3D('',#682,#17925,#17926);
#17925=DIRECTION('',(0.9808153421123802,0,0.19493913069718588));
#17926=DIRECTION('',(0,-1,0));
#17927=FACE_BOUND('',#17928,.T.);
#17928=EDGE_LOOP('',(#17929,#17930,#17931));
#17929=ORIENTED_EDGE('',*,*,#17932,.T.);
#17930=ORIENTED_EDGE('',*,*,#17933,.T.);
#17931=ORIENTED_EDGE('',*,*,#17934,.T.);
#17932=EDGE_CURVE('',#683,#43,#17935,.F.);
#17933=EDGE_CURVE('',#43,#805,#17936,.T.);
#17934=EDGE_CURVE('',#805,#683,#17937,.T.);
#17935=LINE('',#682,#17938);
#17936=LINE('',#42,#17939);
#17937=LINE('',#804,#17940);
#17938=VECTOR('',#17941,1.0);
#17939=VECTOR('',#17942,1.0);
#17940=VECTOR('',#17943,1.0);
#17941=DIRECTION('',(0,-1,0));
#17942=DIRECTION('',(0.010609218381652285,0.998517957448132,-0.05337914516869985));
#17943=DIRECTION('',(-0.19493913069718588,0,0.9808153421123803));
#17944=FACE_SURFACE('',(#17949),#17945,.T.);
#17945=PLANE('',#17946);
#17946=AXIS2_PLACEMENT_3D('',#994,#17947,#17948);
#17947=DIRECTION('',(-0.06618388024370983,0,-0.9978074433456018));
#17948=DIRECTION('',(0,1,0));
#17949=FACE_BOUND('',#17950,.T.);
#17950=EDGE_LOOP('',(#17951,#17952,#17953));
#17951=ORIENTED_EDGE('',*,*,#17954,.T.);
#17952=ORIENTED_EDGE('',*,*,#17955,.T.);
#17953=ORIENTED_EDGE('',*,*,#17956,.T.);
#17954=EDGE_CURVE('',#995,#123,#17957,.F.);
#17955=EDGE_CURVE('',#123,#105,#17958,.T.);
#17956=EDGE_CURVE('',#105,#995,#17959,.T.);
#17957=LINE('',#994,#17960);
#17958=LINE('',#122,#17961);
#17959=LINE('',#104,#17962);
#17960=VECTOR('',#17963,1.0);
#17961=VECTOR('',#17964,1.0);
#17962=VECTOR('',#17965,1.0);
#17963=DIRECTION('',(0,1,0));
#17964=DIRECTION('',(0.9978074433456018,0,-0.06618388024370983));
#17965=DIRECTION('',(-0.032649032375971734,-0.999464532094208,0.002165587822835961));
#17966=FACE_SURFACE('',(#17971),#17967,.T.);
#17967=PLANE('',#17968);
#17968=AXIS2_PLACEMENT_3D('',#994,#17969,#17970);
#17969=DIRECTION('',(-0.06618388024370983,0,-0.9978074433456018));
#17970=DIRECTION('',(0.032649032375971734,0.999464532094208,-0.002165587822835961));
#17971=FACE_BOUND('',#17972,.T.);
#17972=EDGE_LOOP('',(#17973,#17974,#17975));
#17973=ORIENTED_EDGE('',*,*,#17976,.T.);
#17974=ORIENTED_EDGE('',*,*,#17977,.T.);
#17975=ORIENTED_EDGE('',*,*,#17978,.T.);
#17976=EDGE_CURVE('',#995,#105,#17979,.F.);
#17977=EDGE_CURVE('',#105,#999,#17980,.T.);
#17978=EDGE_CURVE('',#999,#995,#17981,.T.);
#17979=LINE('',#994,#17982);
#17980=LINE('',#104,#17983);
#17981=LINE('',#998,#17984);
#17982=VECTOR('',#17985,1.0);
#17983=VECTOR('',#17986,1.0);
#17984=VECTOR('',#17987,1.0);
#17985=DIRECTION('',(0.032649032375971734,0.999464532094208,-0.002165587822835961));
#17986=DIRECTION('',(0,-1,0));
#17987=DIRECTION('',(-0.9978074433456018,0,0.06618388024370983));
#17988=FACE_SURFACE('',(#17993),#17989,.T.);
#17989=PLANE('',#17990);
#17990=AXIS2_PLACEMENT_3D('',#1034,#17991,#17992);
#17991=DIRECTION('',(-0,1,0));
#17992=DIRECTION('',(0.7490945091601733,0,0.6624631433869201));
#17993=FACE_BOUND('',#17994,.T.);
#17994=EDGE_LOOP('',(#17995,#17996,#17997));
#17995=ORIENTED_EDGE('',*,*,#17998,.T.);
#17996=ORIENTED_EDGE('',*,*,#17999,.T.);
#17997=ORIENTED_EDGE('',*,*,#18000,.T.);
#17998=EDGE_CURVE('',#1035,#731,#18001,.F.);
#17999=EDGE_CURVE('',#731,#39,#18002,.T.);
#18000=EDGE_CURVE('',#39,#1035,#18003,.T.);
#18001=LINE('',#1034,#18004);
#18002=LINE('',#730,#18005);
#18003=LINE('',#38,#18006);
#18004=VECTOR('',#18007,1.0);
#18005=VECTOR('',#18008,1.0);
#18006=VECTOR('',#18009,1.0);
#18007=DIRECTION('',(0.7490945091601733,0,0.6624631433869201));
#18008=DIRECTION('',(0.7374736871784725,0,-0.6753758662547755));
#18009=DIRECTION('',(-0.753580720924432,0,0.6573553810923078));
#18010=FACE_SURFACE('',(#18015),#18011,.T.);
#18011=PLANE('',#18012);
#18012=AXIS2_PLACEMENT_3D('',#682,#18013,#18014);
#18013=DIRECTION('',(0.9470657366646223,0,0.3210397022735602));
#18014=DIRECTION('',(-0.32103970227356016,0,0.9470657366646223));
#18015=FACE_BOUND('',#18016,.T.);
#18016=EDGE_LOOP('',(#18017,#18018,#18019));
#18017=ORIENTED_EDGE('',*,*,#18020,.T.);
#18018=ORIENTED_EDGE('',*,*,#18021,.T.);
#18019=ORIENTED_EDGE('',*,*,#18022,.T.);
#18020=EDGE_CURVE('',#683,#509,#18023,.F.);
#18021=EDGE_CURVE('',#509,#43,#18024,.T.);
#18022=EDGE_CURVE('',#43,#683,#18025,.T.);
#18023=LINE('',#682,#18026);
#18024=LINE('',#508,#18027);
#18025=LINE('',#42,#18028);
#18026=VECTOR('',#18029,1.0);
#18027=VECTOR('',#18030,1.0);
#18028=VECTOR('',#18031,1.0);
#18029=DIRECTION('',(-0.32103970227356016,0,0.9470657366646223));
#18030=DIRECTION('',(0.01747406136301251,-0.998517610789172,-0.051548405633589416));
#18031=DIRECTION('',(0,1,0));
#18032=FACE_SURFACE('',(#18037),#18033,.T.);
#18033=PLANE('',#18034);
#18034=AXIS2_PLACEMENT_3D('',#1036,#18035,#18036);
#18035=DIRECTION('',(-0,1,0));
#18036=DIRECTION('',(0.8328303005395884,0,0.5535284008098762));
#18037=FACE_BOUND('',#18038,.T.);
#18038=EDGE_LOOP('',(#18039,#18040,#18041));
#18039=ORIENTED_EDGE('',*,*,#18042,.T.);
#18040=ORIENTED_EDGE('',*,*,#18043,.T.);
#18041=ORIENTED_EDGE('',*,*,#18044,.T.);
#18042=EDGE_CURVE('',#1037,#1035,#18045,.F.);
#18043=EDGE_CURVE('',#1035,#39,#18046,.T.);
#18044=EDGE_CURVE('',#39,#1037,#18047,.T.);
#18045=LINE('',#1036,#18048);
#18046=LINE('',#1034,#18049);
#18047=LINE('',#38,#18050);
#18048=VECTOR('',#18051,1.0);
#18049=VECTOR('',#18052,1.0);
#18050=VECTOR('',#18053,1.0);
#18051=DIRECTION('',(0.8328303005395884,0,0.5535284008098762));
#18052=DIRECTION('',(0.753580720924432,0,-0.6573553810923078));
#18053=DIRECTION('',(-0.7687353481412719,0,0.639567013313005));
#18054=FACE_SURFACE('',(#18059),#18055,.T.);
#18055=PLANE('',#18056);
#18056=AXIS2_PLACEMENT_3D('',#266,#18057,#18058);
#18057=DIRECTION('',(-0.8964542110716484,-0,-0.44313637568124387));
#18058=DIRECTION('',(0,-1,0));
#18059=FACE_BOUND('',#18060,.T.);
#18060=EDGE_LOOP('',(#18061,#18062,#18063));
#18061=ORIENTED_EDGE('',*,*,#18064,.T.);
#18062=ORIENTED_EDGE('',*,*,#18065,.T.);
#18063=ORIENTED_EDGE('',*,*,#18066,.T.);
#18064=EDGE_CURVE('',#267,#565,#18067,.F.);
#18065=EDGE_CURVE('',#565,#337,#18068,.T.);
#18066=EDGE_CURVE('',#337,#267,#18069,.T.);
#18067=LINE('',#266,#18070);
#18068=LINE('',#564,#18071);
#18069=LINE('',#336,#18072);
#18070=VECTOR('',#18073,1.0);
#18071=VECTOR('',#18074,1.0);
#18072=VECTOR('',#18075,1.0);
#18073=DIRECTION('',(0,-1,0));
#18074=DIRECTION('',(-0.014492225997411828,0.9994650889524107,0.029317424016950845));
#18075=DIRECTION('',(0.44313637568124387,0,-0.8964542110716484));
#18076=FACE_SURFACE('',(#18081),#18077,.T.);
#18077=PLANE('',#18078);
#18078=AXIS2_PLACEMENT_3D('',#998,#18079,#18080);
#18079=DIRECTION('',(-0.19806614858790147,0,-0.9801886557104991));
#18080=DIRECTION('',(0,1,0));
#18081=FACE_BOUND('',#18082,.T.);
#18082=EDGE_LOOP('',(#18083,#18084,#18085));
#18083=ORIENTED_EDGE('',*,*,#18086,.T.);
#18084=ORIENTED_EDGE('',*,*,#18087,.T.);
#18085=ORIENTED_EDGE('',*,*,#18088,.T.);
#18086=EDGE_CURVE('',#999,#105,#18089,.F.);
#18087=EDGE_CURVE('',#105,#1009,#18090,.T.);
#18088=EDGE_CURVE('',#1009,#999,#18091,.T.);
#18089=LINE('',#998,#18092);
#18090=LINE('',#104,#18093);
#18091=LINE('',#1008,#18094);
#18092=VECTOR('',#18095,1.0);
#18093=VECTOR('',#18096,1.0);
#18094=VECTOR('',#18097,1.0);
#18095=DIRECTION('',(0,1,0));
#18096=DIRECTION('',(0.032149491838312616,-0.9994619585479648,-0.006496429019428964));
#18097=DIRECTION('',(-0.9801886557104992,0,0.19806614858790147));
#18098=FACE_SURFACE('',(#18103),#18099,.T.);
#18099=PLANE('',#18100);
#18100=AXIS2_PLACEMENT_3D('',#828,#18101,#18102);
#18101=DIRECTION('',(0.32215913614189384,-0,0.9466855290962827));
#18102=DIRECTION('',(0,1,0));
#18103=FACE_BOUND('',#18104,.T.);
#18104=EDGE_LOOP('',(#18105,#18106,#18107));
#18105=ORIENTED_EDGE('',*,*,#18108,.T.);
#18106=ORIENTED_EDGE('',*,*,#18109,.T.);
#18107=ORIENTED_EDGE('',*,*,#18110,.T.);
#18108=EDGE_CURVE('',#829,#685,#18111,.F.);
#18109=EDGE_CURVE('',#685,#793,#18112,.T.);
#18110=EDGE_CURVE('',#793,#829,#18113,.T.);
#18111=LINE('',#828,#18114);
#18112=LINE('',#684,#18115);
#18113=LINE('',#792,#18116);
#18114=VECTOR('',#18117,1.0);
#18115=VECTOR('',#18118,1.0);
#18116=VECTOR('',#18119,1.0);
#18117=DIRECTION('',(0,1,0));
#18118=DIRECTION('',(-0.9466855290962828,0,0.32215913614189384));
#18119=DIRECTION('',(0.0219080611441971,-0.9997321913664198,-0.007455360661840756));
#18120=FACE_SURFACE('',(#18125),#18121,.T.);
#18121=PLANE('',#18122);
#18122=AXIS2_PLACEMENT_3D('',#1038,#18123,#18124);
#18123=DIRECTION('',(-0,1,0));
#18124=DIRECTION('',(0.8964542110716484,0,0.44313637568124387));
#18125=FACE_BOUND('',#18126,.T.);
#18126=EDGE_LOOP('',(#18127,#18128,#18129));
#18127=ORIENTED_EDGE('',*,*,#18130,.T.);
#18128=ORIENTED_EDGE('',*,*,#18131,.T.);
#18129=ORIENTED_EDGE('',*,*,#18132,.T.);
#18130=EDGE_CURVE('',#1039,#1037,#18133,.F.);
#18131=EDGE_CURVE('',#1037,#39,#18134,.T.);
#18132=EDGE_CURVE('',#39,#1039,#18135,.T.);
#18133=LINE('',#1038,#18136);
#18134=LINE('',#1036,#18137);
#18135=LINE('',#38,#18138);
#18136=VECTOR('',#18139,1.0);
#18137=VECTOR('',#18140,1.0);
#18138=VECTOR('',#18141,1.0);
#18139=DIRECTION('',(0.8964542110716484,0,0.44313637568124387));
#18140=DIRECTION('',(0.7687353481412719,0,-0.639567013313005));
#18141=DIRECTION('',(-0.782529568142539,0,0.6226134233877803));
#18142=FACE_SURFACE('',(#18147),#18143,.T.);
#18143=PLANE('',#18144);
#18144=AXIS2_PLACEMENT_3D('',#594,#18145,#18146);
#18145=DIRECTION('',(0.06111559296346773,-0,0.9981306949977661));
#18146=DIRECTION('',(0.9981306949977663,0,-0.06111559296346774));
#18147=FACE_BOUND('',#18148,.T.);
#18148=EDGE_LOOP('',(#18149,#18150,#18151));
#18149=ORIENTED_EDGE('',*,*,#18152,.T.);
#18150=ORIENTED_EDGE('',*,*,#18153,.T.);
#18151=ORIENTED_EDGE('',*,*,#18154,.T.);
#18152=EDGE_CURVE('',#595,#329,#18155,.F.);
#18153=EDGE_CURVE('',#329,#181,#18156,.T.);
#18154=EDGE_CURVE('',#181,#595,#18157,.T.);
#18155=LINE('',#594,#18158);
#18156=LINE('',#328,#18159);
#18157=LINE('',#180,#18160);
#18158=VECTOR('',#18161,1.0);
#18159=VECTOR('',#18162,1.0);
#18160=VECTOR('',#18163,1.0);
#18161=DIRECTION('',(0.9981306949977663,0,-0.06111559296346774));
#18162=DIRECTION('',(-0.03264904369477998,0.9994648785898486,0.0019991025975822853));
#18163=DIRECTION('',(0,-1,0));
#18164=FACE_SURFACE('',(#18169),#18165,.T.);
#18165=PLANE('',#18166);
#18166=AXIS2_PLACEMENT_3D('',#534,#18167,#18168);
#18167=DIRECTION('',(0.06111559296346773,0,0.9981306949977661));
#18168=DIRECTION('',(-0.9981306949977663,0,0.06111559296346774));
#18169=FACE_BOUND('',#18170,.T.);
#18170=EDGE_LOOP('',(#18171,#18172,#18173));
#18171=ORIENTED_EDGE('',*,*,#18174,.T.);
#18172=ORIENTED_EDGE('',*,*,#18175,.T.);
#18173=ORIENTED_EDGE('',*,*,#18176,.T.);
#18174=EDGE_CURVE('',#535,#181,#18177,.F.);
#18175=EDGE_CURVE('',#181,#329,#18178,.T.);
#18176=EDGE_CURVE('',#329,#535,#18179,.T.);
#18177=LINE('',#534,#18180);
#18178=LINE('',#180,#18181);
#18179=LINE('',#328,#18182);
#18180=VECTOR('',#18183,1.0);
#18181=VECTOR('',#18184,1.0);
#18182=VECTOR('',#18185,1.0);
#18183=DIRECTION('',(-0.9981306949977663,0,0.06111559296346774));
#18184=DIRECTION('',(0.03264904369477998,-0.9994648785898486,-0.0019991025975822853));
#18185=DIRECTION('',(0,1,0));
#18186=FACE_SURFACE('',(#18191),#18187,.T.);
#18187=PLANE('',#18188);
#18188=AXIS2_PLACEMENT_3D('',#1000,#18189,#18190);
#18189=DIRECTION('',(-0,1,0));
#18190=DIRECTION('',(0.947145432411413,0,0.3208045041176908));
#18191=FACE_BOUND('',#18192,.T.);
#18192=EDGE_LOOP('',(#18193,#18194,#18195));
#18193=ORIENTED_EDGE('',*,*,#18196,.T.);
#18194=ORIENTED_EDGE('',*,*,#18197,.T.);
#18195=ORIENTED_EDGE('',*,*,#18198,.T.);
#18196=EDGE_CURVE('',#1001,#1039,#18199,.F.);
#18197=EDGE_CURVE('',#1039,#39,#18200,.T.);
#18198=EDGE_CURVE('',#39,#1001,#18201,.T.);
#18199=LINE('',#1000,#18202);
#18200=LINE('',#1038,#18203);
#18201=LINE('',#38,#18204);
#18202=VECTOR('',#18205,1.0);
#18203=VECTOR('',#18206,1.0);
#18204=VECTOR('',#18207,1.0);
#18205=DIRECTION('',(0.947145432411413,0,0.3208045041176908));
#18206=DIRECTION('',(0.782529568142539,0,-0.6226134233877803));
#18207=DIRECTION('',(-0.7947330362641634,0,0.6069591428344611));
#18208=FACE_SURFACE('',(#18213),#18209,.T.);
#18209=PLANE('',#18210);
#18210=AXIS2_PLACEMENT_3D('',#168,#18211,#18212);
#18211=DIRECTION('',(-0,1,0));
#18212=DIRECTION('',(0.9801886557104992,0,0.19806614858790147));
#18213=FACE_BOUND('',#18214,.T.);
#18214=EDGE_LOOP('',(#18215,#18216,#18217));
#18215=ORIENTED_EDGE('',*,*,#18218,.T.);
#18216=ORIENTED_EDGE('',*,*,#18219,.T.);
#18217=ORIENTED_EDGE('',*,*,#18220,.T.);
#18218=EDGE_CURVE('',#169,#1001,#18221,.F.);
#18219=EDGE_CURVE('',#1001,#39,#18222,.T.);
#18220=EDGE_CURVE('',#39,#169,#18223,.T.);
#18221=LINE('',#168,#18224);
#18222=LINE('',#1000,#18225);
#18223=LINE('',#38,#18226);
#18224=VECTOR('',#18227,1.0);
#18225=VECTOR('',#18228,1.0);
#18226=VECTOR('',#18229,1.0);
#18227=DIRECTION('',(0.9801886557104992,0,0.19806614858790147));
#18228=DIRECTION('',(0.7947330362641634,0,-0.6069591428344611));
#18229=DIRECTION('',(-0.8052521448336503,0,0.5929325284050505));
#18230=FACE_SURFACE('',(#18235),#18231,.T.);
#18231=PLANE('',#18232);
#18232=AXIS2_PLACEMENT_3D('',#1040,#18233,#18234);
#18233=DIRECTION('',(0,1,-0));
#18234=DIRECTION('',(-0.8328303005395884,0,0.5535284008098762));
#18235=FACE_BOUND('',#18236,.T.);
#18236=EDGE_LOOP('',(#18237,#18238,#18239));
#18237=ORIENTED_EDGE('',*,*,#18240,.T.);
#18238=ORIENTED_EDGE('',*,*,#18241,.T.);
#18239=ORIENTED_EDGE('',*,*,#18242,.T.);
#18240=EDGE_CURVE('',#1041,#119,#18243,.F.);
#18241=EDGE_CURVE('',#119,#41,#18244,.T.);
#18242=EDGE_CURVE('',#41,#1041,#18245,.T.);
#18243=LINE('',#1040,#18246);
#18244=LINE('',#118,#18247);
#18245=LINE('',#40,#18248);
#18246=VECTOR('',#18249,1.0);
#18247=VECTOR('',#18250,1.0);
#18248=VECTOR('',#18251,1.0);
#18249=DIRECTION('',(-0.8328303005395884,0,0.5535284008098762));
#18250=DIRECTION('',(0.28274932713991674,0,0.9591938375541851));
#18251=DIRECTION('',(-0.2745959179123984,0,-0.9615597131046243));
#18252=FACE_SURFACE('',(#18257),#18253,.T.);
#18253=PLANE('',#18254);
#18254=AXIS2_PLACEMENT_3D('',#118,#18255,#18256);
#18255=DIRECTION('',(-0.44313637568124387,-0,-0.8964542110716484));
#18256=DIRECTION('',(0,-1,0));
#18257=FACE_BOUND('',#18258,.T.);
#18258=EDGE_LOOP('',(#18259,#18260,#18261));
#18259=ORIENTED_EDGE('',*,*,#18262,.T.);
#18260=ORIENTED_EDGE('',*,*,#18263,.T.);
#18261=ORIENTED_EDGE('',*,*,#18264,.T.);
#18262=EDGE_CURVE('',#119,#913,#18265,.F.);
#18263=EDGE_CURVE('',#913,#1003,#18266,.T.);
#18264=EDGE_CURVE('',#1003,#119,#18267,.T.);
#18265=LINE('',#118,#18268);
#18266=LINE('',#912,#18269);
#18267=LINE('',#1002,#18270);
#18268=VECTOR('',#18271,1.0);
#18269=VECTOR('',#18272,1.0);
#18270=VECTOR('',#18273,1.0);
#18271=DIRECTION('',(0,-1,0));
#18272=DIRECTION('',(-0.8964542110716484,0,0.44313637568124387));
#18273=DIRECTION('',(0.029317424016950845,0.9994650889524107,-0.014492225997411828));
#18274=FACE_SURFACE('',(#18279),#18275,.T.);
#18275=PLANE('',#18276);
#18276=AXIS2_PLACEMENT_3D('',#1018,#18277,#18278);
#18277=DIRECTION('',(0,1,-0));
#18278=DIRECTION('',(-0.6624631433869201,0,0.7490945091601733));
#18279=FACE_BOUND('',#18280,.T.);
#18280=EDGE_LOOP('',(#18281,#18282,#18283));
#18281=ORIENTED_EDGE('',*,*,#18284,.T.);
#18282=ORIENTED_EDGE('',*,*,#18285,.T.);
#18283=ORIENTED_EDGE('',*,*,#18286,.T.);
#18284=EDGE_CURVE('',#1019,#1017,#18287,.F.);
#18285=EDGE_CURVE('',#1017,#41,#18288,.T.);
#18286=EDGE_CURVE('',#41,#1019,#18289,.T.);
#18287=LINE('',#1018,#18290);
#18288=LINE('',#1016,#18291);
#18289=LINE('',#40,#18292);
#18290=VECTOR('',#18293,1.0);
#18291=VECTOR('',#18294,1.0);
#18292=VECTOR('',#18295,1.0);
#18293=DIRECTION('',(-0.6624631433869201,0,0.7490945091601733));
#18294=DIRECTION('',(0.2669343150696726,0,0.9637147251330576));
#18295=DIRECTION('',(-0.25983392437178715,0,-0.9656533186115793));
#18296=FACE_SURFACE('',(#18301),#18297,.T.);
#18297=PLANE('',#18298);
#18298=AXIS2_PLACEMENT_3D('',#1016,#18299,#18300);
#18299=DIRECTION('',(0,1,-0));
#18300=DIRECTION('',(-0.7490945091601733,0,0.6624631433869201));
#18301=FACE_BOUND('',#18302,.T.);
#18302=EDGE_LOOP('',(#18303,#18304,#18305));
#18303=ORIENTED_EDGE('',*,*,#18306,.T.);
#18304=ORIENTED_EDGE('',*,*,#18307,.T.);
#18305=ORIENTED_EDGE('',*,*,#18308,.T.);
#18306=EDGE_CURVE('',#1017,#1041,#18309,.F.);
#18307=EDGE_CURVE('',#1041,#41,#18310,.T.);
#18308=EDGE_CURVE('',#41,#1017,#18311,.T.);
#18309=LINE('',#1016,#18312);
#18310=LINE('',#1040,#18313);
#18311=LINE('',#40,#18314);
#18312=VECTOR('',#18315,1.0);
#18313=VECTOR('',#18316,1.0);
#18314=VECTOR('',#18317,1.0);
#18315=DIRECTION('',(-0.7490945091601733,0,0.6624631433869201));
#18316=DIRECTION('',(0.2745959179123984,0,0.9615597131046243));
#18317=DIRECTION('',(-0.2669343150696726,0,-0.9637147251330576));
#18318=FACE_SURFACE('',(#18323),#18319,.T.);
#18319=PLANE('',#18320);
#18320=AXIS2_PLACEMENT_3D('',#716,#18321,#18322);
#18321=DIRECTION('',(0.06111559296346773,-0,0.9981306949977661));
#18322=DIRECTION('',(0.03264904369477998,0.9994648785898486,-0.0019991025975822853));
#18323=FACE_BOUND('',#18324,.T.);
#18324=EDGE_LOOP('',(#18325,#18326,#18327));
#18325=ORIENTED_EDGE('',*,*,#18328,.T.);
#18326=ORIENTED_EDGE('',*,*,#18329,.T.);
#18327=ORIENTED_EDGE('',*,*,#18330,.T.);
#18328=EDGE_CURVE('',#717,#167,#18331,.F.);
#18329=EDGE_CURVE('',#167,#1023,#18332,.T.);
#18330=EDGE_CURVE('',#1023,#717,#18333,.T.);
#18331=LINE('',#716,#18334);
#18332=LINE('',#166,#18335);
#18333=LINE('',#1022,#18336);
#18334=VECTOR('',#18337,1.0);
#18335=VECTOR('',#18338,1.0);
#18336=VECTOR('',#18339,1.0);
#18337=DIRECTION('',(0.03264904369477998,0.9994648785898486,-0.0019991025975822853));
#18338=DIRECTION('',(-0.9981306949977663,0,0.06111559296346774));
#18339=DIRECTION('',(0,-1,0));
#18340=FACE_SURFACE('',(#18345),#18341,.T.);
#18341=PLANE('',#18342);
#18342=AXIS2_PLACEMENT_3D('',#1024,#18343,#18344);
#18343=DIRECTION('',(0.19806614858790147,0,0.9801886557104991));
#18344=DIRECTION('',(0,-1,0));
#18345=FACE_BOUND('',#18346,.T.);
#18346=EDGE_LOOP('',(#18347,#18348,#18349));
#18347=ORIENTED_EDGE('',*,*,#18350,.T.);
#18348=ORIENTED_EDGE('',*,*,#18351,.T.);
#18349=ORIENTED_EDGE('',*,*,#18352,.T.);
#18350=EDGE_CURVE('',#1025,#879,#18353,.F.);
#18351=EDGE_CURVE('',#879,#717,#18354,.T.);
#18352=EDGE_CURVE('',#717,#1025,#18355,.T.);
#18353=LINE('',#1024,#18356);
#18354=LINE('',#878,#18357);
#18355=LINE('',#716,#18358);
#18356=VECTOR('',#18359,1.0);
#18357=VECTOR('',#18360,1.0);
#18358=VECTOR('',#18361,1.0);
#18359=DIRECTION('',(0,-1,0));
#18360=DIRECTION('',(0.9801886557104992,0,-0.19806614858790147));
#18361=DIRECTION('',(-0.032149491838312616,0.9994619585479648,0.006496429019428964));
#18362=FACE_SURFACE('',(#18367),#18363,.T.);
#18363=PLANE('',#18364);
#18364=AXIS2_PLACEMENT_3D('',#1024,#18365,#18366);
#18365=DIRECTION('',(0.19806614858790147,0,0.9801886557104991));
#18366=DIRECTION('',(0.032149491838312616,-0.9994619585479648,-0.006496429019428964));
#18367=FACE_BOUND('',#18368,.T.);
#18368=EDGE_LOOP('',(#18369,#18370,#18371));
#18369=ORIENTED_EDGE('',*,*,#18372,.T.);
#18370=ORIENTED_EDGE('',*,*,#18373,.T.);
#18371=ORIENTED_EDGE('',*,*,#18374,.T.);
#18372=EDGE_CURVE('',#1025,#717,#18375,.F.);
#18373=EDGE_CURVE('',#717,#1023,#18376,.T.);
#18374=EDGE_CURVE('',#1023,#1025,#18377,.T.);
#18375=LINE('',#1024,#18378);
#18376=LINE('',#716,#18379);
#18377=LINE('',#1022,#18380);
#18378=VECTOR('',#18381,1.0);
#18379=VECTOR('',#18382,1.0);
#18380=VECTOR('',#18383,1.0);
#18381=DIRECTION('',(0.032149491838312616,-0.9994619585479648,-0.006496429019428964));
#18382=DIRECTION('',(0,1,0));
#18383=DIRECTION('',(-0.9801886557104992,0,0.19806614858790147));
#18384=FACE_SURFACE('',(#18389),#18385,.T.);
#18385=PLANE('',#18386);
#18386=AXIS2_PLACEMENT_3D('',#1020,#18387,#18388);
#18387=DIRECTION('',(0,1,-0));
#18388=DIRECTION('',(-0.44313637568124387,0,0.8964542110716484));
#18389=FACE_BOUND('',#18390,.T.);
#18390=EDGE_LOOP('',(#18391,#18392,#18393));
#18391=ORIENTED_EDGE('',*,*,#18394,.T.);
#18392=ORIENTED_EDGE('',*,*,#18395,.T.);
#18393=ORIENTED_EDGE('',*,*,#18396,.T.);
#18394=EDGE_CURVE('',#1021,#1043,#18397,.F.);
#18395=EDGE_CURVE('',#1043,#41,#18398,.T.);
#18396=EDGE_CURVE('',#41,#1021,#18399,.T.);
#18397=LINE('',#1020,#18400);
#18398=LINE('',#1042,#18401);
#18399=LINE('',#40,#18402);
#18400=VECTOR('',#18403,1.0);
#18401=VECTOR('',#18404,1.0);
#18402=VECTOR('',#18405,1.0);
#18403=DIRECTION('',(-0.44313637568124387,0,0.8964542110716484));
#18404=DIRECTION('',(0.2534772894814417,0,0.9673413377485434));
#18405=DIRECTION('',(-0.24796922367174237,0,-0.968767910343666));
#18406=FACE_SURFACE('',(#18411),#18407,.T.);
#18407=PLANE('',#18408);
#18408=AXIS2_PLACEMENT_3D('',#1042,#18409,#18410);
#18409=DIRECTION('',(0,1,-0));
#18410=DIRECTION('',(-0.5535284008098762,0,0.8328303005395884));
#18411=FACE_BOUND('',#18412,.T.);
#18412=EDGE_LOOP('',(#18413,#18414,#18415));
#18413=ORIENTED_EDGE('',*,*,#18416,.T.);
#18414=ORIENTED_EDGE('',*,*,#18417,.T.);
#18415=ORIENTED_EDGE('',*,*,#18418,.T.);
#18416=EDGE_CURVE('',#1043,#1019,#18419,.F.);
#18417=EDGE_CURVE('',#1019,#41,#18420,.T.);
#18418=EDGE_CURVE('',#41,#1043,#18421,.T.);
#18419=LINE('',#1042,#18422);
#18420=LINE('',#1018,#18423);
#18421=LINE('',#40,#18424);
#18422=VECTOR('',#18425,1.0);
#18423=VECTOR('',#18426,1.0);
#18424=VECTOR('',#18427,1.0);
#18425=DIRECTION('',(-0.5535284008098762,0,0.8328303005395884));
#18426=DIRECTION('',(0.25983392437178715,0,0.9656533186115793));
#18427=DIRECTION('',(-0.2534772894814417,0,-0.9673413377485434));
#18428=FACE_SURFACE('',(#18433),#18429,.T.);
#18429=PLANE('',#18430);
#18430=AXIS2_PLACEMENT_3D('',#878,#18431,#18432);
#18431=DIRECTION('',(0.3208045041176908,-0,0.9471454324114129));
#18432=DIRECTION('',(0,1,0));
#18433=FACE_BOUND('',#18434,.T.);
#18434=EDGE_LOOP('',(#18435,#18436,#18437));
#18435=ORIENTED_EDGE('',*,*,#18438,.T.);
#18436=ORIENTED_EDGE('',*,*,#18439,.T.);
#18437=ORIENTED_EDGE('',*,*,#18440,.T.);
#18438=EDGE_CURVE('',#879,#1025,#18441,.F.);
#18439=EDGE_CURVE('',#1025,#925,#18442,.T.);
#18440=EDGE_CURVE('',#925,#879,#18443,.T.);
#18441=LINE('',#878,#18444);
#18442=LINE('',#1024,#18445);
#18443=LINE('',#924,#18446);
#18444=VECTOR('',#18447,1.0);
#18445=VECTOR('',#18448,1.0);
#18446=VECTOR('',#18449,1.0);
#18447=DIRECTION('',(0,1,0));
#18448=DIRECTION('',(-0.947145432411413,0,0.3208045041176908));
#18449=DIRECTION('',(0.030983546092397125,-0.9994648011869012,-0.010494334660594733));
#18450=FACE_SURFACE('',(#18455),#18451,.T.);
#18451=PLANE('',#18452);
#18452=AXIS2_PLACEMENT_3D('',#1028,#18453,#18454);
#18453=DIRECTION('',(0.44313637568124387,0,0.8964542110716484));
#18454=DIRECTION('',(0,-1,0));
#18455=FACE_BOUND('',#18456,.T.);
#18456=EDGE_LOOP('',(#18457,#18458,#18459));
#18457=ORIENTED_EDGE('',*,*,#18460,.T.);
#18458=ORIENTED_EDGE('',*,*,#18461,.T.);
#18459=ORIENTED_EDGE('',*,*,#18462,.T.);
#18460=EDGE_CURVE('',#1029,#887,#18463,.F.);
#18461=EDGE_CURVE('',#887,#925,#18464,.T.);
#18462=EDGE_CURVE('',#925,#1029,#18465,.T.);
#18463=LINE('',#1028,#18466);
#18464=LINE('',#886,#18467);
#18465=LINE('',#924,#18468);
#18466=VECTOR('',#18469,1.0);
#18467=VECTOR('',#18470,1.0);
#18468=VECTOR('',#18471,1.0);
#18469=DIRECTION('',(0,-1,0));
#18470=DIRECTION('',(0.029317424016950845,0.9994650889524107,-0.014492225997411828));
#18471=DIRECTION('',(-0.8964542110716484,0,0.44313637568124387));
#18472=FACE_SURFACE('',(#18477),#18473,.T.);
#18473=PLANE('',#18474);
#18474=AXIS2_PLACEMENT_3D('',#144,#18475,#18476);
#18475=DIRECTION('',(0,1,-0));
#18476=DIRECTION('',(-0.3208045041176908,0,0.947145432411413));
#18477=FACE_BOUND('',#18478,.T.);
#18478=EDGE_LOOP('',(#18479,#18480,#18481));
#18479=ORIENTED_EDGE('',*,*,#18482,.T.);
#18480=ORIENTED_EDGE('',*,*,#18483,.T.);
#18481=ORIENTED_EDGE('',*,*,#18484,.T.);
#18482=EDGE_CURVE('',#145,#1021,#18485,.F.);
#18483=EDGE_CURVE('',#1021,#41,#18486,.T.);
#18484=EDGE_CURVE('',#41,#145,#18487,.T.);
#18485=LINE('',#144,#18488);
#18486=LINE('',#1020,#18489);
#18487=LINE('',#40,#18490);
#18488=VECTOR('',#18491,1.0);
#18489=VECTOR('',#18492,1.0);
#18490=VECTOR('',#18493,1.0);
#18491=DIRECTION('',(-0.3208045041176908,0,0.947145432411413));
#18492=DIRECTION('',(0.24796922367174237,0,0.968767910343666));
#18493=DIRECTION('',(-0.24341283790577914,0,-0.9699227754531053));
#18494=FACE_SURFACE('',(#18499),#18495,.T.);
#18495=PLANE('',#18496);
#18496=AXIS2_PLACEMENT_3D('',#886,#18497,#18498);
#18497=DIRECTION('',(0.5535284008098762,-0,0.8328303005395883));
#18498=DIRECTION('',(0,1,0));
#18499=FACE_BOUND('',#18500,.T.);
#18500=EDGE_LOOP('',(#18501,#18502,#18503));
#18501=ORIENTED_EDGE('',*,*,#18504,.T.);
#18502=ORIENTED_EDGE('',*,*,#18505,.T.);
#18503=ORIENTED_EDGE('',*,*,#18506,.T.);
#18504=EDGE_CURVE('',#887,#1029,#18507,.F.);
#18505=EDGE_CURVE('',#1029,#935,#18508,.T.);
#18506=EDGE_CURVE('',#935,#887,#18509,.T.);
#18507=LINE('',#886,#18510);
#18508=LINE('',#1028,#18511);
#18509=LINE('',#934,#18512);
#18510=VECTOR('',#18513,1.0);
#18511=VECTOR('',#18514,1.0);
#18512=VECTOR('',#18515,1.0);
#18513=DIRECTION('',(0,1,0));
#18514=DIRECTION('',(-0.8328303005395884,0,0.5535284008098762));
#18515=DIRECTION('',(0.02731886804817577,-0.999461855082944,-0.018157083541323372));
#18516=FACE_SURFACE('',(#18521),#18517,.T.);
#18517=PLANE('',#18518);
#18518=AXIS2_PLACEMENT_3D('',#1026,#18519,#18520);
#18519=DIRECTION('',(0.6624631433869201,0,0.7490945091601733));
#18520=DIRECTION('',(0,-1,0));
#18521=FACE_BOUND('',#18522,.T.);
#18522=EDGE_LOOP('',(#18523,#18524,#18525));
#18523=ORIENTED_EDGE('',*,*,#18526,.T.);
#18524=ORIENTED_EDGE('',*,*,#18527,.T.);
#18525=ORIENTED_EDGE('',*,*,#18528,.T.);
#18526=EDGE_CURVE('',#1027,#899,#18529,.F.);
#18527=EDGE_CURVE('',#899,#935,#18530,.T.);
#18528=EDGE_CURVE('',#935,#1027,#18531,.T.);
#18529=LINE('',#1026,#18532);
#18530=LINE('',#898,#18533);
#18531=LINE('',#934,#18534);
#18532=VECTOR('',#18535,1.0);
#18533=VECTOR('',#18536,1.0);
#18534=VECTOR('',#18537,1.0);
#18535=DIRECTION('',(0,-1,0));
#18536=DIRECTION('',(0.024486800130153506,0.9994655871263466,-0.02165494792358729));
#18537=DIRECTION('',(-0.7490945091601733,0,0.6624631433869201));
#18538=FACE_SURFACE('',(#18543),#18539,.T.);
#18539=PLANE('',#18540);
#18540=AXIS2_PLACEMENT_3D('',#140,#18541,#18542);
#18541=DIRECTION('',(-0,1,-0));
#18542=DIRECTION('',(-0.06618388024370983,0,0.9978074433456018));
#18543=FACE_BOUND('',#18544,.T.);
#18544=EDGE_LOOP('',(#18545,#18546,#18547));
#18545=ORIENTED_EDGE('',*,*,#18548,.T.);
#18546=ORIENTED_EDGE('',*,*,#18549,.T.);
#18547=ORIENTED_EDGE('',*,*,#18550,.T.);
#18548=EDGE_CURVE('',#141,#143,#18551,.F.);
#18549=EDGE_CURVE('',#143,#39,#18552,.T.);
#18550=EDGE_CURVE('',#39,#141,#18553,.T.);
#18551=LINE('',#140,#18554);
#18552=LINE('',#142,#18555);
#18553=LINE('',#38,#18556);
#18554=VECTOR('',#18557,1.0);
#18555=VECTOR('',#18558,1.0);
#18556=VECTOR('',#18559,1.0);
#18557=DIRECTION('',(-0.06618388024370983,0,0.9978074433456018));
#18558=DIRECTION('',(0.6354081529470299,0,-0.7721764559791007));
#18559=DIRECTION('',(-0.6457368290058478,0,0.7635600485000982));
#18560=FACE_SURFACE('',(#18565),#18561,.T.);
#18561=PLANE('',#18562);
#18562=AXIS2_PLACEMENT_3D('',#754,#18563,#18564);
#18563=DIRECTION('',(-0.8317744883383313,0,0.555113682545753));
#18564=DIRECTION('',(0,1,0));
#18565=FACE_BOUND('',#18566,.T.);
#18566=EDGE_LOOP('',(#18567,#18568,#18569));
#18567=ORIENTED_EDGE('',*,*,#18570,.T.);
#18568=ORIENTED_EDGE('',*,*,#18571,.T.);
#18569=ORIENTED_EDGE('',*,*,#18572,.T.);
#18570=EDGE_CURVE('',#755,#751,#18573,.F.);
#18571=EDGE_CURVE('',#751,#741,#18574,.T.);
#18572=EDGE_CURVE('',#741,#755,#18575,.T.);
#18573=LINE('',#754,#18576);
#18574=LINE('',#750,#18577);
#18575=LINE('',#740,#18578);
#18576=VECTOR('',#18579,1.0);
#18577=VECTOR('',#18580,1.0);
#18578=VECTOR('',#18581,1.0);
#18579=DIRECTION('',(0,1,0));
#18580=DIRECTION('',(-0.012869932075371612,-0.9997312075775491,-0.01928412414165092));
#18581=DIRECTION('',(0.5551136825457531,0,0.8317744883383315));
#18582=FACE_SURFACE('',(#18587),#18583,.T.);
#18583=PLANE('',#18584);
#18584=AXIS2_PLACEMENT_3D('',#66,#18585,#18586);
#18585=DIRECTION('',(-0.7490945091601733,0,0.6624631433869201));
#18586=DIRECTION('',(0,-1,0));
#18587=FACE_BOUND('',#18588,.T.);
#18588=EDGE_LOOP('',(#18589,#18590,#18591));
#18589=ORIENTED_EDGE('',*,*,#18592,.T.);
#18590=ORIENTED_EDGE('',*,*,#18593,.T.);
#18591=ORIENTED_EDGE('',*,*,#18594,.T.);
#18592=EDGE_CURVE('',#67,#271,#18595,.F.);
#18593=EDGE_CURVE('',#271,#259,#18596,.T.);
#18594=EDGE_CURVE('',#259,#67,#18597,.T.);
#18595=LINE('',#66,#18598);
#18596=LINE('',#270,#18599);
#18597=LINE('',#258,#18600);
#18598=VECTOR('',#18601,1.0);
#18599=VECTOR('',#18602,1.0);
#18600=VECTOR('',#18603,1.0);
#18601=DIRECTION('',(0,-1,0));
#18602=DIRECTION('',(0.6624631433869201,0,0.7490945091601733));
#18603=DIRECTION('',(-0.02165494792358729,0.9994655871263466,-0.024486800130153506));
#18604=FACE_SURFACE('',(#18609),#18605,.T.);
#18605=PLANE('',#18606);
#18606=AXIS2_PLACEMENT_3D('',#898,#18607,#18608);
#18607=DIRECTION('',(0.7490945091601733,-0,0.6624631433869201));
#18608=DIRECTION('',(0,1,0));
#18609=FACE_BOUND('',#18610,.T.);
#18610=EDGE_LOOP('',(#18611,#18612,#18613));
#18611=ORIENTED_EDGE('',*,*,#18614,.T.);
#18612=ORIENTED_EDGE('',*,*,#18615,.T.);
#18613=ORIENTED_EDGE('',*,*,#18616,.T.);
#18614=EDGE_CURVE('',#899,#1027,#18617,.F.);
#18615=EDGE_CURVE('',#1027,#909,#18618,.T.);
#18616=EDGE_CURVE('',#909,#899,#18619,.T.);
#18617=LINE('',#898,#18620);
#18618=LINE('',#1026,#18621);
#18619=LINE('',#908,#18622);
#18620=VECTOR('',#18623,1.0);
#18621=VECTOR('',#18624,1.0);
#18622=VECTOR('',#18625,1.0);
#18623=DIRECTION('',(0,1,0));
#18624=DIRECTION('',(-0.02165494792358729,-0.9994655871263466,0.024486800130153506));
#18625=DIRECTION('',(0.6624631433869201,0,-0.7490945091601733));
#18626=FACE_SURFACE('',(#18631),#18627,.T.);
#18627=PLANE('',#18628);
#18628=AXIS2_PLACEMENT_3D('',#1030,#18629,#18630);
#18629=DIRECTION('',(0.7490945091601733,0,0.6624631433869201));
#18630=DIRECTION('',(0,-1,0));
#18631=FACE_BOUND('',#18632,.T.);
#18632=EDGE_LOOP('',(#18633,#18634,#18635));
#18633=ORIENTED_EDGE('',*,*,#18636,.T.);
#18634=ORIENTED_EDGE('',*,*,#18637,.T.);
#18635=ORIENTED_EDGE('',*,*,#18638,.T.);
#18636=EDGE_CURVE('',#1031,#909,#18639,.F.);
#18637=EDGE_CURVE('',#909,#1027,#18640,.T.);
#18638=EDGE_CURVE('',#1027,#1031,#18641,.T.);
#18639=LINE('',#1030,#18642);
#18640=LINE('',#908,#18643);
#18641=LINE('',#1026,#18644);
#18642=VECTOR('',#18645,1.0);
#18643=VECTOR('',#18646,1.0);
#18644=VECTOR('',#18647,1.0);
#18645=DIRECTION('',(0,-1,0));
#18646=DIRECTION('',(0.02165494792358729,0.9994655871263466,-0.024486800130153506));
#18647=DIRECTION('',(-0.6624631433869201,0,0.7490945091601733));
#18648=FACE_SURFACE('',(#18653),#18649,.T.);
#18649=PLANE('',#18650);
#18650=AXIS2_PLACEMENT_3D('',#268,#18651,#18652);
#18651=DIRECTION('',(-0.6624685974516458,0,0.7490896858123528));
#18652=DIRECTION('',(0.7490896858123527,0,0.6624685974516457));
#18653=FACE_BOUND('',#18654,.T.);
#18654=EDGE_LOOP('',(#18655,#18656,#18657));
#18655=ORIENTED_EDGE('',*,*,#18658,.T.);
#18656=ORIENTED_EDGE('',*,*,#18659,.T.);
#18657=ORIENTED_EDGE('',*,*,#18660,.T.);
#18658=EDGE_CURVE('',#269,#271,#18661,.F.);
#18659=EDGE_CURVE('',#271,#193,#18662,.T.);
#18660=EDGE_CURVE('',#193,#269,#18663,.T.);
#18661=LINE('',#268,#18664);
#18662=LINE('',#270,#18665);
#18663=LINE('',#192,#18666);
#18664=VECTOR('',#18667,1.0);
#18665=VECTOR('',#18668,1.0);
#18666=VECTOR('',#18669,1.0);
#18667=DIRECTION('',(0.7490896858123527,0,0.6624685974516457));
#18668=DIRECTION('',(-0.02448679996167712,0.9994655802497293,-0.021655265496146218));
#18669=DIRECTION('',(0,-1,0));
#18670=FACE_SURFACE('',(#18675),#18671,.T.);
#18671=PLANE('',#18672);
#18672=AXIS2_PLACEMENT_3D('',#138,#18673,#18674);
#18673=DIRECTION('',(0,1,0));
#18674=DIRECTION('',(0.6722445378061256,0,-0.7403291709704735));
#18675=FACE_BOUND('',#18676,.T.);
#18676=EDGE_LOOP('',(#18677,#18678,#18679));
#18677=ORIENTED_EDGE('',*,*,#18680,.T.);
#18678=ORIENTED_EDGE('',*,*,#18681,.T.);
#18679=ORIENTED_EDGE('',*,*,#18682,.T.);
#18680=EDGE_CURVE('',#139,#39,#18683,.F.);
#18681=EDGE_CURVE('',#39,#1045,#18684,.T.);
#18682=EDGE_CURVE('',#1045,#139,#18685,.T.);
#18683=LINE('',#138,#18686);
#18684=LINE('',#38,#18687);
#18685=LINE('',#1044,#18688);
#18686=VECTOR('',#18689,1.0);
#18687=VECTOR('',#18690,1.0);
#18688=VECTOR('',#18691,1.0);
#18689=DIRECTION('',(0.6722445378061256,0,-0.7403291709704735));
#18690=DIRECTION('',(-0.6876698858418037,0,0.7260235038249936));
#18691=DIRECTION('',(0.3208045041176908,0,0.947145432411413));
#18692=FACE_SURFACE('',(#18697),#18693,.T.);
#18693=PLANE('',#18694);
#18694=AXIS2_PLACEMENT_3D('',#908,#18695,#18696);
#18695=DIRECTION('',(0.8328303005395883,-0,0.5535284008098762));
#18696=DIRECTION('',(0,1,0));
#18697=FACE_BOUND('',#18698,.T.);
#18698=EDGE_LOOP('',(#18699,#18700,#18701));
#18699=ORIENTED_EDGE('',*,*,#18702,.T.);
#18700=ORIENTED_EDGE('',*,*,#18703,.T.);
#18701=ORIENTED_EDGE('',*,*,#18704,.T.);
#18702=EDGE_CURVE('',#909,#1031,#18705,.F.);
#18703=EDGE_CURVE('',#1031,#949,#18706,.T.);
#18704=EDGE_CURVE('',#949,#909,#18707,.T.);
#18705=LINE('',#908,#18708);
#18706=LINE('',#1030,#18709);
#18707=LINE('',#948,#18710);
#18708=VECTOR('',#18711,1.0);
#18709=VECTOR('',#18712,1.0);
#18710=VECTOR('',#18713,1.0);
#18711=DIRECTION('',(0,1,0));
#18712=DIRECTION('',(-0.5535284008098762,0,0.8328303005395884));
#18713=DIRECTION('',(0.018157083541323372,-0.999461855082944,-0.02731886804817577));
#18714=FACE_SURFACE('',(#18719),#18715,.T.);
#18715=PLANE('',#18716);
#18716=AXIS2_PLACEMENT_3D('',#1046,#18717,#18718);
#18717=DIRECTION('',(-0,1,0));
#18718=DIRECTION('',(0.44313637568124387,0,0.8964542110716484));
#18719=FACE_BOUND('',#18720,.T.);
#18720=EDGE_LOOP('',(#18721,#18722,#18723));
#18721=ORIENTED_EDGE('',*,*,#18724,.T.);
#18722=ORIENTED_EDGE('',*,*,#18725,.T.);
#18723=ORIENTED_EDGE('',*,*,#18726,.T.);
#18724=EDGE_CURVE('',#1047,#1045,#18727,.F.);
#18725=EDGE_CURVE('',#1045,#39,#18728,.T.);
#18726=EDGE_CURVE('',#39,#1047,#18729,.T.);
#18727=LINE('',#1046,#18730);
#18728=LINE('',#1044,#18731);
#18729=LINE('',#38,#18732);
#18730=VECTOR('',#18733,1.0);
#18731=VECTOR('',#18734,1.0);
#18732=VECTOR('',#18735,1.0);
#18733=DIRECTION('',(0.44313637568124387,0,0.8964542110716484));
#18734=DIRECTION('',(0.6876698858418037,0,-0.7260235038249936));
#18735=DIRECTION('',(-0.7040116534640045,0,0.7101884199188823));
#18736=FACE_SURFACE('',(#18741),#18737,.T.);
#18737=PLANE('',#18738);
#18738=AXIS2_PLACEMENT_3D('',#268,#18739,#18740);
#18739=DIRECTION('',(-0.5535149642253394,0,0.8328392308114582));
#18740=DIRECTION('',(0,1,0));
#18741=FACE_BOUND('',#18742,.T.);
#18742=EDGE_LOOP('',(#18743,#18744,#18745));
#18743=ORIENTED_EDGE('',*,*,#18746,.T.);
#18744=ORIENTED_EDGE('',*,*,#18747,.T.);
#18745=ORIENTED_EDGE('',*,*,#18748,.T.);
#18746=EDGE_CURVE('',#269,#193,#18749,.F.);
#18747=EDGE_CURVE('',#193,#273,#18750,.T.);
#18748=EDGE_CURVE('',#273,#269,#18751,.T.);
#18749=LINE('',#268,#18752);
#18750=LINE('',#192,#18753);
#18751=LINE('',#272,#18754);
#18752=VECTOR('',#18755,1.0);
#18753=VECTOR('',#18756,1.0);
#18754=VECTOR('',#18757,1.0);
#18755=DIRECTION('',(0,1,0));
#18756=DIRECTION('',(-0.02731886836336854,-0.9994618666142839,-0.018156448310069996));
#18757=DIRECTION('',(0.8328392308114582,0,0.5535149642253394));
#18758=FACE_SURFACE('',(#18763),#18759,.T.);
#18759=PLANE('',#18760);
#18760=AXIS2_PLACEMENT_3D('',#968,#18761,#18762);
#18761=DIRECTION('',(0.8964542110716484,0,0.44313637568124387));
#18762=DIRECTION('',(0,-1,0));
#18763=FACE_BOUND('',#18764,.T.);
#18764=EDGE_LOOP('',(#18765,#18766,#18767));
#18765=ORIENTED_EDGE('',*,*,#18768,.T.);
#18766=ORIENTED_EDGE('',*,*,#18769,.T.);
#18767=ORIENTED_EDGE('',*,*,#18770,.T.);
#18768=EDGE_CURVE('',#969,#953,#18771,.F.);
#18769=EDGE_CURVE('',#953,#949,#18772,.T.);
#18770=EDGE_CURVE('',#949,#969,#18773,.T.);
#18771=LINE('',#968,#18774);
#18772=LINE('',#952,#18775);
#18773=LINE('',#948,#18776);
#18774=VECTOR('',#18777,1.0);
#18775=VECTOR('',#18778,1.0);
#18776=VECTOR('',#18779,1.0);
#18777=DIRECTION('',(0,-1,0));
#18778=DIRECTION('',(0.014492225997411828,0.9994650889524107,-0.029317424016950845));
#18779=DIRECTION('',(-0.44313637568124387,0,0.8964542110716484));
#18780=FACE_SURFACE('',(#18785),#18781,.T.);
#18781=PLANE('',#18782);
#18782=AXIS2_PLACEMENT_3D('',#1032,#18783,#18784);
#18783=DIRECTION('',(-0,1,0));
#18784=DIRECTION('',(0.5535284008098762,0,0.8328303005395884));
#18785=FACE_BOUND('',#18786,.T.);
#18786=EDGE_LOOP('',(#18787,#18788,#18789));
#18787=ORIENTED_EDGE('',*,*,#18790,.T.);
#18788=ORIENTED_EDGE('',*,*,#18791,.T.);
#18789=ORIENTED_EDGE('',*,*,#18792,.T.);
#18790=EDGE_CURVE('',#1033,#1047,#18793,.F.);
#18791=EDGE_CURVE('',#1047,#39,#18794,.T.);
#18792=EDGE_CURVE('',#39,#1033,#18795,.T.);
#18793=LINE('',#1032,#18796);
#18794=LINE('',#1046,#18797);
#18795=LINE('',#38,#18798);
#18796=VECTOR('',#18799,1.0);
#18797=VECTOR('',#18800,1.0);
#18798=VECTOR('',#18801,1.0);
#18799=DIRECTION('',(0.5535284008098762,0,0.8328303005395884));
#18800=DIRECTION('',(0.7040116534640045,0,-0.7101884199188823));
#18801=DIRECTION('',(-0.7208093066601338,0,0.693133423975599));
#18802=FACE_SURFACE('',(#18807),#18803,.T.);
#18803=PLANE('',#18804);
#18804=AXIS2_PLACEMENT_3D('',#184,#18805,#18806);
#18805=DIRECTION('',(0.44313637568124387,0,0.8964542110716484));
#18806=DIRECTION('',(-0.8964542110716484,0,0.44313637568124387));
#18807=FACE_BOUND('',#18808,.T.);
#18808=EDGE_LOOP('',(#18809,#18810,#18811));
#18809=ORIENTED_EDGE('',*,*,#18812,.T.);
#18810=ORIENTED_EDGE('',*,*,#18813,.T.);
#18811=ORIENTED_EDGE('',*,*,#18814,.T.);
#18812=EDGE_CURVE('',#185,#191,#18815,.F.);
#18813=EDGE_CURVE('',#191,#277,#18816,.T.);
#18814=EDGE_CURVE('',#277,#185,#18817,.T.);
#18815=LINE('',#184,#18818);
#18816=LINE('',#190,#18819);
#18817=LINE('',#276,#18820);
#18818=VECTOR('',#18821,1.0);
#18819=VECTOR('',#18822,1.0);
#18820=VECTOR('',#18823,1.0);
#18821=DIRECTION('',(-0.8964542110716484,0,0.44313637568124387));
#18822=DIRECTION('',(0,-1,0));
#18823=DIRECTION('',(0.029317424016950845,0.9994650889524107,-0.014492225997411828));
#18824=FACE_SURFACE('',(#18829),#18825,.T.);
#18825=PLANE('',#18826);
#18826=AXIS2_PLACEMENT_3D('',#972,#18827,#18828);
#18827=DIRECTION('',(0.9471454324114129,0,0.3208045041176908));
#18828=DIRECTION('',(0,-1,0));
#18829=FACE_BOUND('',#18830,.T.);
#18830=EDGE_LOOP('',(#18831,#18832,#18833));
#18831=ORIENTED_EDGE('',*,*,#18834,.T.);
#18832=ORIENTED_EDGE('',*,*,#18835,.T.);
#18833=ORIENTED_EDGE('',*,*,#18836,.T.);
#18834=EDGE_CURVE('',#973,#915,#18837,.F.);
#18835=EDGE_CURVE('',#915,#969,#18838,.T.);
#18836=EDGE_CURVE('',#969,#973,#18839,.T.);
#18837=LINE('',#972,#18840);
#18838=LINE('',#914,#18841);
#18839=LINE('',#968,#18842);
#18840=VECTOR('',#18843,1.0);
#18841=VECTOR('',#18844,1.0);
#18842=VECTOR('',#18845,1.0);
#18843=DIRECTION('',(0,-1,0));
#18844=DIRECTION('',(0.010494334660594733,0.9994648011869012,-0.030983546092397125));
#18845=DIRECTION('',(-0.3208045041176908,0,0.947145432411413));
#18846=FACE_SURFACE('',(#18851),#18847,.T.);
#18847=PLANE('',#18848);
#18848=AXIS2_PLACEMENT_3D('',#276,#18849,#18850);
#18849=DIRECTION('',(0.5535284008098762,-0,0.8328303005395883));
#18850=DIRECTION('',(0,1,0));
#18851=FACE_BOUND('',#18852,.T.);
#18852=EDGE_LOOP('',(#18853,#18854,#18855));
#18853=ORIENTED_EDGE('',*,*,#18856,.T.);
#18854=ORIENTED_EDGE('',*,*,#18857,.T.);
#18855=ORIENTED_EDGE('',*,*,#18858,.T.);
#18856=EDGE_CURVE('',#277,#191,#18859,.F.);
#18857=EDGE_CURVE('',#191,#189,#18860,.T.);
#18858=EDGE_CURVE('',#189,#277,#18861,.T.);
#18859=LINE('',#276,#18862);
#18860=LINE('',#190,#18863);
#18861=LINE('',#188,#18864);
#18862=VECTOR('',#18865,1.0);
#18863=VECTOR('',#18866,1.0);
#18864=VECTOR('',#18867,1.0);
#18865=DIRECTION('',(0,1,0));
#18866=DIRECTION('',(-0.8328303005395884,0,0.5535284008098762));
#18867=DIRECTION('',(0.02731886804817577,-0.999461855082944,-0.018157083541323372));
#18868=FACE_SURFACE('',(#18873),#18869,.T.);
#18869=PLANE('',#18870);
#18870=AXIS2_PLACEMENT_3D('',#916,#18871,#18872);
#18871=DIRECTION('',(0.9801886557104991,-0,0.19806614858790147));
#18872=DIRECTION('',(0.19806614858790147,0,-0.9801886557104992));
#18873=FACE_BOUND('',#18874,.T.);
#18874=EDGE_LOOP('',(#18875,#18876,#18877));
#18875=ORIENTED_EDGE('',*,*,#18878,.T.);
#18876=ORIENTED_EDGE('',*,*,#18879,.T.);
#18877=ORIENTED_EDGE('',*,*,#18880,.T.);
#18878=EDGE_CURVE('',#917,#915,#18881,.F.);
#18879=EDGE_CURVE('',#915,#975,#18882,.T.);
#18880=EDGE_CURVE('',#975,#917,#18883,.T.);
#18881=LINE('',#916,#18884);
#18882=LINE('',#914,#18885);
#18883=LINE('',#974,#18886);
#18884=VECTOR('',#18887,1.0);
#18885=VECTOR('',#18888,1.0);
#18886=VECTOR('',#18889,1.0);
#18887=DIRECTION('',(0.19806614858790147,0,-0.9801886557104992));
#18888=DIRECTION('',(-0.006496429019428964,0.9994619585479648,0.032149491838312616));
#18889=DIRECTION('',(0,-1,0));
#18890=FACE_SURFACE('',(#18895),#18891,.T.);
#18891=PLANE('',#18892);
#18892=AXIS2_PLACEMENT_3D('',#868,#18893,#18894);
#18893=DIRECTION('',(0,1,0));
#18894=DIRECTION('',(-0.7490945091601733,0,-0.6624631433869201));
#18895=FACE_BOUND('',#18896,.T.);
#18896=EDGE_LOOP('',(#18897,#18898,#18899));
#18897=ORIENTED_EDGE('',*,*,#18900,.T.);
#18898=ORIENTED_EDGE('',*,*,#18901,.T.);
#18899=ORIENTED_EDGE('',*,*,#18902,.T.);
#18900=EDGE_CURVE('',#869,#987,#18903,.F.);
#18901=EDGE_CURVE('',#987,#45,#18904,.T.);
#18902=EDGE_CURVE('',#45,#869,#18905,.T.);
#18903=LINE('',#868,#18906);
#18904=LINE('',#986,#18907);
#18905=LINE('',#44,#18908);
#18906=VECTOR('',#18909,1.0);
#18907=VECTOR('',#18910,1.0);
#18908=VECTOR('',#18911,1.0);
#18909=DIRECTION('',(-0.7490945091601733,0,-0.6624631433869201));
#18910=DIRECTION('',(-0.5250343897289078,0,0.8510810123613342));
#18911=DIRECTION('',(0.5384246456831011,0,-0.8426736621735766));
#18912=FACE_SURFACE('',(#18917),#18913,.T.);
#18913=PLANE('',#18914);
#18914=AXIS2_PLACEMENT_3D('',#278,#18915,#18916);
#18915=DIRECTION('',(0.6624631433869201,-0,0.7490945091601733));
#18916=DIRECTION('',(0.024486800130153506,0.9994655871263466,-0.02165494792358729));
#18917=FACE_BOUND('',#18918,.T.);
#18918=EDGE_LOOP('',(#18919,#18920,#18921));
#18919=ORIENTED_EDGE('',*,*,#18922,.T.);
#18920=ORIENTED_EDGE('',*,*,#18923,.T.);
#18921=ORIENTED_EDGE('',*,*,#18924,.T.);
#18922=EDGE_CURVE('',#279,#189,#18925,.F.);
#18923=EDGE_CURVE('',#189,#201,#18926,.T.);
#18924=EDGE_CURVE('',#201,#279,#18927,.T.);
#18925=LINE('',#278,#18928);
#18926=LINE('',#188,#18929);
#18927=LINE('',#200,#18930);
#18928=VECTOR('',#18931,1.0);
#18929=VECTOR('',#18932,1.0);
#18930=VECTOR('',#18933,1.0);
#18931=DIRECTION('',(0.024486800130153506,0.9994655871263466,-0.02165494792358729));
#18932=DIRECTION('',(-0.7490945091601733,0,0.6624631433869201));
#18933=DIRECTION('',(0,-1,0));
#18934=FACE_SURFACE('',(#18939),#18935,.T.);
#18935=PLANE('',#18936);
#18936=AXIS2_PLACEMENT_3D('',#478,#18937,#18938);
#18937=DIRECTION('',(0.9981306949977661,0,0.06111559296346773));
#18938=DIRECTION('',(0.0019991025975822853,-0.9994648785898486,-0.03264904369477998));
#18939=FACE_BOUND('',#18940,.T.);
#18940=EDGE_LOOP('',(#18941,#18942,#18943));
#18941=ORIENTED_EDGE('',*,*,#18944,.T.);
#18942=ORIENTED_EDGE('',*,*,#18945,.T.);
#18943=ORIENTED_EDGE('',*,*,#18946,.T.);
#18944=EDGE_CURVE('',#479,#917,#18947,.F.);
#18945=EDGE_CURVE('',#917,#975,#18948,.T.);
#18946=EDGE_CURVE('',#975,#479,#18949,.T.);
#18947=LINE('',#478,#18950);
#18948=LINE('',#916,#18951);
#18949=LINE('',#974,#18952);
#18950=VECTOR('',#18953,1.0);
#18951=VECTOR('',#18954,1.0);
#18952=VECTOR('',#18955,1.0);
#18953=DIRECTION('',(0.0019991025975822853,-0.9994648785898486,-0.03264904369477998));
#18954=DIRECTION('',(0,1,0));
#18955=DIRECTION('',(-0.06111559296346774,0,0.9981306949977663));
#18956=FACE_SURFACE('',(#18961),#18957,.T.);
#18957=PLANE('',#18958);
#18958=AXIS2_PLACEMENT_3D('',#770,#18959,#18960);
#18959=DIRECTION('',(-0.8317744883383313,0,-0.555113682545753));
#18960=DIRECTION('',(0,1,0));
#18961=FACE_BOUND('',#18962,.T.);
#18962=EDGE_LOOP('',(#18963,#18964,#18965));
#18963=ORIENTED_EDGE('',*,*,#18966,.T.);
#18964=ORIENTED_EDGE('',*,*,#18967,.T.);
#18965=ORIENTED_EDGE('',*,*,#18968,.T.);
#18966=EDGE_CURVE('',#771,#673,#18969,.F.);
#18967=EDGE_CURVE('',#673,#679,#18970,.T.);
#18968=EDGE_CURVE('',#679,#771,#18971,.T.);
#18969=LINE('',#770,#18972);
#18970=LINE('',#672,#18973);
#18971=LINE('',#678,#18974);
#18972=VECTOR('',#18975,1.0);
#18973=VECTOR('',#18976,1.0);
#18974=VECTOR('',#18977,1.0);
#18975=DIRECTION('',(0,1,0));
#18976=DIRECTION('',(0.5551136825457531,0,-0.8317744883383315));
#18977=DIRECTION('',(-0.012869932075371612,-0.9997312075775491,0.01928412414165092));
#18978=FACE_SURFACE('',(#18983),#18979,.T.);
#18979=PLANE('',#18980);
#18980=AXIS2_PLACEMENT_3D('',#198,#18981,#18982);
#18981=DIRECTION('',(0.7490945091601733,0,0.6624631433869201));
#18982=DIRECTION('',(0.02165494792358729,-0.9994655871263466,-0.024486800130153506));
#18983=FACE_BOUND('',#18984,.T.);
#18984=EDGE_LOOP('',(#18985,#18986,#18987));
#18985=ORIENTED_EDGE('',*,*,#18988,.T.);
#18986=ORIENTED_EDGE('',*,*,#18989,.T.);
#18987=ORIENTED_EDGE('',*,*,#18990,.T.);
#18988=EDGE_CURVE('',#199,#279,#18991,.F.);
#18989=EDGE_CURVE('',#279,#201,#18992,.T.);
#18990=EDGE_CURVE('',#201,#199,#18993,.T.);
#18991=LINE('',#198,#18994);
#18992=LINE('',#278,#18995);
#18993=LINE('',#200,#18996);
#18994=VECTOR('',#18997,1.0);
#18995=VECTOR('',#18998,1.0);
#18996=VECTOR('',#18999,1.0);
#18997=DIRECTION('',(0.02165494792358729,-0.9994655871263466,-0.024486800130153506));
#18998=DIRECTION('',(0,1,0));
#18999=DIRECTION('',(-0.6624631433869201,0,0.7490945091601733));
#19000=FACE_SURFACE('',(#19005),#19001,.T.);
#19001=PLANE('',#19002);
#19002=AXIS2_PLACEMENT_3D('',#922,#19003,#19004);
#19003=DIRECTION('',(0.9801886557104991,0,-0.19806614858790147));
#19004=DIRECTION('',(-0.19806614858790147,0,-0.9801886557104992));
#19005=FACE_BOUND('',#19006,.T.);
#19006=EDGE_LOOP('',(#19007,#19008,#19009));
#19007=ORIENTED_EDGE('',*,*,#19010,.T.);
#19008=ORIENTED_EDGE('',*,*,#19011,.T.);
#19009=ORIENTED_EDGE('',*,*,#19012,.T.);
#19010=EDGE_CURVE('',#923,#921,#19013,.F.);
#19011=EDGE_CURVE('',#921,#979,#19014,.T.);
#19012=EDGE_CURVE('',#979,#923,#19015,.T.);
#19013=LINE('',#922,#19016);
#19014=LINE('',#920,#19017);
#19015=LINE('',#978,#19018);
#19016=VECTOR('',#19019,1.0);
#19017=VECTOR('',#19020,1.0);
#19018=VECTOR('',#19021,1.0);
#19019=DIRECTION('',(-0.19806614858790147,0,-0.9801886557104992));
#19020=DIRECTION('',(0.006496429019428964,0.9994619585479648,0.032149491838312616));
#19021=DIRECTION('',(0,-1,0));
#19022=FACE_SURFACE('',(#19027),#19023,.T.);
#19023=PLANE('',#19024);
#19024=AXIS2_PLACEMENT_3D('',#536,#19025,#19026);
#19025=DIRECTION('',(-0.9471454324114129,0,-0.3208045041176908));
#19026=DIRECTION('',(-0.3208045041176908,0,0.947145432411413));
#19027=FACE_BOUND('',#19028,.T.);
#19028=EDGE_LOOP('',(#19029,#19030,#19031));
#19029=ORIENTED_EDGE('',*,*,#19032,.T.);
#19030=ORIENTED_EDGE('',*,*,#19033,.T.);
#19031=ORIENTED_EDGE('',*,*,#19034,.T.);
#19032=EDGE_CURVE('',#537,#529,#19035,.F.);
#19033=EDGE_CURVE('',#529,#209,#19036,.T.);
#19034=EDGE_CURVE('',#209,#537,#19037,.T.);
#19035=LINE('',#536,#19038);
#19036=LINE('',#528,#19039);
#19037=LINE('',#208,#19040);
#19038=VECTOR('',#19041,1.0);
#19039=VECTOR('',#19042,1.0);
#19040=VECTOR('',#19043,1.0);
#19041=DIRECTION('',(-0.3208045041176908,0,0.947145432411413));
#19042=DIRECTION('',(0.010494334660594733,0.9994648011869012,-0.030983546092397125));
#19043=DIRECTION('',(0,-1,0));
#19044=FACE_SURFACE('',(#19049),#19045,.T.);
#19045=PLANE('',#19046);
#19046=AXIS2_PLACEMENT_3D('',#752,#19047,#19048);
#19047=DIRECTION('',(-0.9466851837609229,0,-0.32216015093047695));
#19048=DIRECTION('',(0.007455400373970932,0.9997321902003913,-0.021908100839470503));
#19049=FACE_BOUND('',#19050,.T.);
#19050=EDGE_LOOP('',(#19051,#19052,#19053));
#19051=ORIENTED_EDGE('',*,*,#19054,.T.);
#19052=ORIENTED_EDGE('',*,*,#19055,.T.);
#19053=ORIENTED_EDGE('',*,*,#19056,.T.);
#19054=EDGE_CURVE('',#753,#681,#19057,.F.);
#19055=EDGE_CURVE('',#681,#759,#19058,.T.);
#19056=EDGE_CURVE('',#759,#753,#19059,.T.);
#19057=LINE('',#752,#19060);
#19058=LINE('',#680,#19061);
#19059=LINE('',#758,#19062);
#19060=VECTOR('',#19063,1.0);
#19061=VECTOR('',#19064,1.0);
#19062=VECTOR('',#19065,1.0);
#19063=DIRECTION('',(0.007455400373970932,0.9997321902003913,-0.021908100839470503));
#19064=DIRECTION('',(0,-1,0));
#19065=DIRECTION('',(-0.32216015093047695,0,0.9466851837609229));
#19066=FACE_SURFACE('',(#19071),#19067,.T.);
#19067=PLANE('',#19068);
#19068=AXIS2_PLACEMENT_3D('',#536,#19069,#19070);
#19069=DIRECTION('',(-0.9801886557104991,0,-0.19806614858790147));
#19070=DIRECTION('',(0,1,0));
#19071=FACE_BOUND('',#19072,.T.);
#19072=EDGE_LOOP('',(#19073,#19074,#19075));
#19073=ORIENTED_EDGE('',*,*,#19076,.T.);
#19074=ORIENTED_EDGE('',*,*,#19077,.T.);
#19075=ORIENTED_EDGE('',*,*,#19078,.T.);
#19076=EDGE_CURVE('',#537,#209,#19079,.F.);
#19077=EDGE_CURVE('',#209,#213,#19080,.T.);
#19078=EDGE_CURVE('',#213,#537,#19081,.T.);
#19079=LINE('',#536,#19082);
#19080=LINE('',#208,#19083);
#19081=LINE('',#212,#19084);
#19082=VECTOR('',#19085,1.0);
#19083=VECTOR('',#19086,1.0);
#19084=VECTOR('',#19087,1.0);
#19085=DIRECTION('',(0,1,0));
#19086=DIRECTION('',(0.006496429019428964,-0.9994619585479648,-0.032149491838312616));
#19087=DIRECTION('',(-0.19806614858790147,0,0.9801886557104992));
#19088=FACE_SURFACE('',(#19093),#19089,.T.);
#19089=PLANE('',#19090);
#19090=AXIS2_PLACEMENT_3D('',#982,#19091,#19092);
#19091=DIRECTION('',(0.9471454324114129,0,-0.3208045041176908));
#19092=DIRECTION('',(0,-1,0));
#19093=FACE_BOUND('',#19094,.T.);
#19094=EDGE_LOOP('',(#19095,#19096,#19097));
#19095=ORIENTED_EDGE('',*,*,#19098,.T.);
#19096=ORIENTED_EDGE('',*,*,#19099,.T.);
#19097=ORIENTED_EDGE('',*,*,#19100,.T.);
#19098=EDGE_CURVE('',#983,#981,#19101,.F.);
#19099=EDGE_CURVE('',#981,#979,#19102,.T.);
#19100=EDGE_CURVE('',#979,#983,#19103,.T.);
#19101=LINE('',#982,#19104);
#19102=LINE('',#980,#19105);
#19103=LINE('',#978,#19106);
#19104=VECTOR('',#19107,1.0);
#19105=VECTOR('',#19108,1.0);
#19106=VECTOR('',#19109,1.0);
#19107=DIRECTION('',(0,-1,0));
#19108=DIRECTION('',(-0.010494334660594733,0.9994648011869012,-0.030983546092397125));
#19109=DIRECTION('',(0.3208045041176908,0,0.947145432411413));
#19110=FACE_SURFACE('',(#19115),#19111,.T.);
#19111=PLANE('',#19112);
#19112=AXIS2_PLACEMENT_3D('',#936,#19113,#19114);
#19113=DIRECTION('',(0.8964542110716484,0,-0.44313637568124387));
#19114=DIRECTION('',(-0.44313637568124387,0,-0.8964542110716484));
#19115=FACE_BOUND('',#19116,.T.);
#19116=EDGE_LOOP('',(#19117,#19118,#19119));
#19117=ORIENTED_EDGE('',*,*,#19120,.T.);
#19118=ORIENTED_EDGE('',*,*,#19121,.T.);
#19119=ORIENTED_EDGE('',*,*,#19122,.T.);
#19120=EDGE_CURVE('',#937,#981,#19123,.F.);
#19121=EDGE_CURVE('',#981,#473,#19124,.T.);
#19122=EDGE_CURVE('',#473,#937,#19125,.T.);
#19123=LINE('',#936,#19126);
#19124=LINE('',#980,#19127);
#19125=LINE('',#472,#19128);
#19126=VECTOR('',#19129,1.0);
#19127=VECTOR('',#19130,1.0);
#19128=VECTOR('',#19131,1.0);
#19129=DIRECTION('',(-0.44313637568124387,0,-0.8964542110716484));
#19130=DIRECTION('',(0.014492225997411828,0.9994650889524107,0.029317424016950845));
#19131=DIRECTION('',(0,-1,0));
#19132=FACE_SURFACE('',(#19137),#19133,.T.);
#19133=PLANE('',#19134);
#19134=AXIS2_PLACEMENT_3D('',#812,#19135,#19136);
#19135=DIRECTION('',(-0.9809929779342055,-0,-0.19404323550121394));
#19136=DIRECTION('',(0,-1,0));
#19137=FACE_BOUND('',#19138,.T.);
#19138=EDGE_LOOP('',(#19139,#19140,#19141));
#19139=ORIENTED_EDGE('',*,*,#19142,.T.);
#19140=ORIENTED_EDGE('',*,*,#19143,.T.);
#19141=ORIENTED_EDGE('',*,*,#19144,.T.);
#19142=EDGE_CURVE('',#813,#761,#19145,.F.);
#19143=EDGE_CURVE('',#761,#681,#19146,.T.);
#19144=EDGE_CURVE('',#681,#813,#19147,.T.);
#19145=LINE('',#812,#19148);
#19146=LINE('',#760,#19149);
#19147=LINE('',#680,#19150);
#19148=VECTOR('',#19151,1.0);
#19149=VECTOR('',#19152,1.0);
#19150=VECTOR('',#19153,1.0);
#19151=DIRECTION('',(0,-1,0));
#19152=DIRECTION('',(-0.004498240342332914,0.9997312696859166,0.022741025614682348));
#19153=DIRECTION('',(0.1940432355012139,0,-0.9809929779342055));
#19154=FACE_SURFACE('',(#19159),#19155,.T.);
#19155=PLANE('',#19156);
#19156=AXIS2_PLACEMENT_3D('',#370,#19157,#19158);
#19157=DIRECTION('',(-0.9801886557104991,0,0.19806614858790147));
#19158=DIRECTION('',(0.19806614858790147,0,0.9801886557104992));
#19159=FACE_BOUND('',#19160,.T.);
#19160=EDGE_LOOP('',(#19161,#19162,#19163));
#19161=ORIENTED_EDGE('',*,*,#19164,.T.);
#19162=ORIENTED_EDGE('',*,*,#19165,.T.);
#19163=ORIENTED_EDGE('',*,*,#19166,.T.);
#19164=EDGE_CURVE('',#371,#369,#19167,.F.);
#19165=EDGE_CURVE('',#369,#443,#19168,.T.);
#19166=EDGE_CURVE('',#443,#371,#19169,.T.);
#19167=LINE('',#370,#19170);
#19168=LINE('',#368,#19171);
#19169=LINE('',#442,#19172);
#19170=VECTOR('',#19173,1.0);
#19171=VECTOR('',#19174,1.0);
#19172=VECTOR('',#19175,1.0);
#19173=DIRECTION('',(0.19806614858790147,0,0.9801886557104992));
#19174=DIRECTION('',(-0.006496429019428964,0.9994619585479648,-0.032149491838312616));
#19175=DIRECTION('',(0,-1,0));
#19176=FACE_SURFACE('',(#19181),#19177,.T.);
#19177=PLANE('',#19178);
#19178=AXIS2_PLACEMENT_3D('',#762,#19179,#19180);
#19179=DIRECTION('',(-0.9977851957884243,0,-0.06651844154409839));
#19180=DIRECTION('',(-0.06651844154409839,0,0.9977851957884244));
#19181=FACE_BOUND('',#19182,.T.);
#19182=EDGE_LOOP('',(#19183,#19184,#19185));
#19183=ORIENTED_EDGE('',*,*,#19186,.T.);
#19184=ORIENTED_EDGE('',*,*,#19187,.T.);
#19185=ORIENTED_EDGE('',*,*,#19188,.T.);
#19186=EDGE_CURVE('',#763,#761,#19189,.F.);
#19187=EDGE_CURVE('',#761,#811,#19190,.T.);
#19188=EDGE_CURVE('',#811,#763,#19191,.T.);
#19189=LINE('',#762,#19192);
#19190=LINE('',#760,#19193);
#19191=LINE('',#810,#19194);
#19192=VECTOR('',#19195,1.0);
#19193=VECTOR('',#19196,1.0);
#19194=VECTOR('',#19197,1.0);
#19195=DIRECTION('',(-0.06651844154409839,0,0.9977851957884244));
#19196=DIRECTION('',(0.001541047969466543,0.9997316037314329,-0.023115918146009988));
#19197=DIRECTION('',(0,-1,0));
#19198=FACE_SURFACE('',(#19203),#19199,.T.);
#19199=PLANE('',#19200);
#19200=AXIS2_PLACEMENT_3D('',#928,#19201,#19202);
#19201=DIRECTION('',(0.8328303005395883,0,-0.5535284008098762));
#19202=DIRECTION('',(-0.5535284008098762,0,-0.8328303005395884));
#19203=FACE_BOUND('',#19204,.T.);
#19204=EDGE_LOOP('',(#19205,#19206,#19207));
#19205=ORIENTED_EDGE('',*,*,#19208,.T.);
#19206=ORIENTED_EDGE('',*,*,#19209,.T.);
#19207=ORIENTED_EDGE('',*,*,#19210,.T.);
#19208=EDGE_CURVE('',#929,#937,#19211,.F.);
#19209=EDGE_CURVE('',#937,#569,#19212,.T.);
#19210=EDGE_CURVE('',#569,#929,#19213,.T.);
#19211=LINE('',#928,#19214);
#19212=LINE('',#936,#19215);
#19213=LINE('',#568,#19216);
#19214=VECTOR('',#19217,1.0);
#19215=VECTOR('',#19218,1.0);
#19216=VECTOR('',#19219,1.0);
#19217=DIRECTION('',(-0.5535284008098762,0,-0.8328303005395884));
#19218=DIRECTION('',(0.018157083541323372,0.999461855082944,0.02731886804817577));
#19219=DIRECTION('',(0,-1,0));
#19220=FACE_SURFACE('',(#19225),#19221,.T.);
#19221=PLANE('',#19222);
#19222=AXIS2_PLACEMENT_3D('',#928,#19223,#19224);
#19223=DIRECTION('',(0.7490945091601733,0,-0.6624631433869201));
#19224=DIRECTION('',(0,1,0));
#19225=FACE_BOUND('',#19226,.T.);
#19226=EDGE_LOOP('',(#19227,#19228,#19229));
#19227=ORIENTED_EDGE('',*,*,#19230,.T.);
#19228=ORIENTED_EDGE('',*,*,#19231,.T.);
#19229=ORIENTED_EDGE('',*,*,#19232,.T.);
#19230=EDGE_CURVE('',#929,#569,#19233,.F.);
#19231=EDGE_CURVE('',#569,#927,#19234,.T.);
#19232=EDGE_CURVE('',#927,#929,#19235,.T.);
#19233=LINE('',#928,#19236);
#19234=LINE('',#568,#19237);
#19235=LINE('',#926,#19238);
#19236=VECTOR('',#19239,1.0);
#19237=VECTOR('',#19240,1.0);
#19238=VECTOR('',#19241,1.0);
#19239=DIRECTION('',(0,1,0));
#19240=DIRECTION('',(0.02165494792358729,-0.9994655871263466,0.024486800130153506));
#19241=DIRECTION('',(-0.6624631433869201,0,-0.7490945091601733));
#19242=FACE_SURFACE('',(#19247),#19243,.T.);
#19243=PLANE('',#19244);
#19244=AXIS2_PLACEMENT_3D('',#762,#19245,#19246);
#19245=DIRECTION('',(-0.9977851957884243,0,0.06651844154409839));
#19246=DIRECTION('',(0,1,0));
#19247=FACE_BOUND('',#19248,.T.);
#19248=EDGE_LOOP('',(#19249,#19250,#19251));
#19249=ORIENTED_EDGE('',*,*,#19252,.T.);
#19250=ORIENTED_EDGE('',*,*,#19253,.T.);
#19251=ORIENTED_EDGE('',*,*,#19254,.T.);
#19252=EDGE_CURVE('',#763,#811,#19255,.F.);
#19253=EDGE_CURVE('',#811,#765,#19256,.T.);
#19254=EDGE_CURVE('',#765,#763,#19257,.T.);
#19255=LINE('',#762,#19258);
#19256=LINE('',#810,#19259);
#19257=LINE('',#764,#19260);
#19258=VECTOR('',#19261,1.0);
#19259=VECTOR('',#19262,1.0);
#19260=VECTOR('',#19263,1.0);
#19261=DIRECTION('',(0,1,0));
#19262=DIRECTION('',(-0.001541047969466543,-0.9997316037314329,-0.023115918146009988));
#19263=DIRECTION('',(0.06651844154409839,0,0.9977851957884244));
#19264=FACE_SURFACE('',(#19269),#19265,.T.);
#19265=PLANE('',#19266);
#19266=AXIS2_PLACEMENT_3D('',#828,#19267,#19268);
#19267=DIRECTION('',(0.19404226833297128,-0,0.9809931692423731));
#19268=DIRECTION('',(0.022741042985572148,0.9997312693801452,-0.004498220480562569));
#19269=FACE_BOUND('',#19270,.T.);
#19270=EDGE_LOOP('',(#19271,#19272,#19273));
#19271=ORIENTED_EDGE('',*,*,#19274,.T.);
#19272=ORIENTED_EDGE('',*,*,#19275,.T.);
#19273=ORIENTED_EDGE('',*,*,#19276,.T.);
#19274=EDGE_CURVE('',#829,#667,#19277,.F.);
#19275=EDGE_CURVE('',#667,#685,#19278,.T.);
#19276=EDGE_CURVE('',#685,#829,#19279,.T.);
#19277=LINE('',#828,#19280);
#19278=LINE('',#666,#19281);
#19279=LINE('',#684,#19282);
#19280=VECTOR('',#19283,1.0);
#19281=VECTOR('',#19284,1.0);
#19282=VECTOR('',#19285,1.0);
#19283=DIRECTION('',(0.022741042985572148,0.9997312693801452,-0.004498220480562569));
#19284=DIRECTION('',(-0.9809931692423731,0,0.19404226833297128));
#19285=DIRECTION('',(0,-1,0));
#19286=FACE_SURFACE('',(#19291),#19287,.T.);
#19287=PLANE('',#19288);
#19288=AXIS2_PLACEMENT_3D('',#452,#19289,#19290);
#19289=DIRECTION('',(0.9471454324114129,0,-0.3208045041176908));
#19290=DIRECTION('',(0,-1,0));
#19291=FACE_BOUND('',#19292,.T.);
#19292=EDGE_LOOP('',(#19293,#19294,#19295));
#19293=ORIENTED_EDGE('',*,*,#19296,.T.);
#19294=ORIENTED_EDGE('',*,*,#19297,.T.);
#19295=ORIENTED_EDGE('',*,*,#19298,.T.);
#19296=EDGE_CURVE('',#453,#425,#19299,.F.);
#19297=EDGE_CURVE('',#425,#601,#19300,.T.);
#19298=EDGE_CURVE('',#601,#453,#19301,.T.);
#19299=LINE('',#452,#19302);
#19300=LINE('',#424,#19303);
#19301=LINE('',#600,#19304);
#19302=VECTOR('',#19305,1.0);
#19303=VECTOR('',#19306,1.0);
#19304=VECTOR('',#19307,1.0);
#19305=DIRECTION('',(0,-1,0));
#19306=DIRECTION('',(-0.3208045041176908,0,-0.947145432411413));
#19307=DIRECTION('',(0.010494334660594733,0.9994648011869012,0.030983546092397125));
#19308=FACE_SURFACE('',(#19313),#19309,.T.);
#19309=PLANE('',#19310);
#19310=AXIS2_PLACEMENT_3D('',#730,#19311,#19312);
#19311=DIRECTION('',(-0.7490945091601733,0,0.6624631433869201));
#19312=DIRECTION('',(0,-1,0));
#19313=FACE_BOUND('',#19314,.T.);
#19314=EDGE_LOOP('',(#19315,#19316,#19317));
#19315=ORIENTED_EDGE('',*,*,#19318,.T.);
#19316=ORIENTED_EDGE('',*,*,#19319,.T.);
#19317=ORIENTED_EDGE('',*,*,#19320,.T.);
#19318=EDGE_CURVE('',#731,#729,#19321,.F.);
#19319=EDGE_CURVE('',#729,#989,#19322,.T.);
#19320=EDGE_CURVE('',#989,#731,#19323,.T.);
#19321=LINE('',#730,#19324);
#19322=LINE('',#728,#19325);
#19323=LINE('',#988,#19326);
#19324=VECTOR('',#19327,1.0);
#19325=VECTOR('',#19328,1.0);
#19326=VECTOR('',#19329,1.0);
#19327=DIRECTION('',(0,-1,0));
#19328=DIRECTION('',(0.6624631433869201,0,0.7490945091601733));
#19329=DIRECTION('',(-0.02165494792358729,0.9994655871263466,-0.024486800130153506));
#19330=FACE_SURFACE('',(#19335),#19331,.T.);
#19331=PLANE('',#19332);
#19332=AXIS2_PLACEMENT_3D('',#730,#19333,#19334);
#19333=DIRECTION('',(-0.6624631433869201,0,0.7490945091601733));
#19334=DIRECTION('',(-0.7490945091601733,0,-0.6624631433869201));
#19335=FACE_BOUND('',#19336,.T.);
#19336=EDGE_LOOP('',(#19337,#19338,#19339));
#19337=ORIENTED_EDGE('',*,*,#19340,.T.);
#19338=ORIENTED_EDGE('',*,*,#19341,.T.);
#19339=ORIENTED_EDGE('',*,*,#19342,.T.);
#19340=EDGE_CURVE('',#731,#1035,#19343,.F.);
#19341=EDGE_CURVE('',#1035,#733,#19344,.T.);
#19342=EDGE_CURVE('',#733,#731,#19345,.T.);
#19343=LINE('',#730,#19346);
#19344=LINE('',#1034,#19347);
#19345=LINE('',#732,#19348);
#19346=VECTOR('',#19349,1.0);
#19347=VECTOR('',#19350,1.0);
#19348=VECTOR('',#19351,1.0);
#19349=DIRECTION('',(-0.7490945091601733,0,-0.6624631433869201));
#19350=DIRECTION('',(0,-1,0));
#19351=DIRECTION('',(0.024486800130153506,0.9994655871263466,0.02165494792358729));
#19352=FACE_SURFACE('',(#19357),#19353,.T.);
#19353=PLANE('',#19354);
#19354=AXIS2_PLACEMENT_3D('',#766,#19355,#19356);
#19355=DIRECTION('',(-0.9466851837609229,0,0.32216015093047695));
#19356=DIRECTION('',(0,1,0));
#19357=FACE_BOUND('',#19358,.T.);
#19358=EDGE_LOOP('',(#19359,#19360,#19361));
#19359=ORIENTED_EDGE('',*,*,#19362,.T.);
#19360=ORIENTED_EDGE('',*,*,#19363,.T.);
#19361=ORIENTED_EDGE('',*,*,#19364,.T.);
#19362=EDGE_CURVE('',#767,#823,#19365,.F.);
#19363=EDGE_CURVE('',#823,#769,#19366,.T.);
#19364=EDGE_CURVE('',#769,#767,#19367,.T.);
#19365=LINE('',#766,#19368);
#19366=LINE('',#822,#19369);
#19367=LINE('',#768,#19370);
#19368=VECTOR('',#19371,1.0);
#19369=VECTOR('',#19372,1.0);
#19370=VECTOR('',#19373,1.0);
#19371=DIRECTION('',(0,1,0));
#19372=DIRECTION('',(-0.007455400373970932,-0.9997321902003913,-0.021908100839470503));
#19373=DIRECTION('',(0.32216015093047695,0,0.9466851837609229));
#19374=FACE_SURFACE('',(#19379),#19375,.T.);
#19375=PLANE('',#19376);
#19376=AXIS2_PLACEMENT_3D('',#302,#19377,#19378);
#19377=DIRECTION('',(0.8328303005395883,0,-0.5535284008098762));
#19378=DIRECTION('',(0,-1,0));
#19379=FACE_BOUND('',#19380,.T.);
#19380=EDGE_LOOP('',(#19381,#19382,#19383));
#19381=ORIENTED_EDGE('',*,*,#19384,.T.);
#19382=ORIENTED_EDGE('',*,*,#19385,.T.);
#19383=ORIENTED_EDGE('',*,*,#19386,.T.);
#19384=EDGE_CURVE('',#303,#407,#19387,.F.);
#19385=EDGE_CURVE('',#407,#301,#19388,.T.);
#19386=EDGE_CURVE('',#301,#303,#19389,.T.);
#19387=LINE('',#302,#19390);
#19388=LINE('',#406,#19391);
#19389=LINE('',#300,#19392);
#19390=VECTOR('',#19393,1.0);
#19391=VECTOR('',#19394,1.0);
#19392=VECTOR('',#19395,1.0);
#19393=DIRECTION('',(0,-1,0));
#19394=DIRECTION('',(-0.018157083541323372,0.999461855082944,-0.02731886804817577));
#19395=DIRECTION('',(0.5535284008098762,0,0.8328303005395884));
#19396=FACE_SURFACE('',(#19401),#19397,.T.);
#19397=PLANE('',#19398);
#19398=AXIS2_PLACEMENT_3D('',#940,#19399,#19400);
#19399=DIRECTION('',(-0.5535284008098762,0,0.8328303005395883));
#19400=DIRECTION('',(0.8328303005395884,0,0.5535284008098762));
#19401=FACE_BOUND('',#19402,.T.);
#19402=EDGE_LOOP('',(#19403,#19404,#19405));
#19403=ORIENTED_EDGE('',*,*,#19406,.T.);
#19404=ORIENTED_EDGE('',*,*,#19407,.T.);
#19405=ORIENTED_EDGE('',*,*,#19408,.T.);
#19406=EDGE_CURVE('',#941,#733,#19409,.F.);
#19407=EDGE_CURVE('',#733,#1037,#19410,.T.);
#19408=EDGE_CURVE('',#1037,#941,#19411,.T.);
#19409=LINE('',#940,#19412);
#19410=LINE('',#732,#19413);
#19411=LINE('',#1036,#19414);
#19412=VECTOR('',#19415,1.0);
#19413=VECTOR('',#19416,1.0);
#19414=VECTOR('',#19417,1.0);
#19415=DIRECTION('',(0.8328303005395884,0,0.5535284008098762));
#19416=DIRECTION('',(-0.02731886804817577,0.999461855082944,-0.018157083541323372));
#19417=DIRECTION('',(0,-1,0));
#19418=FACE_SURFACE('',(#19423),#19419,.T.);
#19419=PLANE('',#19420);
#19420=AXIS2_PLACEMENT_3D('',#1034,#19421,#19422);
#19421=DIRECTION('',(-0.5535284008098762,0,0.8328303005395883));
#19422=DIRECTION('',(-0.8328303005395884,0,-0.5535284008098762));
#19423=FACE_BOUND('',#19424,.T.);
#19424=EDGE_LOOP('',(#19425,#19426,#19427));
#19425=ORIENTED_EDGE('',*,*,#19428,.T.);
#19426=ORIENTED_EDGE('',*,*,#19429,.T.);
#19427=ORIENTED_EDGE('',*,*,#19430,.T.);
#19428=EDGE_CURVE('',#1035,#1037,#19431,.F.);
#19429=EDGE_CURVE('',#1037,#733,#19432,.T.);
#19430=EDGE_CURVE('',#733,#1035,#19433,.T.);
#19431=LINE('',#1034,#19434);
#19432=LINE('',#1036,#19435);
#19433=LINE('',#732,#19436);
#19434=VECTOR('',#19437,1.0);
#19435=VECTOR('',#19438,1.0);
#19436=VECTOR('',#19439,1.0);
#19437=DIRECTION('',(-0.8328303005395884,0,-0.5535284008098762));
#19438=DIRECTION('',(0.02731886804817577,-0.999461855082944,0.018157083541323372));
#19439=DIRECTION('',(0,1,0));
#19440=FACE_SURFACE('',(#19445),#19441,.T.);
#19441=PLANE('',#19442);
#19442=AXIS2_PLACEMENT_3D('',#378,#19443,#19444);
#19443=DIRECTION('',(0.19807545535302362,0,0.9801867750519246));
#19444=DIRECTION('',(0,-1,0));
#19445=FACE_BOUND('',#19446,.T.);
#19446=EDGE_LOOP('',(#19447,#19448,#19449));
#19447=ORIENTED_EDGE('',*,*,#19450,.T.);
#19448=ORIENTED_EDGE('',*,*,#19451,.T.);
#19449=ORIENTED_EDGE('',*,*,#19452,.T.);
#19450=EDGE_CURVE('',#379,#517,#19453,.F.);
#19451=EDGE_CURVE('',#517,#549,#19454,.T.);
#19452=EDGE_CURVE('',#549,#379,#19455,.T.);
#19453=LINE('',#378,#19456);
#19454=LINE('',#516,#19457);
#19455=LINE('',#548,#19458);
#19456=VECTOR('',#19459,1.0);
#19457=VECTOR('',#19460,1.0);
#19458=VECTOR('',#19461,1.0);
#19459=DIRECTION('',(0,-1,0));
#19460=DIRECTION('',(0.9801867750519246,0,-0.19807545535302362));
#19461=DIRECTION('',(-0.0321494917719529,0.9994619564849769,0.00649674672641907));
#19462=FACE_SURFACE('',(#19467),#19463,.T.);
#19463=PLANE('',#19464);
#19464=AXIS2_PLACEMENT_3D('',#754,#19465,#19466);
#19465=DIRECTION('',(-0.8969291224726834,0,0.4421743426075083));
#19466=DIRECTION('',(0.4421743426075084,0,0.8969291224726834));
#19467=FACE_BOUND('',#19468,.T.);
#19468=EDGE_LOOP('',(#19469,#19470,#19471));
#19469=ORIENTED_EDGE('',*,*,#19472,.T.);
#19470=ORIENTED_EDGE('',*,*,#19473,.T.);
#19471=ORIENTED_EDGE('',*,*,#19474,.T.);
#19472=EDGE_CURVE('',#755,#769,#19475,.F.);
#19473=EDGE_CURVE('',#769,#751,#19476,.T.);
#19474=EDGE_CURVE('',#751,#755,#19477,.T.);
#19475=LINE('',#754,#19478);
#19476=LINE('',#768,#19479);
#19477=LINE('',#750,#19480);
#19478=VECTOR('',#19481,1.0);
#19479=VECTOR('',#19482,1.0);
#19480=VECTOR('',#19483,1.0);
#19481=DIRECTION('',(0.4421743426075084,0,0.8969291224726834));
#19482=DIRECTION('',(-0.010245960032960322,0.9997314986028556,-0.02078343100384414));
#19483=DIRECTION('',(0,-1,0));
#19484=FACE_SURFACE('',(#19489),#19485,.T.);
#19485=PLANE('',#19486);
#19486=AXIS2_PLACEMENT_3D('',#746,#19487,#19488);
#19487=DIRECTION('',(-0.8969291224726834,0,0.4421743426075083));
#19488=DIRECTION('',(-0.4421743426075084,0,-0.8969291224726834));
#19489=FACE_BOUND('',#19490,.T.);
#19490=EDGE_LOOP('',(#19491,#19492,#19493));
#19491=ORIENTED_EDGE('',*,*,#19494,.T.);
#19492=ORIENTED_EDGE('',*,*,#19495,.T.);
#19493=ORIENTED_EDGE('',*,*,#19496,.T.);
#19494=EDGE_CURVE('',#747,#751,#19497,.F.);
#19495=EDGE_CURVE('',#751,#769,#19498,.T.);
#19496=EDGE_CURVE('',#769,#747,#19499,.T.);
#19497=LINE('',#746,#19500);
#19498=LINE('',#750,#19501);
#19499=LINE('',#768,#19502);
#19500=VECTOR('',#19503,1.0);
#19501=VECTOR('',#19504,1.0);
#19502=VECTOR('',#19505,1.0);
#19503=DIRECTION('',(-0.4421743426075084,0,-0.8969291224726834));
#19504=DIRECTION('',(0.010245960032960322,-0.9997314986028556,0.02078343100384414));
#19505=DIRECTION('',(0,1,0));
#19506=FACE_SURFACE('',(#19511),#19507,.T.);
#19507=PLANE('',#19508);
#19508=AXIS2_PLACEMENT_3D('',#308,#19509,#19510);
#19509=DIRECTION('',(0.7490945091601733,0,-0.6624631433869201));
#19510=DIRECTION('',(-0.02165494792358729,-0.9994655871263466,-0.024486800130153506));
#19511=FACE_BOUND('',#19512,.T.);
#19512=EDGE_LOOP('',(#19513,#19514,#19515));
#19513=ORIENTED_EDGE('',*,*,#19516,.T.);
#19514=ORIENTED_EDGE('',*,*,#19517,.T.);
#19515=ORIENTED_EDGE('',*,*,#19518,.T.);
#19516=EDGE_CURVE('',#309,#407,#19519,.F.);
#19517=EDGE_CURVE('',#407,#303,#19520,.T.);
#19518=EDGE_CURVE('',#303,#309,#19521,.T.);
#19519=LINE('',#308,#19522);
#19520=LINE('',#406,#19523);
#19521=LINE('',#302,#19524);
#19522=VECTOR('',#19525,1.0);
#19523=VECTOR('',#19526,1.0);
#19524=VECTOR('',#19527,1.0);
#19525=DIRECTION('',(-0.02165494792358729,-0.9994655871263466,-0.024486800130153506));
#19526=DIRECTION('',(0,1,0));
#19527=DIRECTION('',(0.6624631433869201,0,0.7490945091601733));
#19528=FACE_SURFACE('',(#19533),#19529,.T.);
#19529=PLANE('',#19530);
#19530=AXIS2_PLACEMENT_3D('',#1038,#19531,#19532);
#19531=DIRECTION('',(-0.44313637568124387,0,0.8964542110716484));
#19532=DIRECTION('',(0,-1,0));
#19533=FACE_BOUND('',#19534,.T.);
#19534=EDGE_LOOP('',(#19535,#19536,#19537));
#19535=ORIENTED_EDGE('',*,*,#19538,.T.);
#19536=ORIENTED_EDGE('',*,*,#19539,.T.);
#19537=ORIENTED_EDGE('',*,*,#19540,.T.);
#19538=EDGE_CURVE('',#1039,#943,#19541,.F.);
#19539=EDGE_CURVE('',#943,#1037,#19542,.T.);
#19540=EDGE_CURVE('',#1037,#1039,#19543,.T.);
#19541=LINE('',#1038,#19544);
#19542=LINE('',#942,#19545);
#19543=LINE('',#1036,#19546);
#19544=VECTOR('',#19547,1.0);
#19545=VECTOR('',#19548,1.0);
#19546=VECTOR('',#19549,1.0);
#19547=DIRECTION('',(0,-1,0));
#19548=DIRECTION('',(0.029317424016950845,0.9994650889524107,0.014492225997411828));
#19549=DIRECTION('',(-0.8964542110716484,0,-0.44313637568124387));
#19550=FACE_SURFACE('',(#19555),#19551,.T.);
#19551=PLANE('',#19552);
#19552=AXIS2_PLACEMENT_3D('',#940,#19553,#19554);
#19553=DIRECTION('',(-0.44313637568124387,0,0.8964542110716484));
#19554=DIRECTION('',(0,1,0));
#19555=FACE_BOUND('',#19556,.T.);
#19556=EDGE_LOOP('',(#19557,#19558,#19559));
#19557=ORIENTED_EDGE('',*,*,#19560,.T.);
#19558=ORIENTED_EDGE('',*,*,#19561,.T.);
#19559=ORIENTED_EDGE('',*,*,#19562,.T.);
#19560=EDGE_CURVE('',#941,#1037,#19563,.F.);
#19561=EDGE_CURVE('',#1037,#943,#19564,.T.);
#19562=EDGE_CURVE('',#943,#941,#19565,.T.);
#19563=LINE('',#940,#19566);
#19564=LINE('',#1036,#19567);
#19565=LINE('',#942,#19568);
#19566=VECTOR('',#19569,1.0);
#19567=VECTOR('',#19570,1.0);
#19568=VECTOR('',#19571,1.0);
#19569=DIRECTION('',(0,1,0));
#19570=DIRECTION('',(-0.029317424016950845,-0.9994650889524107,-0.014492225997411828));
#19571=DIRECTION('',(0.8964542110716484,0,0.44313637568124387));
#19572=FACE_SURFACE('',(#19577),#19573,.T.);
#19573=PLANE('',#19574);
#19574=AXIS2_PLACEMENT_3D('',#516,#19575,#19576);
#19575=DIRECTION('',(0.3208045041176908,-0,0.9471454324114129));
#19576=DIRECTION('',(0,1,0));
#19577=FACE_BOUND('',#19578,.T.);
#19578=EDGE_LOOP('',(#19579,#19580,#19581));
#19579=ORIENTED_EDGE('',*,*,#19582,.T.);
#19580=ORIENTED_EDGE('',*,*,#19583,.T.);
#19581=ORIENTED_EDGE('',*,*,#19584,.T.);
#19582=EDGE_CURVE('',#517,#379,#19585,.F.);
#19583=EDGE_CURVE('',#379,#381,#19586,.T.);
#19584=EDGE_CURVE('',#381,#517,#19587,.T.);
#19585=LINE('',#516,#19588);
#19586=LINE('',#378,#19589);
#19587=LINE('',#380,#19590);
#19588=VECTOR('',#19591,1.0);
#19589=VECTOR('',#19592,1.0);
#19590=VECTOR('',#19593,1.0);
#19591=DIRECTION('',(0,1,0));
#19592=DIRECTION('',(-0.947145432411413,0,0.3208045041176908));
#19593=DIRECTION('',(0.030983546092397125,-0.9994648011869012,-0.010494334660594733));
#19594=FACE_SURFACE('',(#19599),#19595,.T.);
#19595=PLANE('',#19596);
#19596=AXIS2_PLACEMENT_3D('',#516,#19597,#19598);
#19597=DIRECTION('',(0.3208045041176908,0,0.9471454324114129));
#19598=DIRECTION('',(-0.030983546092397125,0.9994648011869012,0.010494334660594733));
#19599=FACE_BOUND('',#19600,.T.);
#19600=EDGE_LOOP('',(#19601,#19602,#19603));
#19601=ORIENTED_EDGE('',*,*,#19604,.T.);
#19602=ORIENTED_EDGE('',*,*,#19605,.T.);
#19603=ORIENTED_EDGE('',*,*,#19606,.T.);
#19604=EDGE_CURVE('',#517,#381,#19607,.F.);
#19605=EDGE_CURVE('',#381,#227,#19608,.T.);
#19606=EDGE_CURVE('',#227,#517,#19609,.T.);
#19607=LINE('',#516,#19610);
#19608=LINE('',#380,#19611);
#19609=LINE('',#226,#19612);
#19610=VECTOR('',#19613,1.0);
#19611=VECTOR('',#19614,1.0);
#19612=VECTOR('',#19615,1.0);
#19613=DIRECTION('',(-0.030983546092397125,0.9994648011869012,0.010494334660594733));
#19614=DIRECTION('',(0,-1,0));
#19615=DIRECTION('',(0.947145432411413,0,-0.3208045041176908));
#19616=FACE_SURFACE('',(#19621),#19617,.T.);
#19617=PLANE('',#19618);
#19618=AXIS2_PLACEMENT_3D('',#450,#19619,#19620);
#19619=DIRECTION('',(0.6624685974516458,0,-0.7490896858123528));
#19620=DIRECTION('',(0,-1,0));
#19621=FACE_BOUND('',#19622,.T.);
#19622=EDGE_LOOP('',(#19623,#19624,#19625));
#19623=ORIENTED_EDGE('',*,*,#19626,.T.);
#19624=ORIENTED_EDGE('',*,*,#19627,.T.);
#19625=ORIENTED_EDGE('',*,*,#19628,.T.);
#19626=EDGE_CURVE('',#451,#411,#19629,.F.);
#19627=EDGE_CURVE('',#411,#309,#19630,.T.);
#19628=EDGE_CURVE('',#309,#451,#19631,.T.);
#19629=LINE('',#450,#19632);
#19630=LINE('',#410,#19633);
#19631=LINE('',#308,#19634);
#19632=VECTOR('',#19635,1.0);
#19633=VECTOR('',#19636,1.0);
#19634=VECTOR('',#19637,1.0);
#19635=DIRECTION('',(0,-1,0));
#19636=DIRECTION('',(-0.02448679996167712,0.9994655802497293,-0.021655265496146218));
#19637=DIRECTION('',(0.7490896858123527,0,0.6624685974516457));
#19638=FACE_SURFACE('',(#19643),#19639,.T.);
#19639=PLANE('',#19640);
#19640=AXIS2_PLACEMENT_3D('',#942,#19641,#19642);
#19641=DIRECTION('',(-0.3208045041176908,0,0.9471454324114129));
#19642=DIRECTION('',(0,1,0));
#19643=FACE_BOUND('',#19644,.T.);
#19644=EDGE_LOOP('',(#19645,#19646,#19647));
#19645=ORIENTED_EDGE('',*,*,#19648,.T.);
#19646=ORIENTED_EDGE('',*,*,#19649,.T.);
#19647=ORIENTED_EDGE('',*,*,#19650,.T.);
#19648=EDGE_CURVE('',#943,#1039,#19651,.F.);
#19649=EDGE_CURVE('',#1039,#1001,#19652,.T.);
#19650=EDGE_CURVE('',#1001,#943,#19653,.T.);
#19651=LINE('',#942,#19654);
#19652=LINE('',#1038,#19655);
#19653=LINE('',#1000,#19656);
#19654=VECTOR('',#19657,1.0);
#19655=VECTOR('',#19658,1.0);
#19656=VECTOR('',#19659,1.0);
#19657=DIRECTION('',(0,1,0));
#19658=DIRECTION('',(-0.947145432411413,0,-0.3208045041176908));
#19659=DIRECTION('',(0.030983546092397125,-0.9994648011869012,0.010494334660594733));
#19660=FACE_SURFACE('',(#19665),#19661,.T.);
#19661=PLANE('',#19662);
#19662=AXIS2_PLACEMENT_3D('',#836,#19663,#19664);
#19663=DIRECTION('',(0.6597770176442878,-0,0.7514614341324569));
#19664=DIRECTION('',(0.017409816063309363,0.9997315871738084,-0.015285676680463114));
#19665=FACE_BOUND('',#19666,.T.);
#19666=EDGE_LOOP('',(#19667,#19668,#19669));
#19667=ORIENTED_EDGE('',*,*,#19670,.T.);
#19668=ORIENTED_EDGE('',*,*,#19671,.T.);
#19669=ORIENTED_EDGE('',*,*,#19672,.T.);
#19670=EDGE_CURVE('',#837,#797,#19673,.F.);
#19671=EDGE_CURVE('',#797,#859,#19674,.T.);
#19672=EDGE_CURVE('',#859,#837,#19675,.T.);
#19673=LINE('',#836,#19676);
#19674=LINE('',#796,#19677);
#19675=LINE('',#858,#19678);
#19676=VECTOR('',#19679,1.0);
#19677=VECTOR('',#19680,1.0);
#19678=VECTOR('',#19681,1.0);
#19679=DIRECTION('',(0.017409816063309363,0.9997315871738084,-0.015285676680463114));
#19680=DIRECTION('',(-0.7514614341324571,0,0.6597770176442879));
#19681=DIRECTION('',(0,-1,0));
#19682=FACE_SURFACE('',(#19687),#19683,.T.);
#19683=PLANE('',#19684);
#19684=AXIS2_PLACEMENT_3D('',#312,#19685,#19686);
#19685=DIRECTION('',(0.5535149642253394,0,-0.8328392308114582));
#19686=DIRECTION('',(0,-1,0));
#19687=FACE_BOUND('',#19688,.T.);
#19688=EDGE_LOOP('',(#19689,#19690,#19691));
#19689=ORIENTED_EDGE('',*,*,#19692,.T.);
#19690=ORIENTED_EDGE('',*,*,#19693,.T.);
#19691=ORIENTED_EDGE('',*,*,#19694,.T.);
#19692=EDGE_CURVE('',#313,#429,#19695,.F.);
#19693=EDGE_CURVE('',#429,#411,#19696,.T.);
#19694=EDGE_CURVE('',#411,#313,#19697,.T.);
#19695=LINE('',#312,#19698);
#19696=LINE('',#428,#19699);
#19697=LINE('',#410,#19700);
#19698=VECTOR('',#19701,1.0);
#19699=VECTOR('',#19702,1.0);
#19700=VECTOR('',#19703,1.0);
#19701=DIRECTION('',(0,-1,0));
#19702=DIRECTION('',(-0.8328392308114582,0,-0.5535149642253394));
#19703=DIRECTION('',(0.02731886836336854,0.9994618666142839,0.018156448310069996));
#19704=FACE_SURFACE('',(#19709),#19705,.T.);
#19705=PLANE('',#19706);
#19706=AXIS2_PLACEMENT_3D('',#312,#19707,#19708);
#19707=DIRECTION('',(0.5535149642253394,0,-0.8328392308114582));
#19708=DIRECTION('',(-0.02731886836336854,-0.9994618666142839,-0.018156448310069996));
#19709=FACE_BOUND('',#19710,.T.);
#19710=EDGE_LOOP('',(#19711,#19712,#19713));
#19711=ORIENTED_EDGE('',*,*,#19714,.T.);
#19712=ORIENTED_EDGE('',*,*,#19715,.T.);
#19713=ORIENTED_EDGE('',*,*,#19716,.T.);
#19714=EDGE_CURVE('',#313,#411,#19717,.F.);
#19715=EDGE_CURVE('',#411,#451,#19718,.T.);
#19716=EDGE_CURVE('',#451,#313,#19719,.T.);
#19717=LINE('',#312,#19720);
#19718=LINE('',#410,#19721);
#19719=LINE('',#450,#19722);
#19720=VECTOR('',#19723,1.0);
#19721=VECTOR('',#19724,1.0);
#19722=VECTOR('',#19725,1.0);
#19723=DIRECTION('',(-0.02731886836336854,-0.9994618666142839,-0.018156448310069996));
#19724=DIRECTION('',(0,1,0));
#19725=DIRECTION('',(0.8328392308114582,0,0.5535149642253394));
#19726=FACE_SURFACE('',(#19731),#19727,.T.);
#19727=PLANE('',#19728);
#19728=AXIS2_PLACEMENT_3D('',#226,#19729,#19730);
#19729=DIRECTION('',(0.4431441830048904,-0,0.8964503517032765));
#19730=DIRECTION('',(0,1,0));
#19731=FACE_BOUND('',#19732,.T.);
#19732=EDGE_LOOP('',(#19733,#19734,#19735));
#19733=ORIENTED_EDGE('',*,*,#19736,.T.);
#19734=ORIENTED_EDGE('',*,*,#19737,.T.);
#19735=ORIENTED_EDGE('',*,*,#19738,.T.);
#19736=EDGE_CURVE('',#227,#381,#19739,.F.);
#19737=EDGE_CURVE('',#381,#225,#19740,.T.);
#19738=EDGE_CURVE('',#225,#227,#19741,.T.);
#19739=LINE('',#226,#19742);
#19740=LINE('',#380,#19743);
#19741=LINE('',#224,#19744);
#19742=VECTOR('',#19745,1.0);
#19743=VECTOR('',#19746,1.0);
#19744=VECTOR('',#19747,1.0);
#19745=DIRECTION('',(0,1,0));
#19746=DIRECTION('',(-0.02931742388195757,-0.999465084350333,0.014492543652075477));
#19747=DIRECTION('',(0.8964503517032765,0,-0.4431441830048904));
#19748=FACE_SURFACE('',(#19753),#19749,.T.);
#19749=PLANE('',#19750);
#19750=AXIS2_PLACEMENT_3D('',#428,#19751,#19752);
#19751=DIRECTION('',(0.4431441830048904,0,-0.8964503517032765));
#19752=DIRECTION('',(0,1,0));
#19753=FACE_BOUND('',#19754,.T.);
#19754=EDGE_LOOP('',(#19755,#19756,#19757));
#19755=ORIENTED_EDGE('',*,*,#19758,.T.);
#19756=ORIENTED_EDGE('',*,*,#19759,.T.);
#19757=ORIENTED_EDGE('',*,*,#19760,.T.);
#19758=EDGE_CURVE('',#429,#313,#19761,.F.);
#19759=EDGE_CURVE('',#313,#427,#19762,.T.);
#19760=EDGE_CURVE('',#427,#429,#19763,.T.);
#19761=LINE('',#428,#19764);
#19762=LINE('',#312,#19765);
#19763=LINE('',#426,#19766);
#19764=VECTOR('',#19767,1.0);
#19765=VECTOR('',#19768,1.0);
#19766=VECTOR('',#19769,1.0);
#19767=DIRECTION('',(0,1,0));
#19768=DIRECTION('',(0.02931742388195757,-0.999465084350333,0.014492543652075477));
#19769=DIRECTION('',(-0.8964503517032765,0,-0.4431441830048904));
#19770=FACE_SURFACE('',(#19775),#19771,.T.);
#19771=PLANE('',#19772);
#19772=AXIS2_PLACEMENT_3D('',#314,#19773,#19774);
#19773=DIRECTION('',(0.4431441830048904,0,-0.8964503517032765));
#19774=DIRECTION('',(0,-1,0));
#19775=FACE_BOUND('',#19776,.T.);
#19776=EDGE_LOOP('',(#19777,#19778,#19779));
#19777=ORIENTED_EDGE('',*,*,#19780,.T.);
#19778=ORIENTED_EDGE('',*,*,#19781,.T.);
#19779=ORIENTED_EDGE('',*,*,#19782,.T.);
#19780=EDGE_CURVE('',#315,#427,#19783,.F.);
#19781=EDGE_CURVE('',#427,#313,#19784,.T.);
#19782=EDGE_CURVE('',#313,#315,#19785,.T.);
#19783=LINE('',#314,#19786);
#19784=LINE('',#426,#19787);
#19785=LINE('',#312,#19788);
#19786=VECTOR('',#19789,1.0);
#19787=VECTOR('',#19790,1.0);
#19788=VECTOR('',#19791,1.0);
#19789=DIRECTION('',(0,-1,0));
#19790=DIRECTION('',(-0.02931742388195757,0.999465084350333,-0.014492543652075477));
#19791=DIRECTION('',(0.8964503517032765,0,0.4431441830048904));
#19792=FACE_SURFACE('',(#19797),#19793,.T.);
#19793=PLANE('',#19794);
#19794=AXIS2_PLACEMENT_3D('',#128,#19795,#19796);
#19795=DIRECTION('',(0.5535149642253394,0,0.8328392308114582));
#19796=DIRECTION('',(0,-1,0));
#19797=FACE_BOUND('',#19798,.T.);
#19798=EDGE_LOOP('',(#19799,#19800,#19801));
#19799=ORIENTED_EDGE('',*,*,#19802,.T.);
#19800=ORIENTED_EDGE('',*,*,#19803,.T.);
#19801=ORIENTED_EDGE('',*,*,#19804,.T.);
#19802=EDGE_CURVE('',#129,#229,#19805,.F.);
#19803=EDGE_CURVE('',#229,#225,#19806,.T.);
#19804=EDGE_CURVE('',#225,#129,#19807,.T.);
#19805=LINE('',#128,#19808);
#19806=LINE('',#228,#19809);
#19807=LINE('',#224,#19810);
#19808=VECTOR('',#19811,1.0);
#19809=VECTOR('',#19812,1.0);
#19810=VECTOR('',#19813,1.0);
#19811=DIRECTION('',(0,-1,0));
#19812=DIRECTION('',(0.8328392308114582,0,-0.5535149642253394));
#19813=DIRECTION('',(-0.02731886836336854,0.9994618666142839,0.018156448310069996));
#19814=FACE_SURFACE('',(#19819),#19815,.T.);
#19815=PLANE('',#19816);
#19816=AXIS2_PLACEMENT_3D('',#612,#19817,#19818);
#19817=DIRECTION('',(-0.6597770176442878,0,0.7514614341324569));
#19818=DIRECTION('',(-0.7514614341324571,0,-0.6597770176442879));
#19819=FACE_BOUND('',#19820,.T.);
#19820=EDGE_LOOP('',(#19821,#19822,#19823));
#19821=ORIENTED_EDGE('',*,*,#19824,.T.);
#19822=ORIENTED_EDGE('',*,*,#19825,.T.);
#19823=ORIENTED_EDGE('',*,*,#19826,.T.);
#19824=EDGE_CURVE('',#613,#625,#19827,.F.);
#19825=EDGE_CURVE('',#625,#737,#19828,.T.);
#19826=EDGE_CURVE('',#737,#613,#19829,.T.);
#19827=LINE('',#612,#19830);
#19828=LINE('',#624,#19831);
#19829=LINE('',#736,#19832);
#19830=VECTOR('',#19833,1.0);
#19831=VECTOR('',#19834,1.0);
#19832=VECTOR('',#19835,1.0);
#19833=DIRECTION('',(-0.7514614341324571,0,-0.6597770176442879));
#19834=DIRECTION('',(0.017409816063309363,-0.9997315871738084,0.015285676680463114));
#19835=DIRECTION('',(0,1,0));
#19836=FACE_SURFACE('',(#19841),#19837,.T.);
#19837=PLANE('',#19838);
#19838=AXIS2_PLACEMENT_3D('',#1004,#19839,#19840);
#19839=DIRECTION('',(-0.6624631433869201,0,-0.7490945091601733));
#19840=DIRECTION('',(-0.7490945091601733,0,0.6624631433869201));
#19841=FACE_BOUND('',#19842,.T.);
#19842=EDGE_LOOP('',(#19843,#19844,#19845));
#19843=ORIENTED_EDGE('',*,*,#19846,.T.);
#19844=ORIENTED_EDGE('',*,*,#19847,.T.);
#19845=ORIENTED_EDGE('',*,*,#19848,.T.);
#19846=EDGE_CURVE('',#1005,#911,#19849,.F.);
#19847=EDGE_CURVE('',#911,#1017,#19850,.T.);
#19848=EDGE_CURVE('',#1017,#1005,#19851,.T.);
#19849=LINE('',#1004,#19852);
#19850=LINE('',#910,#19853);
#19851=LINE('',#1016,#19854);
#19852=VECTOR('',#19855,1.0);
#19853=VECTOR('',#19856,1.0);
#19854=VECTOR('',#19857,1.0);
#19855=DIRECTION('',(-0.7490945091601733,0,0.6624631433869201));
#19856=DIRECTION('',(0.024486800130153506,0.9994655871263466,-0.02165494792358729));
#19857=DIRECTION('',(0,-1,0));
#19858=FACE_SURFACE('',(#19863),#19859,.T.);
#19859=PLANE('',#19860);
#19860=AXIS2_PLACEMENT_3D('',#322,#19861,#19862);
#19861=DIRECTION('',(0.3208045041176908,0,-0.9471454324114129));
#19862=DIRECTION('',(0,-1,0));
#19863=FACE_BOUND('',#19864,.T.);
#19864=EDGE_LOOP('',(#19865,#19866,#19867));
#19865=ORIENTED_EDGE('',*,*,#19868,.T.);
#19866=ORIENTED_EDGE('',*,*,#19869,.T.);
#19867=ORIENTED_EDGE('',*,*,#19870,.T.);
#19868=EDGE_CURVE('',#323,#603,#19871,.F.);
#19869=EDGE_CURVE('',#603,#427,#19872,.T.);
#19870=EDGE_CURVE('',#427,#323,#19873,.T.);
#19871=LINE('',#322,#19874);
#19872=LINE('',#602,#19875);
#19873=LINE('',#426,#19876);
#19874=VECTOR('',#19877,1.0);
#19875=VECTOR('',#19878,1.0);
#19876=VECTOR('',#19879,1.0);
#19877=DIRECTION('',(0,-1,0));
#19878=DIRECTION('',(-0.947145432411413,0,-0.3208045041176908));
#19879=DIRECTION('',(0.030983546092397125,0.9994648011869012,0.010494334660594733));
#19880=FACE_SURFACE('',(#19885),#19881,.T.);
#19881=PLANE('',#19882);
#19882=AXIS2_PLACEMENT_3D('',#322,#19883,#19884);
#19883=DIRECTION('',(0.3208045041176908,0,-0.9471454324114129));
#19884=DIRECTION('',(-0.030983546092397125,-0.9994648011869012,-0.010494334660594733));
#19885=FACE_BOUND('',#19886,.T.);
#19886=EDGE_LOOP('',(#19887,#19888,#19889));
#19887=ORIENTED_EDGE('',*,*,#19890,.T.);
#19888=ORIENTED_EDGE('',*,*,#19891,.T.);
#19889=ORIENTED_EDGE('',*,*,#19892,.T.);
#19890=EDGE_CURVE('',#323,#427,#19893,.F.);
#19891=EDGE_CURVE('',#427,#315,#19894,.T.);
#19892=EDGE_CURVE('',#315,#323,#19895,.T.);
#19893=LINE('',#322,#19896);
#19894=LINE('',#426,#19897);
#19895=LINE('',#314,#19898);
#19896=VECTOR('',#19899,1.0);
#19897=VECTOR('',#19900,1.0);
#19898=VECTOR('',#19901,1.0);
#19899=DIRECTION('',(-0.030983546092397125,-0.9994648011869012,-0.010494334660594733));
#19900=DIRECTION('',(0,1,0));
#19901=DIRECTION('',(0.947145432411413,0,0.3208045041176908));
#19902=FACE_SURFACE('',(#19907),#19903,.T.);
#19903=PLANE('',#19904);
#19904=AXIS2_PLACEMENT_3D('',#228,#19905,#19906);
#19905=DIRECTION('',(0.6624685974516458,-0,0.7490896858123528));
#19906=DIRECTION('',(0,1,0));
#19907=FACE_BOUND('',#19908,.T.);
#19908=EDGE_LOOP('',(#19909,#19910,#19911));
#19909=ORIENTED_EDGE('',*,*,#19912,.T.);
#19910=ORIENTED_EDGE('',*,*,#19913,.T.);
#19911=ORIENTED_EDGE('',*,*,#19914,.T.);
#19912=EDGE_CURVE('',#229,#129,#19915,.F.);
#19913=EDGE_CURVE('',#129,#131,#19916,.T.);
#19914=EDGE_CURVE('',#131,#229,#19917,.T.);
#19915=LINE('',#228,#19918);
#19916=LINE('',#128,#19919);
#19917=LINE('',#130,#19920);
#19918=VECTOR('',#19921,1.0);
#19919=VECTOR('',#19922,1.0);
#19920=VECTOR('',#19923,1.0);
#19921=DIRECTION('',(0,1,0));
#19922=DIRECTION('',(-0.7490896858123527,0,0.6624685974516457));
#19923=DIRECTION('',(0.02448679996167712,-0.9994655802497293,-0.021655265496146218));
#19924=FACE_SURFACE('',(#19929),#19925,.T.);
#19925=PLANE('',#19926);
#19926=AXIS2_PLACEMENT_3D('',#228,#19927,#19928);
#19927=DIRECTION('',(0.6624685974516458,0,0.7490896858123528));
#19928=DIRECTION('',(-0.02448679996167712,0.9994655802497293,0.021655265496146218));
#19929=FACE_BOUND('',#19930,.T.);
#19930=EDGE_LOOP('',(#19931,#19932,#19933));
#19931=ORIENTED_EDGE('',*,*,#19934,.T.);
#19932=ORIENTED_EDGE('',*,*,#19935,.T.);
#19933=ORIENTED_EDGE('',*,*,#19936,.T.);
#19934=EDGE_CURVE('',#229,#131,#19937,.F.);
#19935=EDGE_CURVE('',#131,#233,#19938,.T.);
#19936=EDGE_CURVE('',#233,#229,#19939,.T.);
#19937=LINE('',#228,#19940);
#19938=LINE('',#130,#19941);
#19939=LINE('',#232,#19942);
#19940=VECTOR('',#19943,1.0);
#19941=VECTOR('',#19944,1.0);
#19942=VECTOR('',#19945,1.0);
#19943=DIRECTION('',(-0.02448679996167712,0.9994655802497293,0.021655265496146218));
#19944=DIRECTION('',(0,-1,0));
#19945=DIRECTION('',(0.7490896858123527,0,-0.6624685974516457));
#19946=FACE_SURFACE('',(#19951),#19947,.T.);
#19947=PLANE('',#19948);
#19948=AXIS2_PLACEMENT_3D('',#602,#19949,#19950);
#19949=DIRECTION('',(0.19807545535302362,0,-0.9801867750519246));
#19950=DIRECTION('',(0,1,0));
#19951=FACE_BOUND('',#19952,.T.);
#19952=EDGE_LOOP('',(#19953,#19954,#19955));
#19953=ORIENTED_EDGE('',*,*,#19956,.T.);
#19954=ORIENTED_EDGE('',*,*,#19957,.T.);
#19955=ORIENTED_EDGE('',*,*,#19958,.T.);
#19956=EDGE_CURVE('',#603,#323,#19959,.F.);
#19957=EDGE_CURVE('',#323,#321,#19960,.T.);
#19958=EDGE_CURVE('',#321,#603,#19961,.T.);
#19959=LINE('',#602,#19962);
#19960=LINE('',#322,#19963);
#19961=LINE('',#320,#19964);
#19962=VECTOR('',#19965,1.0);
#19963=VECTOR('',#19966,1.0);
#19964=VECTOR('',#19967,1.0);
#19965=DIRECTION('',(0,1,0));
#19966=DIRECTION('',(0.9801867750519246,0,0.19807545535302362));
#19967=DIRECTION('',(-0.0321494917719529,-0.9994619564849769,-0.00649674672641907));
#19968=FACE_SURFACE('',(#19973),#19969,.T.);
#19969=PLANE('',#19970);
#19970=AXIS2_PLACEMENT_3D('',#672,#19971,#19972);
#19971=DIRECTION('',(-0.7514612994076278,-0,-0.6597771710908158));
#19972=DIRECTION('',(0,-1,0));
#19973=FACE_BOUND('',#19974,.T.);
#19974=EDGE_LOOP('',(#19975,#19976,#19977));
#19975=ORIENTED_EDGE('',*,*,#19978,.T.);
#19976=ORIENTED_EDGE('',*,*,#19979,.T.);
#19977=ORIENTED_EDGE('',*,*,#19980,.T.);
#19978=EDGE_CURVE('',#673,#771,#19981,.F.);
#19979=EDGE_CURVE('',#771,#705,#19982,.T.);
#19980=EDGE_CURVE('',#705,#673,#19983,.T.);
#19981=LINE('',#672,#19984);
#19982=LINE('',#770,#19985);
#19983=LINE('',#704,#19986);
#19984=VECTOR('',#19987,1.0);
#19985=VECTOR('',#19988,1.0);
#19986=VECTOR('',#19989,1.0);
#19987=DIRECTION('',(0,-1,0));
#19988=DIRECTION('',(-0.6597771710908157,0,0.7514612994076277));
#19989=DIRECTION('',(0.015285656832630553,0.9997315879958157,-0.01740978628702289));
#19990=FACE_SURFACE('',(#19995),#19991,.T.);
#19991=PLANE('',#19992);
#19992=AXIS2_PLACEMENT_3D('',#130,#19993,#19994);
#19993=DIRECTION('',(0.7490945091601733,0,0.6624631433869201));
#19994=DIRECTION('',(-0.02165494792358729,-0.9994655871263466,0.024486800130153506));
#19995=FACE_BOUND('',#19996,.T.);
#19996=EDGE_LOOP('',(#19997,#19998,#19999));
#19997=ORIENTED_EDGE('',*,*,#20000,.T.);
#19998=ORIENTED_EDGE('',*,*,#20001,.T.);
#19999=ORIENTED_EDGE('',*,*,#20002,.T.);
#20000=EDGE_CURVE('',#131,#231,#20003,.F.);
#20001=EDGE_CURVE('',#231,#233,#20004,.T.);
#20002=EDGE_CURVE('',#233,#131,#20005,.T.);
#20003=LINE('',#130,#20006);
#20004=LINE('',#230,#20007);
#20005=LINE('',#232,#20008);
#20006=VECTOR('',#20009,1.0);
#20007=VECTOR('',#20010,1.0);
#20008=VECTOR('',#20011,1.0);
#20009=DIRECTION('',(-0.02165494792358729,-0.9994655871263466,0.024486800130153506));
#20010=DIRECTION('',(0.6624631433869201,0,-0.7490945091601733));
#20011=DIRECTION('',(0,1,0));
#20012=FACE_SURFACE('',(#20017),#20013,.T.);
#20013=PLANE('',#20014);
#20014=AXIS2_PLACEMENT_3D('',#1018,#20015,#20016);
#20015=DIRECTION('',(-0.8328303005395883,0,-0.5535284008098762));
#20016=DIRECTION('',(0.5535284008098762,0,-0.8328303005395884));
#20017=FACE_BOUND('',#20018,.T.);
#20018=EDGE_LOOP('',(#20019,#20020,#20021));
#20019=ORIENTED_EDGE('',*,*,#20022,.T.);
#20020=ORIENTED_EDGE('',*,*,#20023,.T.);
#20021=ORIENTED_EDGE('',*,*,#20024,.T.);
#20022=EDGE_CURVE('',#1019,#1043,#20025,.F.);
#20023=EDGE_CURVE('',#1043,#971,#20026,.T.);
#20024=EDGE_CURVE('',#971,#1019,#20027,.T.);
#20025=LINE('',#1018,#20028);
#20026=LINE('',#1042,#20029);
#20027=LINE('',#970,#20030);
#20028=VECTOR('',#20031,1.0);
#20029=VECTOR('',#20032,1.0);
#20030=VECTOR('',#20033,1.0);
#20031=DIRECTION('',(0.5535284008098762,0,-0.8328303005395884));
#20032=DIRECTION('',(0,-1,0));
#20033=DIRECTION('',(-0.018157083541323372,0.999461855082944,0.02731886804817577));
#20034=FACE_SURFACE('',(#20039),#20035,.T.);
#20035=PLANE('',#20036);
#20036=AXIS2_PLACEMENT_3D('',#440,#20037,#20038);
#20037=DIRECTION('',(0.06616454511999388,0,-0.9978087256428781));
#20038=DIRECTION('',(-0.03264903242089369,0.9994645334693758,-0.0021649523833784504));
#20039=FACE_BOUND('',#20040,.T.);
#20040=EDGE_LOOP('',(#20041,#20042,#20043));
#20041=ORIENTED_EDGE('',*,*,#20044,.T.);
#20042=ORIENTED_EDGE('',*,*,#20045,.T.);
#20043=ORIENTED_EDGE('',*,*,#20046,.T.);
#20044=EDGE_CURVE('',#441,#321,#20047,.F.);
#20045=EDGE_CURVE('',#321,#423,#20048,.T.);
#20046=EDGE_CURVE('',#423,#441,#20049,.T.);
#20047=LINE('',#440,#20050);
#20048=LINE('',#320,#20051);
#20049=LINE('',#422,#20052);
#20050=VECTOR('',#20053,1.0);
#20051=VECTOR('',#20054,1.0);
#20052=VECTOR('',#20055,1.0);
#20053=DIRECTION('',(-0.03264903242089369,0.9994645334693758,-0.0021649523833784504));
#20054=DIRECTION('',(0.9978087256428781,0,0.06616454511999388));
#20055=DIRECTION('',(0,-1,0));
#20056=FACE_SURFACE('',(#20061),#20057,.T.);
#20057=PLANE('',#20058);
#20058=AXIS2_PLACEMENT_3D('',#134,#20059,#20060);
#20059=DIRECTION('',(0.8328303005395883,0,0.5535284008098762));
#20060=DIRECTION('',(0,-1,0));
#20061=FACE_BOUND('',#20062,.T.);
#20062=EDGE_LOOP('',(#20063,#20064,#20065));
#20063=ORIENTED_EDGE('',*,*,#20066,.T.);
#20064=ORIENTED_EDGE('',*,*,#20067,.T.);
#20065=ORIENTED_EDGE('',*,*,#20068,.T.);
#20066=EDGE_CURVE('',#135,#243,#20069,.F.);
#20067=EDGE_CURVE('',#243,#231,#20070,.T.);
#20068=EDGE_CURVE('',#231,#135,#20071,.T.);
#20069=LINE('',#134,#20072);
#20070=LINE('',#242,#20073);
#20071=LINE('',#230,#20074);
#20072=VECTOR('',#20075,1.0);
#20073=VECTOR('',#20076,1.0);
#20074=VECTOR('',#20077,1.0);
#20075=DIRECTION('',(0,-1,0));
#20076=DIRECTION('',(0.5535284008098762,0,-0.8328303005395884));
#20077=DIRECTION('',(-0.018157083541323372,0.999461855082944,0.02731886804817577));
#20078=FACE_SURFACE('',(#20083),#20079,.T.);
#20079=PLANE('',#20080);
#20080=AXIS2_PLACEMENT_3D('',#970,#20081,#20082);
#20081=DIRECTION('',(-0.8964542110716484,0,-0.44313637568124387));
#20082=DIRECTION('',(0,1,0));
#20083=FACE_BOUND('',#20084,.T.);
#20084=EDGE_LOOP('',(#20085,#20086,#20087));
#20085=ORIENTED_EDGE('',*,*,#20088,.T.);
#20086=ORIENTED_EDGE('',*,*,#20089,.T.);
#20087=ORIENTED_EDGE('',*,*,#20090,.T.);
#20088=EDGE_CURVE('',#971,#1043,#20091,.F.);
#20089=EDGE_CURVE('',#1043,#1021,#20092,.T.);
#20090=EDGE_CURVE('',#1021,#971,#20093,.T.);
#20091=LINE('',#970,#20094);
#20092=LINE('',#1042,#20095);
#20093=LINE('',#1020,#20096);
#20094=VECTOR('',#20097,1.0);
#20095=VECTOR('',#20098,1.0);
#20096=VECTOR('',#20099,1.0);
#20097=DIRECTION('',(0,1,0));
#20098=DIRECTION('',(0.44313637568124387,0,-0.8964542110716484));
#20099=DIRECTION('',(-0.014492225997411828,-0.9994650889524107,0.029317424016950845));
#20100=FACE_SURFACE('',(#20105),#20101,.T.);
#20101=PLANE('',#20102);
#20102=AXIS2_PLACEMENT_3D('',#418,#20103,#20104);
#20103=DIRECTION('',(-0.06616454511999388,0,-0.9978087256428781));
#20104=DIRECTION('',(-0.03264903242089369,-0.9994645334693758,0.0021649523833784504));
#20105=FACE_BOUND('',#20106,.T.);
#20106=EDGE_LOOP('',(#20107,#20108,#20109));
#20107=ORIENTED_EDGE('',*,*,#20110,.T.);
#20108=ORIENTED_EDGE('',*,*,#20111,.T.);
#20109=ORIENTED_EDGE('',*,*,#20112,.T.);
#20110=EDGE_CURVE('',#419,#441,#20113,.F.);
#20111=EDGE_CURVE('',#441,#423,#20114,.T.);
#20112=EDGE_CURVE('',#423,#419,#20115,.T.);
#20113=LINE('',#418,#20116);
#20114=LINE('',#440,#20117);
#20115=LINE('',#422,#20118);
#20116=VECTOR('',#20119,1.0);
#20117=VECTOR('',#20120,1.0);
#20118=VECTOR('',#20121,1.0);
#20119=DIRECTION('',(-0.03264903242089369,-0.9994645334693758,0.0021649523833784504));
#20120=DIRECTION('',(0,1,0));
#20121=DIRECTION('',(0.9978087256428781,0,-0.06616454511999388));
#20122=FACE_SURFACE('',(#20127),#20123,.T.);
#20123=PLANE('',#20124);
#20124=AXIS2_PLACEMENT_3D('',#440,#20125,#20126);
#20125=DIRECTION('',(-0.06616454511999388,0,-0.9978087256428781));
#20126=DIRECTION('',(0.03264903242089369,0.9994645334693758,-0.0021649523833784504));
#20127=FACE_BOUND('',#20128,.T.);
#20128=EDGE_LOOP('',(#20129,#20130,#20131));
#20129=ORIENTED_EDGE('',*,*,#20132,.T.);
#20130=ORIENTED_EDGE('',*,*,#20133,.T.);
#20131=ORIENTED_EDGE('',*,*,#20134,.T.);
#20132=EDGE_CURVE('',#441,#419,#20135,.F.);
#20133=EDGE_CURVE('',#419,#525,#20136,.T.);
#20134=EDGE_CURVE('',#525,#441,#20137,.T.);
#20135=LINE('',#440,#20138);
#20136=LINE('',#418,#20139);
#20137=LINE('',#524,#20140);
#20138=VECTOR('',#20141,1.0);
#20139=VECTOR('',#20142,1.0);
#20140=VECTOR('',#20143,1.0);
#20141=DIRECTION('',(0.03264903242089369,0.9994645334693758,-0.0021649523833784504));
#20142=DIRECTION('',(0,-1,0));
#20143=DIRECTION('',(-0.9978087256428781,0,0.06616454511999388));
#20144=FACE_SURFACE('',(#20149),#20145,.T.);
#20145=PLANE('',#20146);
#20146=AXIS2_PLACEMENT_3D('',#418,#20147,#20148);
#20147=DIRECTION('',(-0.19807545535302362,-0,-0.9801867750519246));
#20148=DIRECTION('',(0.9801867750519246,0,-0.19807545535302362));
#20149=FACE_BOUND('',#20150,.T.);
#20150=EDGE_LOOP('',(#20151,#20152,#20153));
#20151=ORIENTED_EDGE('',*,*,#20154,.T.);
#20152=ORIENTED_EDGE('',*,*,#20155,.T.);
#20153=ORIENTED_EDGE('',*,*,#20156,.T.);
#20154=EDGE_CURVE('',#419,#421,#20157,.F.);
#20155=EDGE_CURVE('',#421,#525,#20158,.T.);
#20156=EDGE_CURVE('',#525,#419,#20159,.T.);
#20157=LINE('',#418,#20160);
#20158=LINE('',#420,#20161);
#20159=LINE('',#524,#20162);
#20160=VECTOR('',#20163,1.0);
#20161=VECTOR('',#20164,1.0);
#20162=VECTOR('',#20165,1.0);
#20163=DIRECTION('',(0.9801867750519246,0,-0.19807545535302362));
#20164=DIRECTION('',(-0.0321494917719529,-0.9994619564849769,0.00649674672641907));
#20165=DIRECTION('',(0,1,0));
#20166=FACE_SURFACE('',(#20171),#20167,.T.);
#20167=PLANE('',#20168);
#20168=AXIS2_PLACEMENT_3D('',#526,#20169,#20170);
#20169=DIRECTION('',(-0.19807545535302362,0,-0.9801867750519246));
#20170=DIRECTION('',(-0.9801867750519246,0,0.19807545535302362));
#20171=FACE_BOUND('',#20172,.T.);
#20172=EDGE_LOOP('',(#20173,#20174,#20175));
#20173=ORIENTED_EDGE('',*,*,#20176,.T.);
#20174=ORIENTED_EDGE('',*,*,#20177,.T.);
#20175=ORIENTED_EDGE('',*,*,#20178,.T.);
#20176=EDGE_CURVE('',#527,#525,#20179,.F.);
#20177=EDGE_CURVE('',#525,#421,#20180,.T.);
#20178=EDGE_CURVE('',#421,#527,#20181,.T.);
#20179=LINE('',#526,#20182);
#20180=LINE('',#524,#20183);
#20181=LINE('',#420,#20184);
#20182=VECTOR('',#20185,1.0);
#20183=VECTOR('',#20186,1.0);
#20184=VECTOR('',#20187,1.0);
#20185=DIRECTION('',(-0.9801867750519246,0,0.19807545535302362));
#20186=DIRECTION('',(0.0321494917719529,0.9994619564849769,-0.00649674672641907));
#20187=DIRECTION('',(0,-1,0));
#20188=FACE_SURFACE('',(#20193),#20189,.T.);
#20189=PLANE('',#20190);
#20190=AXIS2_PLACEMENT_3D('',#240,#20191,#20192);
#20191=DIRECTION('',(0.8964542110716484,0,0.44313637568124387));
#20192=DIRECTION('',(0.44313637568124387,0,-0.8964542110716484));
#20193=FACE_BOUND('',#20194,.T.);
#20194=EDGE_LOOP('',(#20195,#20196,#20197));
#20195=ORIENTED_EDGE('',*,*,#20198,.T.);
#20196=ORIENTED_EDGE('',*,*,#20199,.T.);
#20197=ORIENTED_EDGE('',*,*,#20200,.T.);
#20198=EDGE_CURVE('',#241,#243,#20201,.F.);
#20199=EDGE_CURVE('',#243,#135,#20202,.T.);
#20200=EDGE_CURVE('',#135,#241,#20203,.T.);
#20201=LINE('',#240,#20204);
#20202=LINE('',#242,#20205);
#20203=LINE('',#134,#20206);
#20204=VECTOR('',#20207,1.0);
#20205=VECTOR('',#20208,1.0);
#20206=VECTOR('',#20209,1.0);
#20207=DIRECTION('',(0.44313637568124387,0,-0.8964542110716484));
#20208=DIRECTION('',(0,1,0));
#20209=DIRECTION('',(-0.014492225997411828,-0.9994650889524107,0.029317424016950845));
#20210=FACE_SURFACE('',(#20215),#20211,.T.);
#20211=PLANE('',#20212);
#20212=AXIS2_PLACEMENT_3D('',#142,#20213,#20214);
#20213=DIRECTION('',(-0.9978074433456018,0,-0.06618388024370983));
#20214=DIRECTION('',(0.06618388024370983,0,-0.9978074433456018));
#20215=FACE_BOUND('',#20216,.T.);
#20216=EDGE_LOOP('',(#20217,#20218,#20219));
#20217=ORIENTED_EDGE('',*,*,#20220,.T.);
#20218=ORIENTED_EDGE('',*,*,#20221,.T.);
#20219=ORIENTED_EDGE('',*,*,#20222,.T.);
#20220=EDGE_CURVE('',#143,#141,#20223,.F.);
#20221=EDGE_CURVE('',#141,#985,#20224,.T.);
#20222=EDGE_CURVE('',#985,#143,#20225,.T.);
#20223=LINE('',#142,#20226);
#20224=LINE('',#140,#20227);
#20225=LINE('',#984,#20228);
#20226=VECTOR('',#20229,1.0);
#20227=VECTOR('',#20230,1.0);
#20228=VECTOR('',#20231,1.0);
#20229=DIRECTION('',(0.06618388024370983,0,-0.9978074433456018));
#20230=DIRECTION('',(0,-1,0));
#20231=DIRECTION('',(-0.002165587822835961,0.999464532094208,0.032649032375971734));
#20232=FACE_SURFACE('',(#20237),#20233,.T.);
#20233=PLANE('',#20234);
#20234=AXIS2_PLACEMENT_3D('',#558,#20235,#20236);
#20235=DIRECTION('',(0.0657580889860491,0,-0.9978355945409558));
#20236=DIRECTION('',(0,1,0));
#20237=FACE_BOUND('',#20238,.T.);
#20238=EDGE_LOOP('',(#20239,#20240,#20241));
#20239=ORIENTED_EDGE('',*,*,#20242,.T.);
#20240=ORIENTED_EDGE('',*,*,#20243,.T.);
#20241=ORIENTED_EDGE('',*,*,#20244,.T.);
#20242=EDGE_CURVE('',#559,#659,#20245,.F.);
#20243=EDGE_CURVE('',#659,#561,#20246,.T.);
#20244=EDGE_CURVE('',#561,#559,#20247,.T.);
#20245=LINE('',#558,#20248);
#20246=LINE('',#658,#20249);
#20247=LINE('',#560,#20250);
#20248=VECTOR('',#20251,1.0);
#20249=VECTOR('',#20252,1.0);
#20250=VECTOR('',#20253,1.0);
#20251=DIRECTION('',(0,1,0));
#20252=DIRECTION('',(0.05429444441556644,-0.9985185581210554,0.00357804324365618));
#20253=DIRECTION('',(-0.9978355945409558,0,-0.06575808898604908));
#20254=FACE_SURFACE('',(#20259),#20255,.T.);
#20255=PLANE('',#20256);
#20256=AXIS2_PLACEMENT_3D('',#654,#20257,#20258);
#20257=DIRECTION('',(0.0657580889860491,0,-0.9978355945409558));
#20258=DIRECTION('',(0,-1,0));
#20259=FACE_BOUND('',#20260,.T.);
#20260=EDGE_LOOP('',(#20261,#20262,#20263));
#20261=ORIENTED_EDGE('',*,*,#20264,.T.);
#20262=ORIENTED_EDGE('',*,*,#20265,.T.);
#20263=ORIENTED_EDGE('',*,*,#20266,.T.);
#20264=EDGE_CURVE('',#655,#561,#20267,.F.);
#20265=EDGE_CURVE('',#561,#659,#20268,.T.);
#20266=EDGE_CURVE('',#659,#655,#20269,.T.);
#20267=LINE('',#654,#20270);
#20268=LINE('',#560,#20271);
#20269=LINE('',#658,#20272);
#20270=VECTOR('',#20273,1.0);
#20271=VECTOR('',#20274,1.0);
#20272=VECTOR('',#20275,1.0);
#20273=DIRECTION('',(0,-1,0));
#20274=DIRECTION('',(-0.05429444441556644,0.9985185581210554,-0.00357804324365618));
#20275=DIRECTION('',(0.9978355945409558,0,0.06575808898604908));
#20276=FACE_SURFACE('',(#20281),#20277,.T.);
#20277=PLANE('',#20278);
#20278=AXIS2_PLACEMENT_3D('',#526,#20279,#20280);
#20279=DIRECTION('',(-0.3208045041176908,0,-0.9471454324114129));
#20280=DIRECTION('',(0,1,0));
#20281=FACE_BOUND('',#20282,.T.);
#20282=EDGE_LOOP('',(#20283,#20284,#20285));
#20283=ORIENTED_EDGE('',*,*,#20286,.T.);
#20284=ORIENTED_EDGE('',*,*,#20287,.T.);
#20285=ORIENTED_EDGE('',*,*,#20288,.T.);
#20286=EDGE_CURVE('',#527,#421,#20289,.F.);
#20287=EDGE_CURVE('',#421,#467,#20290,.T.);
#20288=EDGE_CURVE('',#467,#527,#20291,.T.);
#20289=LINE('',#526,#20292);
#20290=LINE('',#420,#20293);
#20291=LINE('',#466,#20294);
#20292=VECTOR('',#20295,1.0);
#20293=VECTOR('',#20296,1.0);
#20294=VECTOR('',#20297,1.0);
#20295=DIRECTION('',(0,1,0));
#20296=DIRECTION('',(0.030983546092397125,-0.9994648011869012,-0.010494334660594733));
#20297=DIRECTION('',(-0.947145432411413,0,0.3208045041176908));
#20298=FACE_SURFACE('',(#20303),#20299,.T.);
#20299=PLANE('',#20300);
#20300=AXIS2_PLACEMENT_3D('',#416,#20301,#20302);
#20301=DIRECTION('',(-0.3208045041176908,-0,-0.9471454324114129));
#20302=DIRECTION('',(0,-1,0));
#20303=FACE_BOUND('',#20304,.T.);
#20304=EDGE_LOOP('',(#20305,#20306,#20307));
#20305=ORIENTED_EDGE('',*,*,#20308,.T.);
#20306=ORIENTED_EDGE('',*,*,#20309,.T.);
#20307=ORIENTED_EDGE('',*,*,#20310,.T.);
#20308=EDGE_CURVE('',#417,#467,#20311,.F.);
#20309=EDGE_CURVE('',#467,#421,#20312,.T.);
#20310=EDGE_CURVE('',#421,#417,#20313,.T.);
#20311=LINE('',#416,#20314);
#20312=LINE('',#466,#20315);
#20313=LINE('',#420,#20316);
#20314=VECTOR('',#20317,1.0);
#20315=VECTOR('',#20318,1.0);
#20316=VECTOR('',#20319,1.0);
#20317=DIRECTION('',(0,-1,0));
#20318=DIRECTION('',(-0.030983546092397125,0.9994648011869012,0.010494334660594733));
#20319=DIRECTION('',(0.947145432411413,0,-0.3208045041176908));
#20320=FACE_SURFACE('',(#20325),#20321,.T.);
#20321=PLANE('',#20322);
#20322=AXIS2_PLACEMENT_3D('',#170,#20323,#20324);
#20323=DIRECTION('',(0.9471454324114129,0,0.3208045041176908));
#20324=DIRECTION('',(0,-1,0));
#20325=FACE_BOUND('',#20326,.T.);
#20326=EDGE_LOOP('',(#20327,#20328,#20329));
#20327=ORIENTED_EDGE('',*,*,#20330,.T.);
#20328=ORIENTED_EDGE('',*,*,#20331,.T.);
#20329=ORIENTED_EDGE('',*,*,#20332,.T.);
#20330=EDGE_CURVE('',#171,#239,#20333,.F.);
#20331=EDGE_CURVE('',#239,#241,#20334,.T.);
#20332=EDGE_CURVE('',#241,#171,#20335,.T.);
#20333=LINE('',#170,#20336);
#20334=LINE('',#238,#20337);
#20335=LINE('',#240,#20338);
#20336=VECTOR('',#20339,1.0);
#20337=VECTOR('',#20340,1.0);
#20338=VECTOR('',#20341,1.0);
#20339=DIRECTION('',(0,-1,0));
#20340=DIRECTION('',(0.3208045041176908,0,-0.947145432411413));
#20341=DIRECTION('',(-0.010494334660594733,0.9994648011869012,0.030983546092397125));
#20342=FACE_SURFACE('',(#20347),#20343,.T.);
#20343=PLANE('',#20344);
#20344=AXIS2_PLACEMENT_3D('',#984,#20345,#20346);
#20345=DIRECTION('',(-0.9978074433456018,0,0.06618388024370983));
#20346=DIRECTION('',(0,1,0));
#20347=FACE_BOUND('',#20348,.T.);
#20348=EDGE_LOOP('',(#20349,#20350,#20351));
#20349=ORIENTED_EDGE('',*,*,#20352,.T.);
#20350=ORIENTED_EDGE('',*,*,#20353,.T.);
#20351=ORIENTED_EDGE('',*,*,#20354,.T.);
#20352=EDGE_CURVE('',#985,#141,#20355,.F.);
#20353=EDGE_CURVE('',#141,#137,#20356,.T.);
#20354=EDGE_CURVE('',#137,#985,#20357,.T.);
#20355=LINE('',#984,#20358);
#20356=LINE('',#140,#20359);
#20357=LINE('',#136,#20360);
#20358=VECTOR('',#20361,1.0);
#20359=VECTOR('',#20362,1.0);
#20360=VECTOR('',#20363,1.0);
#20361=DIRECTION('',(0,1,0));
#20362=DIRECTION('',(-0.06618388024370983,0,-0.9978074433456018));
#20363=DIRECTION('',(0.002165587822835961,-0.999464532094208,0.032649032375971734));
#20364=FACE_SURFACE('',(#20369),#20365,.T.);
#20365=PLANE('',#20366);
#20366=AXIS2_PLACEMENT_3D('',#416,#20367,#20368);
#20367=DIRECTION('',(-0.4431441830048904,-0,-0.8964503517032765));
#20368=DIRECTION('',(0.8964503517032765,0,-0.4431441830048904));
#20369=FACE_BOUND('',#20370,.T.);
#20370=EDGE_LOOP('',(#20371,#20372,#20373));
#20371=ORIENTED_EDGE('',*,*,#20374,.T.);
#20372=ORIENTED_EDGE('',*,*,#20375,.T.);
#20373=ORIENTED_EDGE('',*,*,#20376,.T.);
#20374=EDGE_CURVE('',#417,#415,#20377,.F.);
#20375=EDGE_CURVE('',#415,#467,#20378,.T.);
#20376=EDGE_CURVE('',#467,#417,#20379,.T.);
#20377=LINE('',#416,#20380);
#20378=LINE('',#414,#20381);
#20379=LINE('',#466,#20382);
#20380=VECTOR('',#20383,1.0);
#20381=VECTOR('',#20384,1.0);
#20382=VECTOR('',#20385,1.0);
#20383=DIRECTION('',(0.8964503517032765,0,-0.4431441830048904));
#20384=DIRECTION('',(-0.02931742388195757,-0.999465084350333,0.014492543652075477));
#20385=DIRECTION('',(0,1,0));
#20386=FACE_SURFACE('',(#20391),#20387,.T.);
#20387=PLANE('',#20388);
#20388=AXIS2_PLACEMENT_3D('',#464,#20389,#20390);
#20389=DIRECTION('',(-0.4431441830048904,0,-0.8964503517032765));
#20390=DIRECTION('',(-0.8964503517032765,0,0.4431441830048904));
#20391=FACE_BOUND('',#20392,.T.);
#20392=EDGE_LOOP('',(#20393,#20394,#20395));
#20393=ORIENTED_EDGE('',*,*,#20396,.T.);
#20394=ORIENTED_EDGE('',*,*,#20397,.T.);
#20395=ORIENTED_EDGE('',*,*,#20398,.T.);
#20396=EDGE_CURVE('',#465,#467,#20399,.F.);
#20397=EDGE_CURVE('',#467,#415,#20400,.T.);
#20398=EDGE_CURVE('',#415,#465,#20401,.T.);
#20399=LINE('',#464,#20402);
#20400=LINE('',#466,#20403);
#20401=LINE('',#414,#20404);
#20402=VECTOR('',#20405,1.0);
#20403=VECTOR('',#20406,1.0);
#20404=VECTOR('',#20407,1.0);
#20405=DIRECTION('',(-0.8964503517032765,0,0.4431441830048904));
#20406=DIRECTION('',(0.02931742388195757,0.999465084350333,-0.014492543652075477));
#20407=DIRECTION('',(0,-1,0));
#20408=FACE_SURFACE('',(#20413),#20409,.T.);
#20409=PLANE('',#20410);
#20410=AXIS2_PLACEMENT_3D('',#138,#20411,#20412);
#20411=DIRECTION('',(-0.9801886557104991,0,0.19806614858790147));
#20412=DIRECTION('',(0,-1,0));
#20413=FACE_BOUND('',#20414,.T.);
#20414=EDGE_LOOP('',(#20415,#20416,#20417));
#20415=ORIENTED_EDGE('',*,*,#20418,.T.);
#20416=ORIENTED_EDGE('',*,*,#20419,.T.);
#20417=ORIENTED_EDGE('',*,*,#20420,.T.);
#20418=EDGE_CURVE('',#139,#1013,#20421,.F.);
#20419=EDGE_CURVE('',#1013,#137,#20422,.T.);
#20420=EDGE_CURVE('',#137,#139,#20423,.T.);
#20421=LINE('',#138,#20424);
#20422=LINE('',#1012,#20425);
#20423=LINE('',#136,#20426);
#20424=VECTOR('',#20427,1.0);
#20425=VECTOR('',#20428,1.0);
#20426=VECTOR('',#20429,1.0);
#20427=DIRECTION('',(0,-1,0));
#20428=DIRECTION('',(0.006496429019428964,0.9994619585479648,0.032149491838312616));
#20429=DIRECTION('',(-0.19806614858790147,0,-0.9801886557104992));
#20430=FACE_SURFACE('',(#20435),#20431,.T.);
#20431=PLANE('',#20432);
#20432=AXIS2_PLACEMENT_3D('',#464,#20433,#20434);
#20433=DIRECTION('',(-0.5535149642253394,0,-0.8328392308114582));
#20434=DIRECTION('',(0,1,0));
#20435=FACE_BOUND('',#20436,.T.);
#20436=EDGE_LOOP('',(#20437,#20438,#20439));
#20437=ORIENTED_EDGE('',*,*,#20440,.T.);
#20438=ORIENTED_EDGE('',*,*,#20441,.T.);
#20439=ORIENTED_EDGE('',*,*,#20442,.T.);
#20440=EDGE_CURVE('',#465,#415,#20443,.F.);
#20441=EDGE_CURVE('',#415,#463,#20444,.T.);
#20442=EDGE_CURVE('',#463,#465,#20445,.T.);
#20443=LINE('',#464,#20446);
#20444=LINE('',#414,#20447);
#20445=LINE('',#462,#20448);
#20446=VECTOR('',#20449,1.0);
#20447=VECTOR('',#20450,1.0);
#20448=VECTOR('',#20451,1.0);
#20449=DIRECTION('',(0,1,0));
#20450=DIRECTION('',(0.02731886836336854,-0.9994618666142839,-0.018156448310069996));
#20451=DIRECTION('',(-0.8328392308114582,0,0.5535149642253394));
#20452=FACE_SURFACE('',(#20457),#20453,.T.);
#20453=PLANE('',#20454);
#20454=AXIS2_PLACEMENT_3D('',#382,#20455,#20456);
#20455=DIRECTION('',(-0.5535149642253394,-0,-0.8328392308114582));
#20456=DIRECTION('',(0,-1,0));
#20457=FACE_BOUND('',#20458,.T.);
#20458=EDGE_LOOP('',(#20459,#20460,#20461));
#20459=ORIENTED_EDGE('',*,*,#20462,.T.);
#20460=ORIENTED_EDGE('',*,*,#20463,.T.);
#20461=ORIENTED_EDGE('',*,*,#20464,.T.);
#20462=EDGE_CURVE('',#383,#463,#20465,.F.);
#20463=EDGE_CURVE('',#463,#415,#20466,.T.);
#20464=EDGE_CURVE('',#415,#383,#20467,.T.);
#20465=LINE('',#382,#20468);
#20466=LINE('',#462,#20469);
#20467=LINE('',#414,#20470);
#20468=VECTOR('',#20471,1.0);
#20469=VECTOR('',#20472,1.0);
#20470=VECTOR('',#20473,1.0);
#20471=DIRECTION('',(0,-1,0));
#20472=DIRECTION('',(-0.02731886836336854,0.9994618666142839,0.018156448310069996));
#20473=DIRECTION('',(0.8328392308114582,0,-0.5535149642253394));
#20474=FACE_SURFACE('',(#20479),#20475,.T.);
#20475=PLANE('',#20476);
#20476=AXIS2_PLACEMENT_3D('',#652,#20477,#20478);
#20477=DIRECTION('',(0.19493925266772844,0,-0.9808153178704683));
#20478=DIRECTION('',(0,-1,0));
#20479=FACE_BOUND('',#20480,.T.);
#20480=EDGE_LOOP('',(#20481,#20482,#20483));
#20481=ORIENTED_EDGE('',*,*,#20484,.T.);
#20482=ORIENTED_EDGE('',*,*,#20485,.T.);
#20483=ORIENTED_EDGE('',*,*,#20486,.T.);
#20484=EDGE_CURVE('',#653,#573,#20487,.F.);
#20485=EDGE_CURVE('',#573,#561,#20488,.T.);
#20486=EDGE_CURVE('',#561,#653,#20489,.T.);
#20487=LINE('',#652,#20490);
#20488=LINE('',#572,#20491);
#20489=LINE('',#560,#20492);
#20490=VECTOR('',#20493,1.0);
#20491=VECTOR('',#20494,1.0);
#20492=VECTOR('',#20495,1.0);
#20493=DIRECTION('',(0,-1,0));
#20494=DIRECTION('',(-0.9808153178704683,0,-0.19493925266772844));
#20495=DIRECTION('',(0.05337911054977604,0.9985179592985938,0.010609218401313375));
#20496=FACE_SURFACE('',(#20501),#20497,.T.);
#20497=PLANE('',#20498);
#20498=AXIS2_PLACEMENT_3D('',#652,#20499,#20500);
#20499=DIRECTION('',(0.19493925266772844,0,-0.9808153178704683));
#20500=DIRECTION('',(-0.05337911054977604,-0.9985179592985938,-0.010609218401313375));
#20501=FACE_BOUND('',#20502,.T.);
#20502=EDGE_LOOP('',(#20503,#20504,#20505));
#20503=ORIENTED_EDGE('',*,*,#20506,.T.);
#20504=ORIENTED_EDGE('',*,*,#20507,.T.);
#20505=ORIENTED_EDGE('',*,*,#20508,.T.);
#20506=EDGE_CURVE('',#653,#561,#20509,.F.);
#20507=EDGE_CURVE('',#561,#655,#20510,.T.);
#20508=EDGE_CURVE('',#655,#653,#20511,.T.);
#20509=LINE('',#652,#20512);
#20510=LINE('',#560,#20513);
#20511=LINE('',#654,#20514);
#20512=VECTOR('',#20515,1.0);
#20513=VECTOR('',#20516,1.0);
#20514=VECTOR('',#20517,1.0);
#20515=DIRECTION('',(-0.05337911054977604,-0.9985179592985938,-0.010609218401313375));
#20516=DIRECTION('',(0,1,0));
#20517=DIRECTION('',(0.9808153178704683,0,0.19493925266772844));
#20518=FACE_SURFACE('',(#20523),#20519,.T.);
#20519=PLANE('',#20520);
#20520=AXIS2_PLACEMENT_3D('',#842,#20521,#20522);
#20521=DIRECTION('',(-0.9977851957884243,0,0.06651844154409839));
#20522=DIRECTION('',(0,-1,0));
#20523=FACE_BOUND('',#20524,.T.);
#20524=EDGE_LOOP('',(#20525,#20526,#20527));
#20525=ORIENTED_EDGE('',*,*,#20528,.T.);
#20526=ORIENTED_EDGE('',*,*,#20529,.T.);
#20527=ORIENTED_EDGE('',*,*,#20530,.T.);
#20528=EDGE_CURVE('',#843,#765,#20531,.F.);
#20529=EDGE_CURVE('',#765,#811,#20532,.T.);
#20530=EDGE_CURVE('',#811,#843,#20533,.T.);
#20531=LINE('',#842,#20534);
#20532=LINE('',#764,#20535);
#20533=LINE('',#810,#20536);
#20534=VECTOR('',#20537,1.0);
#20535=VECTOR('',#20538,1.0);
#20536=VECTOR('',#20539,1.0);
#20537=DIRECTION('',(0,-1,0));
#20538=DIRECTION('',(0.001541047969466543,0.9997316037314329,0.023115918146009988));
#20539=DIRECTION('',(-0.06651844154409839,0,-0.9977851957884244));
#20540=FACE_SURFACE('',(#20545),#20541,.T.);
#20541=PLANE('',#20542);
#20542=AXIS2_PLACEMENT_3D('',#382,#20543,#20544);
#20543=DIRECTION('',(-0.6624685974516458,-0,-0.7490896858123528));
#20544=DIRECTION('',(0.7490896858123527,0,-0.6624685974516457));
#20545=FACE_BOUND('',#20546,.T.);
#20546=EDGE_LOOP('',(#20547,#20548,#20549));
#20547=ORIENTED_EDGE('',*,*,#20550,.T.);
#20548=ORIENTED_EDGE('',*,*,#20551,.T.);
#20549=ORIENTED_EDGE('',*,*,#20552,.T.);
#20550=EDGE_CURVE('',#383,#385,#20553,.F.);
#20551=EDGE_CURVE('',#385,#463,#20554,.T.);
#20552=EDGE_CURVE('',#463,#383,#20555,.T.);
#20553=LINE('',#382,#20556);
#20554=LINE('',#384,#20557);
#20555=LINE('',#462,#20558);
#20556=VECTOR('',#20559,1.0);
#20557=VECTOR('',#20560,1.0);
#20558=VECTOR('',#20561,1.0);
#20559=DIRECTION('',(0.7490896858123527,0,-0.6624685974516457));
#20560=DIRECTION('',(-0.02448679996167712,-0.9994655802497293,0.021655265496146218));
#20561=DIRECTION('',(0,1,0));
#20562=FACE_SURFACE('',(#20567),#20563,.T.);
#20563=PLANE('',#20564);
#20564=AXIS2_PLACEMENT_3D('',#460,#20565,#20566);
#20565=DIRECTION('',(-0.6624685974516458,0,-0.7490896858123528));
#20566=DIRECTION('',(-0.7490896858123527,0,0.6624685974516457));
#20567=FACE_BOUND('',#20568,.T.);
#20568=EDGE_LOOP('',(#20569,#20570,#20571));
#20569=ORIENTED_EDGE('',*,*,#20572,.T.);
#20570=ORIENTED_EDGE('',*,*,#20573,.T.);
#20571=ORIENTED_EDGE('',*,*,#20574,.T.);
#20572=EDGE_CURVE('',#461,#463,#20575,.F.);
#20573=EDGE_CURVE('',#463,#385,#20576,.T.);
#20574=EDGE_CURVE('',#385,#461,#20577,.T.);
#20575=LINE('',#460,#20578);
#20576=LINE('',#462,#20579);
#20577=LINE('',#384,#20580);
#20578=VECTOR('',#20581,1.0);
#20579=VECTOR('',#20582,1.0);
#20580=VECTOR('',#20583,1.0);
#20581=DIRECTION('',(-0.7490896858123527,0,0.6624685974516457));
#20582=DIRECTION('',(0.02448679996167712,0.9994655802497293,-0.021655265496146218));
#20583=DIRECTION('',(0,-1,0));
#20584=FACE_SURFACE('',(#20589),#20585,.T.);
#20585=PLANE('',#20586);
#20586=AXIS2_PLACEMENT_3D('',#694,#20587,#20588);
#20587=DIRECTION('',(0.8317744883383313,0,-0.555113682545753));
#20588=DIRECTION('',(0,-1,0));
#20589=FACE_BOUND('',#20590,.T.);
#20590=EDGE_LOOP('',(#20591,#20592,#20593));
#20591=ORIENTED_EDGE('',*,*,#20594,.T.);
#20592=ORIENTED_EDGE('',*,*,#20595,.T.);
#20593=ORIENTED_EDGE('',*,*,#20596,.T.);
#20594=EDGE_CURVE('',#695,#965,#20597,.F.);
#20595=EDGE_CURVE('',#965,#963,#20598,.T.);
#20596=EDGE_CURVE('',#963,#695,#20599,.T.);
#20597=LINE('',#694,#20600);
#20598=LINE('',#964,#20601);
#20599=LINE('',#962,#20602);
#20600=VECTOR('',#20603,1.0);
#20601=VECTOR('',#20604,1.0);
#20602=VECTOR('',#20605,1.0);
#20603=DIRECTION('',(0,-1,0));
#20604=DIRECTION('',(-0.5551136825457531,0,-0.8317744883383315));
#20605=DIRECTION('',(0.012869932075371612,0.9997312075775491,0.01928412414165092));
#20606=FACE_SURFACE('',(#20611),#20607,.T.);
#20607=PLANE('',#20608);
#20608=AXIS2_PLACEMENT_3D('',#572,#20609,#20610);
#20609=DIRECTION('',(0.3210393698137402,0,-0.9470658493629661));
#20610=DIRECTION('',(0,1,0));
#20611=FACE_BOUND('',#20612,.T.);
#20612=EDGE_LOOP('',(#20613,#20614,#20615));
#20613=ORIENTED_EDGE('',*,*,#20616,.T.);
#20614=ORIENTED_EDGE('',*,*,#20617,.T.);
#20615=ORIENTED_EDGE('',*,*,#20618,.T.);
#20616=EDGE_CURVE('',#573,#653,#20619,.F.);
#20617=EDGE_CURVE('',#653,#575,#20620,.T.);
#20618=EDGE_CURVE('',#575,#573,#20621,.T.);
#20619=LINE('',#572,#20622);
#20620=LINE('',#652,#20623);
#20621=LINE('',#574,#20624);
#20622=VECTOR('',#20625,1.0);
#20623=VECTOR('',#20626,1.0);
#20624=VECTOR('',#20627,1.0);
#20625=DIRECTION('',(0,1,0));
#20626=DIRECTION('',(0.05154846499172769,-0.9985176077257486,0.01747406130940259));
#20627=DIRECTION('',(-0.9470658493629662,0,-0.32103936981374026));
#20628=FACE_SURFACE('',(#20633),#20629,.T.);
#20629=PLANE('',#20630);
#20630=AXIS2_PLACEMENT_3D('',#646,#20631,#20632);
#20631=DIRECTION('',(0.3210393698137402,0,-0.9470658493629661));
#20632=DIRECTION('',(0,-1,0));
#20633=FACE_BOUND('',#20634,.T.);
#20634=EDGE_LOOP('',(#20635,#20636,#20637));
#20635=ORIENTED_EDGE('',*,*,#20638,.T.);
#20636=ORIENTED_EDGE('',*,*,#20639,.T.);
#20637=ORIENTED_EDGE('',*,*,#20640,.T.);
#20638=EDGE_CURVE('',#647,#575,#20641,.F.);
#20639=EDGE_CURVE('',#575,#653,#20642,.T.);
#20640=EDGE_CURVE('',#653,#647,#20643,.T.);
#20641=LINE('',#646,#20644);
#20642=LINE('',#574,#20645);
#20643=LINE('',#652,#20646);
#20644=VECTOR('',#20647,1.0);
#20645=VECTOR('',#20648,1.0);
#20646=VECTOR('',#20649,1.0);
#20647=DIRECTION('',(0,-1,0));
#20648=DIRECTION('',(-0.05154846499172769,0.9985176077257486,-0.01747406130940259));
#20649=DIRECTION('',(0.9470658493629662,0,0.32103936981374026));
#20650=FACE_SURFACE('',(#20655),#20651,.T.);
#20651=PLANE('',#20652);
#20652=AXIS2_PLACEMENT_3D('',#138,#20653,#20654);
#20653=DIRECTION('',(-0.9471454324114129,0,0.3208045041176908));
#20654=DIRECTION('',(-0.3208045041176908,0,-0.947145432411413));
#20655=FACE_BOUND('',#20656,.T.);
#20656=EDGE_LOOP('',(#20657,#20658,#20659));
#20657=ORIENTED_EDGE('',*,*,#20660,.T.);
#20658=ORIENTED_EDGE('',*,*,#20661,.T.);
#20659=ORIENTED_EDGE('',*,*,#20662,.T.);
#20660=EDGE_CURVE('',#139,#1045,#20663,.F.);
#20661=EDGE_CURVE('',#1045,#1013,#20664,.T.);
#20662=EDGE_CURVE('',#1013,#139,#20665,.T.);
#20663=LINE('',#138,#20666);
#20664=LINE('',#1044,#20667);
#20665=LINE('',#1012,#20668);
#20666=VECTOR('',#20669,1.0);
#20667=VECTOR('',#20670,1.0);
#20668=VECTOR('',#20671,1.0);
#20669=DIRECTION('',(-0.3208045041176908,0,-0.947145432411413));
#20670=DIRECTION('',(0.010494334660594733,-0.9994648011869012,0.030983546092397125));
#20671=DIRECTION('',(0,1,0));
#20672=FACE_SURFACE('',(#20677),#20673,.T.);
#20673=PLANE('',#20674);
#20674=AXIS2_PLACEMENT_3D('',#1014,#20675,#20676);
#20675=DIRECTION('',(-0.9471454324114129,0,0.3208045041176908));
#20676=DIRECTION('',(0.3208045041176908,0,0.947145432411413));
#20677=FACE_BOUND('',#20678,.T.);
#20678=EDGE_LOOP('',(#20679,#20680,#20681));
#20679=ORIENTED_EDGE('',*,*,#20682,.T.);
#20680=ORIENTED_EDGE('',*,*,#20683,.T.);
#20681=ORIENTED_EDGE('',*,*,#20684,.T.);
#20682=EDGE_CURVE('',#1015,#1013,#20685,.F.);
#20683=EDGE_CURVE('',#1013,#1045,#20686,.T.);
#20684=EDGE_CURVE('',#1045,#1015,#20687,.T.);
#20685=LINE('',#1014,#20688);
#20686=LINE('',#1012,#20689);
#20687=LINE('',#1044,#20690);
#20688=VECTOR('',#20691,1.0);
#20689=VECTOR('',#20692,1.0);
#20690=VECTOR('',#20693,1.0);
#20691=DIRECTION('',(0.3208045041176908,0,0.947145432411413));
#20692=DIRECTION('',(-0.010494334660594733,0.9994648011869012,-0.030983546092397125));
#20693=DIRECTION('',(0,-1,0));
#20694=FACE_SURFACE('',(#20699),#20695,.T.);
#20695=PLANE('',#20696);
#20696=AXIS2_PLACEMENT_3D('',#388,#20697,#20698);
#20697=DIRECTION('',(-0.7490945091601733,-0,-0.6624631433869201));
#20698=DIRECTION('',(0,-1,0));
#20699=FACE_BOUND('',#20700,.T.);
#20700=EDGE_LOOP('',(#20701,#20702,#20703));
#20701=ORIENTED_EDGE('',*,*,#20704,.T.);
#20702=ORIENTED_EDGE('',*,*,#20705,.T.);
#20703=ORIENTED_EDGE('',*,*,#20706,.T.);
#20704=EDGE_CURVE('',#389,#481,#20707,.F.);
#20705=EDGE_CURVE('',#481,#385,#20708,.T.);
#20706=EDGE_CURVE('',#385,#389,#20709,.T.);
#20707=LINE('',#388,#20710);
#20708=LINE('',#480,#20711);
#20709=LINE('',#384,#20712);
#20710=VECTOR('',#20713,1.0);
#20711=VECTOR('',#20714,1.0);
#20712=VECTOR('',#20715,1.0);
#20713=DIRECTION('',(0,-1,0));
#20714=DIRECTION('',(-0.02165494792358729,0.9994655871263466,0.024486800130153506));
#20715=DIRECTION('',(0.6624631433869201,0,-0.7490945091601733));
#20716=FACE_SURFACE('',(#20721),#20717,.T.);
#20717=PLANE('',#20718);
#20718=AXIS2_PLACEMENT_3D('',#460,#20719,#20720);
#20719=DIRECTION('',(-0.7490945091601733,0,-0.6624631433869201));
#20720=DIRECTION('',(0,1,0));
#20721=FACE_BOUND('',#20722,.T.);
#20722=EDGE_LOOP('',(#20723,#20724,#20725));
#20723=ORIENTED_EDGE('',*,*,#20726,.T.);
#20724=ORIENTED_EDGE('',*,*,#20727,.T.);
#20725=ORIENTED_EDGE('',*,*,#20728,.T.);
#20726=EDGE_CURVE('',#461,#385,#20729,.F.);
#20727=EDGE_CURVE('',#385,#481,#20730,.T.);
#20728=EDGE_CURVE('',#481,#461,#20731,.T.);
#20729=LINE('',#460,#20732);
#20730=LINE('',#384,#20733);
#20731=LINE('',#480,#20734);
#20732=VECTOR('',#20735,1.0);
#20733=VECTOR('',#20736,1.0);
#20734=VECTOR('',#20737,1.0);
#20735=DIRECTION('',(0,1,0));
#20736=DIRECTION('',(0.02165494792358729,-0.9994655871263466,-0.024486800130153506));
#20737=DIRECTION('',(-0.6624631433869201,0,0.7490945091601733));
#20738=FACE_SURFACE('',(#20743),#20739,.T.);
#20739=PLANE('',#20740);
#20740=AXIS2_PLACEMENT_3D('',#764,#20741,#20742);
#20741=DIRECTION('',(-0.9809929779342055,0,0.19404323550121394));
#20742=DIRECTION('',(0,1,0));
#20743=FACE_BOUND('',#20744,.T.);
#20744=EDGE_LOOP('',(#20745,#20746,#20747));
#20745=ORIENTED_EDGE('',*,*,#20748,.T.);
#20746=ORIENTED_EDGE('',*,*,#20749,.T.);
#20747=ORIENTED_EDGE('',*,*,#20750,.T.);
#20748=EDGE_CURVE('',#765,#843,#20751,.F.);
#20749=EDGE_CURVE('',#843,#767,#20752,.T.);
#20750=EDGE_CURVE('',#767,#765,#20753,.T.);
#20751=LINE('',#764,#20754);
#20752=LINE('',#842,#20755);
#20753=LINE('',#766,#20756);
#20754=VECTOR('',#20757,1.0);
#20755=VECTOR('',#20758,1.0);
#20756=VECTOR('',#20759,1.0);
#20757=DIRECTION('',(0,1,0));
#20758=DIRECTION('',(-0.004498240342332914,-0.9997312696859166,-0.022741025614682348));
#20759=DIRECTION('',(0.1940432355012139,0,0.9809929779342055));
#20760=FACE_SURFACE('',(#20765),#20761,.T.);
#20761=PLANE('',#20762);
#20762=AXIS2_PLACEMENT_3D('',#488,#20763,#20764);
#20763=DIRECTION('',(-0.8328303005395883,0,-0.5535284008098762));
#20764=DIRECTION('',(-0.5535284008098762,0,0.8328303005395884));
#20765=FACE_BOUND('',#20766,.T.);
#20766=EDGE_LOOP('',(#20767,#20768,#20769));
#20767=ORIENTED_EDGE('',*,*,#20770,.T.);
#20768=ORIENTED_EDGE('',*,*,#20771,.T.);
#20769=ORIENTED_EDGE('',*,*,#20772,.T.);
#20770=EDGE_CURVE('',#489,#481,#20773,.F.);
#20771=EDGE_CURVE('',#481,#391,#20774,.T.);
#20772=EDGE_CURVE('',#391,#489,#20775,.T.);
#20773=LINE('',#488,#20776);
#20774=LINE('',#480,#20777);
#20775=LINE('',#390,#20778);
#20776=VECTOR('',#20779,1.0);
#20777=VECTOR('',#20780,1.0);
#20778=VECTOR('',#20781,1.0);
#20779=DIRECTION('',(-0.5535284008098762,0,0.8328303005395884));
#20780=DIRECTION('',(0.018157083541323372,0.999461855082944,-0.02731886804817577));
#20781=DIRECTION('',(0,-1,0));
#20782=FACE_SURFACE('',(#20787),#20783,.T.);
#20783=PLANE('',#20784);
#20784=AXIS2_PLACEMENT_3D('',#388,#20785,#20786);
#20785=DIRECTION('',(-0.8328303005395883,-0,-0.5535284008098762));
#20786=DIRECTION('',(0.5535284008098762,0,-0.8328303005395884));
#20787=FACE_BOUND('',#20788,.T.);
#20788=EDGE_LOOP('',(#20789,#20790,#20791));
#20789=ORIENTED_EDGE('',*,*,#20792,.T.);
#20790=ORIENTED_EDGE('',*,*,#20793,.T.);
#20791=ORIENTED_EDGE('',*,*,#20794,.T.);
#20792=EDGE_CURVE('',#389,#391,#20795,.F.);
#20793=EDGE_CURVE('',#391,#481,#20796,.T.);
#20794=EDGE_CURVE('',#481,#389,#20797,.T.);
#20795=LINE('',#388,#20798);
#20796=LINE('',#390,#20799);
#20797=LINE('',#480,#20800);
#20798=VECTOR('',#20801,1.0);
#20799=VECTOR('',#20802,1.0);
#20800=VECTOR('',#20803,1.0);
#20801=DIRECTION('',(0.5535284008098762,0,-0.8328303005395884));
#20802=DIRECTION('',(-0.018157083541323372,-0.999461855082944,0.02731886804817577));
#20803=DIRECTION('',(0,1,0));
#20804=FACE_SURFACE('',(#20809),#20805,.T.);
#20805=PLANE('',#20806);
#20806=AXIS2_PLACEMENT_3D('',#632,#20807,#20808);
#20807=DIRECTION('',(0.4426212305470208,0,-0.8967086741350511));
#20808=DIRECTION('',(0,-1,0));
#20809=FACE_BOUND('',#20810,.T.);
#20810=EDGE_LOOP('',(#20811,#20812,#20813));
#20811=ORIENTED_EDGE('',*,*,#20814,.T.);
#20812=ORIENTED_EDGE('',*,*,#20815,.T.);
#20813=ORIENTED_EDGE('',*,*,#20816,.T.);
#20814=EDGE_CURVE('',#633,#587,#20817,.F.);
#20815=EDGE_CURVE('',#587,#575,#20818,.T.);
#20816=EDGE_CURVE('',#575,#633,#20819,.T.);
#20817=LINE('',#632,#20820);
#20818=LINE('',#586,#20821);
#20819=LINE('',#574,#20822);
#20820=VECTOR('',#20823,1.0);
#20821=VECTOR('',#20824,1.0);
#20822=VECTOR('',#20825,1.0);
#20823=DIRECTION('',(0,-1,0));
#20824=DIRECTION('',(-0.8967086741350511,0,-0.4426212305470208));
#20825=DIRECTION('',(0.04880256690374736,0.9985179101102526,0.02408926426146814));
#20826=FACE_SURFACE('',(#20831),#20827,.T.);
#20827=PLANE('',#20828);
#20828=AXIS2_PLACEMENT_3D('',#632,#20829,#20830);
#20829=DIRECTION('',(0.4426212305470208,0,-0.8967086741350511));
#20830=DIRECTION('',(-0.04880256690374736,-0.9985179101102526,-0.02408926426146814));
#20831=FACE_BOUND('',#20832,.T.);
#20832=EDGE_LOOP('',(#20833,#20834,#20835));
#20833=ORIENTED_EDGE('',*,*,#20836,.T.);
#20834=ORIENTED_EDGE('',*,*,#20837,.T.);
#20835=ORIENTED_EDGE('',*,*,#20838,.T.);
#20836=EDGE_CURVE('',#633,#575,#20839,.F.);
#20837=EDGE_CURVE('',#575,#647,#20840,.T.);
#20838=EDGE_CURVE('',#647,#633,#20841,.T.);
#20839=LINE('',#632,#20842);
#20840=LINE('',#574,#20843);
#20841=LINE('',#646,#20844);
#20842=VECTOR('',#20845,1.0);
#20843=VECTOR('',#20846,1.0);
#20844=VECTOR('',#20847,1.0);
#20845=DIRECTION('',(-0.04880256690374736,-0.9985179101102526,-0.02408926426146814));
#20846=DIRECTION('',(0,1,0));
#20847=DIRECTION('',(0.8967086741350511,0,0.4426212305470208));
#20848=FACE_SURFACE('',(#20853),#20849,.T.);
#20849=PLANE('',#20850);
#20850=AXIS2_PLACEMENT_3D('',#1014,#20851,#20852);
#20851=DIRECTION('',(-0.8964542110716484,0,0.44313637568124387));
#20852=DIRECTION('',(0,1,0));
#20853=FACE_BOUND('',#20854,.T.);
#20854=EDGE_LOOP('',(#20855,#20856,#20857));
#20855=ORIENTED_EDGE('',*,*,#20858,.T.);
#20856=ORIENTED_EDGE('',*,*,#20859,.T.);
#20857=ORIENTED_EDGE('',*,*,#20860,.T.);
#20858=EDGE_CURVE('',#1015,#1045,#20861,.F.);
#20859=EDGE_CURVE('',#1045,#991,#20862,.T.);
#20860=EDGE_CURVE('',#991,#1015,#20863,.T.);
#20861=LINE('',#1014,#20864);
#20862=LINE('',#1044,#20865);
#20863=LINE('',#990,#20866);
#20864=VECTOR('',#20867,1.0);
#20865=VECTOR('',#20868,1.0);
#20866=VECTOR('',#20869,1.0);
#20867=DIRECTION('',(0,1,0));
#20868=DIRECTION('',(-0.014492225997411828,-0.9994650889524107,-0.029317424016950845));
#20869=DIRECTION('',(0.44313637568124387,0,0.8964542110716484));
#20870=FACE_SURFACE('',(#20875),#20871,.T.);
#20871=PLANE('',#20872);
#20872=AXIS2_PLACEMENT_3D('',#1046,#20873,#20874);
#20873=DIRECTION('',(-0.8964542110716484,0,0.44313637568124387));
#20874=DIRECTION('',(0,-1,0));
#20875=FACE_BOUND('',#20876,.T.);
#20876=EDGE_LOOP('',(#20877,#20878,#20879));
#20877=ORIENTED_EDGE('',*,*,#20880,.T.);
#20878=ORIENTED_EDGE('',*,*,#20881,.T.);
#20879=ORIENTED_EDGE('',*,*,#20882,.T.);
#20880=EDGE_CURVE('',#1047,#991,#20883,.F.);
#20881=EDGE_CURVE('',#991,#1045,#20884,.T.);
#20882=EDGE_CURVE('',#1045,#1047,#20885,.T.);
#20883=LINE('',#1046,#20886);
#20884=LINE('',#990,#20887);
#20885=LINE('',#1044,#20888);
#20886=VECTOR('',#20889,1.0);
#20887=VECTOR('',#20890,1.0);
#20888=VECTOR('',#20891,1.0);
#20889=DIRECTION('',(0,-1,0));
#20890=DIRECTION('',(0.014492225997411828,0.9994650889524107,0.029317424016950845));
#20891=DIRECTION('',(-0.44313637568124387,0,-0.8964542110716484));
#20892=FACE_SURFACE('',(#20897),#20893,.T.);
#20893=PLANE('',#20894);
#20894=AXIS2_PLACEMENT_3D('',#488,#20895,#20896);
#20895=DIRECTION('',(-0.8964542110716484,0,-0.44313637568124387));
#20896=DIRECTION('',(0,1,0));
#20897=FACE_BOUND('',#20898,.T.);
#20898=EDGE_LOOP('',(#20899,#20900,#20901));
#20899=ORIENTED_EDGE('',*,*,#20902,.T.);
#20900=ORIENTED_EDGE('',*,*,#20903,.T.);
#20901=ORIENTED_EDGE('',*,*,#20904,.T.);
#20902=EDGE_CURVE('',#489,#391,#20905,.F.);
#20903=EDGE_CURVE('',#391,#211,#20906,.T.);
#20904=EDGE_CURVE('',#211,#489,#20907,.T.);
#20905=LINE('',#488,#20908);
#20906=LINE('',#390,#20909);
#20907=LINE('',#210,#20910);
#20908=VECTOR('',#20911,1.0);
#20909=VECTOR('',#20912,1.0);
#20910=VECTOR('',#20913,1.0);
#20911=DIRECTION('',(0,1,0));
#20912=DIRECTION('',(0.44313637568124387,0,-0.8964542110716484));
#20913=DIRECTION('',(-0.014492225997411828,-0.9994650889524107,0.029317424016950845));
#20914=FACE_SURFACE('',(#20919),#20915,.T.);
#20915=PLANE('',#20916);
#20916=AXIS2_PLACEMENT_3D('',#586,#20917,#20918);
#20917=DIRECTION('',(0.5550529835294616,0,-0.831814994740443));
#20918=DIRECTION('',(0,1,0));
#20919=FACE_BOUND('',#20920,.T.);
#20920=EDGE_LOOP('',(#20921,#20922,#20923));
#20921=ORIENTED_EDGE('',*,*,#20924,.T.);
#20922=ORIENTED_EDGE('',*,*,#20925,.T.);
#20923=ORIENTED_EDGE('',*,*,#20926,.T.);
#20924=EDGE_CURVE('',#587,#633,#20927,.F.);
#20925=EDGE_CURVE('',#633,#589,#20928,.T.);
#20926=EDGE_CURVE('',#589,#587,#20929,.T.);
#20927=LINE('',#586,#20930);
#20928=LINE('',#632,#20931);
#20929=LINE('',#588,#20932);
#20930=VECTOR('',#20933,1.0);
#20931=VECTOR('',#20934,1.0);
#20932=VECTOR('',#20935,1.0);
#20933=DIRECTION('',(0,1,0));
#20934=DIRECTION('',(0.045266151566190856,-0.9985182137993396,0.030205168984181404));
#20935=DIRECTION('',(-0.8318149947404431,0,-0.5550529835294616));
#20936=FACE_SURFACE('',(#20941),#20937,.T.);
#20937=PLANE('',#20938);
#20938=AXIS2_PLACEMENT_3D('',#630,#20939,#20940);
#20939=DIRECTION('',(0.5550529835294616,0,-0.831814994740443));
#20940=DIRECTION('',(0,-1,0));
#20941=FACE_BOUND('',#20942,.T.);
#20942=EDGE_LOOP('',(#20943,#20944,#20945));
#20943=ORIENTED_EDGE('',*,*,#20946,.T.);
#20944=ORIENTED_EDGE('',*,*,#20947,.T.);
#20945=ORIENTED_EDGE('',*,*,#20948,.T.);
#20946=EDGE_CURVE('',#631,#589,#20949,.F.);
#20947=EDGE_CURVE('',#589,#633,#20950,.T.);
#20948=EDGE_CURVE('',#633,#631,#20951,.T.);
#20949=LINE('',#630,#20952);
#20950=LINE('',#588,#20953);
#20951=LINE('',#632,#20954);
#20952=VECTOR('',#20955,1.0);
#20953=VECTOR('',#20956,1.0);
#20954=VECTOR('',#20957,1.0);
#20955=DIRECTION('',(0,-1,0));
#20956=DIRECTION('',(-0.045266151566190856,0.9985182137993396,-0.030205168984181404));
#20957=DIRECTION('',(0.8318149947404431,0,0.5550529835294616));
#20958=FACE_SURFACE('',(#20963),#20959,.T.);
#20959=PLANE('',#20960);
#20960=AXIS2_PLACEMENT_3D('',#990,#20961,#20962);
#20961=DIRECTION('',(-0.8328303005395883,0,0.5535284008098762));
#20962=DIRECTION('',(0,1,0));
#20963=FACE_BOUND('',#20964,.T.);
#20964=EDGE_LOOP('',(#20965,#20966,#20967));
#20965=ORIENTED_EDGE('',*,*,#20968,.T.);
#20966=ORIENTED_EDGE('',*,*,#20969,.T.);
#20967=ORIENTED_EDGE('',*,*,#20970,.T.);
#20968=EDGE_CURVE('',#991,#1047,#20971,.F.);
#20969=EDGE_CURVE('',#1047,#989,#20972,.T.);
#20970=EDGE_CURVE('',#989,#991,#20973,.T.);
#20971=LINE('',#990,#20974);
#20972=LINE('',#1046,#20975);
#20973=LINE('',#988,#20976);
#20974=VECTOR('',#20977,1.0);
#20975=VECTOR('',#20978,1.0);
#20976=VECTOR('',#20979,1.0);
#20977=DIRECTION('',(0,1,0));
#20978=DIRECTION('',(-0.018157083541323372,-0.999461855082944,-0.02731886804817577));
#20979=DIRECTION('',(0.5535284008098762,0,0.8328303005395884));
#20980=FACE_SURFACE('',(#20985),#20981,.T.);
#20981=PLANE('',#20982);
#20982=AXIS2_PLACEMENT_3D('',#1032,#20983,#20984);
#20983=DIRECTION('',(-0.8328303005395883,0,0.5535284008098762));
#20984=DIRECTION('',(0,-1,0));
#20985=FACE_BOUND('',#20986,.T.);
#20986=EDGE_LOOP('',(#20987,#20988,#20989));
#20987=ORIENTED_EDGE('',*,*,#20990,.T.);
#20988=ORIENTED_EDGE('',*,*,#20991,.T.);
#20989=ORIENTED_EDGE('',*,*,#20992,.T.);
#20990=EDGE_CURVE('',#1033,#989,#20993,.F.);
#20991=EDGE_CURVE('',#989,#1047,#20994,.T.);
#20992=EDGE_CURVE('',#1047,#1033,#20995,.T.);
#20993=LINE('',#1032,#20996);
#20994=LINE('',#988,#20997);
#20995=LINE('',#1046,#20998);
#20996=VECTOR('',#20999,1.0);
#20997=VECTOR('',#21000,1.0);
#20998=VECTOR('',#21001,1.0);
#20999=DIRECTION('',(0,-1,0));
#21000=DIRECTION('',(0.018157083541323372,0.999461855082944,0.02731886804817577));
#21001=DIRECTION('',(-0.5535284008098762,0,-0.8328303005395884));
#21002=FACE_SURFACE('',(#21007),#21003,.T.);
#21003=PLANE('',#21004);
#21004=AXIS2_PLACEMENT_3D('',#630,#21005,#21006);
#21005=DIRECTION('',(0.6597487982972629,0,-0.7514862095509921));
#21006=DIRECTION('',(0.7514862095509921,0,0.6597487982972629));
#21007=FACE_BOUND('',#21008,.T.);
#21008=EDGE_LOOP('',(#21009,#21010,#21011));
#21009=ORIENTED_EDGE('',*,*,#21012,.T.);
#21010=ORIENTED_EDGE('',*,*,#21013,.T.);
#21011=ORIENTED_EDGE('',*,*,#21014,.T.);
#21012=EDGE_CURVE('',#631,#617,#21015,.F.);
#21013=EDGE_CURVE('',#617,#589,#21016,.T.);
#21014=EDGE_CURVE('',#589,#631,#21017,.T.);
#21015=LINE('',#630,#21018);
#21016=LINE('',#616,#21019);
#21017=LINE('',#588,#21020);
#21018=VECTOR('',#21021,1.0);
#21019=VECTOR('',#21022,1.0);
#21020=VECTOR('',#21023,1.0);
#21021=DIRECTION('',(0.7514862095509921,0,0.6597487982972629));
#21022=DIRECTION('',(-0.04089764490677376,-0.9985180058009817,-0.035905079477844076));
#21023=DIRECTION('',(0,1,0));
#21024=FACE_SURFACE('',(#21029),#21025,.T.);
#21025=PLANE('',#21026);
#21026=AXIS2_PLACEMENT_3D('',#590,#21027,#21028);
#21027=DIRECTION('',(0.6597487982972629,0,-0.7514862095509921));
#21028=DIRECTION('',(-0.7514862095509921,0,-0.6597487982972629));
#21029=FACE_BOUND('',#21030,.T.);
#21030=EDGE_LOOP('',(#21031,#21032,#21033));
#21031=ORIENTED_EDGE('',*,*,#21034,.T.);
#21032=ORIENTED_EDGE('',*,*,#21035,.T.);
#21033=ORIENTED_EDGE('',*,*,#21036,.T.);
#21034=EDGE_CURVE('',#591,#589,#21037,.F.);
#21035=EDGE_CURVE('',#589,#617,#21038,.T.);
#21036=EDGE_CURVE('',#617,#591,#21039,.T.);
#21037=LINE('',#590,#21040);
#21038=LINE('',#588,#21041);
#21039=LINE('',#616,#21042);
#21040=VECTOR('',#21043,1.0);
#21041=VECTOR('',#21044,1.0);
#21042=VECTOR('',#21045,1.0);
#21043=DIRECTION('',(-0.7514862095509921,0,-0.6597487982972629));
#21044=DIRECTION('',(0.04089764490677376,0.9985180058009817,0.035905079477844076));
#21045=DIRECTION('',(0,-1,0));
#21046=FACE_SURFACE('',(#21051),#21047,.T.);
#21047=PLANE('',#21048);
#21048=AXIS2_PLACEMENT_3D('',#1032,#21049,#21050);
#21049=DIRECTION('',(-0.7490945091601733,0,0.6624631433869201));
#21050=DIRECTION('',(-0.6624631433869201,0,-0.7490945091601733));
#21051=FACE_BOUND('',#21052,.T.);
#21052=EDGE_LOOP('',(#21053,#21054,#21055));
#21053=ORIENTED_EDGE('',*,*,#21056,.T.);
#21054=ORIENTED_EDGE('',*,*,#21057,.T.);
#21055=ORIENTED_EDGE('',*,*,#21058,.T.);
#21056=EDGE_CURVE('',#1033,#731,#21059,.F.);
#21057=EDGE_CURVE('',#731,#989,#21060,.T.);
#21058=EDGE_CURVE('',#989,#1033,#21061,.T.);
#21059=LINE('',#1032,#21062);
#21060=LINE('',#730,#21063);
#21061=LINE('',#988,#21064);
#21062=VECTOR('',#21065,1.0);
#21063=VECTOR('',#21066,1.0);
#21064=VECTOR('',#21067,1.0);
#21065=DIRECTION('',(-0.6624631433869201,0,-0.7490945091601733));
#21066=DIRECTION('',(0.02165494792358729,-0.9994655871263466,0.024486800130153506));
#21067=DIRECTION('',(0,1,0));
#21068=FACE_SURFACE('',(#21073),#21069,.T.);
#21069=PLANE('',#21070);
#21070=AXIS2_PLACEMENT_3D('',#400,#21071,#21072);
#21071=DIRECTION('',(0.7514612994076278,0,0.6597771710908158));
#21072=DIRECTION('',(0,-1,0));
#21073=FACE_BOUND('',#21074,.T.);
#21074=EDGE_LOOP('',(#21075,#21076,#21077));
#21075=ORIENTED_EDGE('',*,*,#21078,.T.);
#21076=ORIENTED_EDGE('',*,*,#21079,.T.);
#21077=ORIENTED_EDGE('',*,*,#21080,.T.);
#21078=EDGE_CURVE('',#401,#945,#21081,.F.);
#21079=EDGE_CURVE('',#945,#837,#21082,.T.);
#21080=EDGE_CURVE('',#837,#401,#21083,.T.);
#21081=LINE('',#400,#21084);
#21082=LINE('',#944,#21085);
#21083=LINE('',#836,#21086);
#21084=VECTOR('',#21087,1.0);
#21085=VECTOR('',#21088,1.0);
#21086=VECTOR('',#21089,1.0);
#21087=DIRECTION('',(0,-1,0));
#21088=DIRECTION('',(0.6597771710908157,0,-0.7514612994076277));
#21089=DIRECTION('',(-0.015285656832630553,0.9997315879958157,0.01740978628702289));
#21090=FACE_SURFACE('',(#21095),#21091,.T.);
#21091=PLANE('',#21092);
#21092=AXIS2_PLACEMENT_3D('',#858,#21093,#21094);
#21093=DIRECTION('',(0.7514612994076278,0,0.6597771710908158));
#21094=DIRECTION('',(-0.6597771710908157,0,0.7514612994076277));
#21095=FACE_BOUND('',#21096,.T.);
#21096=EDGE_LOOP('',(#21097,#21098,#21099));
#21097=ORIENTED_EDGE('',*,*,#21100,.T.);
#21098=ORIENTED_EDGE('',*,*,#21101,.T.);
#21099=ORIENTED_EDGE('',*,*,#21102,.T.);
#21100=EDGE_CURVE('',#859,#401,#21103,.F.);
#21101=EDGE_CURVE('',#401,#837,#21104,.T.);
#21102=EDGE_CURVE('',#837,#859,#21105,.T.);
#21103=LINE('',#858,#21106);
#21104=LINE('',#400,#21107);
#21105=LINE('',#836,#21108);
#21106=VECTOR('',#21109,1.0);
#21107=VECTOR('',#21110,1.0);
#21108=VECTOR('',#21111,1.0);
#21109=DIRECTION('',(-0.6597771710908157,0,0.7514612994076277));
#21110=DIRECTION('',(0.015285656832630553,-0.9997315879958157,-0.01740978628702289));
#21111=DIRECTION('',(0,1,0));
#21112=FACE_SURFACE('',(#21117),#21113,.T.);
#21113=PLANE('',#21114);
#21114=AXIS2_PLACEMENT_3D('',#778,#21115,#21116);
#21115=DIRECTION('',(0.751486412346854,0,-0.6597485673027673));
#21116=DIRECTION('',(0,-1,0));
#21117=FACE_BOUND('',#21118,.T.);
#21118=EDGE_LOOP('',(#21119,#21120,#21121));
#21119=ORIENTED_EDGE('',*,*,#21122,.T.);
#21120=ORIENTED_EDGE('',*,*,#21123,.T.);
#21121=ORIENTED_EDGE('',*,*,#21124,.T.);
#21122=EDGE_CURVE('',#779,#593,#21125,.F.);
#21123=EDGE_CURVE('',#593,#591,#21126,.T.);
#21124=EDGE_CURVE('',#591,#779,#21127,.T.);
#21125=LINE('',#778,#21128);
#21126=LINE('',#592,#21129);
#21127=LINE('',#590,#21130);
#21128=VECTOR('',#21131,1.0);
#21129=VECTOR('',#21132,1.0);
#21130=VECTOR('',#21133,1.0);
#21131=DIRECTION('',(0,-1,0));
#21132=DIRECTION('',(-0.6597485673027674,0,-0.751486412346854));
#21133=DIRECTION('',(0.03590503988058645,0.9985180080336511,0.040897625159449814));
#21134=FACE_SURFACE('',(#21139),#21135,.T.);
#21135=PLANE('',#21136);
#21136=AXIS2_PLACEMENT_3D('',#778,#21137,#21138);
#21137=DIRECTION('',(0.751486412346854,0,-0.6597485673027673));
#21138=DIRECTION('',(-0.03590503988058645,-0.9985180080336511,-0.040897625159449814));
#21139=FACE_BOUND('',#21140,.T.);
#21140=EDGE_LOOP('',(#21141,#21142,#21143));
#21141=ORIENTED_EDGE('',*,*,#21144,.T.);
#21142=ORIENTED_EDGE('',*,*,#21145,.T.);
#21143=ORIENTED_EDGE('',*,*,#21146,.T.);
#21144=EDGE_CURVE('',#779,#591,#21147,.F.);
#21145=EDGE_CURVE('',#591,#617,#21148,.T.);
#21146=EDGE_CURVE('',#617,#779,#21149,.T.);
#21147=LINE('',#778,#21150);
#21148=LINE('',#590,#21151);
#21149=LINE('',#616,#21152);
#21150=VECTOR('',#21153,1.0);
#21151=VECTOR('',#21154,1.0);
#21152=VECTOR('',#21155,1.0);
#21153=DIRECTION('',(-0.03590503988058645,-0.9985180080336511,-0.040897625159449814));
#21154=DIRECTION('',(0,1,0));
#21155=DIRECTION('',(0.6597485673027674,0,0.751486412346854));
#21156=FACE_SURFACE('',(#21161),#21157,.T.);
#21157=PLANE('',#21158);
#21158=AXIS2_PLACEMENT_3D('',#548,#21159,#21160);
#21159=DIRECTION('',(0.19807545535302362,-0,0.9801867750519246));
#21160=DIRECTION('',(0,1,0));
#21161=FACE_BOUND('',#21162,.T.);
#21162=EDGE_LOOP('',(#21163,#21164,#21165));
#21163=ORIENTED_EDGE('',*,*,#21166,.T.);
#21164=ORIENTED_EDGE('',*,*,#21167,.T.);
#21165=ORIENTED_EDGE('',*,*,#21168,.T.);
#21166=EDGE_CURVE('',#549,#377,#21169,.F.);
#21167=EDGE_CURVE('',#377,#379,#21170,.T.);
#21168=EDGE_CURVE('',#379,#549,#21171,.T.);
#21169=LINE('',#548,#21172);
#21170=LINE('',#376,#21173);
#21171=LINE('',#378,#21174);
#21172=VECTOR('',#21175,1.0);
#21173=VECTOR('',#21176,1.0);
#21174=VECTOR('',#21177,1.0);
#21175=DIRECTION('',(0,1,0));
#21176=DIRECTION('',(-0.9801867750519246,0,0.19807545535302362));
#21177=DIRECTION('',(0.0321494917719529,-0.9994619564849769,-0.00649674672641907));
#21178=FACE_SURFACE('',(#21183),#21179,.T.);
#21179=PLANE('',#21180);
#21180=AXIS2_PLACEMENT_3D('',#926,#21181,#21182);
#21181=DIRECTION('',(0.6624631433869201,0,-0.7490945091601733));
#21182=DIRECTION('',(0,1,0));
#21183=FACE_BOUND('',#21184,.T.);
#21184=EDGE_LOOP('',(#21185,#21186,#21187));
#21185=ORIENTED_EDGE('',*,*,#21188,.T.);
#21186=ORIENTED_EDGE('',*,*,#21189,.T.);
#21187=ORIENTED_EDGE('',*,*,#21190,.T.);
#21188=EDGE_CURVE('',#927,#987,#21191,.F.);
#21189=EDGE_CURVE('',#987,#997,#21192,.T.);
#21190=EDGE_CURVE('',#997,#927,#21193,.T.);
#21191=LINE('',#926,#21194);
#21192=LINE('',#986,#21195);
#21193=LINE('',#996,#21196);
#21194=VECTOR('',#21197,1.0);
#21195=VECTOR('',#21198,1.0);
#21196=VECTOR('',#21199,1.0);
#21197=DIRECTION('',(0,1,0));
#21198=DIRECTION('',(0.024486800130153506,-0.9994655871263466,0.02165494792358729));
#21199=DIRECTION('',(-0.7490945091601733,0,-0.6624631433869201));
#21200=FACE_SURFACE('',(#21205),#21201,.T.);
#21201=PLANE('',#21202);
#21202=AXIS2_PLACEMENT_3D('',#868,#21203,#21204);
#21203=DIRECTION('',(0.6624631433869201,0,-0.7490945091601733));
#21204=DIRECTION('',(0,-1,0));
#21205=FACE_BOUND('',#21206,.T.);
#21206=EDGE_LOOP('',(#21207,#21208,#21209));
#21207=ORIENTED_EDGE('',*,*,#21210,.T.);
#21208=ORIENTED_EDGE('',*,*,#21211,.T.);
#21209=ORIENTED_EDGE('',*,*,#21212,.T.);
#21210=EDGE_CURVE('',#869,#997,#21213,.F.);
#21211=EDGE_CURVE('',#997,#987,#21214,.T.);
#21212=EDGE_CURVE('',#987,#869,#21215,.T.);
#21213=LINE('',#868,#21216);
#21214=LINE('',#996,#21217);
#21215=LINE('',#986,#21218);
#21216=VECTOR('',#21219,1.0);
#21217=VECTOR('',#21220,1.0);
#21218=VECTOR('',#21221,1.0);
#21219=DIRECTION('',(0,-1,0));
#21220=DIRECTION('',(-0.024486800130153506,0.9994655871263466,-0.02165494792358729));
#21221=DIRECTION('',(0.7490945091601733,0,0.6624631433869201));
#21222=FACE_SURFACE('',(#21227),#21223,.T.);
#21223=PLANE('',#21224);
#21224=AXIS2_PLACEMENT_3D('',#474,#21225,#21226);
#21225=DIRECTION('',(0.831814882425616,0,-0.5550531518469729));
#21226=DIRECTION('',(-0.5550531518469728,0,-0.831814882425616));
#21227=FACE_BOUND('',#21228,.T.);
#21228=EDGE_LOOP('',(#21229,#21230,#21231));
#21229=ORIENTED_EDGE('',*,*,#21232,.T.);
#21230=ORIENTED_EDGE('',*,*,#21233,.T.);
#21231=ORIENTED_EDGE('',*,*,#21234,.T.);
#21232=EDGE_CURVE('',#475,#593,#21235,.F.);
#21233=EDGE_CURVE('',#593,#779,#21236,.T.);
#21234=EDGE_CURVE('',#779,#475,#21237,.T.);
#21235=LINE('',#474,#21238);
#21236=LINE('',#592,#21239);
#21237=LINE('',#778,#21240);
#21238=VECTOR('',#21241,1.0);
#21239=VECTOR('',#21242,1.0);
#21240=VECTOR('',#21243,1.0);
#21241=DIRECTION('',(-0.5550531518469728,0,-0.831814882425616));
#21242=DIRECTION('',(0,1,0));
#21243=DIRECTION('',(0.030205169011306397,-0.9985182146960336,0.045266131768066487));
#21244=FACE_SURFACE('',(#21249),#21245,.T.);
#21245=PLANE('',#21246);
#21246=AXIS2_PLACEMENT_3D('',#398,#21247,#21248);
#21247=DIRECTION('',(0.8317744883383313,0,0.555113682545753));
#21248=DIRECTION('',(0.5551136825457531,0,-0.8317744883383315));
#21249=FACE_BOUND('',#21250,.T.);
#21250=EDGE_LOOP('',(#21251,#21252,#21253));
#21251=ORIENTED_EDGE('',*,*,#21254,.T.);
#21252=ORIENTED_EDGE('',*,*,#21255,.T.);
#21253=ORIENTED_EDGE('',*,*,#21256,.T.);
#21254=EDGE_CURVE('',#399,#945,#21257,.F.);
#21255=EDGE_CURVE('',#945,#401,#21258,.T.);
#21256=EDGE_CURVE('',#401,#399,#21259,.T.);
#21257=LINE('',#398,#21260);
#21258=LINE('',#944,#21261);
#21259=LINE('',#400,#21262);
#21260=VECTOR('',#21263,1.0);
#21261=VECTOR('',#21264,1.0);
#21262=VECTOR('',#21265,1.0);
#21263=DIRECTION('',(0.5551136825457531,0,-0.8317744883383315));
#21264=DIRECTION('',(0,1,0));
#21265=DIRECTION('',(-0.012869932075371612,-0.9997312075775491,0.01928412414165092));
#21266=FACE_SURFACE('',(#21271),#21267,.T.);
#21267=PLANE('',#21268);
#21268=AXIS2_PLACEMENT_3D('',#996,#21269,#21270);
#21269=DIRECTION('',(0.5535284008098762,0,-0.8328303005395883));
#21270=DIRECTION('',(0,1,0));
#21271=FACE_BOUND('',#21272,.T.);
#21272=EDGE_LOOP('',(#21273,#21274,#21275));
#21273=ORIENTED_EDGE('',*,*,#21276,.T.);
#21274=ORIENTED_EDGE('',*,*,#21277,.T.);
#21275=ORIENTED_EDGE('',*,*,#21278,.T.);
#21276=EDGE_CURVE('',#997,#869,#21279,.F.);
#21277=EDGE_CURVE('',#869,#867,#21280,.T.);
#21278=EDGE_CURVE('',#867,#997,#21281,.T.);
#21279=LINE('',#996,#21282);
#21280=LINE('',#868,#21283);
#21281=LINE('',#866,#21284);
#21282=VECTOR('',#21285,1.0);
#21283=VECTOR('',#21286,1.0);
#21284=VECTOR('',#21287,1.0);
#21285=DIRECTION('',(0,1,0));
#21286=DIRECTION('',(0.8328303005395884,0,0.5535284008098762));
#21287=DIRECTION('',(-0.02731886804817577,-0.999461855082944,-0.018157083541323372));
#21288=FACE_SURFACE('',(#21293),#21289,.T.);
#21289=PLANE('',#21290);
#21290=AXIS2_PLACEMENT_3D('',#740,#21291,#21292);
#21291=DIRECTION('',(-0.8317744883383313,0,0.555113682545753));
#21292=DIRECTION('',(0.012869932075371612,0.9997312075775491,0.01928412414165092));
#21293=FACE_BOUND('',#21294,.T.);
#21294=EDGE_LOOP('',(#21295,#21296,#21297));
#21295=ORIENTED_EDGE('',*,*,#21298,.T.);
#21296=ORIENTED_EDGE('',*,*,#21299,.T.);
#21297=ORIENTED_EDGE('',*,*,#21300,.T.);
#21298=EDGE_CURVE('',#741,#751,#21301,.F.);
#21299=EDGE_CURVE('',#751,#615,#21302,.T.);
#21300=EDGE_CURVE('',#615,#741,#21303,.T.);
#21301=LINE('',#740,#21304);
#21302=LINE('',#750,#21305);
#21303=LINE('',#614,#21306);
#21304=VECTOR('',#21307,1.0);
#21305=VECTOR('',#21308,1.0);
#21306=VECTOR('',#21309,1.0);
#21307=DIRECTION('',(0.012869932075371612,0.9997312075775491,0.01928412414165092));
#21308=DIRECTION('',(-0.5551136825457531,0,-0.8317744883383315));
#21309=DIRECTION('',(0,-1,0));
#21310=FACE_SURFACE('',(#21315),#21311,.T.);
#21311=PLANE('',#21312);
#21312=AXIS2_PLACEMENT_3D('',#224,#21313,#21314);
#21313=DIRECTION('',(0.5535149642253394,-0,0.8328392308114582));
#21314=DIRECTION('',(0,1,0));
#21315=FACE_BOUND('',#21316,.T.);
#21316=EDGE_LOOP('',(#21317,#21318,#21319));
#21317=ORIENTED_EDGE('',*,*,#21320,.T.);
#21318=ORIENTED_EDGE('',*,*,#21321,.T.);
#21319=ORIENTED_EDGE('',*,*,#21322,.T.);
#21320=EDGE_CURVE('',#225,#125,#21323,.F.);
#21321=EDGE_CURVE('',#125,#129,#21324,.T.);
#21322=EDGE_CURVE('',#129,#225,#21325,.T.);
#21323=LINE('',#224,#21326);
#21324=LINE('',#124,#21327);
#21325=LINE('',#128,#21328);
#21326=VECTOR('',#21329,1.0);
#21327=VECTOR('',#21330,1.0);
#21328=VECTOR('',#21331,1.0);
#21329=DIRECTION('',(0,1,0));
#21330=DIRECTION('',(-0.8328392308114582,0,0.5535149642253394));
#21331=DIRECTION('',(0.02731886836336854,-0.9994618666142839,-0.018156448310069996));
#21332=FACE_SURFACE('',(#21337),#21333,.T.);
#21333=PLANE('',#21334);
#21334=AXIS2_PLACEMENT_3D('',#404,#21335,#21336);
#21335=DIRECTION('',(0.8969291224726834,0,0.4421743426075083));
#21336=DIRECTION('',(0,-1,0));
#21337=FACE_BOUND('',#21338,.T.);
#21338=EDGE_LOOP('',(#21339,#21340,#21341));
#21339=ORIENTED_EDGE('',*,*,#21342,.T.);
#21340=ORIENTED_EDGE('',*,*,#21343,.T.);
#21341=ORIENTED_EDGE('',*,*,#21344,.T.);
#21342=EDGE_CURVE('',#405,#739,#21345,.F.);
#21343=EDGE_CURVE('',#739,#399,#21346,.T.);
#21344=EDGE_CURVE('',#399,#405,#21347,.T.);
#21345=LINE('',#404,#21348);
#21346=LINE('',#738,#21349);
#21347=LINE('',#398,#21350);
#21348=VECTOR('',#21351,1.0);
#21349=VECTOR('',#21352,1.0);
#21350=VECTOR('',#21353,1.0);
#21351=DIRECTION('',(0,-1,0));
#21352=DIRECTION('',(0.4421743426075084,0,-0.8969291224726834));
#21353=DIRECTION('',(-0.010245960032960322,0.9997314986028556,0.02078343100384414));
#21354=FACE_SURFACE('',(#21359),#21355,.T.);
#21355=PLANE('',#21356);
#21356=AXIS2_PLACEMENT_3D('',#876,#21357,#21358);
#21357=DIRECTION('',(0.44313637568124387,0,-0.8964542110716484));
#21358=DIRECTION('',(-0.8964542110716484,0,-0.44313637568124387));
#21359=FACE_BOUND('',#21360,.T.);
#21360=EDGE_LOOP('',(#21361,#21362,#21363));
#21361=ORIENTED_EDGE('',*,*,#21364,.T.);
#21362=ORIENTED_EDGE('',*,*,#21365,.T.);
#21363=ORIENTED_EDGE('',*,*,#21366,.T.);
#21364=EDGE_CURVE('',#877,#993,#21367,.F.);
#21365=EDGE_CURVE('',#993,#865,#21368,.T.);
#21366=EDGE_CURVE('',#865,#877,#21369,.T.);
#21367=LINE('',#876,#21370);
#21368=LINE('',#992,#21371);
#21369=LINE('',#864,#21372);
#21370=VECTOR('',#21373,1.0);
#21371=VECTOR('',#21374,1.0);
#21372=VECTOR('',#21375,1.0);
#21373=DIRECTION('',(-0.8964542110716484,0,-0.44313637568124387));
#21374=DIRECTION('',(0.029317424016950845,0.9994650889524107,0.014492225997411828));
#21375=DIRECTION('',(0,-1,0));
#21376=FACE_SURFACE('',(#21381),#21377,.T.);
#21377=PLANE('',#21378);
#21378=AXIS2_PLACEMENT_3D('',#736,#21379,#21380);
#21379=DIRECTION('',(-0.7514612994076278,0,0.6597771710908158));
#21380=DIRECTION('',(0.6597771710908157,0,0.7514612994076277));
#21381=FACE_BOUND('',#21382,.T.);
#21382=EDGE_LOOP('',(#21383,#21384,#21385));
#21383=ORIENTED_EDGE('',*,*,#21386,.T.);
#21384=ORIENTED_EDGE('',*,*,#21387,.T.);
#21385=ORIENTED_EDGE('',*,*,#21388,.T.);
#21386=EDGE_CURVE('',#737,#741,#21389,.F.);
#21387=EDGE_CURVE('',#741,#613,#21390,.T.);
#21388=EDGE_CURVE('',#613,#737,#21391,.T.);
#21389=LINE('',#736,#21392);
#21390=LINE('',#740,#21393);
#21391=LINE('',#612,#21394);
#21392=VECTOR('',#21395,1.0);
#21393=VECTOR('',#21396,1.0);
#21394=VECTOR('',#21397,1.0);
#21395=DIRECTION('',(0.6597771710908157,0,0.7514612994076277));
#21396=DIRECTION('',(-0.015285656832630553,0.9997315879958157,-0.01740978628702289));
#21397=DIRECTION('',(0,-1,0));
#21398=FACE_SURFACE('',(#21403),#21399,.T.);
#21399=PLANE('',#21400);
#21400=AXIS2_PLACEMENT_3D('',#614,#21401,#21402);
#21401=DIRECTION('',(-0.7514612994076278,0,0.6597771710908158));
#21402=DIRECTION('',(-0.6597771710908157,0,-0.7514612994076277));
#21403=FACE_BOUND('',#21404,.T.);
#21404=EDGE_LOOP('',(#21405,#21406,#21407));
#21405=ORIENTED_EDGE('',*,*,#21408,.T.);
#21406=ORIENTED_EDGE('',*,*,#21409,.T.);
#21407=ORIENTED_EDGE('',*,*,#21410,.T.);
#21408=EDGE_CURVE('',#615,#613,#21411,.F.);
#21409=EDGE_CURVE('',#613,#741,#21412,.T.);
#21410=EDGE_CURVE('',#741,#615,#21413,.T.);
#21411=LINE('',#614,#21414);
#21412=LINE('',#612,#21415);
#21413=LINE('',#740,#21416);
#21414=VECTOR('',#21417,1.0);
#21415=VECTOR('',#21418,1.0);
#21416=VECTOR('',#21419,1.0);
#21417=DIRECTION('',(-0.6597771710908157,0,-0.7514612994076277));
#21418=DIRECTION('',(0.015285656832630553,-0.9997315879958157,0.01740978628702289));
#21419=DIRECTION('',(0,1,0));
#21420=FACE_SURFACE('',(#21425),#21421,.T.);
#21421=PLANE('',#21422);
#21422=AXIS2_PLACEMENT_3D('',#230,#21423,#21424);
#21423=DIRECTION('',(0.7490945091601733,-0,0.6624631433869201));
#21424=DIRECTION('',(0.02165494792358729,0.9994655871263466,-0.024486800130153506));
#21425=FACE_BOUND('',#21426,.T.);
#21426=EDGE_LOOP('',(#21427,#21428,#21429));
#21427=ORIENTED_EDGE('',*,*,#21430,.T.);
#21428=ORIENTED_EDGE('',*,*,#21431,.T.);
#21429=ORIENTED_EDGE('',*,*,#21432,.T.);
#21430=EDGE_CURVE('',#231,#131,#21433,.F.);
#21431=EDGE_CURVE('',#131,#133,#21434,.T.);
#21432=EDGE_CURVE('',#133,#231,#21435,.T.);
#21433=LINE('',#230,#21436);
#21434=LINE('',#130,#21437);
#21435=LINE('',#132,#21438);
#21436=VECTOR('',#21439,1.0);
#21437=VECTOR('',#21440,1.0);
#21438=VECTOR('',#21441,1.0);
#21439=DIRECTION('',(0.02165494792358729,0.9994655871263466,-0.024486800130153506));
#21440=DIRECTION('',(-0.6624631433869201,0,0.7490945091601733));
#21441=DIRECTION('',(0,-1,0));
#21442=FACE_SURFACE('',(#21447),#21443,.T.);
#21443=PLANE('',#21444);
#21444=AXIS2_PLACEMENT_3D('',#404,#21445,#21446);
#21445=DIRECTION('',(0.9466851837609229,0,0.32216015093047695));
#21446=DIRECTION('',(-0.32216015093047695,0,0.9466851837609229));
#21447=FACE_BOUND('',#21448,.T.);
#21448=EDGE_LOOP('',(#21449,#21450,#21451));
#21449=ORIENTED_EDGE('',*,*,#21452,.T.);
#21450=ORIENTED_EDGE('',*,*,#21453,.T.);
#21451=ORIENTED_EDGE('',*,*,#21454,.T.);
#21452=EDGE_CURVE('',#405,#433,#21455,.F.);
#21453=EDGE_CURVE('',#433,#739,#21456,.T.);
#21454=EDGE_CURVE('',#739,#405,#21457,.T.);
#21455=LINE('',#404,#21458);
#21456=LINE('',#432,#21459);
#21457=LINE('',#738,#21460);
#21458=VECTOR('',#21461,1.0);
#21459=VECTOR('',#21462,1.0);
#21460=VECTOR('',#21463,1.0);
#21461=DIRECTION('',(-0.32216015093047695,0,0.9466851837609229));
#21462=DIRECTION('',(0.007455400373970932,-0.9997321902003913,-0.021908100839470503));
#21463=DIRECTION('',(0,1,0));
#21464=FACE_SURFACE('',(#21469),#21465,.T.);
#21465=PLANE('',#21466);
#21466=AXIS2_PLACEMENT_3D('',#230,#21467,#21468);
#21467=DIRECTION('',(0.8328303005395883,-0,0.5535284008098762));
#21468=DIRECTION('',(0,1,0));
#21469=FACE_BOUND('',#21470,.T.);
#21470=EDGE_LOOP('',(#21471,#21472,#21473));
#21471=ORIENTED_EDGE('',*,*,#21474,.T.);
#21472=ORIENTED_EDGE('',*,*,#21475,.T.);
#21473=ORIENTED_EDGE('',*,*,#21476,.T.);
#21474=EDGE_CURVE('',#231,#133,#21477,.F.);
#21475=EDGE_CURVE('',#133,#135,#21478,.T.);
#21476=EDGE_CURVE('',#135,#231,#21479,.T.);
#21477=LINE('',#230,#21480);
#21478=LINE('',#132,#21481);
#21479=LINE('',#134,#21482);
#21480=VECTOR('',#21483,1.0);
#21481=VECTOR('',#21484,1.0);
#21482=VECTOR('',#21485,1.0);
#21483=DIRECTION('',(0,1,0));
#21484=DIRECTION('',(-0.5535284008098762,0,0.8328303005395884));
#21485=DIRECTION('',(0.018157083541323372,-0.999461855082944,-0.02731886804817577));
#21486=FACE_SURFACE('',(#21491),#21487,.T.);
#21487=PLANE('',#21488);
#21488=AXIS2_PLACEMENT_3D('',#820,#21489,#21490);
#21489=DIRECTION('',(0.947065886929003,0,-0.3210392589939445));
#21490=DIRECTION('',(0,-1,0));
#21491=FACE_BOUND('',#21492,.T.);
#21492=EDGE_LOOP('',(#21493,#21494,#21495));
#21493=ORIENTED_EDGE('',*,*,#21496,.T.);
#21494=ORIENTED_EDGE('',*,*,#21497,.T.);
#21495=ORIENTED_EDGE('',*,*,#21498,.T.);
#21496=EDGE_CURVE('',#821,#469,#21499,.F.);
#21497=EDGE_CURVE('',#469,#749,#21500,.T.);
#21498=EDGE_CURVE('',#749,#821,#21501,.T.);
#21499=LINE('',#820,#21502);
#21500=LINE('',#468,#21503);
#21501=LINE('',#748,#21504);
#21502=VECTOR('',#21505,1.0);
#21503=VECTOR('',#21506,1.0);
#21504=VECTOR('',#21507,1.0);
#21505=DIRECTION('',(0,-1,0));
#21506=DIRECTION('',(-0.017474061291532603,0.9985176067046067,-0.051548484777773664));
#21507=DIRECTION('',(0.32103925899394453,0,0.9470658869290031));
#21508=FACE_SURFACE('',(#21513),#21509,.T.);
#21509=PLANE('',#21510);
#21510=AXIS2_PLACEMENT_3D('',#880,#21511,#21512);
#21511=DIRECTION('',(0.19806614858790147,0,-0.9801886557104991));
#21512=DIRECTION('',(-0.032149491838312616,0.9994619585479648,-0.006496429019428964));
#21513=FACE_BOUND('',#21514,.T.);
#21514=EDGE_LOOP('',(#21515,#21516,#21517));
#21515=ORIENTED_EDGE('',*,*,#21518,.T.);
#21516=ORIENTED_EDGE('',*,*,#21519,.T.);
#21517=ORIENTED_EDGE('',*,*,#21520,.T.);
#21518=EDGE_CURVE('',#881,#87,#21521,.F.);
#21519=EDGE_CURVE('',#87,#85,#21522,.T.);
#21520=EDGE_CURVE('',#85,#881,#21523,.T.);
#21521=LINE('',#880,#21524);
#21522=LINE('',#86,#21525);
#21523=LINE('',#84,#21526);
#21524=VECTOR('',#21527,1.0);
#21525=VECTOR('',#21528,1.0);
#21526=VECTOR('',#21529,1.0);
#21527=DIRECTION('',(-0.032149491838312616,0.9994619585479648,-0.006496429019428964));
#21528=DIRECTION('',(0.9801886557104992,0,0.19806614858790147));
#21529=DIRECTION('',(0,-1,0));
#21530=FACE_SURFACE('',(#21535),#21531,.T.);
#21531=PLANE('',#21532);
#21532=AXIS2_PLACEMENT_3D('',#946,#21533,#21534);
#21533=DIRECTION('',(0.9466851837609229,-0,0.32216015093047695));
#21534=DIRECTION('',(0.32216015093047695,0,-0.9466851837609229));
#21535=FACE_BOUND('',#21536,.T.);
#21536=EDGE_LOOP('',(#21537,#21538,#21539));
#21537=ORIENTED_EDGE('',*,*,#21540,.T.);
#21538=ORIENTED_EDGE('',*,*,#21541,.T.);
#21539=ORIENTED_EDGE('',*,*,#21542,.T.);
#21540=EDGE_CURVE('',#947,#739,#21543,.F.);
#21541=EDGE_CURVE('',#739,#433,#21544,.T.);
#21542=EDGE_CURVE('',#433,#947,#21545,.T.);
#21543=LINE('',#946,#21546);
#21544=LINE('',#738,#21547);
#21545=LINE('',#432,#21548);
#21546=VECTOR('',#21549,1.0);
#21547=VECTOR('',#21550,1.0);
#21548=VECTOR('',#21551,1.0);
#21549=DIRECTION('',(0.32216015093047695,0,-0.9466851837609229));
#21550=DIRECTION('',(-0.007455400373970932,0.9997321902003913,0.021908100839470503));
#21551=DIRECTION('',(0,-1,0));
#21552=FACE_SURFACE('',(#21557),#21553,.T.);
#21553=PLANE('',#21554);
#21554=AXIS2_PLACEMENT_3D('',#122,#21555,#21556);
#21555=DIRECTION('',(0.06618388024370983,0,-0.9978074433456018));
#21556=DIRECTION('',(0,-1,0));
#21557=FACE_BOUND('',#21558,.T.);
#21558=EDGE_LOOP('',(#21559,#21560,#21561));
#21559=ORIENTED_EDGE('',*,*,#21562,.T.);
#21560=ORIENTED_EDGE('',*,*,#21563,.T.);
#21561=ORIENTED_EDGE('',*,*,#21564,.T.);
#21562=EDGE_CURVE('',#123,#995,#21565,.F.);
#21563=EDGE_CURVE('',#995,#85,#21566,.T.);
#21564=EDGE_CURVE('',#85,#123,#21567,.T.);
#21565=LINE('',#122,#21568);
#21566=LINE('',#994,#21569);
#21567=LINE('',#84,#21570);
#21568=VECTOR('',#21571,1.0);
#21569=VECTOR('',#21572,1.0);
#21570=VECTOR('',#21573,1.0);
#21571=DIRECTION('',(0,-1,0));
#21572=DIRECTION('',(-0.032649032375971734,0.999464532094208,-0.002165587822835961));
#21573=DIRECTION('',(0.9978074433456018,0,0.06618388024370983));
#21574=FACE_SURFACE('',(#21579),#21575,.T.);
#21575=PLANE('',#21576);
#21576=AXIS2_PLACEMENT_3D('',#430,#21577,#21578);
#21577=DIRECTION('',(0.9809929779342055,0,0.19404323550121394));
#21578=DIRECTION('',(0.1940432355012139,0,-0.9809929779342055));
#21579=FACE_BOUND('',#21580,.T.);
#21580=EDGE_LOOP('',(#21581,#21582,#21583));
#21581=ORIENTED_EDGE('',*,*,#21584,.T.);
#21582=ORIENTED_EDGE('',*,*,#21585,.T.);
#21583=ORIENTED_EDGE('',*,*,#21586,.T.);
#21584=EDGE_CURVE('',#431,#947,#21587,.F.);
#21585=EDGE_CURVE('',#947,#433,#21588,.T.);
#21586=EDGE_CURVE('',#433,#431,#21589,.T.);
#21587=LINE('',#430,#21590);
#21588=LINE('',#946,#21591);
#21589=LINE('',#432,#21592);
#21590=VECTOR('',#21593,1.0);
#21591=VECTOR('',#21594,1.0);
#21592=VECTOR('',#21595,1.0);
#21593=DIRECTION('',(0.1940432355012139,0,-0.9809929779342055));
#21594=DIRECTION('',(0,1,0));
#21595=DIRECTION('',(-0.004498240342332914,-0.9997312696859166,0.022741025614682348));
#21596=FACE_SURFACE('',(#21601),#21597,.T.);
#21597=PLANE('',#21598);
#21598=AXIS2_PLACEMENT_3D('',#102,#21599,#21600);
#21599=DIRECTION('',(-0.19806614858790147,-0,-0.9801886557104991));
#21600=DIRECTION('',(0,-1,0));
#21601=FACE_BOUND('',#21602,.T.);
#21602=EDGE_LOOP('',(#21603,#21604,#21605));
#21603=ORIENTED_EDGE('',*,*,#21606,.T.);
#21604=ORIENTED_EDGE('',*,*,#21607,.T.);
#21605=ORIENTED_EDGE('',*,*,#21608,.T.);
#21606=EDGE_CURVE('',#103,#1009,#21609,.F.);
#21607=EDGE_CURVE('',#1009,#105,#21610,.T.);
#21608=EDGE_CURVE('',#105,#103,#21611,.T.);
#21609=LINE('',#102,#21612);
#21610=LINE('',#1008,#21613);
#21611=LINE('',#104,#21614);
#21612=VECTOR('',#21615,1.0);
#21613=VECTOR('',#21616,1.0);
#21614=VECTOR('',#21617,1.0);
#21615=DIRECTION('',(0,-1,0));
#21616=DIRECTION('',(-0.032149491838312616,0.9994619585479648,0.006496429019428964));
#21617=DIRECTION('',(0.9801886557104992,0,-0.19806614858790147));
#21618=FACE_SURFACE('',(#21623),#21619,.T.);
#21619=PLANE('',#21620);
#21620=AXIS2_PLACEMENT_3D('',#752,#21621,#21622);
#21621=DIRECTION('',(-0.8969291224726834,0,-0.4421743426075083));
#21622=DIRECTION('',(-0.010245960032960322,0.9997314986028556,0.02078343100384414));
#21623=FACE_BOUND('',#21624,.T.);
#21624=EDGE_LOOP('',(#21625,#21626,#21627));
#21625=ORIENTED_EDGE('',*,*,#21628,.T.);
#21626=ORIENTED_EDGE('',*,*,#21629,.T.);
#21627=ORIENTED_EDGE('',*,*,#21630,.T.);
#21628=EDGE_CURVE('',#753,#679,#21631,.F.);
#21629=EDGE_CURVE('',#679,#677,#21632,.T.);
#21630=EDGE_CURVE('',#677,#753,#21633,.T.);
#21631=LINE('',#752,#21634);
#21632=LINE('',#678,#21635);
#21633=LINE('',#676,#21636);
#21634=VECTOR('',#21637,1.0);
#21635=VECTOR('',#21638,1.0);
#21636=VECTOR('',#21639,1.0);
#21637=DIRECTION('',(-0.010245960032960322,0.9997314986028556,0.02078343100384414));
#21638=DIRECTION('',(0.4421743426075084,0,-0.8969291224726834));
#21639=DIRECTION('',(0,-1,0));
#21640=FACE_SURFACE('',(#21645),#21641,.T.);
#21641=PLANE('',#21642);
#21642=AXIS2_PLACEMENT_3D('',#436,#21643,#21644);
#21643=DIRECTION('',(0.9977851957884243,0,0.06651844154409839));
#21644=DIRECTION('',(0,-1,0));
#21645=FACE_BOUND('',#21646,.T.);
#21646=EDGE_LOOP('',(#21647,#21648,#21649));
#21647=ORIENTED_EDGE('',*,*,#21650,.T.);
#21648=ORIENTED_EDGE('',*,*,#21651,.T.);
#21649=ORIENTED_EDGE('',*,*,#21652,.T.);
#21650=EDGE_CURVE('',#437,#955,#21653,.F.);
#21651=EDGE_CURVE('',#955,#431,#21654,.T.);
#21652=EDGE_CURVE('',#431,#437,#21655,.T.);
#21653=LINE('',#436,#21656);
#21654=LINE('',#954,#21657);
#21655=LINE('',#430,#21658);
#21656=VECTOR('',#21659,1.0);
#21657=VECTOR('',#21660,1.0);
#21658=VECTOR('',#21661,1.0);
#21659=DIRECTION('',(0,-1,0));
#21660=DIRECTION('',(0.06651844154409839,0,-0.9977851957884244));
#21661=DIRECTION('',(-0.001541047969466543,0.9997316037314329,0.023115918146009988));
#21662=FACE_SURFACE('',(#21667),#21663,.T.);
#21663=PLANE('',#21664);
#21664=AXIS2_PLACEMENT_3D('',#752,#21665,#21666);
#21665=DIRECTION('',(-0.9466851837609229,0,-0.32216015093047695));
#21666=DIRECTION('',(0,1,0));
#21667=FACE_BOUND('',#21668,.T.);
#21668=EDGE_LOOP('',(#21669,#21670,#21671));
#21669=ORIENTED_EDGE('',*,*,#21672,.T.);
#21670=ORIENTED_EDGE('',*,*,#21673,.T.);
#21671=ORIENTED_EDGE('',*,*,#21674,.T.);
#21672=EDGE_CURVE('',#753,#677,#21675,.F.);
#21673=EDGE_CURVE('',#677,#681,#21676,.T.);
#21674=EDGE_CURVE('',#681,#753,#21677,.T.);
#21675=LINE('',#752,#21678);
#21676=LINE('',#676,#21679);
#21677=LINE('',#680,#21680);
#21678=VECTOR('',#21681,1.0);
#21679=VECTOR('',#21682,1.0);
#21680=VECTOR('',#21683,1.0);
#21681=DIRECTION('',(0,1,0));
#21682=DIRECTION('',(0.32216015093047695,0,-0.9466851837609229));
#21683=DIRECTION('',(-0.007455400373970932,-0.9997321902003913,0.021908100839470503));
#21684=FACE_SURFACE('',(#21689),#21685,.T.);
#21685=PLANE('',#21686);
#21686=AXIS2_PLACEMENT_3D('',#1008,#21687,#21688);
#21687=DIRECTION('',(-0.3208045041176908,0,-0.9471454324114129));
#21688=DIRECTION('',(0,1,0));
#21689=FACE_BOUND('',#21690,.T.);
#21690=EDGE_LOOP('',(#21691,#21692,#21693));
#21691=ORIENTED_EDGE('',*,*,#21694,.T.);
#21692=ORIENTED_EDGE('',*,*,#21695,.T.);
#21693=ORIENTED_EDGE('',*,*,#21696,.T.);
#21694=EDGE_CURVE('',#1009,#103,#21697,.F.);
#21695=EDGE_CURVE('',#103,#1003,#21698,.T.);
#21696=EDGE_CURVE('',#1003,#1009,#21699,.T.);
#21697=LINE('',#1008,#21700);
#21698=LINE('',#102,#21701);
#21699=LINE('',#1002,#21702);
#21700=VECTOR('',#21703,1.0);
#21701=VECTOR('',#21704,1.0);
#21702=VECTOR('',#21705,1.0);
#21703=DIRECTION('',(0,1,0));
#21704=DIRECTION('',(0.030983546092397125,-0.9994648011869012,-0.010494334660594733));
#21705=DIRECTION('',(-0.947145432411413,0,0.3208045041176908));
#21706=FACE_SURFACE('',(#21711),#21707,.T.);
#21707=PLANE('',#21708);
#21708=AXIS2_PLACEMENT_3D('',#120,#21709,#21710);
#21709=DIRECTION('',(-0.3208045041176908,-0,-0.9471454324114129));
#21710=DIRECTION('',(0,-1,0));
#21711=FACE_BOUND('',#21712,.T.);
#21712=EDGE_LOOP('',(#21713,#21714,#21715));
#21713=ORIENTED_EDGE('',*,*,#21716,.T.);
#21714=ORIENTED_EDGE('',*,*,#21717,.T.);
#21715=ORIENTED_EDGE('',*,*,#21718,.T.);
#21716=EDGE_CURVE('',#121,#1003,#21719,.F.);
#21717=EDGE_CURVE('',#1003,#103,#21720,.T.);
#21718=EDGE_CURVE('',#103,#121,#21721,.T.);
#21719=LINE('',#120,#21722);
#21720=LINE('',#1002,#21723);
#21721=LINE('',#102,#21724);
#21722=VECTOR('',#21725,1.0);
#21723=VECTOR('',#21726,1.0);
#21724=VECTOR('',#21727,1.0);
#21725=DIRECTION('',(0,-1,0));
#21726=DIRECTION('',(-0.030983546092397125,0.9994648011869012,0.010494334660594733));
#21727=DIRECTION('',(0.947145432411413,0,-0.3208045041176908));
#21728=FACE_SURFACE('',(#21733),#21729,.T.);
#21729=PLANE('',#21730);
#21730=AXIS2_PLACEMENT_3D('',#436,#21731,#21732);
#21731=DIRECTION('',(0.9977851957884243,0,-0.06651844154409839));
#21732=DIRECTION('',(0.06651844154409839,0,0.9977851957884244));
#21733=FACE_BOUND('',#21734,.T.);
#21734=EDGE_LOOP('',(#21735,#21736,#21737));
#21735=ORIENTED_EDGE('',*,*,#21738,.T.);
#21736=ORIENTED_EDGE('',*,*,#21739,.T.);
#21737=ORIENTED_EDGE('',*,*,#21740,.T.);
#21738=EDGE_CURVE('',#437,#897,#21741,.F.);
#21739=EDGE_CURVE('',#897,#955,#21742,.T.);
#21740=EDGE_CURVE('',#955,#437,#21743,.T.);
#21741=LINE('',#436,#21744);
#21742=LINE('',#896,#21745);
#21743=LINE('',#954,#21746);
#21744=VECTOR('',#21747,1.0);
#21745=VECTOR('',#21748,1.0);
#21746=VECTOR('',#21749,1.0);
#21747=DIRECTION('',(0.06651844154409839,0,0.9977851957884244));
#21748=DIRECTION('',(-0.001541047969466543,-0.9997316037314329,-0.023115918146009988));
#21749=DIRECTION('',(0,1,0));
#21750=FACE_SURFACE('',(#21755),#21751,.T.);
#21751=PLANE('',#21752);
#21752=AXIS2_PLACEMENT_3D('',#956,#21753,#21754);
#21753=DIRECTION('',(0.9977851957884243,0,-0.06651844154409839));
#21754=DIRECTION('',(-0.06651844154409839,0,-0.9977851957884244));
#21755=FACE_BOUND('',#21756,.T.);
#21756=EDGE_LOOP('',(#21757,#21758,#21759));
#21757=ORIENTED_EDGE('',*,*,#21760,.T.);
#21758=ORIENTED_EDGE('',*,*,#21761,.T.);
#21759=ORIENTED_EDGE('',*,*,#21762,.T.);
#21760=EDGE_CURVE('',#957,#955,#21763,.F.);
#21761=EDGE_CURVE('',#955,#897,#21764,.T.);
#21762=EDGE_CURVE('',#897,#957,#21765,.T.);
#21763=LINE('',#956,#21766);
#21764=LINE('',#954,#21767);
#21765=LINE('',#896,#21768);
#21766=VECTOR('',#21769,1.0);
#21767=VECTOR('',#21770,1.0);
#21768=VECTOR('',#21771,1.0);
#21769=DIRECTION('',(-0.06651844154409839,0,-0.9977851957884244));
#21770=DIRECTION('',(0.001541047969466543,0.9997316037314329,0.023115918146009988));
#21771=DIRECTION('',(0,-1,0));
#21772=FACE_SURFACE('',(#21777),#21773,.T.);
#21773=PLANE('',#21774);
#21774=AXIS2_PLACEMENT_3D('',#118,#21775,#21776);
#21775=DIRECTION('',(-0.44313637568124387,0,-0.8964542110716484));
#21776=DIRECTION('',(-0.029317424016950845,-0.9994650889524107,0.014492225997411828));
#21777=FACE_BOUND('',#21778,.T.);
#21778=EDGE_LOOP('',(#21779,#21780,#21781));
#21779=ORIENTED_EDGE('',*,*,#21782,.T.);
#21780=ORIENTED_EDGE('',*,*,#21783,.T.);
#21781=ORIENTED_EDGE('',*,*,#21784,.T.);
#21782=EDGE_CURVE('',#119,#1003,#21785,.F.);
#21783=EDGE_CURVE('',#1003,#121,#21786,.T.);
#21784=EDGE_CURVE('',#121,#119,#21787,.T.);
#21785=LINE('',#118,#21788);
#21786=LINE('',#1002,#21789);
#21787=LINE('',#120,#21790);
#21788=VECTOR('',#21791,1.0);
#21789=VECTOR('',#21792,1.0);
#21790=VECTOR('',#21793,1.0);
#21791=DIRECTION('',(-0.029317424016950845,-0.9994650889524107,0.014492225997411828));
#21792=DIRECTION('',(0,1,0));
#21793=DIRECTION('',(0.8964542110716484,0,-0.44313637568124387));
#21794=FACE_SURFACE('',(#21799),#21795,.T.);
#21795=PLANE('',#21796);
#21796=AXIS2_PLACEMENT_3D('',#1040,#21797,#21798);
#21797=DIRECTION('',(-0.5535284008098762,-0,-0.8328303005395883));
#21798=DIRECTION('',(0,-1,0));
#21799=FACE_BOUND('',#21800,.T.);
#21800=EDGE_LOOP('',(#21801,#21802,#21803));
#21801=ORIENTED_EDGE('',*,*,#21804,.T.);
#21802=ORIENTED_EDGE('',*,*,#21805,.T.);
#21803=ORIENTED_EDGE('',*,*,#21806,.T.);
#21804=EDGE_CURVE('',#1041,#911,#21807,.F.);
#21805=EDGE_CURVE('',#911,#119,#21808,.T.);
#21806=EDGE_CURVE('',#119,#1041,#21809,.T.);
#21807=LINE('',#1040,#21810);
#21808=LINE('',#910,#21811);
#21809=LINE('',#118,#21812);
#21810=VECTOR('',#21813,1.0);
#21811=VECTOR('',#21814,1.0);
#21812=VECTOR('',#21815,1.0);
#21813=DIRECTION('',(0,-1,0));
#21814=DIRECTION('',(-0.02731886804817577,0.999461855082944,0.018157083541323372));
#21815=DIRECTION('',(0.8328303005395884,0,-0.5535284008098762));
#21816=FACE_SURFACE('',(#21821),#21817,.T.);
#21817=PLANE('',#21818);
#21818=AXIS2_PLACEMENT_3D('',#956,#21819,#21820);
#21819=DIRECTION('',(0.9809929779342055,0,-0.19404323550121394));
#21820=DIRECTION('',(0,1,0));
#21821=FACE_BOUND('',#21822,.T.);
#21822=EDGE_LOOP('',(#21823,#21824,#21825));
#21823=ORIENTED_EDGE('',*,*,#21826,.T.);
#21824=ORIENTED_EDGE('',*,*,#21827,.T.);
#21825=ORIENTED_EDGE('',*,*,#21828,.T.);
#21826=EDGE_CURVE('',#957,#897,#21829,.F.);
#21827=EDGE_CURVE('',#897,#959,#21830,.T.);
#21828=EDGE_CURVE('',#959,#957,#21831,.T.);
#21829=LINE('',#956,#21832);
#21830=LINE('',#896,#21833);
#21831=LINE('',#958,#21834);
#21832=VECTOR('',#21835,1.0);
#21833=VECTOR('',#21836,1.0);
#21834=VECTOR('',#21837,1.0);
#21835=DIRECTION('',(0,1,0));
#21836=DIRECTION('',(0.004498240342332914,-0.9997312696859166,0.022741025614682348));
#21837=DIRECTION('',(-0.1940432355012139,0,-0.9809929779342055));
#21838=FACE_SURFACE('',(#21843),#21839,.T.);
#21839=PLANE('',#21840);
#21840=AXIS2_PLACEMENT_3D('',#902,#21841,#21842);
#21841=DIRECTION('',(0.9809929779342055,0,-0.19404323550121394));
#21842=DIRECTION('',(0,-1,0));
#21843=FACE_BOUND('',#21844,.T.);
#21844=EDGE_LOOP('',(#21845,#21846,#21847));
#21845=ORIENTED_EDGE('',*,*,#21848,.T.);
#21846=ORIENTED_EDGE('',*,*,#21849,.T.);
#21847=ORIENTED_EDGE('',*,*,#21850,.T.);
#21848=EDGE_CURVE('',#903,#959,#21851,.F.);
#21849=EDGE_CURVE('',#959,#897,#21852,.T.);
#21850=EDGE_CURVE('',#897,#903,#21853,.T.);
#21851=LINE('',#902,#21854);
#21852=LINE('',#958,#21855);
#21853=LINE('',#896,#21856);
#21854=VECTOR('',#21857,1.0);
#21855=VECTOR('',#21858,1.0);
#21856=VECTOR('',#21859,1.0);
#21857=DIRECTION('',(0,-1,0));
#21858=DIRECTION('',(-0.004498240342332914,0.9997312696859166,-0.022741025614682348));
#21859=DIRECTION('',(0.1940432355012139,0,0.9809929779342055));
#21860=FACE_SURFACE('',(#21865),#21861,.T.);
#21861=PLANE('',#21862);
#21862=AXIS2_PLACEMENT_3D('',#548,#21863,#21864);
#21863=DIRECTION('',(0.0610962390449761,-0,0.9981318798508337));
#21864=DIRECTION('',(0.03264904373624796,0.999464879859282,-0.0019984671574639905));
#21865=FACE_BOUND('',#21866,.T.);
#21866=EDGE_LOOP('',(#21867,#21868,#21869));
#21867=ORIENTED_EDGE('',*,*,#21870,.T.);
#21868=ORIENTED_EDGE('',*,*,#21871,.T.);
#21869=ORIENTED_EDGE('',*,*,#21872,.T.);
#21870=EDGE_CURVE('',#549,#355,#21873,.F.);
#21871=EDGE_CURVE('',#355,#377,#21874,.T.);
#21872=EDGE_CURVE('',#377,#549,#21875,.T.);
#21873=LINE('',#548,#21876);
#21874=LINE('',#354,#21877);
#21875=LINE('',#376,#21878);
#21876=VECTOR('',#21879,1.0);
#21877=VECTOR('',#21880,1.0);
#21878=VECTOR('',#21881,1.0);
#21879=DIRECTION('',(0.03264904373624796,0.999464879859282,-0.0019984671574639905));
#21880=DIRECTION('',(-0.9981318798508337,0,0.0610962390449761));
#21881=DIRECTION('',(0,-1,0));
#21882=FACE_SURFACE('',(#21887),#21883,.T.);
#21883=PLANE('',#21884);
#21884=AXIS2_PLACEMENT_3D('',#1040,#21885,#21886);
#21885=DIRECTION('',(-0.6624631433869201,-0,-0.7490945091601733));
#21886=DIRECTION('',(0.7490945091601733,0,-0.6624631433869201));
#21887=FACE_BOUND('',#21888,.T.);
#21888=EDGE_LOOP('',(#21889,#21890,#21891));
#21889=ORIENTED_EDGE('',*,*,#21892,.T.);
#21890=ORIENTED_EDGE('',*,*,#21893,.T.);
#21891=ORIENTED_EDGE('',*,*,#21894,.T.);
#21892=EDGE_CURVE('',#1041,#1017,#21895,.F.);
#21893=EDGE_CURVE('',#1017,#911,#21896,.T.);
#21894=EDGE_CURVE('',#911,#1041,#21897,.T.);
#21895=LINE('',#1040,#21898);
#21896=LINE('',#1016,#21899);
#21897=LINE('',#910,#21900);
#21898=VECTOR('',#21901,1.0);
#21899=VECTOR('',#21902,1.0);
#21900=VECTOR('',#21903,1.0);
#21901=DIRECTION('',(0.7490945091601733,0,-0.6624631433869201));
#21902=DIRECTION('',(-0.024486800130153506,-0.9994655871263466,0.02165494792358729));
#21903=DIRECTION('',(0,1,0));
#21904=FACE_SURFACE('',(#21909),#21905,.T.);
#21905=PLANE('',#21906);
#21906=AXIS2_PLACEMENT_3D('',#900,#21907,#21908);
#21907=DIRECTION('',(0.9466851837609229,0,-0.32216015093047695));
#21908=DIRECTION('',(0,-1,0));
#21909=FACE_BOUND('',#21910,.T.);
#21910=EDGE_LOOP('',(#21911,#21912,#21913));
#21911=ORIENTED_EDGE('',*,*,#21914,.T.);
#21912=ORIENTED_EDGE('',*,*,#21915,.T.);
#21913=ORIENTED_EDGE('',*,*,#21916,.T.);
#21914=EDGE_CURVE('',#901,#961,#21917,.F.);
#21915=EDGE_CURVE('',#961,#903,#21918,.T.);
#21916=EDGE_CURVE('',#903,#901,#21919,.T.);
#21917=LINE('',#900,#21920);
#21918=LINE('',#960,#21921);
#21919=LINE('',#902,#21922);
#21920=VECTOR('',#21923,1.0);
#21921=VECTOR('',#21924,1.0);
#21922=VECTOR('',#21925,1.0);
#21923=DIRECTION('',(0,-1,0));
#21924=DIRECTION('',(-0.007455400373970932,0.9997321902003913,-0.021908100839470503));
#21925=DIRECTION('',(0.32216015093047695,0,0.9466851837609229));
#21926=FACE_SURFACE('',(#21931),#21927,.T.);
#21927=PLANE('',#21928);
#21928=AXIS2_PLACEMENT_3D('',#958,#21929,#21930);
#21929=DIRECTION('',(0.9466851837609229,0,-0.32216015093047695));
#21930=DIRECTION('',(0,1,0));
#21931=FACE_BOUND('',#21932,.T.);
#21932=EDGE_LOOP('',(#21933,#21934,#21935));
#21933=ORIENTED_EDGE('',*,*,#21936,.T.);
#21934=ORIENTED_EDGE('',*,*,#21937,.T.);
#21935=ORIENTED_EDGE('',*,*,#21938,.T.);
#21936=EDGE_CURVE('',#959,#903,#21939,.F.);
#21937=EDGE_CURVE('',#903,#961,#21940,.T.);
#21938=EDGE_CURVE('',#961,#959,#21941,.T.);
#21939=LINE('',#958,#21942);
#21940=LINE('',#902,#21943);
#21941=LINE('',#960,#21944);
#21942=VECTOR('',#21945,1.0);
#21943=VECTOR('',#21946,1.0);
#21944=VECTOR('',#21947,1.0);
#21945=DIRECTION('',(0,1,0));
#21946=DIRECTION('',(0.007455400373970932,-0.9997321902003913,0.021908100839470503));
#21947=DIRECTION('',(-0.32216015093047695,0,-0.9466851837609229));
#21948=FACE_SURFACE('',(#21953),#21949,.T.);
#21949=PLANE('',#21950);
#21950=AXIS2_PLACEMENT_3D('',#596,#21951,#21952);
#21951=DIRECTION('',(0,-1,0));
#21952=DIRECTION('',(0.7966383881030107,0,0.6044561841859483));
#21953=FACE_BOUND('',#21954,.T.);
#21954=EDGE_LOOP('',(#21955,#21956,#21957));
#21955=ORIENTED_EDGE('',*,*,#21958,.T.);
#21956=ORIENTED_EDGE('',*,*,#21959,.T.);
#21957=ORIENTED_EDGE('',*,*,#21960,.T.);
#21958=EDGE_CURVE('',#597,#35,#21961,.F.);
#21959=EDGE_CURVE('',#35,#853,#21962,.T.);
#21960=EDGE_CURVE('',#853,#597,#21963,.T.);
#21961=LINE('',#596,#21964);
#21962=LINE('',#34,#21965);
#21963=LINE('',#852,#21966);
#21964=VECTOR('',#21967,1.0);
#21965=VECTOR('',#21968,1.0);
#21966=VECTOR('',#21969,1.0);
#21967=DIRECTION('',(0.7966383881030107,0,0.6044561841859483));
#21968=DIRECTION('',(-1,0,0));
#21969=DIRECTION('',(0,0,-1));
#21970=FACE_SURFACE('',(#21975),#21971,.T.);
#21971=PLANE('',#21972);
#21972=AXIS2_PLACEMENT_3D('',#224,#21973,#21974);
#21973=DIRECTION('',(0.4431441830048904,-0,0.8964503517032765));
#21974=DIRECTION('',(0.02931742388195757,0.999465084350333,-0.014492543652075477));
#21975=FACE_BOUND('',#21976,.T.);
#21976=EDGE_LOOP('',(#21977,#21978,#21979));
#21977=ORIENTED_EDGE('',*,*,#21980,.T.);
#21978=ORIENTED_EDGE('',*,*,#21981,.T.);
#21979=ORIENTED_EDGE('',*,*,#21982,.T.);
#21980=EDGE_CURVE('',#225,#381,#21983,.F.);
#21981=EDGE_CURVE('',#381,#125,#21984,.T.);
#21982=EDGE_CURVE('',#125,#225,#21985,.T.);
#21983=LINE('',#224,#21986);
#21984=LINE('',#380,#21987);
#21985=LINE('',#124,#21988);
#21986=VECTOR('',#21989,1.0);
#21987=VECTOR('',#21990,1.0);
#21988=VECTOR('',#21991,1.0);
#21989=DIRECTION('',(0.02931742388195757,0.999465084350333,-0.014492543652075477));
#21990=DIRECTION('',(-0.8964503517032765,0,0.4431441830048904));
#21991=DIRECTION('',(0,-1,0));
#21992=FACE_SURFACE('',(#21997),#21993,.T.);
#21993=PLANE('',#21994);
#21994=AXIS2_PLACEMENT_3D('',#40,#21995,#21996);
#21995=DIRECTION('',(0,1,0));
#21996=DIRECTION('',(-0.7966383881030107,0,-0.6044561841859483));
#21997=FACE_BOUND('',#21998,.T.);
#21998=EDGE_LOOP('',(#21999,#22000,#22001));
#21999=ORIENTED_EDGE('',*,*,#22002,.T.);
#22000=ORIENTED_EDGE('',*,*,#22003,.T.);
#22001=ORIENTED_EDGE('',*,*,#22004,.T.);
#22002=EDGE_CURVE('',#41,#45,#22005,.F.);
#22003=EDGE_CURVE('',#45,#851,#22006,.T.);
#22004=EDGE_CURVE('',#851,#41,#22007,.T.);
#22005=LINE('',#40,#22008);
#22006=LINE('',#44,#22009);
#22007=LINE('',#850,#22010);
#22008=VECTOR('',#22011,1.0);
#22009=VECTOR('',#22012,1.0);
#22010=VECTOR('',#22013,1.0);
#22011=DIRECTION('',(-0.7966383881030107,0,-0.6044561841859483));
#22012=DIRECTION('',(0,0,1));
#22013=DIRECTION('',(1,0,0));
#22014=FACE_SURFACE('',(#22019),#22015,.T.);
#22015=PLANE('',#22016);
#22016=AXIS2_PLACEMENT_3D('',#906,#22017,#22018);
#22017=DIRECTION('',(0.8969291224726834,0,-0.4421743426075083));
#22018=DIRECTION('',(0,-1,0));
#22019=FACE_BOUND('',#22020,.T.);
#22020=EDGE_LOOP('',(#22021,#22022,#22023));
#22021=ORIENTED_EDGE('',*,*,#22024,.T.);
#22022=ORIENTED_EDGE('',*,*,#22025,.T.);
#22023=ORIENTED_EDGE('',*,*,#22026,.T.);
#22024=EDGE_CURVE('',#907,#963,#22027,.F.);
#22025=EDGE_CURVE('',#963,#961,#22028,.T.);
#22026=EDGE_CURVE('',#961,#907,#22029,.T.);
#22027=LINE('',#906,#22030);
#22028=LINE('',#962,#22031);
#22029=LINE('',#960,#22032);
#22030=VECTOR('',#22033,1.0);
#22031=VECTOR('',#22034,1.0);
#22032=VECTOR('',#22035,1.0);
#22033=DIRECTION('',(0,-1,0));
#22034=DIRECTION('',(-0.4421743426075084,0,-0.8969291224726834));
#22035=DIRECTION('',(0.010245960032960322,0.9997314986028556,0.02078343100384414));
#22036=FACE_SURFACE('',(#22041),#22037,.T.);
#22037=PLANE('',#22038);
#22038=AXIS2_PLACEMENT_3D('',#906,#22039,#22040);
#22039=DIRECTION('',(0.8969291224726834,0,-0.4421743426075083));
#22040=DIRECTION('',(-0.010245960032960322,-0.9997314986028556,-0.02078343100384414));
#22041=FACE_BOUND('',#22042,.T.);
#22042=EDGE_LOOP('',(#22043,#22044,#22045));
#22043=ORIENTED_EDGE('',*,*,#22046,.T.);
#22044=ORIENTED_EDGE('',*,*,#22047,.T.);
#22045=ORIENTED_EDGE('',*,*,#22048,.T.);
#22046=EDGE_CURVE('',#907,#961,#22049,.F.);
#22047=EDGE_CURVE('',#961,#901,#22050,.T.);
#22048=EDGE_CURVE('',#901,#907,#22051,.T.);
#22049=LINE('',#906,#22052);
#22050=LINE('',#960,#22053);
#22051=LINE('',#900,#22054);
#22052=VECTOR('',#22055,1.0);
#22053=VECTOR('',#22056,1.0);
#22054=VECTOR('',#22057,1.0);
#22055=DIRECTION('',(-0.010245960032960322,-0.9997314986028556,-0.02078343100384414));
#22056=DIRECTION('',(0,1,0));
#22057=DIRECTION('',(0.4421743426075084,0,0.8969291224726834));
#22058=FACE_SURFACE('',(#22063),#22059,.T.);
#22059=PLANE('',#22060);
#22060=AXIS2_PLACEMENT_3D('',#766,#22061,#22062);
#22061=DIRECTION('',(-0.9809929779342055,0,0.19404323550121394));
#22062=DIRECTION('',(0.004498240342332914,0.9997312696859166,0.022741025614682348));
#22063=FACE_BOUND('',#22064,.T.);
#22064=EDGE_LOOP('',(#22065,#22066,#22067));
#22065=ORIENTED_EDGE('',*,*,#22068,.T.);
#22066=ORIENTED_EDGE('',*,*,#22069,.T.);
#22067=ORIENTED_EDGE('',*,*,#22070,.T.);
#22068=EDGE_CURVE('',#767,#843,#22071,.F.);
#22069=EDGE_CURVE('',#843,#823,#22072,.T.);
#22070=EDGE_CURVE('',#823,#767,#22073,.T.);
#22071=LINE('',#766,#22074);
#22072=LINE('',#842,#22075);
#22073=LINE('',#822,#22076);
#22074=VECTOR('',#22077,1.0);
#22075=VECTOR('',#22078,1.0);
#22076=VECTOR('',#22079,1.0);
#22077=DIRECTION('',(0.004498240342332914,0.9997312696859166,0.022741025614682348));
#22078=DIRECTION('',(-0.1940432355012139,0,-0.9809929779342055));
#22079=DIRECTION('',(0,-1,0));
#22080=FACE_SURFACE('',(#22085),#22081,.T.);
#22081=PLANE('',#22082);
#22082=AXIS2_PLACEMENT_3D('',#746,#22083,#22084);
#22083=DIRECTION('',(-0.9466851837609229,0,0.32216015093047695));
#22084=DIRECTION('',(0,-1,0));
#22085=FACE_BOUND('',#22086,.T.);
#22086=EDGE_LOOP('',(#22087,#22088,#22089));
#22087=ORIENTED_EDGE('',*,*,#22090,.T.);
#22088=ORIENTED_EDGE('',*,*,#22091,.T.);
#22089=ORIENTED_EDGE('',*,*,#22092,.T.);
#22090=EDGE_CURVE('',#747,#769,#22093,.F.);
#22091=EDGE_CURVE('',#769,#823,#22094,.T.);
#22092=EDGE_CURVE('',#823,#747,#22095,.T.);
#22093=LINE('',#746,#22096);
#22094=LINE('',#768,#22097);
#22095=LINE('',#822,#22098);
#22096=VECTOR('',#22099,1.0);
#22097=VECTOR('',#22100,1.0);
#22098=VECTOR('',#22101,1.0);
#22099=DIRECTION('',(0,-1,0));
#22100=DIRECTION('',(0.007455400373970932,0.9997321902003913,0.021908100839470503));
#22101=DIRECTION('',(-0.32216015093047695,0,-0.9466851837609229));
#22102=FACE_SURFACE('',(#22107),#22103,.T.);
#22103=PLANE('',#22104);
#22104=AXIS2_PLACEMENT_3D('',#962,#22105,#22106);
#22105=DIRECTION('',(0.8317744883383313,0,-0.555113682545753));
#22106=DIRECTION('',(0,1,0));
#22107=FACE_BOUND('',#22108,.T.);
#22108=EDGE_LOOP('',(#22109,#22110,#22111));
#22109=ORIENTED_EDGE('',*,*,#22112,.T.);
#22110=ORIENTED_EDGE('',*,*,#22113,.T.);
#22111=ORIENTED_EDGE('',*,*,#22114,.T.);
#22112=EDGE_CURVE('',#963,#907,#22115,.F.);
#22113=EDGE_CURVE('',#907,#695,#22116,.T.);
#22114=EDGE_CURVE('',#695,#963,#22117,.T.);
#22115=LINE('',#962,#22118);
#22116=LINE('',#906,#22119);
#22117=LINE('',#694,#22120);
#22118=VECTOR('',#22121,1.0);
#22119=VECTOR('',#22122,1.0);
#22120=VECTOR('',#22123,1.0);
#22121=DIRECTION('',(0,1,0));
#22122=DIRECTION('',(0.5551136825457531,0,0.8317744883383315));
#22123=DIRECTION('',(-0.012869932075371612,-0.9997312075775491,-0.01928412414165092));
#22124=FACE_SURFACE('',(#22129),#22125,.T.);
#22125=PLANE('',#22126);
#22126=AXIS2_PLACEMENT_3D('',#964,#22127,#22128);
#22127=DIRECTION('',(0.7514612994076278,0,-0.6597771710908158));
#22128=DIRECTION('',(0,1,0));
#22129=FACE_BOUND('',#22130,.T.);
#22130=EDGE_LOOP('',(#22131,#22132,#22133));
#22131=ORIENTED_EDGE('',*,*,#22134,.T.);
#22132=ORIENTED_EDGE('',*,*,#22135,.T.);
#22133=ORIENTED_EDGE('',*,*,#22136,.T.);
#22134=EDGE_CURVE('',#965,#695,#22137,.F.);
#22135=EDGE_CURVE('',#695,#967,#22138,.T.);
#22136=EDGE_CURVE('',#967,#965,#22139,.T.);
#22137=LINE('',#964,#22140);
#22138=LINE('',#694,#22141);
#22139=LINE('',#966,#22142);
#22140=VECTOR('',#22143,1.0);
#22141=VECTOR('',#22144,1.0);
#22142=VECTOR('',#22145,1.0);
#22143=DIRECTION('',(0,1,0));
#22144=DIRECTION('',(0.015285656832630553,-0.9997315879958157,0.01740978628702289));
#22145=DIRECTION('',(-0.6597771710908157,0,-0.7514612994076277));
#22146=FACE_SURFACE('',(#22151),#22147,.T.);
#22147=PLANE('',#22148);
#22148=AXIS2_PLACEMENT_3D('',#240,#22149,#22150);
#22149=DIRECTION('',(0.8964542110716484,-0,0.44313637568124387));
#22150=DIRECTION('',(0.014492225997411828,0.9994650889524107,-0.029317424016950845));
#22151=FACE_BOUND('',#22152,.T.);
#22152=EDGE_LOOP('',(#22153,#22154,#22155));
#22153=ORIENTED_EDGE('',*,*,#22156,.T.);
#22154=ORIENTED_EDGE('',*,*,#22157,.T.);
#22155=ORIENTED_EDGE('',*,*,#22158,.T.);
#22156=EDGE_CURVE('',#241,#135,#22159,.F.);
#22157=EDGE_CURVE('',#135,#165,#22160,.T.);
#22158=EDGE_CURVE('',#165,#241,#22161,.T.);
#22159=LINE('',#240,#22162);
#22160=LINE('',#134,#22163);
#22161=LINE('',#164,#22164);
#22162=VECTOR('',#22165,1.0);
#22163=VECTOR('',#22166,1.0);
#22164=VECTOR('',#22167,1.0);
#22165=DIRECTION('',(0.014492225997411828,0.9994650889524107,-0.029317424016950845));
#22166=DIRECTION('',(-0.44313637568124387,0,0.8964542110716484));
#22167=DIRECTION('',(0,-1,0));
#22168=FACE_SURFACE('',(#22173),#22169,.T.);
#22169=PLANE('',#22170);
#22170=AXIS2_PLACEMENT_3D('',#170,#22171,#22172);
#22171=DIRECTION('',(0.9471454324114129,0,0.3208045041176908));
#22172=DIRECTION('',(0.010494334660594733,-0.9994648011869012,-0.030983546092397125));
#22173=FACE_BOUND('',#22174,.T.);
#22174=EDGE_LOOP('',(#22175,#22176,#22177));
#22175=ORIENTED_EDGE('',*,*,#22178,.T.);
#22176=ORIENTED_EDGE('',*,*,#22179,.T.);
#22177=ORIENTED_EDGE('',*,*,#22180,.T.);
#22178=EDGE_CURVE('',#171,#241,#22181,.F.);
#22179=EDGE_CURVE('',#241,#165,#22182,.T.);
#22180=EDGE_CURVE('',#165,#171,#22183,.T.);
#22181=LINE('',#170,#22184);
#22182=LINE('',#240,#22185);
#22183=LINE('',#164,#22186);
#22184=VECTOR('',#22187,1.0);
#22185=VECTOR('',#22188,1.0);
#22186=VECTOR('',#22189,1.0);
#22187=DIRECTION('',(0.010494334660594733,-0.9994648011869012,-0.030983546092397125));
#22188=DIRECTION('',(0,1,0));
#22189=DIRECTION('',(-0.3208045041176908,0,0.947145432411413));
#22190=FACE_SURFACE('',(#22195),#22191,.T.);
#22191=PLANE('',#22192);
#22192=AXIS2_PLACEMENT_3D('',#172,#22193,#22194);
#22193=DIRECTION('',(0.9801886557104991,0,0.19806614858790147));
#22194=DIRECTION('',(0,-1,0));
#22195=FACE_BOUND('',#22196,.T.);
#22196=EDGE_LOOP('',(#22197,#22198,#22199));
#22197=ORIENTED_EDGE('',*,*,#22200,.T.);
#22198=ORIENTED_EDGE('',*,*,#22201,.T.);
#22199=ORIENTED_EDGE('',*,*,#22202,.T.);
#22200=EDGE_CURVE('',#173,#245,#22203,.F.);
#22201=EDGE_CURVE('',#245,#171,#22204,.T.);
#22202=EDGE_CURVE('',#171,#173,#22205,.T.);
#22203=LINE('',#172,#22206);
#22204=LINE('',#244,#22207);
#22205=LINE('',#170,#22208);
#22206=VECTOR('',#22209,1.0);
#22207=VECTOR('',#22210,1.0);
#22208=VECTOR('',#22211,1.0);
#22209=DIRECTION('',(0,-1,0));
#22210=DIRECTION('',(0.006496429019428964,0.9994619585479648,-0.032149491838312616));
#22211=DIRECTION('',(-0.19806614858790147,0,0.9801886557104992));
#22212=FACE_SURFACE('',(#22217),#22213,.T.);
#22213=PLANE('',#22214);
#22214=AXIS2_PLACEMENT_3D('',#172,#22215,#22216);
#22215=DIRECTION('',(0.9978074433456018,0,0.06618388024370983));
#22216=DIRECTION('',(-0.06618388024370983,0,0.9978074433456018));
#22217=FACE_BOUND('',#22218,.T.);
#22218=EDGE_LOOP('',(#22219,#22220,#22221));
#22219=ORIENTED_EDGE('',*,*,#22222,.T.);
#22220=ORIENTED_EDGE('',*,*,#22223,.T.);
#22221=ORIENTED_EDGE('',*,*,#22224,.T.);
#22222=EDGE_CURVE('',#173,#459,#22225,.F.);
#22223=EDGE_CURVE('',#459,#245,#22226,.T.);
#22224=EDGE_CURVE('',#245,#173,#22227,.T.);
#22225=LINE('',#172,#22228);
#22226=LINE('',#458,#22229);
#22227=LINE('',#244,#22230);
#22228=VECTOR('',#22231,1.0);
#22229=VECTOR('',#22232,1.0);
#22230=VECTOR('',#22233,1.0);
#22231=DIRECTION('',(-0.06618388024370983,0,0.9978074433456018));
#22232=DIRECTION('',(0.002165587822835961,-0.999464532094208,-0.032649032375971734));
#22233=DIRECTION('',(0,1,0));
#22234=FACE_SURFACE('',(#22239),#22235,.T.);
#22235=PLANE('',#22236);
#22236=AXIS2_PLACEMENT_3D('',#870,#22237,#22238);
#22237=DIRECTION('',(-0,1,-0));
#22238=DIRECTION('',(-0.0657580710433444,0,0.9978355957233929));
#22239=FACE_BOUND('',#22240,.T.);
#22240=EDGE_LOOP('',(#22241,#22242,#22243));
#22241=ORIENTED_EDGE('',*,*,#22244,.T.);
#22242=ORIENTED_EDGE('',*,*,#22245,.T.);
#22243=ORIENTED_EDGE('',*,*,#22246,.T.);
#22244=EDGE_CURVE('',#871,#47,#22247,.F.);
#22245=EDGE_CURVE('',#47,#987,#22248,.T.);
#22246=EDGE_CURVE('',#987,#871,#22249,.T.);
#22247=LINE('',#870,#22250);
#22248=LINE('',#46,#22251);
#22249=LINE('',#986,#22252);
#22250=VECTOR('',#22253,1.0);
#22251=VECTOR('',#22254,1.0);
#22252=VECTOR('',#22255,1.0);
#22253=DIRECTION('',(-0.0657580710433444,0,0.9978355957233929));
#22254=DIRECTION('',(0.8161524612278656,0,-0.5778366205353356));
#22255=DIRECTION('',(-0.8664636251466797,0,0.49924020901533384));
#22256=FACE_SURFACE('',(#22261),#22257,.T.);
#22257=PLANE('',#22258);
#22258=AXIS2_PLACEMENT_3D('',#44,#22259,#22260);
#22259=DIRECTION('',(0,1,0));
#22260=DIRECTION('',(0.5250343897289078,0,-0.8510810123613342));
#22261=FACE_BOUND('',#22262,.T.);
#22262=EDGE_LOOP('',(#22263,#22264,#22265));
#22263=ORIENTED_EDGE('',*,*,#22266,.T.);
#22264=ORIENTED_EDGE('',*,*,#22267,.T.);
#22265=ORIENTED_EDGE('',*,*,#22268,.T.);
#22266=EDGE_CURVE('',#45,#987,#22269,.F.);
#22267=EDGE_CURVE('',#987,#47,#22270,.T.);
#22268=EDGE_CURVE('',#47,#45,#22271,.T.);
#22269=LINE('',#44,#22272);
#22270=LINE('',#986,#22273);
#22271=LINE('',#46,#22274);
#22272=VECTOR('',#22275,1.0);
#22273=VECTOR('',#22276,1.0);
#22274=VECTOR('',#22277,1.0);
#22275=DIRECTION('',(0.5250343897289078,0,-0.8510810123613342));
#22276=DIRECTION('',(-0.8161524612278656,0,0.5778366205353356));
#22277=DIRECTION('',(0.6412261173772876,0,0.7673519833774126));
#22278=FACE_SURFACE('',(#22283),#22279,.T.);
#22279=PLANE('',#22280);
#22280=AXIS2_PLACEMENT_3D('',#864,#22281,#22282);
#22281=DIRECTION('',(0,1,0));
#22282=DIRECTION('',(-0.8964542110716484,0,-0.44313637568124387));
#22283=FACE_BOUND('',#22284,.T.);
#22284=EDGE_LOOP('',(#22285,#22286,#22287));
#22285=ORIENTED_EDGE('',*,*,#22288,.T.);
#22286=ORIENTED_EDGE('',*,*,#22289,.T.);
#22287=ORIENTED_EDGE('',*,*,#22290,.T.);
#22288=EDGE_CURVE('',#865,#867,#22291,.F.);
#22289=EDGE_CURVE('',#867,#45,#22292,.T.);
#22290=EDGE_CURVE('',#45,#865,#22293,.T.);
#22291=LINE('',#864,#22294);
#22292=LINE('',#866,#22295);
#22293=LINE('',#44,#22296);
#22294=VECTOR('',#22297,1.0);
#22295=VECTOR('',#22298,1.0);
#22296=VECTOR('',#22299,1.0);
#22297=DIRECTION('',(-0.8964542110716484,0,-0.44313637568124387));
#22298=DIRECTION('',(-0.5519229477940605,0,0.8338951131277331));
#22299=DIRECTION('',(0.5651079624841489,0,-0.8250169639086301));
#22300=FACE_SURFACE('',(#22305),#22301,.T.);
#22301=PLANE('',#22302);
#22302=AXIS2_PLACEMENT_3D('',#456,#22303,#22304);
#22303=DIRECTION('',(0.9978074433456018,0,-0.06618388024370983));
#22304=DIRECTION('',(0,-1,0));
#22305=FACE_BOUND('',#22306,.T.);
#22306=EDGE_LOOP('',(#22307,#22308,#22309));
#22307=ORIENTED_EDGE('',*,*,#22310,.T.);
#22308=ORIENTED_EDGE('',*,*,#22311,.T.);
#22309=ORIENTED_EDGE('',*,*,#22312,.T.);
#22310=EDGE_CURVE('',#457,#599,#22313,.F.);
#22311=EDGE_CURVE('',#599,#459,#22314,.T.);
#22312=EDGE_CURVE('',#459,#457,#22315,.T.);
#22313=LINE('',#456,#22316);
#22314=LINE('',#598,#22317);
#22315=LINE('',#458,#22318);
#22316=VECTOR('',#22319,1.0);
#22317=VECTOR('',#22320,1.0);
#22318=VECTOR('',#22321,1.0);
#22319=DIRECTION('',(0,-1,0));
#22320=DIRECTION('',(-0.002165587822835961,0.999464532094208,-0.032649032375971734));
#22321=DIRECTION('',(0.06618388024370983,0,0.9978074433456018));
#22322=FACE_SURFACE('',(#22327),#22323,.T.);
#22323=PLANE('',#22324);
#22324=AXIS2_PLACEMENT_3D('',#598,#22325,#22326);
#22325=DIRECTION('',(0.9801886557104991,0,-0.19806614858790147));
#22326=DIRECTION('',(0,1,0));
#22327=FACE_BOUND('',#22328,.T.);
#22328=EDGE_LOOP('',(#22329,#22330,#22331));
#22329=ORIENTED_EDGE('',*,*,#22332,.T.);
#22330=ORIENTED_EDGE('',*,*,#22333,.T.);
#22331=ORIENTED_EDGE('',*,*,#22334,.T.);
#22332=EDGE_CURVE('',#599,#457,#22335,.F.);
#22333=EDGE_CURVE('',#457,#601,#22336,.T.);
#22334=EDGE_CURVE('',#601,#599,#22337,.T.);
#22335=LINE('',#598,#22338);
#22336=LINE('',#456,#22339);
#22337=LINE('',#600,#22340);
#22338=VECTOR('',#22341,1.0);
#22339=VECTOR('',#22342,1.0);
#22340=VECTOR('',#22343,1.0);
#22341=DIRECTION('',(0,1,0));
#22342=DIRECTION('',(0.006496429019428964,-0.9994619585479648,0.032149491838312616));
#22343=DIRECTION('',(-0.19806614858790147,0,-0.9801886557104992));
#22344=FACE_SURFACE('',(#22349),#22345,.T.);
#22345=PLANE('',#22346);
#22346=AXIS2_PLACEMENT_3D('',#454,#22347,#22348);
#22347=DIRECTION('',(0.9801886557104991,0,-0.19806614858790147));
#22348=DIRECTION('',(0,-1,0));
#22349=FACE_BOUND('',#22350,.T.);
#22350=EDGE_LOOP('',(#22351,#22352,#22353));
#22351=ORIENTED_EDGE('',*,*,#22354,.T.);
#22352=ORIENTED_EDGE('',*,*,#22355,.T.);
#22353=ORIENTED_EDGE('',*,*,#22356,.T.);
#22354=EDGE_CURVE('',#455,#601,#22357,.F.);
#22355=EDGE_CURVE('',#601,#457,#22358,.T.);
#22356=EDGE_CURVE('',#457,#455,#22359,.T.);
#22357=LINE('',#454,#22360);
#22358=LINE('',#600,#22361);
#22359=LINE('',#456,#22362);
#22360=VECTOR('',#22363,1.0);
#22361=VECTOR('',#22364,1.0);
#22362=VECTOR('',#22365,1.0);
#22363=DIRECTION('',(0,-1,0));
#22364=DIRECTION('',(-0.006496429019428964,0.9994619585479648,-0.032149491838312616));
#22365=DIRECTION('',(0.19806614858790147,0,0.9801886557104992));
#22366=FACE_SURFACE('',(#22371),#22367,.T.);
#22367=PLANE('',#22368);
#22368=AXIS2_PLACEMENT_3D('',#454,#22369,#22370);
#22369=DIRECTION('',(0.9471454324114129,0,-0.3208045041176908));
#22370=DIRECTION('',(0.3208045041176908,0,0.947145432411413));
#22371=FACE_BOUND('',#22372,.T.);
#22372=EDGE_LOOP('',(#22373,#22374,#22375));
#22373=ORIENTED_EDGE('',*,*,#22376,.T.);
#22374=ORIENTED_EDGE('',*,*,#22377,.T.);
#22375=ORIENTED_EDGE('',*,*,#22378,.T.);
#22376=EDGE_CURVE('',#455,#453,#22379,.F.);
#22377=EDGE_CURVE('',#453,#601,#22380,.T.);
#22378=EDGE_CURVE('',#601,#455,#22381,.T.);
#22379=LINE('',#454,#22382);
#22380=LINE('',#452,#22383);
#22381=LINE('',#600,#22384);
#22382=VECTOR('',#22385,1.0);
#22383=VECTOR('',#22386,1.0);
#22384=VECTOR('',#22387,1.0);
#22385=DIRECTION('',(0.3208045041176908,0,0.947145432411413));
#22386=DIRECTION('',(-0.010494334660594733,-0.9994648011869012,-0.030983546092397125));
#22387=DIRECTION('',(0,1,0));
#22388=FACE_SURFACE('',(#22393),#22389,.T.);
#22389=PLANE('',#22390);
#22390=AXIS2_PLACEMENT_3D('',#510,#22391,#22392);
#22391=DIRECTION('',(-0,1,0));
#22392=DIRECTION('',(1,0,0));
#22393=FACE_BOUND('',#22394,.T.);
#22394=EDGE_LOOP('',(#22395,#22396,#22397));
#22395=ORIENTED_EDGE('',*,*,#22398,.T.);
#22396=ORIENTED_EDGE('',*,*,#22399,.T.);
#22397=ORIENTED_EDGE('',*,*,#22400,.T.);
#22398=EDGE_CURVE('',#511,#45,#22401,.F.);
#22399=EDGE_CURVE('',#45,#507,#22402,.T.);
#22400=EDGE_CURVE('',#507,#511,#22403,.T.);
#22401=LINE('',#510,#22404);
#22402=LINE('',#44,#22405);
#22403=LINE('',#506,#22406);
#22404=VECTOR('',#22407,1.0);
#22405=VECTOR('',#22408,1.0);
#22406=VECTOR('',#22409,1.0);
#22407=DIRECTION('',(1,0,0));
#22408=DIRECTION('',(-0.9547910327504942,0,-0.2972777889100442));
#22409=DIRECTION('',(-0.44261916109580884,0,0.8967096956266518));
#22410=FACE_SURFACE('',(#22415),#22411,.T.);
#22411=PLANE('',#22412);
#22412=AXIS2_PLACEMENT_3D('',#506,#22413,#22414);
#22413=DIRECTION('',(-0,1,0));
#22414=DIRECTION('',(0.9547910327504942,0,0.2972777889100442));
#22415=FACE_BOUND('',#22416,.T.);
#22416=EDGE_LOOP('',(#22417,#22418,#22419));
#22417=ORIENTED_EDGE('',*,*,#22420,.T.);
#22418=ORIENTED_EDGE('',*,*,#22421,.T.);
#22419=ORIENTED_EDGE('',*,*,#22422,.T.);
#22420=EDGE_CURVE('',#507,#45,#22423,.F.);
#22421=EDGE_CURVE('',#45,#43,#22424,.T.);
#22422=EDGE_CURVE('',#43,#507,#22425,.T.);
#22423=LINE('',#506,#22426);
#22424=LINE('',#44,#22427);
#22425=LINE('',#42,#22428);
#22426=VECTOR('',#22429,1.0);
#22427=VECTOR('',#22430,1.0);
#22428=VECTOR('',#22431,1.0);
#22429=DIRECTION('',(0.9547910327504942,0,0.2972777889100442));
#22430=DIRECTION('',(-0.8110183321166249,0,-0.5850207389236453));
#22431=DIRECTION('',(-0.32103970227356016,0,0.9470657366646223));
#22432=FACE_SURFACE('',(#22437),#22433,.T.);
#22433=PLANE('',#22434);
#22434=AXIS2_PLACEMENT_3D('',#538,#22435,#22436);
#22435=DIRECTION('',(-0.8964542110716484,0,0.44313637568124387));
#22436=DIRECTION('',(0,1,0));
#22437=FACE_BOUND('',#22438,.T.);
#22438=EDGE_LOOP('',(#22439,#22440,#22441));
#22439=ORIENTED_EDGE('',*,*,#22442,.T.);
#22440=ORIENTED_EDGE('',*,*,#22443,.T.);
#22441=ORIENTED_EDGE('',*,*,#22444,.T.);
#22442=EDGE_CURVE('',#539,#81,#22445,.F.);
#22443=EDGE_CURVE('',#81,#387,#22446,.T.);
#22444=EDGE_CURVE('',#387,#539,#22447,.T.);
#22445=LINE('',#538,#22448);
#22446=LINE('',#80,#22449);
#22447=LINE('',#386,#22450);
#22448=VECTOR('',#22451,1.0);
#22449=VECTOR('',#22452,1.0);
#22450=VECTOR('',#22453,1.0);
#22451=DIRECTION('',(0,1,0));
#22452=DIRECTION('',(-0.014492225997411828,-0.9994650889524107,-0.029317424016950845));
#22453=DIRECTION('',(0.44313637568124387,0,0.8964542110716484));
#22454=FACE_SURFACE('',(#22459),#22455,.T.);
#22455=PLANE('',#22456);
#22456=AXIS2_PLACEMENT_3D('',#848,#22457,#22458);
#22457=DIRECTION('',(-0.06473099360969962,0,0.9979027500043784));
#22458=DIRECTION('',(0,1,0));
#22459=FACE_BOUND('',#22460,.T.);
#22460=EDGE_LOOP('',(#22461,#22462,#22463));
#22461=ORIENTED_EDGE('',*,*,#22464,.T.);
#22462=ORIENTED_EDGE('',*,*,#22465,.T.);
#22463=ORIENTED_EDGE('',*,*,#22466,.T.);
#22464=EDGE_CURVE('',#849,#657,#22467,.F.);
#22465=EDGE_CURVE('',#657,#825,#22468,.T.);
#22466=EDGE_CURVE('',#825,#849,#22469,.T.);
#22467=LINE('',#848,#22470);
#22468=LINE('',#656,#22471);
#22469=LINE('',#824,#22472);
#22470=VECTOR('',#22473,1.0);
#22471=VECTOR('',#22474,1.0);
#22472=VECTOR('',#22475,1.0);
#22473=DIRECTION('',(0,1,0));
#22474=DIRECTION('',(-0.02311590720136846,-0.9997316672251673,-0.0014994603846192685));
#22475=DIRECTION('',(0.9979027500043786,0,0.06473099360969962));
#22476=FACE_SURFACE('',(#22481),#22477,.T.);
#22477=PLANE('',#22478);
#22478=AXIS2_PLACEMENT_3D('',#60,#22479,#22480);
#22479=DIRECTION('',(-0.8328303005395883,0,0.5535284008098762));
#22480=DIRECTION('',(-0.5535284008098762,0,-0.8328303005395884));
#22481=FACE_BOUND('',#22482,.T.);
#22482=EDGE_LOOP('',(#22483,#22484,#22485));
#22483=ORIENTED_EDGE('',*,*,#22486,.T.);
#22484=ORIENTED_EDGE('',*,*,#22487,.T.);
#22485=ORIENTED_EDGE('',*,*,#22488,.T.);
#22486=EDGE_CURVE('',#61,#187,#22489,.F.);
#22487=EDGE_CURVE('',#187,#387,#22490,.T.);
#22488=EDGE_CURVE('',#387,#61,#22491,.T.);
#22489=LINE('',#60,#22492);
#22490=LINE('',#186,#22493);
#22491=LINE('',#386,#22494);
#22492=VECTOR('',#22495,1.0);
#22493=VECTOR('',#22496,1.0);
#22494=VECTOR('',#22497,1.0);
#22495=DIRECTION('',(-0.5535284008098762,0,-0.8328303005395884));
#22496=DIRECTION('',(0.018157083541323372,-0.999461855082944,0.02731886804817577));
#22497=DIRECTION('',(0,1,0));
#22498=FACE_SURFACE('',(#22503),#22499,.T.);
#22499=PLANE('',#22500);
#22500=AXIS2_PLACEMENT_3D('',#870,#22501,#22502);
#22501=DIRECTION('',(0,1,0));
#22502=DIRECTION('',(0.8664636251466797,0,-0.49924020901533384));
#22503=FACE_BOUND('',#22504,.T.);
#22504=EDGE_LOOP('',(#22505,#22506,#22507));
#22505=ORIENTED_EDGE('',*,*,#22508,.T.);
#22506=ORIENTED_EDGE('',*,*,#22509,.T.);
#22507=ORIENTED_EDGE('',*,*,#22510,.T.);
#22508=EDGE_CURVE('',#871,#987,#22511,.F.);
#22509=EDGE_CURVE('',#987,#471,#22512,.T.);
#22510=EDGE_CURVE('',#471,#871,#22513,.T.);
#22511=LINE('',#870,#22514);
#22512=LINE('',#986,#22515);
#22513=LINE('',#470,#22516);
#22514=VECTOR('',#22517,1.0);
#22515=VECTOR('',#22518,1.0);
#22516=VECTOR('',#22519,1.0);
#22517=DIRECTION('',(0.8664636251466797,0,-0.49924020901533384));
#22518=DIRECTION('',(-0.9173470250683955,0,0.39808847709794926));
#22519=DIRECTION('',(0.0657580710433444,0,0.9978355957233929));
#22520=FACE_SURFACE('',(#22525),#22521,.T.);
#22521=PLANE('',#22522);
#22522=AXIS2_PLACEMENT_3D('',#644,#22523,#22524);
#22523=DIRECTION('',(-0.5551146713758126,0,0.8317738284072923));
#22524=DIRECTION('',(0,-1,0));
#22525=FACE_BOUND('',#22526,.T.);
#22526=EDGE_LOOP('',(#22527,#22528,#22529));
#22527=ORIENTED_EDGE('',*,*,#22530,.T.);
#22528=ORIENTED_EDGE('',*,*,#22531,.T.);
#22529=ORIENTED_EDGE('',*,*,#22532,.T.);
#22530=EDGE_CURVE('',#645,#745,#22533,.F.);
#22531=EDGE_CURVE('',#745,#625,#22534,.T.);
#22532=EDGE_CURVE('',#625,#645,#22535,.T.);
#22533=LINE('',#644,#22536);
#22534=LINE('',#744,#22537);
#22535=LINE('',#624,#22538);
#22536=VECTOR('',#22539,1.0);
#22537=VECTOR('',#22540,1.0);
#22538=VECTOR('',#22541,1.0);
#22539=DIRECTION('',(0,-1,0));
#22540=DIRECTION('',(0.01928407450913165,0.9997312085347664,0.012869932087694247));
#22541=DIRECTION('',(-0.8317738284072922,0,-0.5551146713758125));
#22542=FACE_SURFACE('',(#22547),#22543,.T.);
#22543=PLANE('',#22544);
#22544=AXIS2_PLACEMENT_3D('',#742,#22545,#22546);
#22545=DIRECTION('',(-0.5551146713758126,0,0.8317738284072923));
#22546=DIRECTION('',(0,1,0));
#22547=FACE_BOUND('',#22548,.T.);
#22548=EDGE_LOOP('',(#22549,#22550,#22551));
#22549=ORIENTED_EDGE('',*,*,#22552,.T.);
#22550=ORIENTED_EDGE('',*,*,#22553,.T.);
#22551=ORIENTED_EDGE('',*,*,#22554,.T.);
#22552=EDGE_CURVE('',#743,#625,#22555,.F.);
#22553=EDGE_CURVE('',#625,#745,#22556,.T.);
#22554=EDGE_CURVE('',#745,#743,#22557,.T.);
#22555=LINE('',#742,#22558);
#22556=LINE('',#624,#22559);
#22557=LINE('',#744,#22560);
#22558=VECTOR('',#22561,1.0);
#22559=VECTOR('',#22562,1.0);
#22560=VECTOR('',#22563,1.0);
#22561=DIRECTION('',(0,1,0));
#22562=DIRECTION('',(-0.01928407450913165,-0.9997312085347664,-0.012869932087694247));
#22563=DIRECTION('',(0.8317738284072922,0,0.5551146713758125));
#22564=FACE_SURFACE('',(#22569),#22565,.T.);
#22565=PLANE('',#22566);
#22566=AXIS2_PLACEMENT_3D('',#196,#22567,#22568);
#22567=DIRECTION('',(-0.4431441830048904,0,0.8964503517032765));
#22568=DIRECTION('',(0,-1,0));
#22569=FACE_BOUND('',#22570,.T.);
#22570=EDGE_LOOP('',(#22571,#22572,#22573));
#22571=ORIENTED_EDGE('',*,*,#22574,.T.);
#22572=ORIENTED_EDGE('',*,*,#22575,.T.);
#22573=ORIENTED_EDGE('',*,*,#22576,.T.);
#22574=EDGE_CURVE('',#197,#347,#22577,.F.);
#22575=EDGE_CURVE('',#347,#195,#22578,.T.);
#22576=EDGE_CURVE('',#195,#197,#22579,.T.);
#22577=LINE('',#196,#22580);
#22578=LINE('',#346,#22581);
#22579=LINE('',#194,#22582);
#22580=VECTOR('',#22583,1.0);
#22581=VECTOR('',#22584,1.0);
#22582=VECTOR('',#22585,1.0);
#22583=DIRECTION('',(0,-1,0));
#22584=DIRECTION('',(0.02931742388195757,0.999465084350333,0.014492543652075477));
#22585=DIRECTION('',(-0.8964503517032765,0,-0.4431441830048904));
#22586=FACE_SURFACE('',(#22591),#22587,.T.);
#22587=PLANE('',#22588);
#22588=AXIS2_PLACEMENT_3D('',#346,#22589,#22590);
#22589=DIRECTION('',(-0.3208045041176908,0,0.9471454324114129));
#22590=DIRECTION('',(0,1,0));
#22591=FACE_BOUND('',#22592,.T.);
#22592=EDGE_LOOP('',(#22593,#22594,#22595));
#22593=ORIENTED_EDGE('',*,*,#22596,.T.);
#22594=ORIENTED_EDGE('',*,*,#22597,.T.);
#22595=ORIENTED_EDGE('',*,*,#22598,.T.);
#22596=EDGE_CURVE('',#347,#197,#22599,.F.);
#22597=EDGE_CURVE('',#197,#115,#22600,.T.);
#22598=EDGE_CURVE('',#115,#347,#22601,.T.);
#22599=LINE('',#346,#22602);
#22600=LINE('',#196,#22603);
#22601=LINE('',#114,#22604);
#22602=VECTOR('',#22605,1.0);
#22603=VECTOR('',#22606,1.0);
#22604=VECTOR('',#22607,1.0);
#22605=DIRECTION('',(0,1,0));
#22606=DIRECTION('',(-0.947145432411413,0,-0.3208045041176908));
#22607=DIRECTION('',(0.030983546092397125,-0.9994648011869012,0.010494334660594733));
#22608=FACE_SURFACE('',(#22613),#22609,.T.);
#22609=PLANE('',#22610);
#22610=AXIS2_PLACEMENT_3D('',#844,#22611,#22612);
#22611=DIRECTION('',(-0.44217409733712554,0,0.8969292433877369));
#22612=DIRECTION('',(0.8969292433877369,0,0.44217409733712554));
#22613=FACE_BOUND('',#22614,.T.);
#22614=EDGE_LOOP('',(#22615,#22616,#22617));
#22615=ORIENTED_EDGE('',*,*,#22618,.T.);
#22616=ORIENTED_EDGE('',*,*,#22619,.T.);
#22617=ORIENTED_EDGE('',*,*,#22620,.T.);
#22618=EDGE_CURVE('',#845,#745,#22621,.F.);
#22619=EDGE_CURVE('',#745,#649,#22622,.T.);
#22620=EDGE_CURVE('',#649,#845,#22623,.T.);
#22621=LINE('',#844,#22624);
#22622=LINE('',#744,#22625);
#22623=LINE('',#648,#22626);
#22624=VECTOR('',#22627,1.0);
#22625=VECTOR('',#22628,1.0);
#22626=VECTOR('',#22629,1.0);
#22627=DIRECTION('',(0.8969292433877369,0,0.44217409733712554));
#22628=DIRECTION('',(-0.020783485592120867,0.9997314972646146,-0.010245979879644145));
#22629=DIRECTION('',(0,-1,0));
#22630=FACE_SURFACE('',(#22635),#22631,.T.);
#22631=PLANE('',#22632);
#22632=AXIS2_PLACEMENT_3D('',#644,#22633,#22634);
#22633=DIRECTION('',(-0.44217409733712554,0,0.8969292433877369));
#22634=DIRECTION('',(-0.8969292433877369,0,-0.44217409733712554));
#22635=FACE_BOUND('',#22636,.T.);
#22636=EDGE_LOOP('',(#22637,#22638,#22639));
#22637=ORIENTED_EDGE('',*,*,#22640,.T.);
#22638=ORIENTED_EDGE('',*,*,#22641,.T.);
#22639=ORIENTED_EDGE('',*,*,#22642,.T.);
#22640=EDGE_CURVE('',#645,#649,#22643,.F.);
#22641=EDGE_CURVE('',#649,#745,#22644,.T.);
#22642=EDGE_CURVE('',#745,#645,#22645,.T.);
#22643=LINE('',#644,#22646);
#22644=LINE('',#648,#22647);
#22645=LINE('',#744,#22648);
#22646=VECTOR('',#22649,1.0);
#22647=VECTOR('',#22650,1.0);
#22648=VECTOR('',#22651,1.0);
#22649=DIRECTION('',(-0.8969292433877369,0,-0.44217409733712554));
#22650=DIRECTION('',(0.020783485592120867,-0.9997314972646146,0.010245979879644145));
#22651=DIRECTION('',(0,1,0));
#22652=FACE_SURFACE('',(#22657),#22653,.T.);
#22653=PLANE('',#22654);
#22654=AXIS2_PLACEMENT_3D('',#650,#22655,#22656);
#22655=DIRECTION('',(-0.32215913614189384,0,0.9466855290962827));
#22656=DIRECTION('',(0,-1,0));
#22657=FACE_BOUND('',#22658,.T.);
#22658=EDGE_LOOP('',(#22659,#22660,#22661));
#22659=ORIENTED_EDGE('',*,*,#22662,.T.);
#22660=ORIENTED_EDGE('',*,*,#22663,.T.);
#22661=ORIENTED_EDGE('',*,*,#22664,.T.);
#22662=EDGE_CURVE('',#651,#847,#22665,.F.);
#22663=EDGE_CURVE('',#847,#649,#22666,.T.);
#22664=EDGE_CURVE('',#649,#651,#22667,.T.);
#22665=LINE('',#650,#22668);
#22666=LINE('',#846,#22669);
#22667=LINE('',#648,#22670);
#22668=VECTOR('',#22671,1.0);
#22669=VECTOR('',#22672,1.0);
#22670=VECTOR('',#22673,1.0);
#22671=DIRECTION('',(0,-1,0));
#22672=DIRECTION('',(0.0219080611441971,0.9997321913664198,0.007455360661840756));
#22673=DIRECTION('',(-0.9466855290962828,0,-0.32215913614189384));
#22674=FACE_SURFACE('',(#22679),#22675,.T.);
#22675=PLANE('',#22676);
#22676=AXIS2_PLACEMENT_3D('',#844,#22677,#22678);
#22677=DIRECTION('',(-0.32215913614189384,0,0.9466855290962827));
#22678=DIRECTION('',(0,1,0));
#22679=FACE_BOUND('',#22680,.T.);
#22680=EDGE_LOOP('',(#22681,#22682,#22683));
#22681=ORIENTED_EDGE('',*,*,#22684,.T.);
#22682=ORIENTED_EDGE('',*,*,#22685,.T.);
#22683=ORIENTED_EDGE('',*,*,#22686,.T.);
#22684=EDGE_CURVE('',#845,#649,#22687,.F.);
#22685=EDGE_CURVE('',#649,#847,#22688,.T.);
#22686=EDGE_CURVE('',#847,#845,#22689,.T.);
#22687=LINE('',#844,#22690);
#22688=LINE('',#648,#22691);
#22689=LINE('',#846,#22692);
#22690=VECTOR('',#22693,1.0);
#22691=VECTOR('',#22694,1.0);
#22692=VECTOR('',#22695,1.0);
#22693=DIRECTION('',(0,1,0));
#22694=DIRECTION('',(-0.0219080611441971,-0.9997321913664198,-0.007455360661840756));
#22695=DIRECTION('',(0.9466855290962828,0,0.32215913614189384));
#22696=FACE_SURFACE('',(#22701),#22697,.T.);
#22697=PLANE('',#22698);
#22698=AXIS2_PLACEMENT_3D('',#848,#22699,#22700);
#22699=DIRECTION('',(-0.19404226833297128,0,0.9809931692423731));
#22700=DIRECTION('',(0.9809931692423731,0,0.19404226833297128));
#22701=FACE_BOUND('',#22702,.T.);
#22702=EDGE_LOOP('',(#22703,#22704,#22705));
#22703=ORIENTED_EDGE('',*,*,#22706,.T.);
#22704=ORIENTED_EDGE('',*,*,#22707,.T.);
#22705=ORIENTED_EDGE('',*,*,#22708,.T.);
#22706=EDGE_CURVE('',#849,#847,#22709,.F.);
#22707=EDGE_CURVE('',#847,#657,#22710,.T.);
#22708=EDGE_CURVE('',#657,#849,#22711,.T.);
#22709=LINE('',#848,#22712);
#22710=LINE('',#846,#22713);
#22711=LINE('',#656,#22714);
#22712=VECTOR('',#22715,1.0);
#22713=VECTOR('',#22716,1.0);
#22714=VECTOR('',#22717,1.0);
#22715=DIRECTION('',(0.9809931692423731,0,0.19404226833297128));
#22716=DIRECTION('',(-0.022741042985572148,0.9997312693801452,-0.004498220480562569));
#22717=DIRECTION('',(0,-1,0));
#22718=FACE_SURFACE('',(#22723),#22719,.T.);
#22719=PLANE('',#22720);
#22720=AXIS2_PLACEMENT_3D('',#650,#22721,#22722);
#22721=DIRECTION('',(-0.19404226833297128,0,0.9809931692423731));
#22722=DIRECTION('',(-0.9809931692423731,0,-0.19404226833297128));
#22723=FACE_BOUND('',#22724,.T.);
#22724=EDGE_LOOP('',(#22725,#22726,#22727));
#22725=ORIENTED_EDGE('',*,*,#22728,.T.);
#22726=ORIENTED_EDGE('',*,*,#22729,.T.);
#22727=ORIENTED_EDGE('',*,*,#22730,.T.);
#22728=EDGE_CURVE('',#651,#657,#22731,.F.);
#22729=EDGE_CURVE('',#657,#847,#22732,.T.);
#22730=EDGE_CURVE('',#847,#651,#22733,.T.);
#22731=LINE('',#650,#22734);
#22732=LINE('',#656,#22735);
#22733=LINE('',#846,#22736);
#22734=VECTOR('',#22737,1.0);
#22735=VECTOR('',#22738,1.0);
#22736=VECTOR('',#22739,1.0);
#22737=DIRECTION('',(-0.9809931692423731,0,-0.19404226833297128));
#22738=DIRECTION('',(0.022741042985572148,-0.9997312693801452,0.004498220480562569));
#22739=DIRECTION('',(0,1,0));
#22740=FACE_SURFACE('',(#22745),#22741,.T.);
#22741=PLANE('',#22742);
#22742=AXIS2_PLACEMENT_3D('',#660,#22743,#22744);
#22743=DIRECTION('',(-0.06473099360969962,0,0.9979027500043784));
#22744=DIRECTION('',(0,-1,0));
#22745=FACE_BOUND('',#22746,.T.);
#22746=EDGE_LOOP('',(#22747,#22748,#22749));
#22747=ORIENTED_EDGE('',*,*,#22750,.T.);
#22748=ORIENTED_EDGE('',*,*,#22751,.T.);
#22749=ORIENTED_EDGE('',*,*,#22752,.T.);
#22750=EDGE_CURVE('',#661,#825,#22753,.F.);
#22751=EDGE_CURVE('',#825,#657,#22754,.T.);
#22752=EDGE_CURVE('',#657,#661,#22755,.T.);
#22753=LINE('',#660,#22756);
#22754=LINE('',#824,#22757);
#22755=LINE('',#656,#22758);
#22756=VECTOR('',#22759,1.0);
#22757=VECTOR('',#22760,1.0);
#22758=VECTOR('',#22761,1.0);
#22759=DIRECTION('',(0,-1,0));
#22760=DIRECTION('',(0.02311590720136846,0.9997316672251673,0.0014994603846192685));
#22761=DIRECTION('',(-0.9979027500043786,0,-0.06473099360969962));
#22762=FACE_SURFACE('',(#22767),#22763,.T.);
#22763=PLANE('',#22764);
#22764=AXIS2_PLACEMENT_3D('',#212,#22765,#22766);
#22765=DIRECTION('',(-0.9981306949977661,0,-0.06111559296346773));
#22766=DIRECTION('',(0,1,0));
#22767=FACE_BOUND('',#22768,.T.);
#22768=EDGE_LOOP('',(#22769,#22770,#22771));
#22769=ORIENTED_EDGE('',*,*,#22772,.T.);
#22770=ORIENTED_EDGE('',*,*,#22773,.T.);
#22771=ORIENTED_EDGE('',*,*,#22774,.T.);
#22772=EDGE_CURVE('',#213,#449,#22775,.F.);
#22773=EDGE_CURVE('',#449,#447,#22776,.T.);
#22774=EDGE_CURVE('',#447,#213,#22777,.T.);
#22775=LINE('',#212,#22778);
#22776=LINE('',#448,#22779);
#22777=LINE('',#446,#22780);
#22778=VECTOR('',#22781,1.0);
#22779=VECTOR('',#22782,1.0);
#22780=VECTOR('',#22783,1.0);
#22781=DIRECTION('',(0,1,0));
#22782=DIRECTION('',(0.06111559296346774,0,-0.9981306949977663));
#22783=DIRECTION('',(-0.0019991025975822853,-0.9994648785898486,0.03264904369477998));
#22784=FACE_SURFACE('',(#22789),#22785,.T.);
#22785=PLANE('',#22786);
#22786=AXIS2_PLACEMENT_3D('',#872,#22787,#22788);
#22787=DIRECTION('',(-0.8967087098424152,0,-0.4426211582072767));
#22788=DIRECTION('',(0.4426211582072767,0,-0.8967087098424152));
#22789=FACE_BOUND('',#22790,.T.);
#22790=EDGE_LOOP('',(#22791,#22792,#22793));
#22791=ORIENTED_EDGE('',*,*,#22794,.T.);
#22792=ORIENTED_EDGE('',*,*,#22795,.T.);
#22793=ORIENTED_EDGE('',*,*,#22796,.T.);
#22794=EDGE_CURVE('',#873,#863,#22797,.F.);
#22795=EDGE_CURVE('',#863,#501,#22798,.T.);
#22796=EDGE_CURVE('',#501,#873,#22799,.T.);
#22797=LINE('',#872,#22800);
#22798=LINE('',#862,#22801);
#22799=LINE('',#500,#22802);
#22800=VECTOR('',#22803,1.0);
#22801=VECTOR('',#22804,1.0);
#22802=VECTOR('',#22805,1.0);
#22803=DIRECTION('',(0.4426211582072767,0,-0.8967087098424152));
#22804=DIRECTION('',(0,-1,0));
#22805=DIRECTION('',(-0.024089264249806733,0.9985179096268786,0.04880257679950667));
#22806=FACE_SURFACE('',(#22811),#22807,.T.);
#22807=PLANE('',#22808);
#22808=AXIS2_PLACEMENT_3D('',#872,#22809,#22810);
#22809=DIRECTION('',(-0.8967087098424152,-0,-0.4426211582072767));
#22810=DIRECTION('',(0.024089264249806733,-0.9985179096268786,-0.04880257679950667));
#22811=FACE_BOUND('',#22812,.T.);
#22812=EDGE_LOOP('',(#22813,#22814,#22815));
#22813=ORIENTED_EDGE('',*,*,#22816,.T.);
#22814=ORIENTED_EDGE('',*,*,#22817,.T.);
#22815=ORIENTED_EDGE('',*,*,#22818,.T.);
#22816=EDGE_CURVE('',#873,#501,#22819,.F.);
#22817=EDGE_CURVE('',#501,#513,#22820,.T.);
#22818=EDGE_CURVE('',#513,#873,#22821,.T.);
#22819=LINE('',#872,#22822);
#22820=LINE('',#500,#22823);
#22821=LINE('',#512,#22824);
#22822=VECTOR('',#22825,1.0);
#22823=VECTOR('',#22826,1.0);
#22824=VECTOR('',#22827,1.0);
#22825=DIRECTION('',(0.024089264249806733,-0.9985179096268786,-0.04880257679950667));
#22826=DIRECTION('',(-0.4426211582072767,0,0.8967087098424152));
#22827=DIRECTION('',(0,1,0));
#22828=FACE_SURFACE('',(#22833),#22829,.T.);
#22829=PLANE('',#22830);
#22830=AXIS2_PLACEMENT_3D('',#496,#22831,#22832);
#22831=DIRECTION('',(-0.831814882425616,0,-0.5550531518469729));
#22832=DIRECTION('',(-0.5550531518469728,0,0.831814882425616));
#22833=FACE_BOUND('',#22834,.T.);
#22834=EDGE_LOOP('',(#22835,#22836,#22837));
#22835=ORIENTED_EDGE('',*,*,#22838,.T.);
#22836=ORIENTED_EDGE('',*,*,#22839,.T.);
#22837=ORIENTED_EDGE('',*,*,#22840,.T.);
#22838=EDGE_CURVE('',#497,#501,#22841,.F.);
#22839=EDGE_CURVE('',#501,#861,#22842,.T.);
#22840=EDGE_CURVE('',#861,#497,#22843,.T.);
#22841=LINE('',#496,#22844);
#22842=LINE('',#500,#22845);
#22843=LINE('',#860,#22846);
#22844=VECTOR('',#22847,1.0);
#22845=VECTOR('',#22848,1.0);
#22846=VECTOR('',#22849,1.0);
#22847=DIRECTION('',(-0.5550531518469728,0,0.831814882425616));
#22848=DIRECTION('',(0.030205169011306397,0.9985182146960336,-0.045266131768066487));
#22849=DIRECTION('',(0,-1,0));
#22850=FACE_SURFACE('',(#22855),#22851,.T.);
#22851=PLANE('',#22852);
#22852=AXIS2_PLACEMENT_3D('',#862,#22853,#22854);
#22853=DIRECTION('',(-0.831814882425616,-0,-0.5550531518469729));
#22854=DIRECTION('',(0.5550531518469728,0,-0.831814882425616));
#22855=FACE_BOUND('',#22856,.T.);
#22856=EDGE_LOOP('',(#22857,#22858,#22859));
#22857=ORIENTED_EDGE('',*,*,#22860,.T.);
#22858=ORIENTED_EDGE('',*,*,#22861,.T.);
#22859=ORIENTED_EDGE('',*,*,#22862,.T.);
#22860=EDGE_CURVE('',#863,#861,#22863,.F.);
#22861=EDGE_CURVE('',#861,#501,#22864,.T.);
#22862=EDGE_CURVE('',#501,#863,#22865,.T.);
#22863=LINE('',#862,#22866);
#22864=LINE('',#860,#22867);
#22865=LINE('',#500,#22868);
#22866=VECTOR('',#22869,1.0);
#22867=VECTOR('',#22870,1.0);
#22868=VECTOR('',#22871,1.0);
#22869=DIRECTION('',(0.5550531518469728,0,-0.831814882425616));
#22870=DIRECTION('',(-0.030205169011306397,-0.9985182146960336,0.045266131768066487));
#22871=DIRECTION('',(0,1,0));
#22872=FACE_SURFACE('',(#22877),#22873,.T.);
#22873=PLANE('',#22874);
#22874=AXIS2_PLACEMENT_3D('',#492,#22875,#22876);
#22875=DIRECTION('',(-0.751486412346854,0,-0.6597485673027673));
#22876=DIRECTION('',(-0.6597485673027674,0,0.751486412346854));
#22877=FACE_BOUND('',#22878,.T.);
#22878=EDGE_LOOP('',(#22879,#22880,#22881));
#22879=ORIENTED_EDGE('',*,*,#22882,.T.);
#22880=ORIENTED_EDGE('',*,*,#22883,.T.);
#22881=ORIENTED_EDGE('',*,*,#22884,.T.);
#22882=EDGE_CURVE('',#493,#497,#22885,.F.);
#22883=EDGE_CURVE('',#497,#857,#22886,.T.);
#22884=EDGE_CURVE('',#857,#493,#22887,.T.);
#22885=LINE('',#492,#22888);
#22886=LINE('',#496,#22889);
#22887=LINE('',#856,#22890);
#22888=VECTOR('',#22891,1.0);
#22889=VECTOR('',#22892,1.0);
#22890=VECTOR('',#22893,1.0);
#22891=DIRECTION('',(-0.6597485673027674,0,0.751486412346854));
#22892=DIRECTION('',(0.03590503988058645,0.9985180080336511,-0.040897625159449814));
#22893=DIRECTION('',(0,-1,0));
#22894=FACE_SURFACE('',(#22899),#22895,.T.);
#22895=PLANE('',#22896);
#22896=AXIS2_PLACEMENT_3D('',#860,#22897,#22898);
#22897=DIRECTION('',(-0.751486412346854,-0,-0.6597485673027673));
#22898=DIRECTION('',(0.6597485673027674,0,-0.751486412346854));
#22899=FACE_BOUND('',#22900,.T.);
#22900=EDGE_LOOP('',(#22901,#22902,#22903));
#22901=ORIENTED_EDGE('',*,*,#22904,.T.);
#22902=ORIENTED_EDGE('',*,*,#22905,.T.);
#22903=ORIENTED_EDGE('',*,*,#22906,.T.);
#22904=EDGE_CURVE('',#861,#857,#22907,.F.);
#22905=EDGE_CURVE('',#857,#497,#22908,.T.);
#22906=EDGE_CURVE('',#497,#861,#22909,.T.);
#22907=LINE('',#860,#22910);
#22908=LINE('',#856,#22911);
#22909=LINE('',#496,#22912);
#22910=VECTOR('',#22913,1.0);
#22911=VECTOR('',#22914,1.0);
#22912=VECTOR('',#22915,1.0);
#22913=DIRECTION('',(0.6597485673027674,0,-0.751486412346854));
#22914=DIRECTION('',(-0.03590503988058645,-0.9985180080336511,0.040897625159449814));
#22915=DIRECTION('',(0,1,0));
#22916=FACE_SURFACE('',(#22921),#22917,.T.);
#22917=PLANE('',#22918);
#22918=AXIS2_PLACEMENT_3D('',#442,#22919,#22920);
#22919=DIRECTION('',(-0.9471454324114129,0,0.3208045041176908));
#22920=DIRECTION('',(-0.3208045041176908,0,-0.947145432411413));
#22921=FACE_BOUND('',#22922,.T.);
#22922=EDGE_LOOP('',(#22923,#22924,#22925));
#22923=ORIENTED_EDGE('',*,*,#22926,.T.);
#22924=ORIENTED_EDGE('',*,*,#22927,.T.);
#22925=ORIENTED_EDGE('',*,*,#22928,.T.);
#22926=EDGE_CURVE('',#443,#81,#22929,.F.);
#22927=EDGE_CURVE('',#81,#539,#22930,.T.);
#22928=EDGE_CURVE('',#539,#443,#22931,.T.);
#22929=LINE('',#442,#22932);
#22930=LINE('',#80,#22933);
#22931=LINE('',#538,#22934);
#22932=VECTOR('',#22935,1.0);
#22933=VECTOR('',#22936,1.0);
#22934=VECTOR('',#22937,1.0);
#22935=DIRECTION('',(-0.3208045041176908,0,-0.947145432411413));
#22936=DIRECTION('',(0,-1,0));
#22937=DIRECTION('',(0.010494334660594733,0.9994648011869012,0.030983546092397125));
#22938=FACE_SURFACE('',(#22943),#22939,.T.);
#22939=PLANE('',#22940);
#22940=AXIS2_PLACEMENT_3D('',#854,#22941,#22942);
#22941=DIRECTION('',(-0.6597487982972629,-0,-0.7514862095509921));
#22942=DIRECTION('',(0,-1,0));
#22943=FACE_BOUND('',#22944,.T.);
#22944=EDGE_LOOP('',(#22945,#22946,#22947));
#22945=ORIENTED_EDGE('',*,*,#22948,.T.);
#22946=ORIENTED_EDGE('',*,*,#22949,.T.);
#22947=ORIENTED_EDGE('',*,*,#22950,.T.);
#22948=EDGE_CURVE('',#855,#605,#22951,.F.);
#22949=EDGE_CURVE('',#605,#493,#22952,.T.);
#22950=EDGE_CURVE('',#493,#855,#22953,.T.);
#22951=LINE('',#854,#22954);
#22952=LINE('',#604,#22955);
#22953=LINE('',#492,#22956);
#22954=VECTOR('',#22957,1.0);
#22955=VECTOR('',#22958,1.0);
#22956=VECTOR('',#22959,1.0);
#22957=DIRECTION('',(0,-1,0));
#22958=DIRECTION('',(-0.7514862095509921,0,0.6597487982972629));
#22959=DIRECTION('',(0.04089764490677376,0.9985180058009817,-0.035905079477844076));
#22960=FACE_SURFACE('',(#22965),#22961,.T.);
#22961=PLANE('',#22962);
#22962=AXIS2_PLACEMENT_3D('',#854,#22963,#22964);
#22963=DIRECTION('',(-0.6597487982972629,0,-0.7514862095509921));
#22964=DIRECTION('',(-0.04089764490677376,-0.9985180058009817,0.035905079477844076));
#22965=FACE_BOUND('',#22966,.T.);
#22966=EDGE_LOOP('',(#22967,#22968,#22969));
#22967=ORIENTED_EDGE('',*,*,#22970,.T.);
#22968=ORIENTED_EDGE('',*,*,#22971,.T.);
#22969=ORIENTED_EDGE('',*,*,#22972,.T.);
#22970=EDGE_CURVE('',#855,#493,#22973,.F.);
#22971=EDGE_CURVE('',#493,#857,#22974,.T.);
#22972=EDGE_CURVE('',#857,#855,#22975,.T.);
#22973=LINE('',#854,#22976);
#22974=LINE('',#492,#22977);
#22975=LINE('',#856,#22978);
#22976=VECTOR('',#22979,1.0);
#22977=VECTOR('',#22980,1.0);
#22978=VECTOR('',#22981,1.0);
#22979=DIRECTION('',(-0.04089764490677376,-0.9985180058009817,0.035905079477844076));
#22980=DIRECTION('',(0,1,0));
#22981=DIRECTION('',(0.7514862095509921,0,-0.6597487982972629));
#22982=FACE_SURFACE('',(#22987),#22983,.T.);
#22983=PLANE('',#22984);
#22984=AXIS2_PLACEMENT_3D('',#604,#22985,#22986);
#22985=DIRECTION('',(-0.5550529835294616,0,-0.831814994740443));
#22986=DIRECTION('',(0,1,0));
#22987=FACE_BOUND('',#22988,.T.);
#22988=EDGE_LOOP('',(#22989,#22990,#22991));
#22989=ORIENTED_EDGE('',*,*,#22992,.T.);
#22990=ORIENTED_EDGE('',*,*,#22993,.T.);
#22991=ORIENTED_EDGE('',*,*,#22994,.T.);
#22992=EDGE_CURVE('',#605,#855,#22995,.F.);
#22993=EDGE_CURVE('',#855,#619,#22996,.T.);
#22994=EDGE_CURVE('',#619,#605,#22997,.T.);
#22995=LINE('',#604,#22998);
#22996=LINE('',#854,#22999);
#22997=LINE('',#618,#23000);
#22998=VECTOR('',#23001,1.0);
#22999=VECTOR('',#23002,1.0);
#23000=VECTOR('',#23003,1.0);
#23001=DIRECTION('',(0,1,0));
#23002=DIRECTION('',(0.045266151566190856,-0.9985182137993396,-0.030205168984181404));
#23003=DIRECTION('',(-0.8318149947404431,0,0.5550529835294616));
#23004=FACE_SURFACE('',(#23009),#23005,.T.);
#23005=PLANE('',#23006);
#23006=AXIS2_PLACEMENT_3D('',#794,#23007,#23008);
#23007=DIRECTION('',(-0.5550529835294616,-0,-0.831814994740443));
#23008=DIRECTION('',(0,-1,0));
#23009=FACE_BOUND('',#23010,.T.);
#23010=EDGE_LOOP('',(#23011,#23012,#23013));
#23011=ORIENTED_EDGE('',*,*,#23014,.T.);
#23012=ORIENTED_EDGE('',*,*,#23015,.T.);
#23013=ORIENTED_EDGE('',*,*,#23016,.T.);
#23014=EDGE_CURVE('',#795,#619,#23017,.F.);
#23015=EDGE_CURVE('',#619,#855,#23018,.T.);
#23016=EDGE_CURVE('',#855,#795,#23019,.T.);
#23017=LINE('',#794,#23020);
#23018=LINE('',#618,#23021);
#23019=LINE('',#854,#23022);
#23020=VECTOR('',#23023,1.0);
#23021=VECTOR('',#23024,1.0);
#23022=VECTOR('',#23025,1.0);
#23023=DIRECTION('',(0,-1,0));
#23024=DIRECTION('',(-0.045266151566190856,0.9985182137993396,0.030205168984181404));
#23025=DIRECTION('',(0.8318149947404431,0,-0.5550529835294616));
#23026=FACE_SURFACE('',(#23031),#23027,.T.);
#23027=PLANE('',#23028);
#23028=AXIS2_PLACEMENT_3D('',#60,#23029,#23030);
#23029=DIRECTION('',(-0.8964542110716484,0,0.44313637568124387));
#23030=DIRECTION('',(0,-1,0));
#23031=FACE_BOUND('',#23032,.T.);
#23032=EDGE_LOOP('',(#23033,#23034,#23035));
#23033=ORIENTED_EDGE('',*,*,#23036,.T.);
#23034=ORIENTED_EDGE('',*,*,#23037,.T.);
#23035=ORIENTED_EDGE('',*,*,#23038,.T.);
#23036=EDGE_CURVE('',#61,#387,#23039,.F.);
#23037=EDGE_CURVE('',#387,#81,#23040,.T.);
#23038=EDGE_CURVE('',#81,#61,#23041,.T.);
#23039=LINE('',#60,#23042);
#23040=LINE('',#386,#23043);
#23041=LINE('',#80,#23044);
#23042=VECTOR('',#23045,1.0);
#23043=VECTOR('',#23046,1.0);
#23044=VECTOR('',#23047,1.0);
#23045=DIRECTION('',(0,-1,0));
#23046=DIRECTION('',(0.014492225997411828,0.9994650889524107,0.029317424016950845));
#23047=DIRECTION('',(-0.44313637568124387,0,-0.8964542110716484));
#23048=FACE_SURFACE('',(#23053),#23049,.T.);
#23049=PLANE('',#23050);
#23050=AXIS2_PLACEMENT_3D('',#618,#23051,#23052);
#23051=DIRECTION('',(-0.4426212305470208,0,-0.8967086741350511));
#23052=DIRECTION('',(0.04880256690374736,0.9985179101102526,-0.02408926426146814));
#23053=FACE_BOUND('',#23054,.T.);
#23054=EDGE_LOOP('',(#23055,#23056,#23057));
#23055=ORIENTED_EDGE('',*,*,#23058,.T.);
#23056=ORIENTED_EDGE('',*,*,#23059,.T.);
#23057=ORIENTED_EDGE('',*,*,#23060,.T.);
#23058=EDGE_CURVE('',#619,#789,#23061,.F.);
#23059=EDGE_CURVE('',#789,#623,#23062,.T.);
#23060=EDGE_CURVE('',#623,#619,#23063,.T.);
#23061=LINE('',#618,#23064);
#23062=LINE('',#788,#23065);
#23063=LINE('',#622,#23066);
#23064=VECTOR('',#23067,1.0);
#23065=VECTOR('',#23068,1.0);
#23066=VECTOR('',#23069,1.0);
#23067=DIRECTION('',(0.04880256690374736,0.9985179101102526,-0.02408926426146814));
#23068=DIRECTION('',(0,-1,0));
#23069=DIRECTION('',(-0.8967086741350511,0,0.4426212305470208));
#23070=FACE_SURFACE('',(#23075),#23071,.T.);
#23071=PLANE('',#23072);
#23072=AXIS2_PLACEMENT_3D('',#794,#23073,#23074);
#23073=DIRECTION('',(-0.4426212305470208,-0,-0.8967086741350511));
#23074=DIRECTION('',(0.8967086741350511,0,-0.4426212305470208));
#23075=FACE_BOUND('',#23076,.T.);
#23076=EDGE_LOOP('',(#23077,#23078,#23079));
#23077=ORIENTED_EDGE('',*,*,#23080,.T.);
#23078=ORIENTED_EDGE('',*,*,#23081,.T.);
#23079=ORIENTED_EDGE('',*,*,#23082,.T.);
#23080=EDGE_CURVE('',#795,#789,#23083,.F.);
#23081=EDGE_CURVE('',#789,#619,#23084,.T.);
#23082=EDGE_CURVE('',#619,#795,#23085,.T.);
#23083=LINE('',#794,#23086);
#23084=LINE('',#788,#23087);
#23085=LINE('',#618,#23088);
#23086=VECTOR('',#23089,1.0);
#23087=VECTOR('',#23090,1.0);
#23088=VECTOR('',#23091,1.0);
#23089=DIRECTION('',(0.8967086741350511,0,-0.4426212305470208));
#23090=DIRECTION('',(-0.04880256690374736,-0.9985179101102526,0.02408926426146814));
#23091=DIRECTION('',(0,1,0));
#23092=FACE_SURFACE('',(#23097),#23093,.T.);
#23093=PLANE('',#23094);
#23094=AXIS2_PLACEMENT_3D('',#258,#23095,#23096);
#23095=DIRECTION('',(-0.8328303005395883,0,0.5535284008098762));
#23096=DIRECTION('',(0.5535284008098762,0,0.8328303005395884));
#23097=FACE_BOUND('',#23098,.T.);
#23098=EDGE_LOOP('',(#23099,#23100,#23101));
#23099=ORIENTED_EDGE('',*,*,#23102,.T.);
#23100=ORIENTED_EDGE('',*,*,#23103,.T.);
#23101=ORIENTED_EDGE('',*,*,#23104,.T.);
#23102=EDGE_CURVE('',#259,#387,#23105,.F.);
#23103=EDGE_CURVE('',#387,#187,#23106,.T.);
#23104=EDGE_CURVE('',#187,#259,#23107,.T.);
#23105=LINE('',#258,#23108);
#23106=LINE('',#386,#23109);
#23107=LINE('',#186,#23110);
#23108=VECTOR('',#23111,1.0);
#23109=VECTOR('',#23112,1.0);
#23110=VECTOR('',#23113,1.0);
#23111=DIRECTION('',(0.5535284008098762,0,0.8328303005395884));
#23112=DIRECTION('',(-0.018157083541323372,0.999461855082944,-0.02731886804817577));
#23113=DIRECTION('',(0,-1,0));
#23114=FACE_SURFACE('',(#23119),#23115,.T.);
#23115=PLANE('',#23116);
#23116=AXIS2_PLACEMENT_3D('',#622,#23117,#23118);
#23117=DIRECTION('',(-0.3210393698137402,0,-0.9470658493629661));
#23118=DIRECTION('',(0,1,0));
#23119=FACE_BOUND('',#23120,.T.);
#23120=EDGE_LOOP('',(#23121,#23122,#23123));
#23121=ORIENTED_EDGE('',*,*,#23124,.T.);
#23122=ORIENTED_EDGE('',*,*,#23125,.T.);
#23123=ORIENTED_EDGE('',*,*,#23126,.T.);
#23124=EDGE_CURVE('',#623,#789,#23127,.F.);
#23125=EDGE_CURVE('',#789,#553,#23128,.T.);
#23126=EDGE_CURVE('',#553,#623,#23129,.T.);
#23127=LINE('',#622,#23130);
#23128=LINE('',#788,#23131);
#23129=LINE('',#552,#23132);
#23130=VECTOR('',#23133,1.0);
#23131=VECTOR('',#23134,1.0);
#23132=VECTOR('',#23135,1.0);
#23133=DIRECTION('',(0,1,0));
#23134=DIRECTION('',(0.05154846499172769,-0.9985176077257486,-0.01747406130940259));
#23135=DIRECTION('',(-0.9470658493629662,0,0.32103936981374026));
#23136=FACE_SURFACE('',(#23141),#23137,.T.);
#23137=PLANE('',#23138);
#23138=AXIS2_PLACEMENT_3D('',#786,#23139,#23140);
#23139=DIRECTION('',(-0.3210393698137402,-0,-0.9470658493629661));
#23140=DIRECTION('',(0,-1,0));
#23141=FACE_BOUND('',#23142,.T.);
#23142=EDGE_LOOP('',(#23143,#23144,#23145));
#23143=ORIENTED_EDGE('',*,*,#23146,.T.);
#23144=ORIENTED_EDGE('',*,*,#23147,.T.);
#23145=ORIENTED_EDGE('',*,*,#23148,.T.);
#23146=EDGE_CURVE('',#787,#553,#23149,.F.);
#23147=EDGE_CURVE('',#553,#789,#23150,.T.);
#23148=EDGE_CURVE('',#789,#787,#23151,.T.);
#23149=LINE('',#786,#23152);
#23150=LINE('',#552,#23153);
#23151=LINE('',#788,#23154);
#23152=VECTOR('',#23155,1.0);
#23153=VECTOR('',#23156,1.0);
#23154=VECTOR('',#23157,1.0);
#23155=DIRECTION('',(0,-1,0));
#23156=DIRECTION('',(-0.05154846499172769,0.9985176077257486,0.01747406130940259));
#23157=DIRECTION('',(0.9470658493629662,0,-0.32103936981374026));
#23158=FACE_SURFACE('',(#23163),#23159,.T.);
#23159=PLANE('',#23160);
#23160=AXIS2_PLACEMENT_3D('',#258,#23161,#23162);
#23161=DIRECTION('',(-0.7490945091601733,0,0.6624631433869201));
#23162=DIRECTION('',(0,1,0));
#23163=FACE_BOUND('',#23164,.T.);
#23164=EDGE_LOOP('',(#23165,#23166,#23167));
#23165=ORIENTED_EDGE('',*,*,#23168,.T.);
#23166=ORIENTED_EDGE('',*,*,#23169,.T.);
#23167=ORIENTED_EDGE('',*,*,#23170,.T.);
#23168=EDGE_CURVE('',#259,#187,#23171,.F.);
#23169=EDGE_CURVE('',#187,#67,#23172,.T.);
#23170=EDGE_CURVE('',#67,#259,#23173,.T.);
#23171=LINE('',#258,#23174);
#23172=LINE('',#186,#23175);
#23173=LINE('',#66,#23176);
#23174=VECTOR('',#23177,1.0);
#23175=VECTOR('',#23178,1.0);
#23176=VECTOR('',#23179,1.0);
#23177=DIRECTION('',(0,1,0));
#23178=DIRECTION('',(-0.6624631433869201,0,-0.7490945091601733));
#23179=DIRECTION('',(0.02165494792358729,-0.9994655871263466,0.024486800130153506));
#23180=FACE_SURFACE('',(#23185),#23181,.T.);
#23181=PLANE('',#23182);
#23182=AXIS2_PLACEMENT_3D('',#554,#23183,#23184);
#23183=DIRECTION('',(-0.19493925266772844,0,-0.9808153178704683));
#23184=DIRECTION('',(-0.9808153178704683,0,0.19493925266772844));
#23185=FACE_BOUND('',#23186,.T.);
#23186=EDGE_LOOP('',(#23187,#23188,#23189));
#23187=ORIENTED_EDGE('',*,*,#23190,.T.);
#23188=ORIENTED_EDGE('',*,*,#23191,.T.);
#23189=ORIENTED_EDGE('',*,*,#23192,.T.);
#23190=EDGE_CURVE('',#555,#553,#23193,.F.);
#23191=EDGE_CURVE('',#553,#787,#23194,.T.);
#23192=EDGE_CURVE('',#787,#555,#23195,.T.);
#23193=LINE('',#554,#23196);
#23194=LINE('',#552,#23197);
#23195=LINE('',#786,#23198);
#23196=VECTOR('',#23199,1.0);
#23197=VECTOR('',#23200,1.0);
#23198=VECTOR('',#23201,1.0);
#23199=DIRECTION('',(-0.9808153178704683,0,0.19493925266772844));
#23200=DIRECTION('',(0,1,0));
#23201=DIRECTION('',(0.05337911054977604,-0.9985179592985938,-0.010609218401313375));
#23202=FACE_SURFACE('',(#23207),#23203,.T.);
#23203=PLANE('',#23204);
#23204=AXIS2_PLACEMENT_3D('',#558,#23205,#23206);
#23205=DIRECTION('',(-0.0657580889860491,0,-0.9978355945409558));
#23206=DIRECTION('',(-0.9978355945409558,0,0.06575808898604908));
#23207=FACE_BOUND('',#23208,.T.);
#23208=EDGE_LOOP('',(#23209,#23210,#23211));
#23209=ORIENTED_EDGE('',*,*,#23212,.T.);
#23210=ORIENTED_EDGE('',*,*,#23213,.T.);
#23211=ORIENTED_EDGE('',*,*,#23214,.T.);
#23212=EDGE_CURVE('',#559,#555,#23215,.F.);
#23213=EDGE_CURVE('',#555,#659,#23216,.T.);
#23214=EDGE_CURVE('',#659,#559,#23217,.T.);
#23215=LINE('',#558,#23218);
#23216=LINE('',#554,#23219);
#23217=LINE('',#658,#23220);
#23218=VECTOR('',#23221,1.0);
#23219=VECTOR('',#23222,1.0);
#23220=VECTOR('',#23223,1.0);
#23221=DIRECTION('',(-0.9978355945409558,0,0.06575808898604908));
#23222=DIRECTION('',(0.05429444441556644,0.9985185581210554,-0.00357804324365618));
#23223=DIRECTION('',(0,-1,0));
#23224=FACE_SURFACE('',(#23229),#23225,.T.);
#23225=PLANE('',#23226);
#23226=AXIS2_PLACEMENT_3D('',#272,#23227,#23228);
#23227=DIRECTION('',(-0.5535149642253394,0,0.8328392308114582));
#23228=DIRECTION('',(0.02731886836336854,0.9994618666142839,0.018156448310069996));
#23229=FACE_BOUND('',#23230,.T.);
#23230=EDGE_LOOP('',(#23231,#23232,#23233));
#23231=ORIENTED_EDGE('',*,*,#23234,.T.);
#23232=ORIENTED_EDGE('',*,*,#23235,.T.);
#23233=ORIENTED_EDGE('',*,*,#23236,.T.);
#23234=EDGE_CURVE('',#273,#193,#23237,.F.);
#23235=EDGE_CURVE('',#193,#195,#23238,.T.);
#23236=EDGE_CURVE('',#195,#273,#23239,.T.);
#23237=LINE('',#272,#23240);
#23238=LINE('',#192,#23241);
#23239=LINE('',#194,#23242);
#23240=VECTOR('',#23243,1.0);
#23241=VECTOR('',#23244,1.0);
#23242=VECTOR('',#23245,1.0);
#23243=DIRECTION('',(0.02731886836336854,0.9994618666142839,0.018156448310069996));
#23244=DIRECTION('',(-0.8328392308114582,0,-0.5535149642253394));
#23245=DIRECTION('',(0,-1,0));
#23246=FACE_SURFACE('',(#23251),#23247,.T.);
#23247=PLANE('',#23248);
#23248=AXIS2_PLACEMENT_3D('',#272,#23249,#23250);
#23249=DIRECTION('',(-0.4431441830048904,0,0.8964503517032765));
#23250=DIRECTION('',(0,1,0));
#23251=FACE_BOUND('',#23252,.T.);
#23252=EDGE_LOOP('',(#23253,#23254,#23255));
#23253=ORIENTED_EDGE('',*,*,#23256,.T.);
#23254=ORIENTED_EDGE('',*,*,#23257,.T.);
#23255=ORIENTED_EDGE('',*,*,#23258,.T.);
#23256=EDGE_CURVE('',#273,#195,#23259,.F.);
#23257=EDGE_CURVE('',#195,#347,#23260,.T.);
#23258=EDGE_CURVE('',#347,#273,#23261,.T.);
#23259=LINE('',#272,#23262);
#23260=LINE('',#194,#23263);
#23261=LINE('',#346,#23264);
#23262=VECTOR('',#23265,1.0);
#23263=VECTOR('',#23266,1.0);
#23264=VECTOR('',#23267,1.0);
#23265=DIRECTION('',(0,1,0));
#23266=DIRECTION('',(-0.02931742388195757,-0.999465084350333,-0.014492543652075477));
#23267=DIRECTION('',(0.8964503517032765,0,0.4431441830048904));
#23268=FACE_SURFACE('',(#23273),#23269,.T.);
#23269=PLANE('',#23270);
#23270=AXIS2_PLACEMENT_3D('',#356,#23271,#23272);
#23271=DIRECTION('',(-0.19807545535302362,0,0.9801867750519246));
#23272=DIRECTION('',(0,-1,0));
#23273=FACE_BOUND('',#23274,.T.);
#23274=EDGE_LOOP('',(#23275,#23276,#23277));
#23275=ORIENTED_EDGE('',*,*,#23278,.T.);
#23276=ORIENTED_EDGE('',*,*,#23279,.T.);
#23277=ORIENTED_EDGE('',*,*,#23280,.T.);
#23278=EDGE_CURVE('',#357,#545,#23281,.F.);
#23279=EDGE_CURVE('',#545,#115,#23282,.T.);
#23280=EDGE_CURVE('',#115,#357,#23283,.T.);
#23281=LINE('',#356,#23284);
#23282=LINE('',#544,#23285);
#23283=LINE('',#114,#23286);
#23284=VECTOR('',#23287,1.0);
#23285=VECTOR('',#23288,1.0);
#23286=VECTOR('',#23289,1.0);
#23287=DIRECTION('',(0,-1,0));
#23288=DIRECTION('',(0.0321494917719529,0.9994619564849769,0.00649674672641907));
#23289=DIRECTION('',(-0.9801867750519246,0,-0.19807545535302362));
#23290=FACE_SURFACE('',(#23295),#23291,.T.);
#23291=PLANE('',#23292);
#23292=AXIS2_PLACEMENT_3D('',#356,#23293,#23294);
#23293=DIRECTION('',(-0.0610962390449761,0,0.9981318798508337));
#23294=DIRECTION('',(-0.9981318798508337,0,-0.0610962390449761));
#23295=FACE_BOUND('',#23296,.T.);
#23296=EDGE_LOOP('',(#23297,#23298,#23299));
#23297=ORIENTED_EDGE('',*,*,#23300,.T.);
#23298=ORIENTED_EDGE('',*,*,#23301,.T.);
#23299=ORIENTED_EDGE('',*,*,#23302,.T.);
#23300=EDGE_CURVE('',#357,#355,#23303,.F.);
#23301=EDGE_CURVE('',#355,#545,#23304,.T.);
#23302=EDGE_CURVE('',#545,#357,#23305,.T.);
#23303=LINE('',#356,#23306);
#23304=LINE('',#354,#23307);
#23305=LINE('',#544,#23308);
#23306=VECTOR('',#23309,1.0);
#23307=VECTOR('',#23310,1.0);
#23308=VECTOR('',#23311,1.0);
#23309=DIRECTION('',(-0.9981318798508337,0,-0.0610962390449761));
#23310=DIRECTION('',(0.03264904373624796,-0.999464879859282,0.0019984671574639905));
#23311=DIRECTION('',(0,1,0));
#23312=FACE_SURFACE('',(#23317),#23313,.T.);
#23313=PLANE('',#23314);
#23314=AXIS2_PLACEMENT_3D('',#212,#23315,#23316);
#23315=DIRECTION('',(-0.9801886557104991,0,-0.19806614858790147));
#23316=DIRECTION('',(-0.006496429019428964,0.9994619585479648,0.032149491838312616));
#23317=FACE_BOUND('',#23318,.T.);
#23318=EDGE_LOOP('',(#23319,#23320,#23321));
#23319=ORIENTED_EDGE('',*,*,#23322,.T.);
#23320=ORIENTED_EDGE('',*,*,#23323,.T.);
#23321=ORIENTED_EDGE('',*,*,#23324,.T.);
#23322=EDGE_CURVE('',#213,#209,#23325,.F.);
#23323=EDGE_CURVE('',#209,#449,#23326,.T.);
#23324=EDGE_CURVE('',#449,#213,#23327,.T.);
#23325=LINE('',#212,#23328);
#23326=LINE('',#208,#23329);
#23327=LINE('',#448,#23330);
#23328=VECTOR('',#23331,1.0);
#23329=VECTOR('',#23332,1.0);
#23330=VECTOR('',#23333,1.0);
#23331=DIRECTION('',(-0.006496429019428964,0.9994619585479648,0.032149491838312616));
#23332=DIRECTION('',(0.19806614858790147,0,-0.9801886557104992));
#23333=DIRECTION('',(0,-1,0));
#23334=FACE_SURFACE('',(#23339),#23335,.T.);
#23335=PLANE('',#23336);
#23336=AXIS2_PLACEMENT_3D('',#790,#23337,#23338);
#23337=DIRECTION('',(0.44217409733712554,0,0.8969292433877369));
#23338=DIRECTION('',(0,-1,0));
#23339=FACE_BOUND('',#23340,.T.);
#23340=EDGE_LOOP('',(#23341,#23342,#23343));
#23341=ORIENTED_EDGE('',*,*,#23344,.T.);
#23342=ORIENTED_EDGE('',*,*,#23345,.T.);
#23343=ORIENTED_EDGE('',*,*,#23346,.T.);
#23344=EDGE_CURVE('',#791,#833,#23347,.F.);
#23345=EDGE_CURVE('',#833,#831,#23348,.T.);
#23346=EDGE_CURVE('',#831,#791,#23349,.T.);
#23347=LINE('',#790,#23350);
#23348=LINE('',#832,#23351);
#23349=LINE('',#830,#23352);
#23350=VECTOR('',#23353,1.0);
#23351=VECTOR('',#23354,1.0);
#23352=VECTOR('',#23355,1.0);
#23353=DIRECTION('',(0,-1,0));
#23354=DIRECTION('',(0.8969292433877369,0,-0.44217409733712554));
#23355=DIRECTION('',(-0.020783485592120867,0.9997314972646146,0.010245979879644145));
#23356=FACE_SURFACE('',(#23361),#23357,.T.);
#23357=PLANE('',#23358);
#23358=AXIS2_PLACEMENT_3D('',#796,#23359,#23360);
#23359=DIRECTION('',(0.5551146713758126,0,0.8317738284072923));
#23360=DIRECTION('',(0,-1,0));
#23361=FACE_BOUND('',#23362,.T.);
#23362=EDGE_LOOP('',(#23363,#23364,#23365));
#23363=ORIENTED_EDGE('',*,*,#23366,.T.);
#23364=ORIENTED_EDGE('',*,*,#23367,.T.);
#23365=ORIENTED_EDGE('',*,*,#23368,.T.);
#23366=EDGE_CURVE('',#797,#835,#23369,.F.);
#23367=EDGE_CURVE('',#835,#791,#23370,.T.);
#23368=EDGE_CURVE('',#791,#797,#23371,.T.);
#23369=LINE('',#796,#23372);
#23370=LINE('',#834,#23373);
#23371=LINE('',#790,#23374);
#23372=VECTOR('',#23375,1.0);
#23373=VECTOR('',#23376,1.0);
#23374=VECTOR('',#23377,1.0);
#23375=DIRECTION('',(0,-1,0));
#23376=DIRECTION('',(0.01928407450913165,0.9997312085347664,-0.012869932087694247));
#23377=DIRECTION('',(-0.8317738284072922,0,0.5551146713758125));
#23378=FACE_SURFACE('',(#23383),#23379,.T.);
#23379=PLANE('',#23380);
#23380=AXIS2_PLACEMENT_3D('',#832,#23381,#23382);
#23381=DIRECTION('',(0.5551146713758126,-0,0.8317738284072923));
#23382=DIRECTION('',(0,1,0));
#23383=FACE_BOUND('',#23384,.T.);
#23384=EDGE_LOOP('',(#23385,#23386,#23387));
#23385=ORIENTED_EDGE('',*,*,#23388,.T.);
#23386=ORIENTED_EDGE('',*,*,#23389,.T.);
#23387=ORIENTED_EDGE('',*,*,#23390,.T.);
#23388=EDGE_CURVE('',#833,#791,#23391,.F.);
#23389=EDGE_CURVE('',#791,#835,#23392,.T.);
#23390=EDGE_CURVE('',#835,#833,#23393,.T.);
#23391=LINE('',#832,#23394);
#23392=LINE('',#790,#23395);
#23393=LINE('',#834,#23396);
#23394=VECTOR('',#23397,1.0);
#23395=VECTOR('',#23398,1.0);
#23396=VECTOR('',#23399,1.0);
#23397=DIRECTION('',(0,1,0));
#23398=DIRECTION('',(-0.01928407450913165,-0.9997312085347664,0.012869932087694247));
#23399=DIRECTION('',(0.8317738284072922,0,-0.5551146713758125));
#23400=FACE_SURFACE('',(#23405),#23401,.T.);
#23401=PLANE('',#23402);
#23402=AXIS2_PLACEMENT_3D('',#834,#23403,#23404);
#23403=DIRECTION('',(0.6597770176442878,-0,0.7514614341324569));
#23404=DIRECTION('',(0,1,0));
#23405=FACE_BOUND('',#23406,.T.);
#23406=EDGE_LOOP('',(#23407,#23408,#23409));
#23407=ORIENTED_EDGE('',*,*,#23410,.T.);
#23408=ORIENTED_EDGE('',*,*,#23411,.T.);
#23409=ORIENTED_EDGE('',*,*,#23412,.T.);
#23410=EDGE_CURVE('',#835,#797,#23413,.F.);
#23411=EDGE_CURVE('',#797,#837,#23414,.T.);
#23412=EDGE_CURVE('',#837,#835,#23415,.T.);
#23413=LINE('',#834,#23416);
#23414=LINE('',#796,#23417);
#23415=LINE('',#836,#23418);
#23416=VECTOR('',#23419,1.0);
#23417=VECTOR('',#23420,1.0);
#23418=VECTOR('',#23421,1.0);
#23419=DIRECTION('',(0,1,0));
#23420=DIRECTION('',(-0.017409816063309363,-0.9997315871738084,0.015285676680463114));
#23421=DIRECTION('',(0.7514614341324571,0,-0.6597770176442879));
#23422=FACE_SURFACE('',(#23427),#23423,.T.);
#23423=PLANE('',#23424);
#23424=AXIS2_PLACEMENT_3D('',#826,#23425,#23426);
#23425=DIRECTION('',(0.06473099360969962,-0,0.9979027500043784));
#23426=DIRECTION('',(0.9979027500043786,0,-0.06473099360969962));
#23427=FACE_BOUND('',#23428,.T.);
#23428=EDGE_LOOP('',(#23429,#23430,#23431));
#23429=ORIENTED_EDGE('',*,*,#23432,.T.);
#23430=ORIENTED_EDGE('',*,*,#23433,.T.);
#23431=ORIENTED_EDGE('',*,*,#23434,.T.);
#23432=EDGE_CURVE('',#827,#825,#23435,.F.);
#23433=EDGE_CURVE('',#825,#667,#23436,.T.);
#23434=EDGE_CURVE('',#667,#827,#23437,.T.);
#23435=LINE('',#826,#23438);
#23436=LINE('',#824,#23439);
#23437=LINE('',#666,#23440);
#23438=VECTOR('',#23441,1.0);
#23439=VECTOR('',#23442,1.0);
#23440=VECTOR('',#23443,1.0);
#23441=DIRECTION('',(0.9979027500043786,0,-0.06473099360969962));
#23442=DIRECTION('',(-0.02311590720136846,0.9997316672251673,0.0014994603846192685));
#23443=DIRECTION('',(0,-1,0));
#23444=FACE_SURFACE('',(#23449),#23445,.T.);
#23445=PLANE('',#23446);
#23446=AXIS2_PLACEMENT_3D('',#660,#23447,#23448);
#23447=DIRECTION('',(0.06473099360969962,0,0.9979027500043784));
#23448=DIRECTION('',(-0.9979027500043786,0,0.06473099360969962));
#23449=FACE_BOUND('',#23450,.T.);
#23450=EDGE_LOOP('',(#23451,#23452,#23453));
#23451=ORIENTED_EDGE('',*,*,#23454,.T.);
#23452=ORIENTED_EDGE('',*,*,#23455,.T.);
#23453=ORIENTED_EDGE('',*,*,#23456,.T.);
#23454=EDGE_CURVE('',#661,#667,#23457,.F.);
#23455=EDGE_CURVE('',#667,#825,#23458,.T.);
#23456=EDGE_CURVE('',#825,#661,#23459,.T.);
#23457=LINE('',#660,#23460);
#23458=LINE('',#666,#23461);
#23459=LINE('',#824,#23462);
#23460=VECTOR('',#23463,1.0);
#23461=VECTOR('',#23464,1.0);
#23462=VECTOR('',#23465,1.0);
#23463=DIRECTION('',(-0.9979027500043786,0,0.06473099360969962));
#23464=DIRECTION('',(0.02311590720136846,-0.9997316672251673,-0.0014994603846192685));
#23465=DIRECTION('',(0,1,0));
#23466=FACE_SURFACE('',(#23471),#23467,.T.);
#23467=PLANE('',#23468);
#23468=AXIS2_PLACEMENT_3D('',#826,#23469,#23470);
#23469=DIRECTION('',(0.19404226833297128,-0,0.9809931692423731));
#23470=DIRECTION('',(0,1,0));
#23471=FACE_BOUND('',#23472,.T.);
#23472=EDGE_LOOP('',(#23473,#23474,#23475));
#23473=ORIENTED_EDGE('',*,*,#23476,.T.);
#23474=ORIENTED_EDGE('',*,*,#23477,.T.);
#23475=ORIENTED_EDGE('',*,*,#23478,.T.);
#23476=EDGE_CURVE('',#827,#667,#23479,.F.);
#23477=EDGE_CURVE('',#667,#829,#23480,.T.);
#23478=EDGE_CURVE('',#829,#827,#23481,.T.);
#23479=LINE('',#826,#23482);
#23480=LINE('',#666,#23483);
#23481=LINE('',#828,#23484);
#23482=VECTOR('',#23485,1.0);
#23483=VECTOR('',#23486,1.0);
#23484=VECTOR('',#23487,1.0);
#23485=DIRECTION('',(0,1,0));
#23486=DIRECTION('',(-0.022741042985572148,-0.9997312693801452,0.004498220480562569));
#23487=DIRECTION('',(0.9809931692423731,0,-0.19404226833297128));
#23488=FACE_SURFACE('',(#23493),#23489,.T.);
#23489=PLANE('',#23490);
#23490=AXIS2_PLACEMENT_3D('',#828,#23491,#23492);
#23491=DIRECTION('',(0.32215913614189384,0,0.9466855290962827));
#23492=DIRECTION('',(-0.0219080611441971,0.9997321913664198,0.007455360661840756));
#23493=FACE_BOUND('',#23494,.T.);
#23494=EDGE_LOOP('',(#23495,#23496,#23497));
#23495=ORIENTED_EDGE('',*,*,#23498,.T.);
#23496=ORIENTED_EDGE('',*,*,#23499,.T.);
#23497=ORIENTED_EDGE('',*,*,#23500,.T.);
#23498=EDGE_CURVE('',#829,#793,#23501,.F.);
#23499=EDGE_CURVE('',#793,#831,#23502,.T.);
#23500=EDGE_CURVE('',#831,#829,#23503,.T.);
#23501=LINE('',#828,#23504);
#23502=LINE('',#792,#23505);
#23503=LINE('',#830,#23506);
#23504=VECTOR('',#23507,1.0);
#23505=VECTOR('',#23508,1.0);
#23506=VECTOR('',#23509,1.0);
#23507=DIRECTION('',(-0.0219080611441971,0.9997321913664198,0.007455360661840756));
#23508=DIRECTION('',(0,-1,0));
#23509=DIRECTION('',(0.9466855290962828,0,-0.32215913614189384));
#23510=FACE_SURFACE('',(#23515),#23511,.T.);
#23511=PLANE('',#23512);
#23512=AXIS2_PLACEMENT_3D('',#830,#23513,#23514);
#23513=DIRECTION('',(0.44217409733712554,-0,0.8969292433877369));
#23514=DIRECTION('',(0,1,0));
#23515=FACE_BOUND('',#23516,.T.);
#23516=EDGE_LOOP('',(#23517,#23518,#23519));
#23517=ORIENTED_EDGE('',*,*,#23520,.T.);
#23518=ORIENTED_EDGE('',*,*,#23521,.T.);
#23519=ORIENTED_EDGE('',*,*,#23522,.T.);
#23520=EDGE_CURVE('',#831,#793,#23523,.F.);
#23521=EDGE_CURVE('',#793,#791,#23524,.T.);
#23522=EDGE_CURVE('',#791,#831,#23525,.T.);
#23523=LINE('',#830,#23526);
#23524=LINE('',#792,#23527);
#23525=LINE('',#790,#23528);
#23526=VECTOR('',#23529,1.0);
#23527=VECTOR('',#23530,1.0);
#23528=VECTOR('',#23531,1.0);
#23529=DIRECTION('',(0,1,0));
#23530=DIRECTION('',(-0.8969292433877369,0,0.44217409733712554));
#23531=DIRECTION('',(0.020783485592120867,-0.9997314972646146,-0.010245979879644145));
ENDSEC;
END-ISO-10303-21;
