ISO-10303-21;
HEADER;
FILE_DESCRIPTION((''),'2;1');
FILE_NAME('MMM01.3 (1)', '2026-09-27T17:08:16', (''), (''), 'ImageToStl.com STEP Converter','', '');
FILE_SCHEMA(('AUTOMOTIVE_DESIGN_CC2'));
ENDSEC;
DATA;
#1=PRODUCT_DEFINITION_CONTEXT('',#4,'design');
#2=APPLICATION_PROTOCOL_DEFINITION('INTERNATIONAL STANDARD','automotive_design',1994,#4);
#3=(GEOMETRIC_REPRESENTATION_CONTEXT(3)GLOBAL_UNCERTAINTY_ASSIGNED_CONTEXT((#5))GLOBAL_UNIT_ASSIGNED_CONTEXT((#6,#7,#8))REPRESENTATION_CONTEXT('NONE','WORKSPACE'));
#4=APPLICATION_CONTEXT(' ');
#5=UNCERTAINTY_MEASURE_WITH_UNIT(LENGTH_MEASURE(1.0E-006),#6,'','');
#6=(CONVERSION_BASED_UNIT('METRE',#10)LENGTH_UNIT()NAMED_UNIT(#11));
#7=(NAMED_UNIT(#12)PLANE_ANGLE_UNIT()SI_UNIT($,.RADIAN.));
#8=(NAMED_UNIT(#12)SOLID_ANGLE_UNIT()SI_UNIT($,.STERADIAN.));
#9=AXIS2_PLACEMENT_3D('',#14,#15,#16);
#10=LENGTH_MEASURE_WITH_UNIT(LENGTH_MEASURE(1.0),#17);
#11=DIMENSIONAL_EXPONENTS(1.0,0.0,0.0,0.0,0.0,0.0,0.0);
#12=DIMENSIONAL_EXPONENTS(0.0,0.0,0.0,0.0,0.0,0.0,0.0);
#13=PRODUCT_CONTEXT('',#4,'mechanical');
#14=CARTESIAN_POINT('',(0.0,0.0,0.0));
#15=DIRECTION('',(0.0,0.0,1.0));
#16=DIRECTION('',(1.0,0.0,0.0));
#17=(NAMED_UNIT(#11)LENGTH_UNIT()SI_UNIT(.MILLI.,.METRE.));
#18=PRESENTATION_STYLE_ASSIGNMENT((#19));
#19=SURFACE_STYLE_USAGE(.BOTH.,#20);
#20=SURFACE_SIDE_STYLE('',(#21));
#21=SURFACE_STYLE_FILL_AREA(#22);
#22=FILL_AREA_STYLE('',(#23));
#23=FILL_AREA_STYLE_COLOUR('',#24);
#24=COLOUR_RGB('',0.9,0.9,0.9);
#25=SHAPE_DEFINITION_REPRESENTATION(#26,#27);
#26=PRODUCT_DEFINITION_SHAPE('productshape0','',#30);
#27=MANIFOLD_SURFACE_SHAPE_REPRESENTATION('',(#28,#9),#3);
#28=SHELL_BASED_SURFACE_MODEL('shell0',(#33));
#29=PRODUCT('product0','','',(#13));
#30=PRODUCT_DEFINITION('mesh0','',#31,#2);
#31=PRODUCT_DEFINITION_FORMATION_WITH_SPECIFIED_SOURCE('prodsource0','',#29,.NOT_KNOWN.);
#32=STYLED_ITEM('',(#18),#33);
#33=CLOSED_SHELL('',(#588,#610,#632,#654,#676,#698,#720,#742,#764,#786,#808,#830,#852,#874,#896,#918,#940,#962,#984,#1006,#1028,#1050,#1072,#1094,#1116,#1138,#1160,#1182,#1204,#1226,#1248,#1270,#1292,#1314,#1336,#1358,#1380,#1402,#1424,#1446,#1468,#1490,#1512,#1534,#1556,#1578,#1600,#1622,#1644,#1666,#1688,#1710,#1732,#1754,#1776,#1798,#1820,#1842,#1864,#1886,#1908,#1930,#1952,#1974,#1996,#2018,#2040,#2062,#2084,#2106,#2128,#2150,#2172,#2194,#2216,#2238,#2260,#2282,#2304,#2326,#2348,#2370,#2392,#2414,#2436,#2458,#2480,#2502,#2524,#2546,#2568,#2590,#2612,#2634,#2656,#2678,#2700,#2722,#2744,#2766,#2788,#2810,#2832,#2854,#2876,#2898,#2920,#2942,#2964,#2986,#3008,#3030,#3052,#3074,#3096,#3118,#3140,#3162,#3184,#3206,#3228,#3250,#3272,#3294,#3316,#3338,#3360,#3382,#3404,#3426,#3448,#3470,#3492,#3514,#3536,#3558,#3580,#3602,#3624,#3646,#3668,#3690,#3712,#3734,#3756,#3778,#3800,#3822,#3844,#3866,#3888,#3910,#3932,#3954,#3976,#3998,#4020,#4042,#4064,#4086,#4108,#4130,#4152,#4174,#4196,#4218,#4240,#4262,#4284,#4306,#4328,#4350,#4372,#4394,#4416,#4438,#4460,#4482,#4504,#4526,#4548,#4570,#4592,#4614,#4636,#4658,#4680,#4702,#4724,#4746,#4768,#4790,#4812,#4834,#4856,#4878,#4900,#4922,#4944,#4966,#4988,#5010,#5032,#5054,#5076,#5098,#5120,#5142,#5164,#5186,#5208,#5230,#5252,#5274,#5296,#5318,#5340,#5362,#5384,#5406,#5428,#5450,#5472,#5494,#5516,#5538,#5560,#5582,#5604,#5626,#5648,#5670,#5692,#5714,#5736,#5758,#5780,#5802,#5824,#5846,#5868,#5890,#5912,#5934,#5956,#5978,#6000,#6022,#6044,#6066,#6088,#6110,#6132,#6154,#6176,#6198,#6220,#6242,#6264,#6286,#6308,#6330,#6352,#6374,#6396,#6418,#6440,#6462,#6484,#6506,#6528,#6550,#6572,#6594,#6616,#6638,#6660,#6682,#6704,#6726,#6748,#6770,#6792,#6814,#6836,#6858,#6880,#6902,#6924,#6946,#6968,#6990,#7012,#7034,#7056,#7078,#7100,#7122,#7144,#7166,#7188,#7210,#7232,#7254,#7276,#7298,#7320,#7342,#7364,#7386,#7408,#7430,#7452,#7474,#7496,#7518,#7540,#7562,#7584,#7606,#7628,#7650,#7672,#7694,#7716,#7738,#7760,#7782,#7804,#7826,#7848,#7870,#7892,#7914,#7936,#7958,#7980,#8002,#8024,#8046,#8068,#8090,#8112,#8134,#8156,#8178,#8200,#8222,#8244,#8266,#8288,#8310,#8332,#8354,#8376,#8398,#8420,#8442,#8464,#8486,#8508,#8530,#8552,#8574,#8596,#8618,#8640,#8662,#8684,#8706,#8728,#8750,#8772,#8794,#8816,#8838,#8860,#8882,#8904,#8926,#8948,#8970,#8992,#9014,#9036,#9058,#9080,#9102,#9124,#9146,#9168,#9190,#9212,#9234,#9256,#9278,#9300,#9322,#9344,#9366,#9388,#9410,#9432,#9454,#9476,#9498,#9520,#9542,#9564,#9586,#9608,#9630,#9652,#9674,#9696,#9718,#9740,#9762,#9784,#9806,#9828,#9850,#9872,#9894,#9916,#9938,#9960,#9982,#10004,#10026,#10048,#10070,#10092,#10114,#10136,#10158,#10180,#10202,#10224,#10246,#10268,#10290,#10312,#10334,#10356,#10378,#10400,#10422,#10444,#10466,#10488,#10510,#10532,#10554,#10576,#10598,#10620,#10642,#10664,#10686,#10708,#10730,#10752,#10774,#10796,#10818,#10840,#10862,#10884,#10906,#10928,#10950,#10972,#10994,#11016,#11038,#11060,#11082,#11104,#11126,#11148,#11170,#11192,#11214,#11236,#11258,#11280,#11302,#11324,#11346,#11368,#11390,#11412,#11434,#11456,#11478,#11500,#11522,#11544,#11566,#11588,#11610,#11632,#11654,#11676,#11698,#11720,#11742,#11764,#11786,#11808,#11830,#11852,#11874,#11896,#11918,#11940,#11962,#11984,#12006,#12028,#12050,#12072,#12094,#12116,#12138,#12160,#12182,#12204,#12226,#12248,#12270,#12292,#12314,#12336,#12358,#12380,#12402,#12424,#12446,#12468,#12490,#12512,#12534,#12556,#12578,#12600,#12622,#12644,#12666,#12688,#12710,#12732,#12754,#12776,#12798,#12820,#12842));
#34=CARTESIAN_POINT('',(46,27,17));
#35=VERTEX_POINT('',#34);
#36=CARTESIAN_POINT('',(46,27,7));
#37=VERTEX_POINT('',#36);
#38=CARTESIAN_POINT('',(46,17,7));
#39=VERTEX_POINT('',#38);
#40=CARTESIAN_POINT('',(67.58000183105469,-54.97999954223633,17));
#41=VERTEX_POINT('',#40);
#42=CARTESIAN_POINT('',(67.30000305175781,-55.29999923706055,17));
#43=VERTEX_POINT('',#42);
#44=CARTESIAN_POINT('',(75,-79,17));
#45=VERTEX_POINT('',#44);
#46=CARTESIAN_POINT('',(46,17,0));
#47=VERTEX_POINT('',#46);
#48=CARTESIAN_POINT('',(75,17,7));
#49=VERTEX_POINT('',#48);
#50=CARTESIAN_POINT('',(75,17,0));
#51=VERTEX_POINT('',#50);
#52=CARTESIAN_POINT('',(46,-89,0));
#53=VERTEX_POINT('',#52);
#54=CARTESIAN_POINT('',(46,-89,17));
#55=VERTEX_POINT('',#54);
#56=CARTESIAN_POINT('',(75,27,7));
#57=VERTEX_POINT('',#56);
#58=CARTESIAN_POINT('',(75,27,17));
#59=VERTEX_POINT('',#58);
#60=CARTESIAN_POINT('',(75,-79,0));
#61=VERTEX_POINT('',#60);
#62=CARTESIAN_POINT('',(67.81700134277344,-54.625999450683594,17));
#63=VERTEX_POINT('',#62);
#64=CARTESIAN_POINT('',(68.00499725341797,-54.244998931884766,17));
#65=VERTEX_POINT('',#64);
#66=CARTESIAN_POINT('',(64.57499694824219,-49.775001525878906,0));
#67=VERTEX_POINT('',#66);
#68=CARTESIAN_POINT('',(65,-49.74800109863281,0));
#69=VERTEX_POINT('',#68);
#70=CARTESIAN_POINT('',(68.14199829101562,-53.84199905395508,17));
#71=VERTEX_POINT('',#70);
#72=CARTESIAN_POINT('',(68.2249984741211,-53.42499923706055,17));
#73=VERTEX_POINT('',#72);
#74=CARTESIAN_POINT('',(68.25299835205078,-53,0));
#75=VERTEX_POINT('',#74);
#76=CARTESIAN_POINT('',(68.2249984741211,-52.57500076293945,0));
#77=VERTEX_POINT('',#76);
#78=CARTESIAN_POINT('',(65.42500305175781,-56.224998474121094,0));
#79=VERTEX_POINT('',#78);
#80=CARTESIAN_POINT('',(65,-56.25299835205078,0));
#81=VERTEX_POINT('',#80);
#82=CARTESIAN_POINT('',(74.91400146484375,-80.30500030517578,0));
#83=VERTEX_POINT('',#82);
#84=CARTESIAN_POINT('',(67.30000305175781,-55.29999923706055,0));
#85=VERTEX_POINT('',#84);
#86=CARTESIAN_POINT('',(66.9800033569336,-55.58000183105469,0));
#87=VERTEX_POINT('',#86);
#88=CARTESIAN_POINT('',(66.6259994506836,-55.81700134277344,0));
#89=VERTEX_POINT('',#88);
#90=CARTESIAN_POINT('',(70,-87.66000366210938,17));
#91=VERTEX_POINT('',#90);
#92=CARTESIAN_POINT('',(71.08799743652344,-86.93399810791016,17));
#93=VERTEX_POINT('',#92);
#94=CARTESIAN_POINT('',(63.374000549316406,-55.81700134277344,17));
#95=VERTEX_POINT('',#94);
#96=CARTESIAN_POINT('',(68.8270034790039,-88.23899841308594,17));
#97=VERTEX_POINT('',#96);
#98=CARTESIAN_POINT('',(72.07099914550781,-86.07099914550781,17));
#99=VERTEX_POINT('',#98);
#100=CARTESIAN_POINT('',(72.93399810791016,-85.08799743652344,17));
#101=VERTEX_POINT('',#100);
#102=CARTESIAN_POINT('',(73.66000366210938,-84,17));
#103=VERTEX_POINT('',#102);
#104=CARTESIAN_POINT('',(74.23899841308594,-82.8270034790039,17));
#105=VERTEX_POINT('',#104);
#106=CARTESIAN_POINT('',(74.65899658203125,-81.58799743652344,17));
#107=VERTEX_POINT('',#106);
#108=CARTESIAN_POINT('',(67.58799743652344,-88.65899658203125,17));
#109=VERTEX_POINT('',#108);
#110=CARTESIAN_POINT('',(63.02000045776367,-50.41999816894531,17));
#111=VERTEX_POINT('',#110);
#112=CARTESIAN_POINT('',(61.74800109863281,-49.74800109863281,17));
#113=VERTEX_POINT('',#112);
#114=CARTESIAN_POINT('',(62.70000076293945,-50.70000076293945,17));
#115=VERTEX_POINT('',#114);
#116=CARTESIAN_POINT('',(55,27,17));
#117=VERTEX_POINT('',#116);
#118=CARTESIAN_POINT('',(55,27,7));
#119=VERTEX_POINT('',#118);
#120=CARTESIAN_POINT('',(62.41999816894531,-51.02000045776367,17));
#121=VERTEX_POINT('',#120);
#122=CARTESIAN_POINT('',(62.18299865722656,-51.374000549316406,17));
#123=VERTEX_POINT('',#122);
#124=CARTESIAN_POINT('',(61.994998931884766,-51.755001068115234,17));
#125=VERTEX_POINT('',#124);
#126=CARTESIAN_POINT('',(61.858001708984375,-52.15800094604492,17));
#127=VERTEX_POINT('',#126);
#128=CARTESIAN_POINT('',(61.775001525878906,-52.57500076293945,17));
#129=VERTEX_POINT('',#128);
#130=CARTESIAN_POINT('',(61.74800109863281,-53,0));
#131=VERTEX_POINT('',#130);
#132=CARTESIAN_POINT('',(61.775001525878906,-52.57500076293945,0));
#133=VERTEX_POINT('',#132);
#134=CARTESIAN_POINT('',(65,-89,0));
#135=VERTEX_POINT('',#134);
#136=CARTESIAN_POINT('',(65,-89,17));
#137=VERTEX_POINT('',#136);
#138=CARTESIAN_POINT('',(74.91400146484375,-80.30500030517578,17));
#139=VERTEX_POINT('',#138);
#140=CARTESIAN_POINT('',(74.65899658203125,-81.58799743652344,0));
#141=VERTEX_POINT('',#140);
#142=CARTESIAN_POINT('',(74.23899841308594,-82.8270034790039,0));
#143=VERTEX_POINT('',#142);
#144=CARTESIAN_POINT('',(66.30500030517578,-88.91400146484375,17));
#145=VERTEX_POINT('',#144);
#146=CARTESIAN_POINT('',(73.66000366210938,-84,0));
#147=VERTEX_POINT('',#146);
#148=CARTESIAN_POINT('',(72.93399810791016,-85.08799743652344,0));
#149=VERTEX_POINT('',#148);
#150=CARTESIAN_POINT('',(72.07099914550781,-86.07099914550781,0));
#151=VERTEX_POINT('',#150);
#152=CARTESIAN_POINT('',(71.08799743652344,-86.93399810791016,0));
#153=VERTEX_POINT('',#152);
#154=CARTESIAN_POINT('',(70,-87.66000366210938,0));
#155=VERTEX_POINT('',#154);
#156=CARTESIAN_POINT('',(68.8270034790039,-88.23899841308594,0));
#157=VERTEX_POINT('',#156);
#158=CARTESIAN_POINT('',(67.58000183105469,28.979999542236328,17));
#159=VERTEX_POINT('',#158);
#160=CARTESIAN_POINT('',(67.30000305175781,29.299999237060547,7));
#161=VERTEX_POINT('',#160);
#162=CARTESIAN_POINT('',(67.58000183105469,28.979999542236328,7));
#163=VERTEX_POINT('',#162);
#164=CARTESIAN_POINT('',(67.58799743652344,-88.65899658203125,0));
#165=VERTEX_POINT('',#164);
#166=CARTESIAN_POINT('',(65.84200286865234,30.142000198364258,17));
#167=VERTEX_POINT('',#166);
#168=CARTESIAN_POINT('',(66.24500274658203,30.0049991607666,17));
#169=VERTEX_POINT('',#168);
#170=CARTESIAN_POINT('',(68.8270034790039,36.23899841308594,17));
#171=VERTEX_POINT('',#170);
#172=CARTESIAN_POINT('',(67.58799743652344,36.659000396728516,17));
#173=VERTEX_POINT('',#172);
#174=CARTESIAN_POINT('',(65.42500305175781,30.225000381469727,17));
#175=VERTEX_POINT('',#174);
#176=CARTESIAN_POINT('',(66.30500030517578,36.91400146484375,17));
#177=VERTEX_POINT('',#176);
#178=CARTESIAN_POINT('',(65,37,17));
#179=VERTEX_POINT('',#178);
#180=CARTESIAN_POINT('',(65,30.253000259399414,17));
#181=VERTEX_POINT('',#180);
#182=CARTESIAN_POINT('',(63.69499969482422,36.91400146484375,17));
#183=VERTEX_POINT('',#182);
#184=CARTESIAN_POINT('',(62.4119987487793,36.659000396728516,17));
#185=VERTEX_POINT('',#184);
#186=CARTESIAN_POINT('',(64.57499694824219,30.225000381469727,17));
#187=VERTEX_POINT('',#186);
#188=CARTESIAN_POINT('',(61.17300033569336,36.23899841308594,17));
#189=VERTEX_POINT('',#188);
#190=CARTESIAN_POINT('',(64.15799713134766,30.142000198364258,17));
#191=VERTEX_POINT('',#190);
#192=CARTESIAN_POINT('',(70,35.65999984741211,17));
#193=VERTEX_POINT('',#192);
#194=CARTESIAN_POINT('',(60,35.65999984741211,17));
#195=VERTEX_POINT('',#194);
#196=CARTESIAN_POINT('',(63.755001068115234,30.0049991607666,17));
#197=VERTEX_POINT('',#196);
#198=CARTESIAN_POINT('',(58.9119987487793,34.933998107910156,17));
#199=VERTEX_POINT('',#198);
#200=CARTESIAN_POINT('',(63.374000549316406,29.816999435424805,17));
#201=VERTEX_POINT('',#200);
#202=CARTESIAN_POINT('',(57.92900085449219,34.07099914550781,17));
#203=VERTEX_POINT('',#202);
#204=CARTESIAN_POINT('',(62.70000076293945,29.299999237060547,17));
#205=VERTEX_POINT('',#204);
#206=CARTESIAN_POINT('',(57.066001892089844,33.0880012512207,17));
#207=VERTEX_POINT('',#206);
#208=CARTESIAN_POINT('',(66.30500030517578,-88.91400146484375,0));
#209=VERTEX_POINT('',#208);
#210=CARTESIAN_POINT('',(74.91400146484375,28.30500030517578,17));
#211=VERTEX_POINT('',#210);
#212=CARTESIAN_POINT('',(74.65899658203125,29.58799934387207,17));
#213=VERTEX_POINT('',#212);
#214=CARTESIAN_POINT('',(68.2249984741211,27.424999237060547,17));
#215=VERTEX_POINT('',#214);
#216=CARTESIAN_POINT('',(68.14199829101562,27.841999053955078,7));
#217=VERTEX_POINT('',#216);
#218=CARTESIAN_POINT('',(68.14199829101562,27.841999053955078,17));
#219=VERTEX_POINT('',#218);
#220=CARTESIAN_POINT('',(68.00499725341797,28.2450008392334,17));
#221=VERTEX_POINT('',#220);
#222=CARTESIAN_POINT('',(68.25299835205078,27,17));
#223=VERTEX_POINT('',#222);
#224=CARTESIAN_POINT('',(68.2249984741211,27.424999237060547,7));
#225=VERTEX_POINT('',#224);
#226=CARTESIAN_POINT('',(72.07099914550781,34.07099914550781,17));
#227=VERTEX_POINT('',#226);
#228=CARTESIAN_POINT('',(71.08799743652344,34.933998107910156,17));
#229=VERTEX_POINT('',#228);
#230=CARTESIAN_POINT('',(67.30000305175781,29.299999237060547,17));
#231=VERTEX_POINT('',#230);
#232=CARTESIAN_POINT('',(72.07099914550781,34.07099914550781,7));
#233=VERTEX_POINT('',#232);
#234=CARTESIAN_POINT('',(71.08799743652344,34.933998107910156,7));
#235=VERTEX_POINT('',#234);
#236=CARTESIAN_POINT('',(72.93399810791016,33.0880012512207,7));
#237=VERTEX_POINT('',#236);
#238=CARTESIAN_POINT('',(65.42500305175781,30.225000381469727,7));
#239=VERTEX_POINT('',#238);
#240=CARTESIAN_POINT('',(65,30.253000259399414,7));
#241=VERTEX_POINT('',#240);
#242=CARTESIAN_POINT('',(66.30500030517578,36.91400146484375,7));
#243=VERTEX_POINT('',#242);
#244=CARTESIAN_POINT('',(67.58799743652344,36.659000396728516,7));
#245=VERTEX_POINT('',#244);
#246=CARTESIAN_POINT('',(65.84200286865234,30.142000198364258,7));
#247=VERTEX_POINT('',#246);
#248=CARTESIAN_POINT('',(68.8270034790039,36.23899841308594,7));
#249=VERTEX_POINT('',#248);
#250=CARTESIAN_POINT('',(66.24500274658203,30.0049991607666,7));
#251=VERTEX_POINT('',#250);
#252=CARTESIAN_POINT('',(70,35.65999984741211,7));
#253=VERTEX_POINT('',#252);
#254=CARTESIAN_POINT('',(66.6259994506836,29.816999435424805,7));
#255=VERTEX_POINT('',#254);
#256=CARTESIAN_POINT('',(68.25299835205078,27,7));
#257=VERTEX_POINT('',#256);
#258=CARTESIAN_POINT('',(72.93399810791016,33.0880012512207,17));
#259=VERTEX_POINT('',#258);
#260=CARTESIAN_POINT('',(67.81700134277344,28.625999450683594,7));
#261=VERTEX_POINT('',#260);
#262=CARTESIAN_POINT('',(73.66000366210938,32,7));
#263=VERTEX_POINT('',#262);
#264=CARTESIAN_POINT('',(68.00499725341797,28.2450008392334,7));
#265=VERTEX_POINT('',#264);
#266=CARTESIAN_POINT('',(67.81700134277344,28.625999450683594,17));
#267=VERTEX_POINT('',#266);
#268=CARTESIAN_POINT('',(73.66000366210938,32,17));
#269=VERTEX_POINT('',#268);
#270=CARTESIAN_POINT('',(67.30000305175781,24.700000762939453,17));
#271=VERTEX_POINT('',#270);
#272=CARTESIAN_POINT('',(66.9800033569336,24.420000076293945,17));
#273=VERTEX_POINT('',#272);
#274=CARTESIAN_POINT('',(65.84200286865234,-49.858001708984375,17));
#275=VERTEX_POINT('',#274);
#276=CARTESIAN_POINT('',(74.23899841308594,30.82699966430664,17));
#277=VERTEX_POINT('',#276);
#278=CARTESIAN_POINT('',(74.23899841308594,30.82699966430664,7));
#279=VERTEX_POINT('',#278);
#280=CARTESIAN_POINT('',(74.65899658203125,29.58799934387207,7));
#281=VERTEX_POINT('',#280);
#282=CARTESIAN_POINT('',(66.24500274658203,23.9950008392334,17));
#283=VERTEX_POINT('',#282);
#284=CARTESIAN_POINT('',(65.84200286865234,23.857999801635742,17));
#285=VERTEX_POINT('',#284);
#286=CARTESIAN_POINT('',(64.15799713134766,-49.858001708984375,17));
#287=VERTEX_POINT('',#286);
#288=CARTESIAN_POINT('',(64.57499694824219,-49.775001525878906,17));
#289=VERTEX_POINT('',#288);
#290=CARTESIAN_POINT('',(65.42500305175781,23.774999618530273,17));
#291=VERTEX_POINT('',#290);
#292=CARTESIAN_POINT('',(66.6259994506836,24.183000564575195,17));
#293=VERTEX_POINT('',#292);
#294=CARTESIAN_POINT('',(61.17300033569336,36.23899841308594,7));
#295=VERTEX_POINT('',#294);
#296=CARTESIAN_POINT('',(62.4119987487793,36.659000396728516,7));
#297=VERTEX_POINT('',#296);
#298=CARTESIAN_POINT('',(64.15799713134766,30.142000198364258,7));
#299=VERTEX_POINT('',#298);
#300=CARTESIAN_POINT('',(68.2249984741211,-52.57500076293945,17));
#301=VERTEX_POINT('',#300);
#302=CARTESIAN_POINT('',(68.14199829101562,-52.15800094604492,17));
#303=VERTEX_POINT('',#302);
#304=CARTESIAN_POINT('',(63.69499969482422,36.91400146484375,7));
#305=VERTEX_POINT('',#304);
#306=CARTESIAN_POINT('',(64.57499694824219,30.225000381469727,7));
#307=VERTEX_POINT('',#306);
#308=CARTESIAN_POINT('',(66.6259994506836,29.816999435424805,17));
#309=VERTEX_POINT('',#308);
#310=CARTESIAN_POINT('',(68.00499725341797,-51.755001068115234,17));
#311=VERTEX_POINT('',#310);
#312=CARTESIAN_POINT('',(65,37,7));
#313=VERTEX_POINT('',#312);
#314=CARTESIAN_POINT('',(67.81700134277344,-51.374000549316406,17));
#315=VERTEX_POINT('',#314);
#316=CARTESIAN_POINT('',(66.9800033569336,29.579999923706055,7));
#317=VERTEX_POINT('',#316);
#318=CARTESIAN_POINT('',(56.34000015258789,32,17));
#319=VERTEX_POINT('',#318);
#320=CARTESIAN_POINT('',(62.18299865722656,28.625999450683594,17));
#321=VERTEX_POINT('',#320);
#322=CARTESIAN_POINT('',(62.41999816894531,28.979999542236328,17));
#323=VERTEX_POINT('',#322);
#324=CARTESIAN_POINT('',(74.91400146484375,28.30500030517578,7));
#325=VERTEX_POINT('',#324);
#326=CARTESIAN_POINT('',(63.02000045776367,29.579999923706055,17));
#327=VERTEX_POINT('',#326);
#328=CARTESIAN_POINT('',(66.9800033569336,29.579999923706055,17));
#329=VERTEX_POINT('',#328);
#330=CARTESIAN_POINT('',(55.08599853515625,28.30500030517578,17));
#331=VERTEX_POINT('',#330);
#332=CARTESIAN_POINT('',(55.08599853515625,28.30500030517578,7));
#333=VERTEX_POINT('',#332);
#334=CARTESIAN_POINT('',(55.340999603271484,29.58799934387207,17));
#335=VERTEX_POINT('',#334);
#336=CARTESIAN_POINT('',(55.340999603271484,29.58799934387207,7));
#337=VERTEX_POINT('',#336);
#338=CARTESIAN_POINT('',(55.76100158691406,30.82699966430664,17));
#339=VERTEX_POINT('',#338);
#340=CARTESIAN_POINT('',(55.76100158691406,30.82699966430664,7));
#341=VERTEX_POINT('',#340);
#342=CARTESIAN_POINT('',(56.34000015258789,32,7));
#343=VERTEX_POINT('',#342);
#344=CARTESIAN_POINT('',(61.994998931884766,28.2450008392334,17));
#345=VERTEX_POINT('',#344);
#346=CARTESIAN_POINT('',(61.858001708984375,27.841999053955078,17));
#347=VERTEX_POINT('',#346);
#348=CARTESIAN_POINT('',(61.775001525878906,27.424999237060547,17));
#349=VERTEX_POINT('',#348);
#350=CARTESIAN_POINT('',(61.74800109863281,27,17));
#351=VERTEX_POINT('',#350);
#352=CARTESIAN_POINT('',(63.755001068115234,23.9950008392334,17));
#353=VERTEX_POINT('',#352);
#354=CARTESIAN_POINT('',(64.15799713134766,23.857999801635742,17));
#355=VERTEX_POINT('',#354);
#356=CARTESIAN_POINT('',(67.30000305175781,-50.70000076293945,17));
#357=VERTEX_POINT('',#356);
#358=CARTESIAN_POINT('',(66.9800033569336,-50.41999816894531,17));
#359=VERTEX_POINT('',#358);
#360=CARTESIAN_POINT('',(66.6259994506836,-50.18299865722656,17));
#361=VERTEX_POINT('',#360);
#362=CARTESIAN_POINT('',(66.24500274658203,-49.994998931884766,17));
#363=VERTEX_POINT('',#362);
#364=CARTESIAN_POINT('',(63.374000549316406,24.183000564575195,17));
#365=VERTEX_POINT('',#364);
#366=CARTESIAN_POINT('',(67.58000183105469,25.020000457763672,17));
#367=VERTEX_POINT('',#366);
#368=CARTESIAN_POINT('',(62.70000076293945,24.700000762939453,17));
#369=VERTEX_POINT('',#368);
#370=CARTESIAN_POINT('',(63.02000045776367,24.420000076293945,17));
#371=VERTEX_POINT('',#370);
#372=CARTESIAN_POINT('',(63.374000549316406,-50.18299865722656,17));
#373=VERTEX_POINT('',#372);
#374=CARTESIAN_POINT('',(67.58000183105469,-51.02000045776367,17));
#375=VERTEX_POINT('',#374);
#376=CARTESIAN_POINT('',(68.25299835205078,-53,17));
#377=VERTEX_POINT('',#376);
#378=CARTESIAN_POINT('',(65,-49.74800109863281,17));
#379=VERTEX_POINT('',#378);
#380=CARTESIAN_POINT('',(65.42500305175781,-49.775001525878906,17));
#381=VERTEX_POINT('',#380);
#382=CARTESIAN_POINT('',(65.42500305175781,-56.224998474121094,17));
#383=VERTEX_POINT('',#382);
#384=CARTESIAN_POINT('',(65,-56.25299835205078,17));
#385=VERTEX_POINT('',#384);
#386=CARTESIAN_POINT('',(64.57499694824219,-56.224998474121094,17));
#387=VERTEX_POINT('',#386);
#388=CARTESIAN_POINT('',(64.15799713134766,-56.141998291015625,17));
#389=VERTEX_POINT('',#388);
#390=CARTESIAN_POINT('',(63.755001068115234,-56.005001068115234,17));
#391=VERTEX_POINT('',#390);
#392=CARTESIAN_POINT('',(66.6259994506836,-55.81700134277344,17));
#393=VERTEX_POINT('',#392);
#394=CARTESIAN_POINT('',(66.24500274658203,-56.005001068115234,17));
#395=VERTEX_POINT('',#394);
#396=CARTESIAN_POINT('',(63.755001068115234,-49.994998931884766,17));
#397=VERTEX_POINT('',#396);
#398=CARTESIAN_POINT('',(57.066001892089844,33.0880012512207,7));
#399=VERTEX_POINT('',#398);
#400=CARTESIAN_POINT('',(62.18299865722656,28.625999450683594,7));
#401=VERTEX_POINT('',#400);
#402=CARTESIAN_POINT('',(62.41999816894531,28.979999542236328,7));
#403=VERTEX_POINT('',#402);
#404=CARTESIAN_POINT('',(62.70000076293945,-55.29999923706055,17));
#405=VERTEX_POINT('',#404);
#406=CARTESIAN_POINT('',(63.02000045776367,-55.58000183105469,17));
#407=VERTEX_POINT('',#406);
#408=CARTESIAN_POINT('',(62.41999816894531,-54.97999954223633,17));
#409=VERTEX_POINT('',#408);
#410=CARTESIAN_POINT('',(62.18299865722656,-54.625999450683594,17));
#411=VERTEX_POINT('',#410);
#412=CARTESIAN_POINT('',(61.74800109863281,-53,17));
#413=VERTEX_POINT('',#412);
#414=CARTESIAN_POINT('',(61.775001525878906,-53.42499923706055,17));
#415=VERTEX_POINT('',#414);
#416=CARTESIAN_POINT('',(57.92900085449219,34.07099914550781,7));
#417=VERTEX_POINT('',#416);
#418=CARTESIAN_POINT('',(58.9119987487793,34.933998107910156,7));
#419=VERTEX_POINT('',#418);
#420=CARTESIAN_POINT('',(62.70000076293945,29.299999237060547,7));
#421=VERTEX_POINT('',#420);
#422=CARTESIAN_POINT('',(61.994998931884766,25.7549991607666,17));
#423=VERTEX_POINT('',#422);
#424=CARTESIAN_POINT('',(62.18299865722656,25.374000549316406,17));
#425=VERTEX_POINT('',#424);
#426=CARTESIAN_POINT('',(62.41999816894531,25.020000457763672,17));
#427=VERTEX_POINT('',#426);
#428=CARTESIAN_POINT('',(61.858001708984375,26.158000946044922,17));
#429=VERTEX_POINT('',#428);
#430=CARTESIAN_POINT('',(61.775001525878906,26.575000762939453,17));
#431=VERTEX_POINT('',#430);
#432=CARTESIAN_POINT('',(60,35.65999984741211,7));
#433=VERTEX_POINT('',#432);
#434=CARTESIAN_POINT('',(63.374000549316406,29.816999435424805,7));
#435=VERTEX_POINT('',#434);
#436=CARTESIAN_POINT('',(63.02000045776367,-55.58000183105469,0));
#437=VERTEX_POINT('',#436);
#438=CARTESIAN_POINT('',(63.374000549316406,-55.81700134277344,0));
#439=VERTEX_POINT('',#438);
#440=CARTESIAN_POINT('',(63.755001068115234,30.0049991607666,7));
#441=VERTEX_POINT('',#440);
#442=CARTESIAN_POINT('',(63.02000045776367,29.579999923706055,7));
#443=VERTEX_POINT('',#442);
#444=CARTESIAN_POINT('',(67.81700134277344,25.374000549316406,17));
#445=VERTEX_POINT('',#444);
#446=CARTESIAN_POINT('',(64.15799713134766,-56.141998291015625,0));
#447=VERTEX_POINT('',#446);
#448=CARTESIAN_POINT('',(63.755001068115234,-56.005001068115234,0));
#449=VERTEX_POINT('',#448);
#450=CARTESIAN_POINT('',(68.2249984741211,26.575000762939453,17));
#451=VERTEX_POINT('',#450);
#452=CARTESIAN_POINT('',(68.14199829101562,26.158000946044922,17));
#453=VERTEX_POINT('',#452);
#454=CARTESIAN_POINT('',(68.00499725341797,25.7549991607666,17));
#455=VERTEX_POINT('',#454);
#456=CARTESIAN_POINT('',(61.994998931884766,28.2450008392334,7));
#457=VERTEX_POINT('',#456);
#458=CARTESIAN_POINT('',(61.775001525878906,27.424999237060547,7));
#459=VERTEX_POINT('',#458);
#460=CARTESIAN_POINT('',(61.74800109863281,27,7));
#461=VERTEX_POINT('',#460);
#462=CARTESIAN_POINT('',(61.858001708984375,27.841999053955078,7));
#463=VERTEX_POINT('',#462);
#464=CARTESIAN_POINT('',(65.42500305175781,-49.775001525878906,0));
#465=VERTEX_POINT('',#464);
#466=CARTESIAN_POINT('',(65.84200286865234,-49.858001708984375,0));
#467=VERTEX_POINT('',#466);
#468=CARTESIAN_POINT('',(65,23.74799919128418,17));
#469=VERTEX_POINT('',#468);
#470=CARTESIAN_POINT('',(64.57499694824219,23.774999618530273,17));
#471=VERTEX_POINT('',#470);
#472=CARTESIAN_POINT('',(63.374000549316406,24.183000564575195,7));
#473=VERTEX_POINT('',#472);
#474=CARTESIAN_POINT('',(63.755001068115234,23.9950008392334,7));
#475=VERTEX_POINT('',#474);
#476=CARTESIAN_POINT('',(64.15799713134766,23.857999801635742,7));
#477=VERTEX_POINT('',#476);
#478=CARTESIAN_POINT('',(61.858001708984375,-53.84199905395508,17));
#479=VERTEX_POINT('',#478);
#480=CARTESIAN_POINT('',(61.775001525878906,-53.42499923706055,0));
#481=VERTEX_POINT('',#480);
#482=CARTESIAN_POINT('',(61.994998931884766,-54.244998931884766,17));
#483=VERTEX_POINT('',#482);
#484=CARTESIAN_POINT('',(62.70000076293945,24.700000762939453,7));
#485=VERTEX_POINT('',#484);
#486=CARTESIAN_POINT('',(62.41999816894531,25.020000457763672,7));
#487=VERTEX_POINT('',#486);
#488=CARTESIAN_POINT('',(62.18299865722656,25.374000549316406,7));
#489=VERTEX_POINT('',#488);
#490=CARTESIAN_POINT('',(66.9800033569336,-50.41999816894531,0));
#491=VERTEX_POINT('',#490);
#492=CARTESIAN_POINT('',(66.6259994506836,-50.18299865722656,0));
#493=VERTEX_POINT('',#492);
#494=CARTESIAN_POINT('',(61.994998931884766,25.7549991607666,7));
#495=VERTEX_POINT('',#494);
#496=CARTESIAN_POINT('',(66.24500274658203,-49.994998931884766,0));
#497=VERTEX_POINT('',#496);
#498=CARTESIAN_POINT('',(61.858001708984375,26.158000946044922,7));
#499=VERTEX_POINT('',#498);
#500=CARTESIAN_POINT('',(65.84200286865234,-56.141998291015625,17));
#501=VERTEX_POINT('',#500);
#502=CARTESIAN_POINT('',(66.9800033569336,-55.58000183105469,17));
#503=VERTEX_POINT('',#502);
#504=CARTESIAN_POINT('',(63.02000045776367,24.420000076293945,7));
#505=VERTEX_POINT('',#504);
#506=CARTESIAN_POINT('',(66.24500274658203,-56.005001068115234,0));
#507=VERTEX_POINT('',#506);
#508=CARTESIAN_POINT('',(65.84200286865234,-56.141998291015625,0));
#509=VERTEX_POINT('',#508);
#510=CARTESIAN_POINT('',(66.6259994506836,24.183000564575195,7));
#511=VERTEX_POINT('',#510);
#512=CARTESIAN_POINT('',(66.9800033569336,24.420000076293945,7));
#513=VERTEX_POINT('',#512);
#514=CARTESIAN_POINT('',(67.58000183105469,25.020000457763672,7));
#515=VERTEX_POINT('',#514);
#516=CARTESIAN_POINT('',(67.30000305175781,24.700000762939453,7));
#517=VERTEX_POINT('',#516);
#518=CARTESIAN_POINT('',(61.858001708984375,-53.84199905395508,0));
#519=VERTEX_POINT('',#518);
#520=CARTESIAN_POINT('',(61.994998931884766,-54.244998931884766,0));
#521=VERTEX_POINT('',#520);
#522=CARTESIAN_POINT('',(66.24500274658203,23.9950008392334,7));
#523=VERTEX_POINT('',#522);
#524=CARTESIAN_POINT('',(65.84200286865234,23.857999801635742,7));
#525=VERTEX_POINT('',#524);
#526=CARTESIAN_POINT('',(65.42500305175781,23.774999618530273,7));
#527=VERTEX_POINT('',#526);
#528=CARTESIAN_POINT('',(67.58000183105469,-54.97999954223633,0));
#529=VERTEX_POINT('',#528);
#530=CARTESIAN_POINT('',(62.41999816894531,-54.97999954223633,0));
#531=VERTEX_POINT('',#530);
#532=CARTESIAN_POINT('',(62.18299865722656,-54.625999450683594,0));
#533=VERTEX_POINT('',#532);
#534=CARTESIAN_POINT('',(62.70000076293945,-55.29999923706055,0));
#535=VERTEX_POINT('',#534);
#536=CARTESIAN_POINT('',(68.14199829101562,-53.84199905395508,0));
#537=VERTEX_POINT('',#536);
#538=CARTESIAN_POINT('',(64.57499694824219,-56.224998474121094,0));
#539=VERTEX_POINT('',#538);
#540=CARTESIAN_POINT('',(68.2249984741211,26.575000762939453,7));
#541=VERTEX_POINT('',#540);
#542=CARTESIAN_POINT('',(68.2249984741211,-53.42499923706055,0));
#543=VERTEX_POINT('',#542);
#544=CARTESIAN_POINT('',(67.81700134277344,-54.625999450683594,0));
#545=VERTEX_POINT('',#544);
#546=CARTESIAN_POINT('',(68.00499725341797,-54.244998931884766,0));
#547=VERTEX_POINT('',#546);
#548=CARTESIAN_POINT('',(68.00499725341797,25.7549991607666,7));
#549=VERTEX_POINT('',#548);
#550=CARTESIAN_POINT('',(67.81700134277344,25.374000549316406,7));
#551=VERTEX_POINT('',#550);
#552=CARTESIAN_POINT('',(68.14199829101562,26.158000946044922,7));
#553=VERTEX_POINT('',#552);
#554=CARTESIAN_POINT('',(64.57499694824219,23.774999618530273,7));
#555=VERTEX_POINT('',#554);
#556=CARTESIAN_POINT('',(65,23.74799919128418,7));
#557=VERTEX_POINT('',#556);
#558=CARTESIAN_POINT('',(61.775001525878906,26.575000762939453,7));
#559=VERTEX_POINT('',#558);
#560=CARTESIAN_POINT('',(62.70000076293945,-50.70000076293945,0));
#561=VERTEX_POINT('',#560);
#562=CARTESIAN_POINT('',(63.02000045776367,-50.41999816894531,0));
#563=VERTEX_POINT('',#562);
#564=CARTESIAN_POINT('',(64.15799713134766,-49.858001708984375,0));
#565=VERTEX_POINT('',#564);
#566=CARTESIAN_POINT('',(63.755001068115234,-49.994998931884766,0));
#567=VERTEX_POINT('',#566);
#568=CARTESIAN_POINT('',(63.374000549316406,-50.18299865722656,0));
#569=VERTEX_POINT('',#568);
#570=CARTESIAN_POINT('',(62.41999816894531,-51.02000045776367,0));
#571=VERTEX_POINT('',#570);
#572=CARTESIAN_POINT('',(62.18299865722656,-51.374000549316406,0));
#573=VERTEX_POINT('',#572);
#574=CARTESIAN_POINT('',(61.994998931884766,-51.755001068115234,0));
#575=VERTEX_POINT('',#574);
#576=CARTESIAN_POINT('',(61.858001708984375,-52.15800094604492,0));
#577=VERTEX_POINT('',#576);
#578=CARTESIAN_POINT('',(67.30000305175781,-50.70000076293945,0));
#579=VERTEX_POINT('',#578);
#580=CARTESIAN_POINT('',(68.14199829101562,-52.15800094604492,0));
#581=VERTEX_POINT('',#580);
#582=CARTESIAN_POINT('',(68.00499725341797,-51.755001068115234,0));
#583=VERTEX_POINT('',#582);
#584=CARTESIAN_POINT('',(67.81700134277344,-51.374000549316406,0));
#585=VERTEX_POINT('',#584);
#586=CARTESIAN_POINT('',(67.58000183105469,-51.02000045776367,0));
#587=VERTEX_POINT('',#586);
#588=FACE_SURFACE('',(#593),#589,.T.);
#589=PLANE('',#590);
#590=AXIS2_PLACEMENT_3D('',#34,#591,#592);
#591=DIRECTION('',(-1,0,-0));
#592=DIRECTION('',(0,0,-1));
#593=FACE_BOUND('',#594,.T.);
#594=EDGE_LOOP('',(#595,#596,#597));
#595=ORIENTED_EDGE('',*,*,#598,.T.);
#596=ORIENTED_EDGE('',*,*,#599,.T.);
#597=ORIENTED_EDGE('',*,*,#600,.T.);
#598=EDGE_CURVE('',#35,#37,#601,.F.);
#599=EDGE_CURVE('',#37,#39,#602,.T.);
#600=EDGE_CURVE('',#39,#35,#603,.T.);
#601=LINE('',#34,#604);
#602=LINE('',#36,#605);
#603=LINE('',#38,#606);
#604=VECTOR('',#607,1.0);
#605=VECTOR('',#608,1.0);
#606=VECTOR('',#609,1.0);
#607=DIRECTION('',(0,0,-1));
#608=DIRECTION('',(0,-1,0));
#609=DIRECTION('',(0,0.7071067811865475,0.7071067811865475));
#610=FACE_SURFACE('',(#615),#611,.T.);
#611=PLANE('',#612);
#612=AXIS2_PLACEMENT_3D('',#40,#613,#614);
#613=DIRECTION('',(0,0,1));
#614=DIRECTION('',(-0.6585033375758821,-0.7525778062110414,0));
#615=FACE_BOUND('',#616,.T.);
#616=EDGE_LOOP('',(#617,#618,#619));
#617=ORIENTED_EDGE('',*,*,#620,.T.);
#618=ORIENTED_EDGE('',*,*,#621,.T.);
#619=ORIENTED_EDGE('',*,*,#622,.T.);
#620=EDGE_CURVE('',#41,#43,#623,.F.);
#621=EDGE_CURVE('',#43,#45,#624,.T.);
#622=EDGE_CURVE('',#45,#41,#625,.T.);
#623=LINE('',#40,#626);
#624=LINE('',#42,#627);
#625=LINE('',#44,#628);
#626=VECTOR('',#629,1.0);
#627=VECTOR('',#630,1.0);
#628=VECTOR('',#631,1.0);
#629=DIRECTION('',(-0.6585033375758821,-0.7525778062110414,0));
#630=DIRECTION('',(0.3089952122943789,-0.9510635934463856,0));
#631=DIRECTION('',(-0.2951477579798411,0.9554516214646731,0));
#632=FACE_SURFACE('',(#637),#633,.T.);
#633=PLANE('',#634);
#634=AXIS2_PLACEMENT_3D('',#46,#635,#636);
#635=DIRECTION('',(0,1,0));
#636=DIRECTION('',(0.9720822085732868,0,0.23464053310389682));
#637=FACE_BOUND('',#638,.T.);
#638=EDGE_LOOP('',(#639,#640,#641));
#639=ORIENTED_EDGE('',*,*,#642,.T.);
#640=ORIENTED_EDGE('',*,*,#643,.T.);
#641=ORIENTED_EDGE('',*,*,#644,.T.);
#642=EDGE_CURVE('',#47,#49,#645,.F.);
#643=EDGE_CURVE('',#49,#51,#646,.T.);
#644=EDGE_CURVE('',#51,#47,#647,.T.);
#645=LINE('',#46,#648);
#646=LINE('',#48,#649);
#647=LINE('',#50,#650);
#648=VECTOR('',#651,1.0);
#649=VECTOR('',#652,1.0);
#650=VECTOR('',#653,1.0);
#651=DIRECTION('',(0.9720822085732868,0,0.23464053310389682));
#652=DIRECTION('',(0,0,-1));
#653=DIRECTION('',(-1,0,0));
#654=FACE_SURFACE('',(#659),#655,.T.);
#655=PLANE('',#656);
#656=AXIS2_PLACEMENT_3D('',#46,#657,#658);
#657=DIRECTION('',(-1,0,0));
#658=DIRECTION('',(0,-1,0));
#659=FACE_BOUND('',#660,.T.);
#660=EDGE_LOOP('',(#661,#662,#663));
#661=ORIENTED_EDGE('',*,*,#664,.T.);
#662=ORIENTED_EDGE('',*,*,#665,.T.);
#663=ORIENTED_EDGE('',*,*,#666,.T.);
#664=EDGE_CURVE('',#47,#53,#667,.F.);
#665=EDGE_CURVE('',#53,#39,#668,.T.);
#666=EDGE_CURVE('',#39,#47,#669,.T.);
#667=LINE('',#46,#670);
#668=LINE('',#52,#671);
#669=LINE('',#38,#672);
#670=VECTOR('',#673,1.0);
#671=VECTOR('',#674,1.0);
#672=VECTOR('',#675,1.0);
#673=DIRECTION('',(0,-1,0));
#674=DIRECTION('',(0,0.9978266147157041,0.06589421040575405));
#675=DIRECTION('',(0,0,-1));
#676=FACE_SURFACE('',(#681),#677,.T.);
#677=PLANE('',#678);
#678=AXIS2_PLACEMENT_3D('',#52,#679,#680);
#679=DIRECTION('',(-1,0,0));
#680=DIRECTION('',(0,0,1));
#681=FACE_BOUND('',#682,.T.);
#682=EDGE_LOOP('',(#683,#684,#685));
#683=ORIENTED_EDGE('',*,*,#686,.T.);
#684=ORIENTED_EDGE('',*,*,#687,.T.);
#685=ORIENTED_EDGE('',*,*,#688,.T.);
#686=EDGE_CURVE('',#53,#55,#689,.F.);
#687=EDGE_CURVE('',#55,#39,#690,.T.);
#688=EDGE_CURVE('',#39,#53,#691,.T.);
#689=LINE('',#52,#692);
#690=LINE('',#54,#693);
#691=LINE('',#38,#694);
#692=VECTOR('',#695,1.0);
#693=VECTOR('',#696,1.0);
#694=VECTOR('',#697,1.0);
#695=DIRECTION('',(0,0,1));
#696=DIRECTION('',(0,0.9955795027140815,-0.09392259459566807));
#697=DIRECTION('',(0,-0.9978266147157041,-0.06589421040575405));
#698=FACE_SURFACE('',(#703),#699,.T.);
#699=PLANE('',#700);
#700=AXIS2_PLACEMENT_3D('',#34,#701,#702);
#701=DIRECTION('',(-1,-0,0));
#702=DIRECTION('',(0,-0.7071067811865475,-0.7071067811865475));
#703=FACE_BOUND('',#704,.T.);
#704=EDGE_LOOP('',(#705,#706,#707));
#705=ORIENTED_EDGE('',*,*,#708,.T.);
#706=ORIENTED_EDGE('',*,*,#709,.T.);
#707=ORIENTED_EDGE('',*,*,#710,.T.);
#708=EDGE_CURVE('',#35,#39,#711,.F.);
#709=EDGE_CURVE('',#39,#55,#712,.T.);
#710=EDGE_CURVE('',#55,#35,#713,.T.);
#711=LINE('',#34,#714);
#712=LINE('',#38,#715);
#713=LINE('',#54,#716);
#714=VECTOR('',#717,1.0);
#715=VECTOR('',#718,1.0);
#716=VECTOR('',#719,1.0);
#717=DIRECTION('',(0,-0.7071067811865475,-0.7071067811865475));
#718=DIRECTION('',(0,-0.9955795027140815,0.09392259459566807));
#719=DIRECTION('',(0,1,0));
#720=FACE_SURFACE('',(#725),#721,.T.);
#721=PLANE('',#722);
#722=AXIS2_PLACEMENT_3D('',#56,#723,#724);
#723=DIRECTION('',(1,0,-0));
#724=DIRECTION('',(0,0,1));
#725=FACE_BOUND('',#726,.T.);
#726=EDGE_LOOP('',(#727,#728,#729));
#727=ORIENTED_EDGE('',*,*,#730,.T.);
#728=ORIENTED_EDGE('',*,*,#731,.T.);
#729=ORIENTED_EDGE('',*,*,#732,.T.);
#730=EDGE_CURVE('',#57,#59,#733,.F.);
#731=EDGE_CURVE('',#59,#49,#734,.T.);
#732=EDGE_CURVE('',#49,#57,#735,.T.);
#733=LINE('',#56,#736);
#734=LINE('',#58,#737);
#735=LINE('',#48,#738);
#736=VECTOR('',#739,1.0);
#737=VECTOR('',#740,1.0);
#738=VECTOR('',#741,1.0);
#739=DIRECTION('',(0,0,1));
#740=DIRECTION('',(0,-0.7071067811865475,-0.7071067811865475));
#741=DIRECTION('',(0,1,0));
#742=FACE_SURFACE('',(#747),#743,.T.);
#743=PLANE('',#744);
#744=AXIS2_PLACEMENT_3D('',#44,#745,#746);
#745=DIRECTION('',(1,0,0));
#746=DIRECTION('',(0,0,-1));
#747=FACE_BOUND('',#748,.T.);
#748=EDGE_LOOP('',(#749,#750,#751));
#749=ORIENTED_EDGE('',*,*,#752,.T.);
#750=ORIENTED_EDGE('',*,*,#753,.T.);
#751=ORIENTED_EDGE('',*,*,#754,.T.);
#752=EDGE_CURVE('',#45,#61,#755,.F.);
#753=EDGE_CURVE('',#61,#49,#756,.T.);
#754=EDGE_CURVE('',#49,#45,#757,.T.);
#755=LINE('',#44,#758);
#756=LINE('',#60,#759);
#757=LINE('',#48,#760);
#758=VECTOR('',#761,1.0);
#759=VECTOR('',#762,1.0);
#760=VECTOR('',#763,1.0);
#761=DIRECTION('',(0,0,-1));
#762=DIRECTION('',(0,0.9973521339060822,0.07272359309731849));
#763=DIRECTION('',(0,-0.9946184088907778,0.10360608425945601));
#764=FACE_SURFACE('',(#769),#765,.T.);
#765=PLANE('',#766);
#766=AXIS2_PLACEMENT_3D('',#50,#767,#768);
#767=DIRECTION('',(1,0,-0));
#768=DIRECTION('',(0,0,1));
#769=FACE_BOUND('',#770,.T.);
#770=EDGE_LOOP('',(#771,#772,#773));
#771=ORIENTED_EDGE('',*,*,#774,.T.);
#772=ORIENTED_EDGE('',*,*,#775,.T.);
#773=ORIENTED_EDGE('',*,*,#776,.T.);
#774=EDGE_CURVE('',#51,#49,#777,.F.);
#775=EDGE_CURVE('',#49,#61,#778,.T.);
#776=EDGE_CURVE('',#61,#51,#779,.T.);
#777=LINE('',#50,#780);
#778=LINE('',#48,#781);
#779=LINE('',#60,#782);
#780=VECTOR('',#783,1.0);
#781=VECTOR('',#784,1.0);
#782=VECTOR('',#785,1.0);
#783=DIRECTION('',(0,0,1));
#784=DIRECTION('',(0,-0.9973521339060822,-0.07272359309731849));
#785=DIRECTION('',(0,1,0));
#786=FACE_SURFACE('',(#791),#787,.T.);
#787=PLANE('',#788);
#788=AXIS2_PLACEMENT_3D('',#44,#789,#790);
#789=DIRECTION('',(1,-0,0));
#790=DIRECTION('',(0,0.9946184088907778,-0.10360608425945601));
#791=FACE_BOUND('',#792,.T.);
#792=EDGE_LOOP('',(#793,#794,#795));
#793=ORIENTED_EDGE('',*,*,#796,.T.);
#794=ORIENTED_EDGE('',*,*,#797,.T.);
#795=ORIENTED_EDGE('',*,*,#798,.T.);
#796=EDGE_CURVE('',#45,#49,#799,.F.);
#797=EDGE_CURVE('',#49,#59,#800,.T.);
#798=EDGE_CURVE('',#59,#45,#801,.T.);
#799=LINE('',#44,#802);
#800=LINE('',#48,#803);
#801=LINE('',#58,#804);
#802=VECTOR('',#805,1.0);
#803=VECTOR('',#806,1.0);
#804=VECTOR('',#807,1.0);
#805=DIRECTION('',(0,0.9946184088907778,-0.10360608425945601));
#806=DIRECTION('',(0,0.7071067811865475,0.7071067811865475));
#807=DIRECTION('',(0,-1,0));
#808=FACE_SURFACE('',(#813),#809,.T.);
#809=PLANE('',#810);
#810=AXIS2_PLACEMENT_3D('',#38,#811,#812);
#811=DIRECTION('',(-0,1,0));
#812=DIRECTION('',(1,0,0));
#813=FACE_BOUND('',#814,.T.);
#814=EDGE_LOOP('',(#815,#816,#817));
#815=ORIENTED_EDGE('',*,*,#818,.T.);
#816=ORIENTED_EDGE('',*,*,#819,.T.);
#817=ORIENTED_EDGE('',*,*,#820,.T.);
#818=EDGE_CURVE('',#39,#49,#821,.F.);
#819=EDGE_CURVE('',#49,#47,#822,.T.);
#820=EDGE_CURVE('',#47,#39,#823,.T.);
#821=LINE('',#38,#824);
#822=LINE('',#48,#825);
#823=LINE('',#46,#826);
#824=VECTOR('',#827,1.0);
#825=VECTOR('',#828,1.0);
#826=VECTOR('',#829,1.0);
#827=DIRECTION('',(1,0,0));
#828=DIRECTION('',(-0.9720822085732868,0,-0.23464053310389682));
#829=DIRECTION('',(0,0,1));
#830=FACE_SURFACE('',(#835),#831,.T.);
#831=PLANE('',#832);
#832=AXIS2_PLACEMENT_3D('',#62,#833,#834);
#833=DIRECTION('',(0,0,1));
#834=DIRECTION('',(-0.5563233425683655,-0.8309659069501956,0));
#835=FACE_BOUND('',#836,.T.);
#836=EDGE_LOOP('',(#837,#838,#839));
#837=ORIENTED_EDGE('',*,*,#840,.T.);
#838=ORIENTED_EDGE('',*,*,#841,.T.);
#839=ORIENTED_EDGE('',*,*,#842,.T.);
#840=EDGE_CURVE('',#63,#41,#843,.F.);
#841=EDGE_CURVE('',#41,#45,#844,.T.);
#842=EDGE_CURVE('',#45,#63,#845,.T.);
#843=LINE('',#62,#846);
#844=LINE('',#40,#847);
#845=LINE('',#44,#848);
#846=VECTOR('',#849,1.0);
#847=VECTOR('',#850,1.0);
#848=VECTOR('',#851,1.0);
#849=DIRECTION('',(-0.5563233425683655,-0.8309659069501956,0));
#850=DIRECTION('',(0.2951477579798411,-0.9554516214646731,0));
#851=DIRECTION('',(-0.2826797110308116,0.9592143561120928,0));
#852=FACE_SURFACE('',(#857),#853,.T.);
#853=PLANE('',#854);
#854=AXIS2_PLACEMENT_3D('',#62,#855,#856);
#855=DIRECTION('',(-0,0,1));
#856=DIRECTION('',(0.2826797110308116,-0.9592143561120928,0));
#857=FACE_BOUND('',#858,.T.);
#858=EDGE_LOOP('',(#859,#860,#861));
#859=ORIENTED_EDGE('',*,*,#862,.T.);
#860=ORIENTED_EDGE('',*,*,#863,.T.);
#861=ORIENTED_EDGE('',*,*,#864,.T.);
#862=EDGE_CURVE('',#63,#45,#865,.F.);
#863=EDGE_CURVE('',#45,#65,#866,.T.);
#864=EDGE_CURVE('',#65,#63,#867,.T.);
#865=LINE('',#62,#868);
#866=LINE('',#44,#869);
#867=LINE('',#64,#870);
#868=VECTOR('',#871,1.0);
#869=VECTOR('',#872,1.0);
#870=VECTOR('',#873,1.0);
#871=DIRECTION('',(0.2826797110308116,-0.9592143561120928,0));
#872=DIRECTION('',(-0.2719218770209101,0.9623193299510434,0));
#873=DIRECTION('',(-0.44249173006282944,-0.8967725847872492,0));
#874=FACE_SURFACE('',(#879),#875,.T.);
#875=PLANE('',#876);
#876=AXIS2_PLACEMENT_3D('',#66,#877,#878);
#877=DIRECTION('',(0,0,-1));
#878=DIRECTION('',(-0.26799726087125425,0.96341967395601,0));
#879=FACE_BOUND('',#880,.T.);
#880=EDGE_LOOP('',(#881,#882,#883));
#881=ORIENTED_EDGE('',*,*,#884,.T.);
#882=ORIENTED_EDGE('',*,*,#885,.T.);
#883=ORIENTED_EDGE('',*,*,#886,.T.);
#884=EDGE_CURVE('',#67,#47,#887,.F.);
#885=EDGE_CURVE('',#47,#69,#888,.T.);
#886=EDGE_CURVE('',#69,#67,#889,.T.);
#887=LINE('',#66,#890);
#888=LINE('',#46,#891);
#889=LINE('',#68,#892);
#890=VECTOR('',#893,1.0);
#891=VECTOR('',#894,1.0);
#892=VECTOR('',#895,1.0);
#893=DIRECTION('',(-0.26799726087125425,0.96341967395601,0));
#894=DIRECTION('',(0.2737770450537497,-0.9617931844225334,0));
#895=DIRECTION('',(-0.997988060218045,-0.06340214241036264,0));
#896=FACE_SURFACE('',(#901),#897,.T.);
#897=PLANE('',#898);
#898=AXIS2_PLACEMENT_3D('',#50,#899,#900);
#899=DIRECTION('',(-0,0,-1));
#900=DIRECTION('',(-0.14816366609620335,-0.9889628547366845,0));
#901=FACE_BOUND('',#902,.T.);
#902=EDGE_LOOP('',(#903,#904,#905));
#903=ORIENTED_EDGE('',*,*,#906,.T.);
#904=ORIENTED_EDGE('',*,*,#907,.T.);
#905=ORIENTED_EDGE('',*,*,#908,.T.);
#906=EDGE_CURVE('',#51,#69,#909,.F.);
#907=EDGE_CURVE('',#69,#47,#910,.T.);
#908=EDGE_CURVE('',#47,#51,#911,.T.);
#909=LINE('',#50,#912);
#910=LINE('',#68,#913);
#911=LINE('',#46,#914);
#912=VECTOR('',#915,1.0);
#913=VECTOR('',#916,1.0);
#914=VECTOR('',#917,1.0);
#915=DIRECTION('',(-0.14816366609620335,-0.9889628547366845,0));
#916=DIRECTION('',(-0.2737770450537497,0.9617931844225334,0));
#917=DIRECTION('',(1,0,0));
#918=FACE_SURFACE('',(#923),#919,.T.);
#919=PLANE('',#920);
#920=AXIS2_PLACEMENT_3D('',#70,#921,#922);
#921=DIRECTION('',(-0,0,1));
#922=DIRECTION('',(0.2630006373126648,-0.9647956595948866,0));
#923=FACE_BOUND('',#924,.T.);
#924=EDGE_LOOP('',(#925,#926,#927));
#925=ORIENTED_EDGE('',*,*,#928,.T.);
#926=ORIENTED_EDGE('',*,*,#929,.T.);
#927=ORIENTED_EDGE('',*,*,#930,.T.);
#928=EDGE_CURVE('',#71,#45,#931,.F.);
#929=EDGE_CURVE('',#45,#73,#932,.T.);
#930=EDGE_CURVE('',#73,#71,#933,.T.);
#931=LINE('',#70,#934);
#932=LINE('',#44,#935);
#933=LINE('',#72,#936);
#934=VECTOR('',#937,1.0);
#935=VECTOR('',#938,1.0);
#936=VECTOR('',#939,1.0);
#937=DIRECTION('',(0.2630006373126648,-0.9647956595948866,0));
#938=DIRECTION('',(-0.2560744068075745,0.9666570737227079,0));
#939=DIRECTION('',(-0.19521195404843472,-0.9807610784470353,0));
#940=FACE_SURFACE('',(#945),#941,.T.);
#941=PLANE('',#942);
#942=AXIS2_PLACEMENT_3D('',#60,#943,#944);
#943=DIRECTION('',(0,0,-1));
#944=DIRECTION('',(-0.2511805563015016,0.9679402502923763,0));
#945=FACE_BOUND('',#946,.T.);
#946=EDGE_LOOP('',(#947,#948,#949));
#947=ORIENTED_EDGE('',*,*,#950,.T.);
#948=ORIENTED_EDGE('',*,*,#951,.T.);
#949=ORIENTED_EDGE('',*,*,#952,.T.);
#950=EDGE_CURVE('',#61,#75,#953,.F.);
#951=EDGE_CURVE('',#75,#77,#954,.T.);
#952=EDGE_CURVE('',#77,#61,#955,.T.);
#953=LINE('',#60,#956);
#954=LINE('',#74,#957);
#955=LINE('',#76,#958);
#956=VECTOR('',#959,1.0);
#957=VECTOR('',#960,1.0);
#958=VECTOR('',#961,1.0);
#959=DIRECTION('',(-0.2511805563015016,0.9679402502923763,0));
#960=DIRECTION('',(-0.06573966819275853,0.9978368083138175,0));
#961=DIRECTION('',(0.24835336075417377,-0.9686695041148489,0));
#962=FACE_SURFACE('',(#967),#963,.T.);
#963=PLANE('',#964);
#964=AXIS2_PLACEMENT_3D('',#60,#965,#966);
#965=DIRECTION('',(0,0,-1));
#966=DIRECTION('',(-0.24835336075417377,0.9686695041148489,0));
#967=FACE_BOUND('',#968,.T.);
#968=EDGE_LOOP('',(#969,#970,#971));
#969=ORIENTED_EDGE('',*,*,#972,.T.);
#970=ORIENTED_EDGE('',*,*,#973,.T.);
#971=ORIENTED_EDGE('',*,*,#974,.T.);
#972=EDGE_CURVE('',#61,#77,#975,.F.);
#973=EDGE_CURVE('',#77,#51,#976,.T.);
#974=EDGE_CURVE('',#51,#61,#977,.T.);
#975=LINE('',#60,#978);
#976=LINE('',#76,#979);
#977=LINE('',#50,#980);
#978=VECTOR('',#981,1.0);
#979=VECTOR('',#982,1.0);
#980=VECTOR('',#983,1.0);
#981=DIRECTION('',(-0.24835336075417377,0.9686695041148489,0));
#982=DIRECTION('',(0.09691853249707165,0.9952923178939009,0));
#983=DIRECTION('',(0,-1,0));
#984=FACE_SURFACE('',(#989),#985,.T.);
#985=PLANE('',#986);
#986=AXIS2_PLACEMENT_3D('',#78,#987,#988);
#987=DIRECTION('',(0,-0,-1));
#988=DIRECTION('',(0.38755919766651525,-0.9218448179081373,0));
#989=FACE_BOUND('',#990,.T.);
#990=EDGE_LOOP('',(#991,#992,#993));
#991=ORIENTED_EDGE('',*,*,#994,.T.);
#992=ORIENTED_EDGE('',*,*,#995,.T.);
#993=ORIENTED_EDGE('',*,*,#996,.T.);
#994=EDGE_CURVE('',#79,#61,#997,.F.);
#995=EDGE_CURVE('',#61,#81,#998,.T.);
#996=EDGE_CURVE('',#81,#79,#999,.T.);
#997=LINE('',#78,#1000);
#998=LINE('',#60,#1001);
#999=LINE('',#80,#1002);
#1000=VECTOR('',#1003,1.0);
#1001=VECTOR('',#1004,1.0);
#1002=VECTOR('',#1005,1.0);
#1003=DIRECTION('',(0.38755919766651525,-0.9218448179081373,0));
#1004=DIRECTION('',(-0.4024459058176052,0.915443768284348,0));
#1005=DIRECTION('',(0.9978368470200267,0.06573908068365164,0));
#1006=FACE_SURFACE('',(#1011),#1007,.T.);
#1007=PLANE('',#1008);
#1008=AXIS2_PLACEMENT_3D('',#82,#1009,#1010);
#1009=DIRECTION('',(0,0,-1));
#1010=DIRECTION('',(-0.3810862015557486,0.9245395107748567,0));
#1011=FACE_BOUND('',#1012,.T.);
#1012=EDGE_LOOP('',(#1013,#1014,#1015));
#1013=ORIENTED_EDGE('',*,*,#1016,.T.);
#1014=ORIENTED_EDGE('',*,*,#1017,.T.);
#1015=ORIENTED_EDGE('',*,*,#1018,.T.);
#1016=EDGE_CURVE('',#83,#81,#1019,.F.);
#1017=EDGE_CURVE('',#81,#61,#1020,.T.);
#1018=EDGE_CURVE('',#61,#83,#1021,.T.);
#1019=LINE('',#82,#1022);
#1020=LINE('',#80,#1023);
#1021=LINE('',#60,#1024);
#1022=VECTOR('',#1025,1.0);
#1023=VECTOR('',#1026,1.0);
#1024=VECTOR('',#1027,1.0);
#1025=DIRECTION('',(-0.3810862015557486,0.9245395107748567,0));
#1026=DIRECTION('',(0.4024459058176052,-0.915443768284348,0));
#1027=DIRECTION('',(-0.06575661894339951,-0.9978356914167446,0));
#1028=FACE_SURFACE('',(#1033),#1029,.T.);
#1029=PLANE('',#1030);
#1030=AXIS2_PLACEMENT_3D('',#84,#1031,#1032);
#1031=DIRECTION('',(0,-0,-1));
#1032=DIRECTION('',(0.3089952122943789,-0.9510635934463856,0));
#1033=FACE_BOUND('',#1034,.T.);
#1034=EDGE_LOOP('',(#1035,#1036,#1037));
#1035=ORIENTED_EDGE('',*,*,#1038,.T.);
#1036=ORIENTED_EDGE('',*,*,#1039,.T.);
#1037=ORIENTED_EDGE('',*,*,#1040,.T.);
#1038=EDGE_CURVE('',#85,#61,#1041,.F.);
#1039=EDGE_CURVE('',#61,#87,#1042,.T.);
#1040=EDGE_CURVE('',#87,#85,#1043,.T.);
#1041=LINE('',#84,#1044);
#1042=LINE('',#60,#1045);
#1043=LINE('',#86,#1046);
#1044=VECTOR('',#1047,1.0);
#1045=VECTOR('',#1048,1.0);
#1046=VECTOR('',#1049,1.0);
#1047=DIRECTION('',(0.3089952122943789,-0.9510635934463856,0));
#1048=DIRECTION('',(-0.3239730649943144,0.9460663048424195,0));
#1049=DIRECTION('',(0.7525733602012215,0.6585084187126559,0));
#1050=FACE_SURFACE('',(#1055),#1051,.T.);
#1051=PLANE('',#1052);
#1052=AXIS2_PLACEMENT_3D('',#86,#1053,#1054);
#1053=DIRECTION('',(0,-0,-1));
#1054=DIRECTION('',(0.3239730649943144,-0.9460663048424195,0));
#1055=FACE_BOUND('',#1056,.T.);
#1056=EDGE_LOOP('',(#1057,#1058,#1059));
#1057=ORIENTED_EDGE('',*,*,#1060,.T.);
#1058=ORIENTED_EDGE('',*,*,#1061,.T.);
#1059=ORIENTED_EDGE('',*,*,#1062,.T.);
#1060=EDGE_CURVE('',#87,#61,#1063,.F.);
#1061=EDGE_CURVE('',#61,#89,#1064,.T.);
#1062=EDGE_CURVE('',#89,#87,#1065,.T.);
#1063=LINE('',#86,#1066);
#1064=LINE('',#60,#1067);
#1065=LINE('',#88,#1068);
#1066=VECTOR('',#1069,1.0);
#1067=VECTOR('',#1070,1.0);
#1068=VECTOR('',#1071,1.0);
#1069=DIRECTION('',(0.3239730649943144,-0.9460663048424195,0));
#1070=DIRECTION('',(-0.3397292385946361,0.9405232822444689,0));
#1071=DIRECTION('',(0.8309686782890312,0.5563192030683289,0));
#1072=FACE_SURFACE('',(#1077),#1073,.T.);
#1073=PLANE('',#1074);
#1074=AXIS2_PLACEMENT_3D('',#90,#1075,#1076);
#1075=DIRECTION('',(0,-0,1));
#1076=DIRECTION('',(0.8318124133502635,0.5550568520398701,0));
#1077=FACE_BOUND('',#1078,.T.);
#1078=EDGE_LOOP('',(#1079,#1080,#1081));
#1079=ORIENTED_EDGE('',*,*,#1082,.T.);
#1080=ORIENTED_EDGE('',*,*,#1083,.T.);
#1081=ORIENTED_EDGE('',*,*,#1084,.T.);
#1082=EDGE_CURVE('',#91,#93,#1085,.F.);
#1083=EDGE_CURVE('',#93,#95,#1086,.T.);
#1084=EDGE_CURVE('',#95,#91,#1087,.T.);
#1085=LINE('',#90,#1088);
#1086=LINE('',#92,#1089);
#1087=LINE('',#94,#1090);
#1088=VECTOR('',#1091,1.0);
#1089=VECTOR('',#1092,1.0);
#1090=VECTOR('',#1093,1.0);
#1091=DIRECTION('',(0.8318124133502635,0.5550568520398701,0));
#1092=DIRECTION('',(-0.2406194929510373,0.9706195236095273,0));
#1093=DIRECTION('',(0.20371971300184766,-0.9790292531556168,0));
#1094=FACE_SURFACE('',(#1099),#1095,.T.);
#1095=PLANE('',#1096);
#1096=AXIS2_PLACEMENT_3D('',#90,#1097,#1098);
#1097=DIRECTION('',(0,0,1));
#1098=DIRECTION('',(-0.20371971300184766,0.9790292531556168,0));
#1099=FACE_BOUND('',#1100,.T.);
#1100=EDGE_LOOP('',(#1101,#1102,#1103));
#1101=ORIENTED_EDGE('',*,*,#1104,.T.);
#1102=ORIENTED_EDGE('',*,*,#1105,.T.);
#1103=ORIENTED_EDGE('',*,*,#1106,.T.);
#1104=EDGE_CURVE('',#91,#95,#1107,.F.);
#1105=EDGE_CURVE('',#95,#97,#1108,.T.);
#1106=EDGE_CURVE('',#97,#91,#1109,.T.);
#1107=LINE('',#90,#1110);
#1108=LINE('',#94,#1111);
#1109=LINE('',#96,#1112);
#1110=VECTOR('',#1113,1.0);
#1111=VECTOR('',#1114,1.0);
#1112=VECTOR('',#1115,1.0);
#1113=DIRECTION('',(-0.20371971300184766,0.9790292531556168,0));
#1114=DIRECTION('',(0.16585887936801116,-0.9861494978626656,0));
#1115=DIRECTION('',(0.8967098746805312,0.44261879834732065,0));
#1116=FACE_SURFACE('',(#1121),#1117,.T.);
#1117=PLANE('',#1118);
#1118=AXIS2_PLACEMENT_3D('',#92,#1119,#1120);
#1119=DIRECTION('',(0,-0,1));
#1120=DIRECTION('',(0.7514874084911511,0.6597474326431697,0));
#1121=FACE_BOUND('',#1122,.T.);
#1122=EDGE_LOOP('',(#1123,#1124,#1125));
#1123=ORIENTED_EDGE('',*,*,#1126,.T.);
#1124=ORIENTED_EDGE('',*,*,#1127,.T.);
#1125=ORIENTED_EDGE('',*,*,#1128,.T.);
#1126=EDGE_CURVE('',#93,#99,#1129,.F.);
#1127=EDGE_CURVE('',#99,#95,#1130,.T.);
#1128=EDGE_CURVE('',#95,#93,#1131,.T.);
#1129=LINE('',#92,#1132);
#1130=LINE('',#98,#1133);
#1131=LINE('',#94,#1134);
#1132=VECTOR('',#1135,1.0);
#1133=VECTOR('',#1136,1.0);
#1134=VECTOR('',#1137,1.0);
#1135=DIRECTION('',(0.7514874084911511,0.6597474326431697,0));
#1136=DIRECTION('',(-0.27627732684827416,0.9610779566037148,0));
#1137=DIRECTION('',(0.2406194929510373,-0.9706195236095273,0));
#1138=FACE_SURFACE('',(#1143),#1139,.T.);
#1139=PLANE('',#1140);
#1140=AXIS2_PLACEMENT_3D('',#98,#1141,#1142);
#1141=DIRECTION('',(0,-0,1));
#1142=DIRECTION('',(0.6597474326431697,0.7514874084911511,0));
#1143=FACE_BOUND('',#1144,.T.);
#1144=EDGE_LOOP('',(#1145,#1146,#1147));
#1145=ORIENTED_EDGE('',*,*,#1148,.T.);
#1146=ORIENTED_EDGE('',*,*,#1149,.T.);
#1147=ORIENTED_EDGE('',*,*,#1150,.T.);
#1148=EDGE_CURVE('',#99,#101,#1151,.F.);
#1149=EDGE_CURVE('',#101,#95,#1152,.T.);
#1150=EDGE_CURVE('',#95,#99,#1153,.T.);
#1151=LINE('',#98,#1154);
#1152=LINE('',#100,#1155);
#1153=LINE('',#94,#1156);
#1154=VECTOR('',#1157,1.0);
#1155=VECTOR('',#1158,1.0);
#1156=VECTOR('',#1159,1.0);
#1157=DIRECTION('',(0.6597474326431697,0.7514874084911511,0));
#1158=DIRECTION('',(-0.3104640329653285,0.9505851272952377,0));
#1159=DIRECTION('',(0.27627732684827416,-0.9610779566037148,0));
#1160=FACE_SURFACE('',(#1165),#1161,.T.);
#1161=PLANE('',#1162);
#1162=AXIS2_PLACEMENT_3D('',#100,#1163,#1164);
#1163=DIRECTION('',(0,-0,1));
#1164=DIRECTION('',(0.5550568520398701,0.8318124133502635,0));
#1165=FACE_BOUND('',#1166,.T.);
#1166=EDGE_LOOP('',(#1167,#1168,#1169));
#1167=ORIENTED_EDGE('',*,*,#1170,.T.);
#1168=ORIENTED_EDGE('',*,*,#1171,.T.);
#1169=ORIENTED_EDGE('',*,*,#1172,.T.);
#1170=EDGE_CURVE('',#101,#103,#1173,.F.);
#1171=EDGE_CURVE('',#103,#95,#1174,.T.);
#1172=EDGE_CURVE('',#95,#101,#1175,.T.);
#1173=LINE('',#100,#1176);
#1174=LINE('',#102,#1177);
#1175=LINE('',#94,#1178);
#1176=VECTOR('',#1179,1.0);
#1177=VECTOR('',#1180,1.0);
#1178=VECTOR('',#1181,1.0);
#1179=DIRECTION('',(0.5550568520398701,0.8318124133502635,0));
#1180=DIRECTION('',(-0.34285090949128083,0.9393898306140009,0));
#1181=DIRECTION('',(0.3104640329653285,-0.9505851272952377,0));
#1182=FACE_SURFACE('',(#1187),#1183,.T.);
#1183=PLANE('',#1184);
#1184=AXIS2_PLACEMENT_3D('',#102,#1185,#1186);
#1185=DIRECTION('',(0,-0,1));
#1186=DIRECTION('',(0.44261879834732065,0.8967098746805312,0));
#1187=FACE_BOUND('',#1188,.T.);
#1188=EDGE_LOOP('',(#1189,#1190,#1191));
#1189=ORIENTED_EDGE('',*,*,#1192,.T.);
#1190=ORIENTED_EDGE('',*,*,#1193,.T.);
#1191=ORIENTED_EDGE('',*,*,#1194,.T.);
#1192=EDGE_CURVE('',#103,#105,#1195,.F.);
#1193=EDGE_CURVE('',#105,#95,#1196,.T.);
#1194=EDGE_CURVE('',#95,#103,#1197,.T.);
#1195=LINE('',#102,#1198);
#1196=LINE('',#104,#1199);
#1197=LINE('',#94,#1200);
#1198=VECTOR('',#1201,1.0);
#1199=VECTOR('',#1202,1.0);
#1200=VECTOR('',#1203,1.0);
#1201=DIRECTION('',(0.44261879834732065,0.8967098746805312,0));
#1202=DIRECTION('',(-0.37319614126391276,0.9277524670652866,0));
#1203=DIRECTION('',(0.34285090949128083,-0.9393898306140009,0));
#1204=FACE_SURFACE('',(#1209),#1205,.T.);
#1205=PLANE('',#1206);
#1206=AXIS2_PLACEMENT_3D('',#106,#1207,#1208);
#1207=DIRECTION('',(0,0,1));
#1208=DIRECTION('',(-0.4011226815868576,0.916024341552433,0));
#1209=FACE_BOUND('',#1210,.T.);
#1210=EDGE_LOOP('',(#1211,#1212,#1213));
#1211=ORIENTED_EDGE('',*,*,#1214,.T.);
#1212=ORIENTED_EDGE('',*,*,#1215,.T.);
#1213=ORIENTED_EDGE('',*,*,#1216,.T.);
#1214=EDGE_CURVE('',#107,#95,#1217,.F.);
#1215=EDGE_CURVE('',#95,#105,#1218,.T.);
#1216=EDGE_CURVE('',#105,#107,#1219,.T.);
#1217=LINE('',#106,#1220);
#1218=LINE('',#94,#1221);
#1219=LINE('',#104,#1222);
#1220=VECTOR('',#1223,1.0);
#1221=VECTOR('',#1224,1.0);
#1222=VECTOR('',#1225,1.0);
#1223=DIRECTION('',(-0.4011226815868576,0.916024341552433,0));
#1224=DIRECTION('',(0.37319614126391276,-0.9277524670652866,0));
#1225=DIRECTION('',(0.32103662149200884,0.9470667809932923,0));
#1226=FACE_SURFACE('',(#1231),#1227,.T.);
#1227=PLANE('',#1228);
#1228=AXIS2_PLACEMENT_3D('',#96,#1229,#1230);
#1229=DIRECTION('',(0,0,1));
#1230=DIRECTION('',(-0.16585887936801116,0.9861494978626656,0));
#1231=FACE_BOUND('',#1232,.T.);
#1232=EDGE_LOOP('',(#1233,#1234,#1235));
#1233=ORIENTED_EDGE('',*,*,#1236,.T.);
#1234=ORIENTED_EDGE('',*,*,#1237,.T.);
#1235=ORIENTED_EDGE('',*,*,#1238,.T.);
#1236=EDGE_CURVE('',#97,#95,#1239,.F.);
#1237=EDGE_CURVE('',#95,#109,#1240,.T.);
#1238=EDGE_CURVE('',#109,#97,#1241,.T.);
#1239=LINE('',#96,#1242);
#1240=LINE('',#94,#1243);
#1241=LINE('',#108,#1244);
#1242=VECTOR('',#1245,1.0);
#1243=VECTOR('',#1246,1.0);
#1244=VECTOR('',#1247,1.0);
#1245=DIRECTION('',(-0.16585887936801116,0.9861494978626656,0));
#1246=DIRECTION('',(0.1272678549616897,-0.991868384965188,0));
#1247=DIRECTION('',(0.9470667809932923,0.32103662149200884,0));
#1248=FACE_SURFACE('',(#1253),#1249,.T.);
#1249=PLANE('',#1250);
#1250=AXIS2_PLACEMENT_3D('',#110,#1251,#1252);
#1251=DIRECTION('',(0,0,1));
#1252=DIRECTION('',(-0.8841941279889921,0.46711962496750864,0));
#1253=FACE_BOUND('',#1254,.T.);
#1254=EDGE_LOOP('',(#1255,#1256,#1257));
#1255=ORIENTED_EDGE('',*,*,#1258,.T.);
#1256=ORIENTED_EDGE('',*,*,#1259,.T.);
#1257=ORIENTED_EDGE('',*,*,#1260,.T.);
#1258=EDGE_CURVE('',#111,#113,#1261,.F.);
#1259=EDGE_CURVE('',#113,#115,#1262,.T.);
#1260=EDGE_CURVE('',#115,#111,#1263,.T.);
#1261=LINE('',#110,#1264);
#1262=LINE('',#112,#1265);
#1263=LINE('',#114,#1266);
#1264=VECTOR('',#1267,1.0);
#1265=VECTOR('',#1268,1.0);
#1266=VECTOR('',#1269,1.0);
#1267=DIRECTION('',(-0.8841941279889921,0.46711962496750864,0));
#1268=DIRECTION('',(0.7071067811865476,-0.7071067811865476,0));
#1269=DIRECTION('',(0.7525733602012215,0.6585084187126559,0));
#1270=FACE_SURFACE('',(#1275),#1271,.T.);
#1271=PLANE('',#1272);
#1272=AXIS2_PLACEMENT_3D('',#116,#1273,#1274);
#1273=DIRECTION('',(0,1,0));
#1274=DIRECTION('',(0,0,-1));
#1275=FACE_BOUND('',#1276,.T.);
#1276=EDGE_LOOP('',(#1277,#1278,#1279));
#1277=ORIENTED_EDGE('',*,*,#1280,.T.);
#1278=ORIENTED_EDGE('',*,*,#1281,.T.);
#1279=ORIENTED_EDGE('',*,*,#1282,.T.);
#1280=EDGE_CURVE('',#117,#119,#1283,.F.);
#1281=EDGE_CURVE('',#119,#37,#1284,.T.);
#1282=EDGE_CURVE('',#37,#117,#1285,.T.);
#1283=LINE('',#116,#1286);
#1284=LINE('',#118,#1287);
#1285=LINE('',#36,#1288);
#1286=VECTOR('',#1289,1.0);
#1287=VECTOR('',#1290,1.0);
#1288=VECTOR('',#1291,1.0);
#1289=DIRECTION('',(0,0,-1));
#1290=DIRECTION('',(-1,0,0));
#1291=DIRECTION('',(0.6689647316224497,0,0.7432941462471664));
#1292=FACE_SURFACE('',(#1297),#1293,.T.);
#1293=PLANE('',#1294);
#1294=AXIS2_PLACEMENT_3D('',#116,#1295,#1296);
#1295=DIRECTION('',(0,1,0));
#1296=DIRECTION('',(-0.6689647316224497,0,-0.7432941462471664));
#1297=FACE_BOUND('',#1298,.T.);
#1298=EDGE_LOOP('',(#1299,#1300,#1301));
#1299=ORIENTED_EDGE('',*,*,#1302,.T.);
#1300=ORIENTED_EDGE('',*,*,#1303,.T.);
#1301=ORIENTED_EDGE('',*,*,#1304,.T.);
#1302=EDGE_CURVE('',#117,#37,#1305,.F.);
#1303=EDGE_CURVE('',#37,#35,#1306,.T.);
#1304=EDGE_CURVE('',#35,#117,#1307,.T.);
#1305=LINE('',#116,#1308);
#1306=LINE('',#36,#1309);
#1307=LINE('',#34,#1310);
#1308=VECTOR('',#1311,1.0);
#1309=VECTOR('',#1312,1.0);
#1310=VECTOR('',#1313,1.0);
#1311=DIRECTION('',(-0.6689647316224497,0,-0.7432941462471664));
#1312=DIRECTION('',(0,0,1));
#1313=DIRECTION('',(1,0,0));
#1314=FACE_SURFACE('',(#1319),#1315,.T.);
#1315=PLANE('',#1316);
#1316=AXIS2_PLACEMENT_3D('',#120,#1317,#1318);
#1317=DIRECTION('',(0,-0,1));
#1318=DIRECTION('',(0.6585084187126559,0.7525733602012215,0));
#1319=FACE_BOUND('',#1320,.T.);
#1320=EDGE_LOOP('',(#1321,#1322,#1323));
#1321=ORIENTED_EDGE('',*,*,#1324,.T.);
#1322=ORIENTED_EDGE('',*,*,#1325,.T.);
#1323=ORIENTED_EDGE('',*,*,#1326,.T.);
#1324=EDGE_CURVE('',#121,#115,#1327,.F.);
#1325=EDGE_CURVE('',#115,#113,#1328,.T.);
#1326=EDGE_CURVE('',#113,#121,#1329,.T.);
#1327=LINE('',#120,#1330);
#1328=LINE('',#114,#1331);
#1329=LINE('',#112,#1332);
#1330=VECTOR('',#1333,1.0);
#1331=VECTOR('',#1334,1.0);
#1332=VECTOR('',#1335,1.0);
#1333=DIRECTION('',(0.6585084187126559,0.7525733602012215,0));
#1334=DIRECTION('',(-0.7071067811865476,0.7071067811865476,0));
#1335=DIRECTION('',(0.46711962496750864,-0.8841941279889921,0));
#1336=FACE_SURFACE('',(#1341),#1337,.T.);
#1337=PLANE('',#1338);
#1338=AXIS2_PLACEMENT_3D('',#122,#1339,#1340);
#1339=DIRECTION('',(0,0,1));
#1340=DIRECTION('',(-0.2584378328212971,0.9660278911949858,0));
#1341=FACE_BOUND('',#1342,.T.);
#1342=EDGE_LOOP('',(#1343,#1344,#1345));
#1343=ORIENTED_EDGE('',*,*,#1346,.T.);
#1344=ORIENTED_EDGE('',*,*,#1347,.T.);
#1345=ORIENTED_EDGE('',*,*,#1348,.T.);
#1346=EDGE_CURVE('',#123,#113,#1349,.F.);
#1347=EDGE_CURVE('',#113,#125,#1350,.T.);
#1348=EDGE_CURVE('',#125,#123,#1351,.T.);
#1349=LINE('',#122,#1352);
#1350=LINE('',#112,#1353);
#1351=LINE('',#124,#1354);
#1352=VECTOR('',#1355,1.0);
#1353=VECTOR('',#1356,1.0);
#1354=VECTOR('',#1357,1.0);
#1355=DIRECTION('',(-0.2584378328212971,0.9660278911949858,0));
#1356=DIRECTION('',(0.12214665309282248,-0.9925120629686179,0));
#1357=DIRECTION('',(0.4424989507560144,0.8967690218667381,0));
#1358=FACE_SURFACE('',(#1363),#1359,.T.);
#1359=PLANE('',#1360);
#1360=AXIS2_PLACEMENT_3D('',#126,#1361,#1362);
#1361=DIRECTION('',(0,0,1));
#1362=DIRECTION('',(-0.045595938901099066,0.9989599643407774,0));
#1363=FACE_BOUND('',#1364,.T.);
#1364=EDGE_LOOP('',(#1365,#1366,#1367));
#1365=ORIENTED_EDGE('',*,*,#1368,.T.);
#1366=ORIENTED_EDGE('',*,*,#1369,.T.);
#1367=ORIENTED_EDGE('',*,*,#1370,.T.);
#1368=EDGE_CURVE('',#127,#113,#1371,.F.);
#1369=EDGE_CURVE('',#113,#129,#1372,.T.);
#1370=EDGE_CURVE('',#129,#127,#1373,.T.);
#1371=LINE('',#126,#1374);
#1372=LINE('',#112,#1375);
#1373=LINE('',#128,#1376);
#1374=VECTOR('',#1377,1.0);
#1375=VECTOR('',#1378,1.0);
#1376=VECTOR('',#1379,1.0);
#1377=DIRECTION('',(-0.045595938901099066,0.9989599643407774,0));
#1378=DIRECTION('',(0.009550477201188888,-0.9999543931526226,0));
#1379=DIRECTION('',(0.19521195404843472,0.9807610784470353,0));
#1380=FACE_SURFACE('',(#1385),#1381,.T.);
#1381=PLANE('',#1382);
#1382=AXIS2_PLACEMENT_3D('',#34,#1383,#1384);
#1383=DIRECTION('',(0,0,1));
#1384=DIRECTION('',(0,-1,0));
#1385=FACE_BOUND('',#1386,.T.);
#1386=EDGE_LOOP('',(#1387,#1388,#1389));
#1387=ORIENTED_EDGE('',*,*,#1390,.T.);
#1388=ORIENTED_EDGE('',*,*,#1391,.T.);
#1389=ORIENTED_EDGE('',*,*,#1392,.T.);
#1390=EDGE_CURVE('',#35,#55,#1393,.F.);
#1391=EDGE_CURVE('',#55,#113,#1394,.T.);
#1392=EDGE_CURVE('',#113,#35,#1395,.T.);
#1393=LINE('',#34,#1396);
#1394=LINE('',#54,#1397);
#1395=LINE('',#112,#1398);
#1396=VECTOR('',#1399,1.0);
#1397=VECTOR('',#1400,1.0);
#1398=VECTOR('',#1401,1.0);
#1399=DIRECTION('',(0,-1,0));
#1400=DIRECTION('',(0.37235259222744677,0.9280913462916788,0));
#1401=DIRECTION('',(-0.20100319736545225,0.9795905852185723,0));
#1402=FACE_SURFACE('',(#1407),#1403,.T.);
#1403=PLANE('',#1404);
#1404=AXIS2_PLACEMENT_3D('',#130,#1405,#1406);
#1405=DIRECTION('',(-0,0,-1));
#1406=DIRECTION('',(-0.40077613554753405,-0.916176014298336,0));
#1407=FACE_BOUND('',#1408,.T.);
#1408=EDGE_LOOP('',(#1409,#1410,#1411));
#1409=ORIENTED_EDGE('',*,*,#1412,.T.);
#1410=ORIENTED_EDGE('',*,*,#1413,.T.);
#1411=ORIENTED_EDGE('',*,*,#1414,.T.);
#1412=EDGE_CURVE('',#131,#53,#1415,.F.);
#1413=EDGE_CURVE('',#53,#133,#1416,.T.);
#1414=EDGE_CURVE('',#133,#131,#1417,.T.);
#1415=LINE('',#130,#1418);
#1416=LINE('',#52,#1419);
#1417=LINE('',#132,#1420);
#1418=VECTOR('',#1421,1.0);
#1419=VECTOR('',#1422,1.0);
#1420=VECTOR('',#1423,1.0);
#1421=DIRECTION('',(-0.40077613554753405,-0.916176014298336,0));
#1422=DIRECTION('',(0.397413044500611,0.9176398378779963,0));
#1423=DIRECTION('',(-0.06340270920603859,-0.9979880242093763,0));
#1424=FACE_SURFACE('',(#1429),#1425,.T.);
#1425=PLANE('',#1426);
#1426=AXIS2_PLACEMENT_3D('',#46,#1427,#1428);
#1427=DIRECTION('',(0,0,-1));
#1428=DIRECTION('',(0.22112126523364445,-0.9752463207115791,0));
#1429=FACE_BOUND('',#1430,.T.);
#1430=EDGE_LOOP('',(#1431,#1432,#1433));
#1431=ORIENTED_EDGE('',*,*,#1434,.T.);
#1432=ORIENTED_EDGE('',*,*,#1435,.T.);
#1433=ORIENTED_EDGE('',*,*,#1436,.T.);
#1434=EDGE_CURVE('',#47,#133,#1437,.F.);
#1435=EDGE_CURVE('',#133,#53,#1438,.T.);
#1436=EDGE_CURVE('',#53,#47,#1439,.T.);
#1437=LINE('',#46,#1440);
#1438=LINE('',#132,#1441);
#1439=LINE('',#52,#1442);
#1440=VECTOR('',#1443,1.0);
#1441=VECTOR('',#1444,1.0);
#1442=VECTOR('',#1445,1.0);
#1443=DIRECTION('',(0.22112126523364445,-0.9752463207115791,0));
#1444=DIRECTION('',(-0.397413044500611,-0.9176398378779963,0));
#1445=DIRECTION('',(0,1,0));
#1446=FACE_SURFACE('',(#1451),#1447,.T.);
#1447=PLANE('',#1448);
#1448=AXIS2_PLACEMENT_3D('',#54,#1449,#1450);
#1449=DIRECTION('',(0,-1,0));
#1450=DIRECTION('',(0,0,-1));
#1451=FACE_BOUND('',#1452,.T.);
#1452=EDGE_LOOP('',(#1453,#1454,#1455));
#1453=ORIENTED_EDGE('',*,*,#1456,.T.);
#1454=ORIENTED_EDGE('',*,*,#1457,.T.);
#1455=ORIENTED_EDGE('',*,*,#1458,.T.);
#1456=EDGE_CURVE('',#55,#53,#1459,.F.);
#1457=EDGE_CURVE('',#53,#135,#1460,.T.);
#1458=EDGE_CURVE('',#135,#55,#1461,.T.);
#1459=LINE('',#54,#1462);
#1460=LINE('',#52,#1463);
#1461=LINE('',#134,#1464);
#1462=VECTOR('',#1465,1.0);
#1463=VECTOR('',#1466,1.0);
#1464=VECTOR('',#1467,1.0);
#1465=DIRECTION('',(0,0,-1));
#1466=DIRECTION('',(1,0,0));
#1467=DIRECTION('',(-0.7452413135250994,0,0.6667948594698258));
#1468=FACE_SURFACE('',(#1473),#1469,.T.);
#1469=PLANE('',#1470);
#1470=AXIS2_PLACEMENT_3D('',#54,#1471,#1472);
#1471=DIRECTION('',(0,-1,0));
#1472=DIRECTION('',(0.7452413135250994,0,-0.6667948594698258));
#1473=FACE_BOUND('',#1474,.T.);
#1474=EDGE_LOOP('',(#1475,#1476,#1477));
#1475=ORIENTED_EDGE('',*,*,#1478,.T.);
#1476=ORIENTED_EDGE('',*,*,#1479,.T.);
#1477=ORIENTED_EDGE('',*,*,#1480,.T.);
#1478=EDGE_CURVE('',#55,#135,#1481,.F.);
#1479=EDGE_CURVE('',#135,#137,#1482,.T.);
#1480=EDGE_CURVE('',#137,#55,#1483,.T.);
#1481=LINE('',#54,#1484);
#1482=LINE('',#134,#1485);
#1483=LINE('',#136,#1486);
#1484=VECTOR('',#1487,1.0);
#1485=VECTOR('',#1488,1.0);
#1486=VECTOR('',#1489,1.0);
#1487=DIRECTION('',(0.7452413135250994,0,-0.6667948594698258));
#1488=DIRECTION('',(0,0,1));
#1489=DIRECTION('',(-1,0,0));
#1490=FACE_SURFACE('',(#1495),#1491,.T.);
#1491=PLANE('',#1492);
#1492=AXIS2_PLACEMENT_3D('',#138,#1493,#1494);
#1493=DIRECTION('',(0.9978356914167446,-0.06575661894339951,0));
#1494=DIRECTION('',(0,0,-1));
#1495=FACE_BOUND('',#1496,.T.);
#1496=EDGE_LOOP('',(#1497,#1498,#1499));
#1497=ORIENTED_EDGE('',*,*,#1500,.T.);
#1498=ORIENTED_EDGE('',*,*,#1501,.T.);
#1499=ORIENTED_EDGE('',*,*,#1502,.T.);
#1500=EDGE_CURVE('',#139,#83,#1503,.F.);
#1501=EDGE_CURVE('',#83,#61,#1504,.T.);
#1502=EDGE_CURVE('',#61,#139,#1505,.T.);
#1503=LINE('',#138,#1506);
#1504=LINE('',#82,#1507);
#1505=LINE('',#60,#1508);
#1506=VECTOR('',#1509,1.0);
#1507=VECTOR('',#1510,1.0);
#1508=VECTOR('',#1511,1.0);
#1509=DIRECTION('',(0,0,-1));
#1510=DIRECTION('',(0.06575661894339951,0.9978356914167446,0));
#1511=DIRECTION('',(-0.005043833634295258,-0.07653856452382625,0.9970538640830302));
#1512=FACE_SURFACE('',(#1517),#1513,.T.);
#1513=PLANE('',#1514);
#1514=AXIS2_PLACEMENT_3D('',#138,#1515,#1516);
#1515=DIRECTION('',(0.9978356914167446,-0.06575661894339951,0));
#1516=DIRECTION('',(0.005043833634295258,0.07653856452382625,-0.9970538640830302));
#1517=FACE_BOUND('',#1518,.T.);
#1518=EDGE_LOOP('',(#1519,#1520,#1521));
#1519=ORIENTED_EDGE('',*,*,#1522,.T.);
#1520=ORIENTED_EDGE('',*,*,#1523,.T.);
#1521=ORIENTED_EDGE('',*,*,#1524,.T.);
#1522=EDGE_CURVE('',#139,#61,#1525,.F.);
#1523=EDGE_CURVE('',#61,#45,#1526,.T.);
#1524=EDGE_CURVE('',#45,#139,#1527,.T.);
#1525=LINE('',#138,#1528);
#1526=LINE('',#60,#1529);
#1527=LINE('',#44,#1530);
#1528=VECTOR('',#1531,1.0);
#1529=VECTOR('',#1532,1.0);
#1530=VECTOR('',#1533,1.0);
#1531=DIRECTION('',(0.005043833634295258,0.07653856452382625,-0.9970538640830302));
#1532=DIRECTION('',(0,0,1));
#1533=DIRECTION('',(-0.06575661894339951,-0.9978356914167446,0));
#1534=FACE_SURFACE('',(#1539),#1535,.T.);
#1535=PLANE('',#1536);
#1536=AXIS2_PLACEMENT_3D('',#138,#1537,#1538);
#1537=DIRECTION('',(0.9808143949099135,-0.1949438963843187,0));
#1538=DIRECTION('',(-0.1949438963843187,-0.9808143949099136,0));
#1539=FACE_BOUND('',#1540,.T.);
#1540=EDGE_LOOP('',(#1541,#1542,#1543));
#1541=ORIENTED_EDGE('',*,*,#1544,.T.);
#1542=ORIENTED_EDGE('',*,*,#1545,.T.);
#1543=ORIENTED_EDGE('',*,*,#1546,.T.);
#1544=EDGE_CURVE('',#139,#107,#1547,.F.);
#1545=EDGE_CURVE('',#107,#141,#1548,.T.);
#1546=EDGE_CURVE('',#141,#139,#1549,.T.);
#1547=LINE('',#138,#1550);
#1548=LINE('',#106,#1551);
#1549=LINE('',#140,#1552);
#1550=VECTOR('',#1553,1.0);
#1551=VECTOR('',#1554,1.0);
#1552=VECTOR('',#1555,1.0);
#1553=DIRECTION('',(-0.1949438963843187,-0.9808143949099136,0));
#1554=DIRECTION('',(0,0,-1));
#1555=DIRECTION('',(0.014956076652353767,0.07524798438975201,0.9970526849752969));
#1556=FACE_SURFACE('',(#1561),#1557,.T.);
#1557=PLANE('',#1558);
#1558=AXIS2_PLACEMENT_3D('',#138,#1559,#1560);
#1559=DIRECTION('',(0.9808143949099135,-0.1949438963843187,0));
#1560=DIRECTION('',(-0.014956076652353767,-0.07524798438975201,-0.9970526849752969));
#1561=FACE_BOUND('',#1562,.T.);
#1562=EDGE_LOOP('',(#1563,#1564,#1565));
#1563=ORIENTED_EDGE('',*,*,#1566,.T.);
#1564=ORIENTED_EDGE('',*,*,#1567,.T.);
#1565=ORIENTED_EDGE('',*,*,#1568,.T.);
#1566=EDGE_CURVE('',#139,#141,#1569,.F.);
#1567=EDGE_CURVE('',#141,#83,#1570,.T.);
#1568=EDGE_CURVE('',#83,#139,#1571,.T.);
#1569=LINE('',#138,#1572);
#1570=LINE('',#140,#1573);
#1571=LINE('',#82,#1574);
#1572=VECTOR('',#1575,1.0);
#1573=VECTOR('',#1576,1.0);
#1574=VECTOR('',#1577,1.0);
#1575=DIRECTION('',(-0.014956076652353767,-0.07524798438975201,-0.9970526849752969));
#1576=DIRECTION('',(0.1949438963843187,0.9808143949099136,0));
#1577=DIRECTION('',(0,0,1));
#1578=FACE_SURFACE('',(#1583),#1579,.T.);
#1579=PLANE('',#1580);
#1580=AXIS2_PLACEMENT_3D('',#106,#1581,#1582);
#1581=DIRECTION('',(0.9470667809932922,-0.3210366214920088,0));
#1582=DIRECTION('',(-0.024632940924235458,-0.072667846923795,-0.9970519556396663));
#1583=FACE_BOUND('',#1584,.T.);
#1584=EDGE_LOOP('',(#1585,#1586,#1587));
#1585=ORIENTED_EDGE('',*,*,#1588,.T.);
#1586=ORIENTED_EDGE('',*,*,#1589,.T.);
#1587=ORIENTED_EDGE('',*,*,#1590,.T.);
#1588=EDGE_CURVE('',#107,#143,#1591,.F.);
#1589=EDGE_CURVE('',#143,#141,#1592,.T.);
#1590=EDGE_CURVE('',#141,#107,#1593,.T.);
#1591=LINE('',#106,#1594);
#1592=LINE('',#142,#1595);
#1593=LINE('',#140,#1596);
#1594=VECTOR('',#1597,1.0);
#1595=VECTOR('',#1598,1.0);
#1596=VECTOR('',#1599,1.0);
#1597=DIRECTION('',(-0.024632940924235458,-0.072667846923795,-0.9970519556396663));
#1598=DIRECTION('',(0.32103662149200884,0.9470667809932923,0));
#1599=DIRECTION('',(0,0,1));
#1600=FACE_SURFACE('',(#1605),#1601,.T.);
#1601=PLANE('',#1602);
#1602=AXIS2_PLACEMENT_3D('',#106,#1603,#1604);
#1603=DIRECTION('',(0.9470667809932922,-0.3210366214920088,0));
#1604=DIRECTION('',(-0.32103662149200884,-0.9470667809932923,0));
#1605=FACE_BOUND('',#1606,.T.);
#1606=EDGE_LOOP('',(#1607,#1608,#1609));
#1607=ORIENTED_EDGE('',*,*,#1610,.T.);
#1608=ORIENTED_EDGE('',*,*,#1611,.T.);
#1609=ORIENTED_EDGE('',*,*,#1612,.T.);
#1610=EDGE_CURVE('',#107,#105,#1613,.F.);
#1611=EDGE_CURVE('',#105,#143,#1614,.T.);
#1612=EDGE_CURVE('',#143,#107,#1615,.T.);
#1613=LINE('',#106,#1616);
#1614=LINE('',#104,#1617);
#1615=LINE('',#142,#1618);
#1616=VECTOR('',#1619,1.0);
#1617=VECTOR('',#1620,1.0);
#1618=VECTOR('',#1621,1.0);
#1619=DIRECTION('',(-0.32103662149200884,-0.9470667809932923,0));
#1620=DIRECTION('',(0,0,-1));
#1621=DIRECTION('',(0.024632940924235458,0.072667846923795,0.9970519556396663));
#1622=FACE_SURFACE('',(#1627),#1623,.T.);
#1623=PLANE('',#1624);
#1624=AXIS2_PLACEMENT_3D('',#108,#1625,#1626);
#1625=DIRECTION('',(0,0,1));
#1626=DIRECTION('',(-0.1272678549616897,0.991868384965188,0));
#1627=FACE_BOUND('',#1628,.T.);
#1628=EDGE_LOOP('',(#1629,#1630,#1631));
#1629=ORIENTED_EDGE('',*,*,#1632,.T.);
#1630=ORIENTED_EDGE('',*,*,#1633,.T.);
#1631=ORIENTED_EDGE('',*,*,#1634,.T.);
#1632=EDGE_CURVE('',#109,#95,#1635,.F.);
#1633=EDGE_CURVE('',#95,#145,#1636,.T.);
#1634=EDGE_CURVE('',#145,#109,#1637,.T.);
#1635=LINE('',#108,#1638);
#1636=LINE('',#94,#1639);
#1637=LINE('',#144,#1640);
#1638=VECTOR('',#1641,1.0);
#1639=VECTOR('',#1642,1.0);
#1640=VECTOR('',#1643,1.0);
#1641=DIRECTION('',(-0.1272678549616897,0.991868384965188,0));
#1642=DIRECTION('',(0.08821263954074017,-0.996101666611022,0));
#1643=DIRECTION('',(0.9808143949099136,0.1949438963843187,0));
#1644=FACE_SURFACE('',(#1649),#1645,.T.);
#1645=PLANE('',#1646);
#1646=AXIS2_PLACEMENT_3D('',#104,#1647,#1648);
#1647=DIRECTION('',(0.8967098746805312,-0.44261879834732065,0));
#1648=DIRECTION('',(-0.44261879834732065,-0.8967098746805312,0));
#1649=FACE_BOUND('',#1650,.T.);
#1650=EDGE_LOOP('',(#1651,#1652,#1653));
#1651=ORIENTED_EDGE('',*,*,#1654,.T.);
#1652=ORIENTED_EDGE('',*,*,#1655,.T.);
#1653=ORIENTED_EDGE('',*,*,#1656,.T.);
#1654=EDGE_CURVE('',#105,#103,#1657,.F.);
#1655=EDGE_CURVE('',#103,#147,#1658,.T.);
#1656=EDGE_CURVE('',#147,#105,#1659,.T.);
#1657=LINE('',#104,#1660);
#1658=LINE('',#102,#1661);
#1659=LINE('',#146,#1662);
#1660=VECTOR('',#1663,1.0);
#1661=VECTOR('',#1664,1.0);
#1662=VECTOR('',#1665,1.0);
#1663=DIRECTION('',(-0.44261879834732065,-0.8967098746805312,0));
#1664=DIRECTION('',(0,0,-1));
#1665=DIRECTION('',(0.03395813086757143,0.06879642570162742,0.9970526050107191));
#1666=FACE_SURFACE('',(#1671),#1667,.T.);
#1667=PLANE('',#1668);
#1668=AXIS2_PLACEMENT_3D('',#104,#1669,#1670);
#1669=DIRECTION('',(0.8967098746805312,-0.44261879834732065,0));
#1670=DIRECTION('',(-0.03395813086757143,-0.06879642570162742,-0.9970526050107191));
#1671=FACE_BOUND('',#1672,.T.);
#1672=EDGE_LOOP('',(#1673,#1674,#1675));
#1673=ORIENTED_EDGE('',*,*,#1676,.T.);
#1674=ORIENTED_EDGE('',*,*,#1677,.T.);
#1675=ORIENTED_EDGE('',*,*,#1678,.T.);
#1676=EDGE_CURVE('',#105,#147,#1679,.F.);
#1677=EDGE_CURVE('',#147,#143,#1680,.T.);
#1678=EDGE_CURVE('',#143,#105,#1681,.T.);
#1679=LINE('',#104,#1682);
#1680=LINE('',#146,#1683);
#1681=LINE('',#142,#1684);
#1682=VECTOR('',#1685,1.0);
#1683=VECTOR('',#1686,1.0);
#1684=VECTOR('',#1687,1.0);
#1685=DIRECTION('',(-0.03395813086757143,-0.06879642570162742,-0.9970526050107191));
#1686=DIRECTION('',(0.44261879834732065,0.8967098746805312,0));
#1687=DIRECTION('',(0,0,1));
#1688=FACE_SURFACE('',(#1693),#1689,.T.);
#1689=PLANE('',#1690);
#1690=AXIS2_PLACEMENT_3D('',#102,#1691,#1692);
#1691=DIRECTION('',(0.8318124133502635,-0.5550568520398702,0));
#1692=DIRECTION('',(-0.5550568520398701,-0.8318124133502635,0));
#1693=FACE_BOUND('',#1694,.T.);
#1694=EDGE_LOOP('',(#1695,#1696,#1697));
#1695=ORIENTED_EDGE('',*,*,#1698,.T.);
#1696=ORIENTED_EDGE('',*,*,#1699,.T.);
#1697=ORIENTED_EDGE('',*,*,#1700,.T.);
#1698=EDGE_CURVE('',#103,#101,#1701,.F.);
#1699=EDGE_CURVE('',#101,#149,#1702,.T.);
#1700=EDGE_CURVE('',#149,#103,#1703,.T.);
#1701=LINE('',#102,#1704);
#1702=LINE('',#100,#1705);
#1703=LINE('',#148,#1706);
#1704=VECTOR('',#1707,1.0);
#1705=VECTOR('',#1708,1.0);
#1706=VECTOR('',#1709,1.0);
#1707=DIRECTION('',(-0.5550568520398701,-0.8318124133502635,0));
#1708=DIRECTION('',(0,0,-1));
#1709=DIRECTION('',(0.04258036141113678,0.06381125294923834,0.997053176525277));
#1710=FACE_SURFACE('',(#1715),#1711,.T.);
#1711=PLANE('',#1712);
#1712=AXIS2_PLACEMENT_3D('',#102,#1713,#1714);
#1713=DIRECTION('',(0.8318124133502635,-0.5550568520398702,0));
#1714=DIRECTION('',(-0.04258036141113678,-0.06381125294923834,-0.997053176525277));
#1715=FACE_BOUND('',#1716,.T.);
#1716=EDGE_LOOP('',(#1717,#1718,#1719));
#1717=ORIENTED_EDGE('',*,*,#1720,.T.);
#1718=ORIENTED_EDGE('',*,*,#1721,.T.);
#1719=ORIENTED_EDGE('',*,*,#1722,.T.);
#1720=EDGE_CURVE('',#103,#149,#1723,.F.);
#1721=EDGE_CURVE('',#149,#147,#1724,.T.);
#1722=EDGE_CURVE('',#147,#103,#1725,.T.);
#1723=LINE('',#102,#1726);
#1724=LINE('',#148,#1727);
#1725=LINE('',#146,#1728);
#1726=VECTOR('',#1729,1.0);
#1727=VECTOR('',#1730,1.0);
#1728=VECTOR('',#1731,1.0);
#1729=DIRECTION('',(-0.04258036141113678,-0.06381125294923834,-0.997053176525277));
#1730=DIRECTION('',(0.5550568520398701,0.8318124133502635,0));
#1731=DIRECTION('',(0,0,1));
#1732=FACE_SURFACE('',(#1737),#1733,.T.);
#1733=PLANE('',#1734);
#1734=AXIS2_PLACEMENT_3D('',#100,#1735,#1736);
#1735=DIRECTION('',(0.7514874084911511,-0.6597474326431697,0));
#1736=DIRECTION('',(-0.6597474326431697,-0.7514874084911511,0));
#1737=FACE_BOUND('',#1738,.T.);
#1738=EDGE_LOOP('',(#1739,#1740,#1741));
#1739=ORIENTED_EDGE('',*,*,#1742,.T.);
#1740=ORIENTED_EDGE('',*,*,#1743,.T.);
#1741=ORIENTED_EDGE('',*,*,#1744,.T.);
#1742=EDGE_CURVE('',#101,#99,#1745,.F.);
#1743=EDGE_CURVE('',#99,#151,#1746,.T.);
#1744=EDGE_CURVE('',#151,#101,#1747,.T.);
#1745=LINE('',#100,#1748);
#1746=LINE('',#98,#1749);
#1747=LINE('',#150,#1750);
#1748=VECTOR('',#1751,1.0);
#1749=VECTOR('',#1752,1.0);
#1750=VECTOR('',#1753,1.0);
#1751=DIRECTION('',(-0.6597474326431697,-0.7514874084911511,0));
#1752=DIRECTION('',(0,0,-1));
#1753=DIRECTION('',(0.05061502976113153,0.0576532104013016,0.9970527699639088));
#1754=FACE_SURFACE('',(#1759),#1755,.T.);
#1755=PLANE('',#1756);
#1756=AXIS2_PLACEMENT_3D('',#100,#1757,#1758);
#1757=DIRECTION('',(0.7514874084911511,-0.6597474326431697,0));
#1758=DIRECTION('',(-0.05061502976113153,-0.0576532104013016,-0.9970527699639088));
#1759=FACE_BOUND('',#1760,.T.);
#1760=EDGE_LOOP('',(#1761,#1762,#1763));
#1761=ORIENTED_EDGE('',*,*,#1764,.T.);
#1762=ORIENTED_EDGE('',*,*,#1765,.T.);
#1763=ORIENTED_EDGE('',*,*,#1766,.T.);
#1764=EDGE_CURVE('',#101,#151,#1767,.F.);
#1765=EDGE_CURVE('',#151,#149,#1768,.T.);
#1766=EDGE_CURVE('',#149,#101,#1769,.T.);
#1767=LINE('',#100,#1770);
#1768=LINE('',#150,#1771);
#1769=LINE('',#148,#1772);
#1770=VECTOR('',#1773,1.0);
#1771=VECTOR('',#1774,1.0);
#1772=VECTOR('',#1775,1.0);
#1773=DIRECTION('',(-0.05061502976113153,-0.0576532104013016,-0.9970527699639088));
#1774=DIRECTION('',(0.6597474326431697,0.7514874084911511,0));
#1775=DIRECTION('',(0,0,1));
#1776=FACE_SURFACE('',(#1781),#1777,.T.);
#1777=PLANE('',#1778);
#1778=AXIS2_PLACEMENT_3D('',#98,#1779,#1780);
#1779=DIRECTION('',(0.6597474326431697,-0.7514874084911511,0));
#1780=DIRECTION('',(-0.7514874084911511,-0.6597474326431697,0));
#1781=FACE_BOUND('',#1782,.T.);
#1782=EDGE_LOOP('',(#1783,#1784,#1785));
#1783=ORIENTED_EDGE('',*,*,#1786,.T.);
#1784=ORIENTED_EDGE('',*,*,#1787,.T.);
#1785=ORIENTED_EDGE('',*,*,#1788,.T.);
#1786=EDGE_CURVE('',#99,#93,#1789,.F.);
#1787=EDGE_CURVE('',#93,#153,#1790,.T.);
#1788=EDGE_CURVE('',#153,#99,#1791,.T.);
#1789=LINE('',#98,#1792);
#1790=LINE('',#92,#1793);
#1791=LINE('',#152,#1794);
#1792=VECTOR('',#1795,1.0);
#1793=VECTOR('',#1796,1.0);
#1794=VECTOR('',#1797,1.0);
#1795=DIRECTION('',(-0.7514874084911511,-0.6597474326431697,0));
#1796=DIRECTION('',(0,0,-1));
#1797=DIRECTION('',(0.0576532104013016,0.05061502976113153,0.9970527699639088));
#1798=FACE_SURFACE('',(#1803),#1799,.T.);
#1799=PLANE('',#1800);
#1800=AXIS2_PLACEMENT_3D('',#98,#1801,#1802);
#1801=DIRECTION('',(0.6597474326431697,-0.7514874084911511,0));
#1802=DIRECTION('',(-0.0576532104013016,-0.05061502976113153,-0.9970527699639088));
#1803=FACE_BOUND('',#1804,.T.);
#1804=EDGE_LOOP('',(#1805,#1806,#1807));
#1805=ORIENTED_EDGE('',*,*,#1808,.T.);
#1806=ORIENTED_EDGE('',*,*,#1809,.T.);
#1807=ORIENTED_EDGE('',*,*,#1810,.T.);
#1808=EDGE_CURVE('',#99,#153,#1811,.F.);
#1809=EDGE_CURVE('',#153,#151,#1812,.T.);
#1810=EDGE_CURVE('',#151,#99,#1813,.T.);
#1811=LINE('',#98,#1814);
#1812=LINE('',#152,#1815);
#1813=LINE('',#150,#1816);
#1814=VECTOR('',#1817,1.0);
#1815=VECTOR('',#1818,1.0);
#1816=VECTOR('',#1819,1.0);
#1817=DIRECTION('',(-0.0576532104013016,-0.05061502976113153,-0.9970527699639088));
#1818=DIRECTION('',(0.7514874084911511,0.6597474326431697,0));
#1819=DIRECTION('',(0,0,1));
#1820=FACE_SURFACE('',(#1825),#1821,.T.);
#1821=PLANE('',#1822);
#1822=AXIS2_PLACEMENT_3D('',#92,#1823,#1824);
#1823=DIRECTION('',(0.5550568520398702,-0.8318124133502635,0));
#1824=DIRECTION('',(-0.8318124133502635,-0.5550568520398701,0));
#1825=FACE_BOUND('',#1826,.T.);
#1826=EDGE_LOOP('',(#1827,#1828,#1829));
#1827=ORIENTED_EDGE('',*,*,#1830,.T.);
#1828=ORIENTED_EDGE('',*,*,#1831,.T.);
#1829=ORIENTED_EDGE('',*,*,#1832,.T.);
#1830=EDGE_CURVE('',#93,#91,#1833,.F.);
#1831=EDGE_CURVE('',#91,#155,#1834,.T.);
#1832=EDGE_CURVE('',#155,#93,#1835,.T.);
#1833=LINE('',#92,#1836);
#1834=LINE('',#90,#1837);
#1835=LINE('',#154,#1838);
#1836=VECTOR('',#1839,1.0);
#1837=VECTOR('',#1840,1.0);
#1838=VECTOR('',#1841,1.0);
#1839=DIRECTION('',(-0.8318124133502635,-0.5550568520398701,0));
#1840=DIRECTION('',(0,0,-1));
#1841=DIRECTION('',(0.06381125294923834,0.04258036141113678,0.997053176525277));
#1842=FACE_SURFACE('',(#1847),#1843,.T.);
#1843=PLANE('',#1844);
#1844=AXIS2_PLACEMENT_3D('',#92,#1845,#1846);
#1845=DIRECTION('',(0.5550568520398702,-0.8318124133502635,0));
#1846=DIRECTION('',(-0.06381125294923834,-0.04258036141113678,-0.997053176525277));
#1847=FACE_BOUND('',#1848,.T.);
#1848=EDGE_LOOP('',(#1849,#1850,#1851));
#1849=ORIENTED_EDGE('',*,*,#1852,.T.);
#1850=ORIENTED_EDGE('',*,*,#1853,.T.);
#1851=ORIENTED_EDGE('',*,*,#1854,.T.);
#1852=EDGE_CURVE('',#93,#155,#1855,.F.);
#1853=EDGE_CURVE('',#155,#153,#1856,.T.);
#1854=EDGE_CURVE('',#153,#93,#1857,.T.);
#1855=LINE('',#92,#1858);
#1856=LINE('',#154,#1859);
#1857=LINE('',#152,#1860);
#1858=VECTOR('',#1861,1.0);
#1859=VECTOR('',#1862,1.0);
#1860=VECTOR('',#1863,1.0);
#1861=DIRECTION('',(-0.06381125294923834,-0.04258036141113678,-0.997053176525277));
#1862=DIRECTION('',(0.8318124133502635,0.5550568520398701,0));
#1863=DIRECTION('',(0,0,1));
#1864=FACE_SURFACE('',(#1869),#1865,.T.);
#1865=PLANE('',#1866);
#1866=AXIS2_PLACEMENT_3D('',#90,#1867,#1868);
#1867=DIRECTION('',(0.44261879834732065,-0.8967098746805312,0));
#1868=DIRECTION('',(-0.8967098746805312,-0.44261879834732065,0));
#1869=FACE_BOUND('',#1870,.T.);
#1870=EDGE_LOOP('',(#1871,#1872,#1873));
#1871=ORIENTED_EDGE('',*,*,#1874,.T.);
#1872=ORIENTED_EDGE('',*,*,#1875,.T.);
#1873=ORIENTED_EDGE('',*,*,#1876,.T.);
#1874=EDGE_CURVE('',#91,#97,#1877,.F.);
#1875=EDGE_CURVE('',#97,#157,#1878,.T.);
#1876=EDGE_CURVE('',#157,#91,#1879,.T.);
#1877=LINE('',#90,#1880);
#1878=LINE('',#96,#1881);
#1879=LINE('',#156,#1882);
#1880=VECTOR('',#1883,1.0);
#1881=VECTOR('',#1884,1.0);
#1882=VECTOR('',#1885,1.0);
#1883=DIRECTION('',(-0.8967098746805312,-0.44261879834732065,0));
#1884=DIRECTION('',(0,0,-1));
#1885=DIRECTION('',(0.06879642570162742,0.03395813086757143,0.9970526050107191));
#1886=FACE_SURFACE('',(#1891),#1887,.T.);
#1887=PLANE('',#1888);
#1888=AXIS2_PLACEMENT_3D('',#90,#1889,#1890);
#1889=DIRECTION('',(0.44261879834732065,-0.8967098746805312,0));
#1890=DIRECTION('',(-0.06879642570162742,-0.03395813086757143,-0.9970526050107191));
#1891=FACE_BOUND('',#1892,.T.);
#1892=EDGE_LOOP('',(#1893,#1894,#1895));
#1893=ORIENTED_EDGE('',*,*,#1896,.T.);
#1894=ORIENTED_EDGE('',*,*,#1897,.T.);
#1895=ORIENTED_EDGE('',*,*,#1898,.T.);
#1896=EDGE_CURVE('',#91,#157,#1899,.F.);
#1897=EDGE_CURVE('',#157,#155,#1900,.T.);
#1898=EDGE_CURVE('',#155,#91,#1901,.T.);
#1899=LINE('',#90,#1902);
#1900=LINE('',#156,#1903);
#1901=LINE('',#154,#1904);
#1902=VECTOR('',#1905,1.0);
#1903=VECTOR('',#1906,1.0);
#1904=VECTOR('',#1907,1.0);
#1905=DIRECTION('',(-0.06879642570162742,-0.03395813086757143,-0.9970526050107191));
#1906=DIRECTION('',(0.8967098746805312,0.44261879834732065,0));
#1907=DIRECTION('',(0,0,1));
#1908=FACE_SURFACE('',(#1913),#1909,.T.);
#1909=PLANE('',#1910);
#1910=AXIS2_PLACEMENT_3D('',#158,#1911,#1912);
#1911=DIRECTION('',(-0.7525778062110414,-0.6585033375758821,-0));
#1912=DIRECTION('',(-0.027974600434043068,0.0319710808175768,-0.9990972283626411));
#1913=FACE_BOUND('',#1914,.T.);
#1914=EDGE_LOOP('',(#1915,#1916,#1917));
#1915=ORIENTED_EDGE('',*,*,#1918,.T.);
#1916=ORIENTED_EDGE('',*,*,#1919,.T.);
#1917=ORIENTED_EDGE('',*,*,#1920,.T.);
#1918=EDGE_CURVE('',#159,#161,#1921,.F.);
#1919=EDGE_CURVE('',#161,#163,#1922,.T.);
#1920=EDGE_CURVE('',#163,#159,#1923,.T.);
#1921=LINE('',#158,#1924);
#1922=LINE('',#160,#1925);
#1923=LINE('',#162,#1926);
#1924=VECTOR('',#1927,1.0);
#1925=VECTOR('',#1928,1.0);
#1926=VECTOR('',#1929,1.0);
#1927=DIRECTION('',(-0.027974600434043068,0.0319710808175768,-0.9990972283626411));
#1928=DIRECTION('',(0.6585033375758821,-0.7525778062110414,0));
#1929=DIRECTION('',(0,0,1));
#1930=FACE_SURFACE('',(#1935),#1931,.T.);
#1931=PLANE('',#1932);
#1932=AXIS2_PLACEMENT_3D('',#96,#1933,#1934);
#1933=DIRECTION('',(0.3210366214920088,-0.9470667809932922,0));
#1934=DIRECTION('',(-0.9470667809932923,-0.32103662149200884,0));
#1935=FACE_BOUND('',#1936,.T.);
#1936=EDGE_LOOP('',(#1937,#1938,#1939));
#1937=ORIENTED_EDGE('',*,*,#1940,.T.);
#1938=ORIENTED_EDGE('',*,*,#1941,.T.);
#1939=ORIENTED_EDGE('',*,*,#1942,.T.);
#1940=EDGE_CURVE('',#97,#109,#1943,.F.);
#1941=EDGE_CURVE('',#109,#165,#1944,.T.);
#1942=EDGE_CURVE('',#165,#97,#1945,.T.);
#1943=LINE('',#96,#1946);
#1944=LINE('',#108,#1947);
#1945=LINE('',#164,#1948);
#1946=VECTOR('',#1949,1.0);
#1947=VECTOR('',#1950,1.0);
#1948=VECTOR('',#1951,1.0);
#1949=DIRECTION('',(-0.9470667809932923,-0.32103662149200884,0));
#1950=DIRECTION('',(0,0,-1));
#1951=DIRECTION('',(0.072667846923795,0.024632940924235458,0.9970519556396663));
#1952=FACE_SURFACE('',(#1957),#1953,.T.);
#1953=PLANE('',#1954);
#1954=AXIS2_PLACEMENT_3D('',#96,#1955,#1956);
#1955=DIRECTION('',(0.3210366214920088,-0.9470667809932922,0));
#1956=DIRECTION('',(-0.072667846923795,-0.024632940924235458,-0.9970519556396663));
#1957=FACE_BOUND('',#1958,.T.);
#1958=EDGE_LOOP('',(#1959,#1960,#1961));
#1959=ORIENTED_EDGE('',*,*,#1962,.T.);
#1960=ORIENTED_EDGE('',*,*,#1963,.T.);
#1961=ORIENTED_EDGE('',*,*,#1964,.T.);
#1962=EDGE_CURVE('',#97,#165,#1965,.F.);
#1963=EDGE_CURVE('',#165,#157,#1966,.T.);
#1964=EDGE_CURVE('',#157,#97,#1967,.T.);
#1965=LINE('',#96,#1968);
#1966=LINE('',#164,#1969);
#1967=LINE('',#156,#1970);
#1968=VECTOR('',#1971,1.0);
#1969=VECTOR('',#1972,1.0);
#1970=VECTOR('',#1973,1.0);
#1971=DIRECTION('',(-0.072667846923795,-0.024632940924235458,-0.9970519556396663));
#1972=DIRECTION('',(0.9470667809932923,0.32103662149200884,0));
#1973=DIRECTION('',(0,0,1));
#1974=FACE_SURFACE('',(#1979),#1975,.T.);
#1975=PLANE('',#1976);
#1976=AXIS2_PLACEMENT_3D('',#166,#1977,#1978);
#1977=DIRECTION('',(-0,0,1));
#1978=DIRECTION('',(0.946786291482897,-0.3218628873605388,0));
#1979=FACE_BOUND('',#1980,.T.);
#1980=EDGE_LOOP('',(#1981,#1982,#1983));
#1981=ORIENTED_EDGE('',*,*,#1984,.T.);
#1982=ORIENTED_EDGE('',*,*,#1985,.T.);
#1983=ORIENTED_EDGE('',*,*,#1986,.T.);
#1984=EDGE_CURVE('',#167,#169,#1987,.F.);
#1985=EDGE_CURVE('',#169,#171,#1988,.T.);
#1986=EDGE_CURVE('',#171,#167,#1989,.T.);
#1987=LINE('',#166,#1990);
#1988=LINE('',#168,#1991);
#1989=LINE('',#170,#1992);
#1990=VECTOR('',#1993,1.0);
#1991=VECTOR('',#1994,1.0);
#1992=VECTOR('',#1995,1.0);
#1993=DIRECTION('',(0.946786291482897,-0.3218628873605388,0));
#1994=DIRECTION('',(0.38265733490948367,0.9238903419995098,0));
#1995=DIRECTION('',(-0.43971486770128937,-0.8981374255215275,0));
#1996=FACE_SURFACE('',(#2001),#1997,.T.);
#1997=PLANE('',#1998);
#1998=AXIS2_PLACEMENT_3D('',#170,#1999,#2000);
#1999=DIRECTION('',(0,0,1));
#2000=DIRECTION('',(-0.9470658944421375,0.3210392368301953,0));
#2001=FACE_BOUND('',#2002,.T.);
#2002=EDGE_LOOP('',(#2003,#2004,#2005));
#2003=ORIENTED_EDGE('',*,*,#2006,.T.);
#2004=ORIENTED_EDGE('',*,*,#2007,.T.);
#2005=ORIENTED_EDGE('',*,*,#2008,.T.);
#2006=EDGE_CURVE('',#171,#173,#2009,.F.);
#2007=EDGE_CURVE('',#173,#167,#2010,.T.);
#2008=EDGE_CURVE('',#167,#171,#2011,.T.);
#2009=LINE('',#170,#2012);
#2010=LINE('',#172,#2013);
#2011=LINE('',#166,#2014);
#2012=VECTOR('',#2015,1.0);
#2013=VECTOR('',#2016,1.0);
#2014=VECTOR('',#2017,1.0);
#2015=DIRECTION('',(-0.9470658944421375,0.3210392368301953,0));
#2016=DIRECTION('',(-0.25878718701382014,-0.9659343620751225,0));
#2017=DIRECTION('',(0.43971486770128937,0.8981374255215275,0));
#2018=FACE_SURFACE('',(#2023),#2019,.T.);
#2019=PLANE('',#2020);
#2020=AXIS2_PLACEMENT_3D('',#174,#2021,#2022);
#2021=DIRECTION('',(-0,0,1));
#2022=DIRECTION('',(0.9807610784470353,-0.19521195404843472,0));
#2023=FACE_BOUND('',#2024,.T.);
#2024=EDGE_LOOP('',(#2025,#2026,#2027));
#2025=ORIENTED_EDGE('',*,*,#2028,.T.);
#2026=ORIENTED_EDGE('',*,*,#2029,.T.);
#2027=ORIENTED_EDGE('',*,*,#2030,.T.);
#2028=EDGE_CURVE('',#175,#167,#2031,.F.);
#2029=EDGE_CURVE('',#167,#173,#2032,.T.);
#2030=EDGE_CURVE('',#173,#175,#2033,.T.);
#2031=LINE('',#174,#2034);
#2032=LINE('',#166,#2035);
#2033=LINE('',#172,#2036);
#2034=VECTOR('',#2037,1.0);
#2035=VECTOR('',#2038,1.0);
#2036=VECTOR('',#2039,1.0);
#2037=DIRECTION('',(0.9807610784470353,-0.19521195404843472,0));
#2038=DIRECTION('',(0.25878718701382014,0.9659343620751225,0));
#2039=DIRECTION('',(-0.31865679743152886,-0.9478701627600067,0));
#2040=FACE_SURFACE('',(#2045),#2041,.T.);
#2041=PLANE('',#2042);
#2042=AXIS2_PLACEMENT_3D('',#176,#2043,#2044);
#2043=DIRECTION('',(0,0,1));
#2044=DIRECTION('',(-0.13043492061871625,-0.9914568732341257,0));
#2045=FACE_BOUND('',#2046,.T.);
#2046=EDGE_LOOP('',(#2047,#2048,#2049));
#2047=ORIENTED_EDGE('',*,*,#2050,.T.);
#2048=ORIENTED_EDGE('',*,*,#2051,.T.);
#2049=ORIENTED_EDGE('',*,*,#2052,.T.);
#2050=EDGE_CURVE('',#177,#175,#2053,.F.);
#2051=EDGE_CURVE('',#175,#173,#2054,.T.);
#2052=EDGE_CURVE('',#173,#177,#2055,.T.);
#2053=LINE('',#176,#2056);
#2054=LINE('',#174,#2057);
#2055=LINE('',#172,#2058);
#2056=VECTOR('',#2059,1.0);
#2057=VECTOR('',#2060,1.0);
#2058=VECTOR('',#2061,1.0);
#2059=DIRECTION('',(-0.13043492061871625,-0.9914568732341257,0));
#2060=DIRECTION('',(0.31865679743152886,0.9478701627600067,0));
#2061=DIRECTION('',(-0.9808149524997117,0.19494109098132262,0));
#2062=FACE_SURFACE('',(#2067),#2063,.T.);
#2063=PLANE('',#2064);
#2064=AXIS2_PLACEMENT_3D('',#178,#2065,#2066);
#2065=DIRECTION('',(0,0,1));
#2066=DIRECTION('',(0,-1,0));
#2067=FACE_BOUND('',#2068,.T.);
#2068=EDGE_LOOP('',(#2069,#2070,#2071));
#2069=ORIENTED_EDGE('',*,*,#2072,.T.);
#2070=ORIENTED_EDGE('',*,*,#2073,.T.);
#2071=ORIENTED_EDGE('',*,*,#2074,.T.);
#2072=EDGE_CURVE('',#179,#181,#2075,.F.);
#2073=EDGE_CURVE('',#181,#177,#2076,.T.);
#2074=EDGE_CURVE('',#177,#179,#2077,.T.);
#2075=LINE('',#178,#2078);
#2076=LINE('',#180,#2079);
#2077=LINE('',#176,#2080);
#2078=VECTOR('',#2081,1.0);
#2079=VECTOR('',#2082,1.0);
#2080=VECTOR('',#2083,1.0);
#2081=DIRECTION('',(0,-1,0));
#2082=DIRECTION('',(0.192261468676386,0.9813437357329994,0));
#2083=DIRECTION('',(-0.9978356914167446,0.06575661894339951,0));
#2084=FACE_SURFACE('',(#2089),#2085,.T.);
#2085=PLANE('',#2086);
#2086=AXIS2_PLACEMENT_3D('',#182,#2087,#2088);
#2087=DIRECTION('',(-0,0,1));
#2088=DIRECTION('',(0.192261468676386,-0.9813437357329994,0));
#2089=FACE_BOUND('',#2090,.T.);
#2090=EDGE_LOOP('',(#2091,#2092,#2093));
#2091=ORIENTED_EDGE('',*,*,#2094,.T.);
#2092=ORIENTED_EDGE('',*,*,#2095,.T.);
#2093=ORIENTED_EDGE('',*,*,#2096,.T.);
#2094=EDGE_CURVE('',#183,#181,#2097,.F.);
#2095=EDGE_CURVE('',#181,#179,#2098,.T.);
#2096=EDGE_CURVE('',#179,#183,#2099,.T.);
#2097=LINE('',#182,#2100);
#2098=LINE('',#180,#2101);
#2099=LINE('',#178,#2102);
#2100=VECTOR('',#2103,1.0);
#2101=VECTOR('',#2104,1.0);
#2102=VECTOR('',#2105,1.0);
#2103=DIRECTION('',(0.192261468676386,-0.9813437357329994,0));
#2104=DIRECTION('',(0,1,0));
#2105=DIRECTION('',(-0.9978356914167446,-0.06575661894339951,0));
#2106=FACE_SURFACE('',(#2111),#2107,.T.);
#2107=PLANE('',#2108);
#2108=AXIS2_PLACEMENT_3D('',#184,#2109,#2110);
#2109=DIRECTION('',(-0,0,1));
#2110=DIRECTION('',(0.3186573023548868,-0.9478699930137604,0));
#2111=FACE_BOUND('',#2112,.T.);
#2112=EDGE_LOOP('',(#2113,#2114,#2115));
#2113=ORIENTED_EDGE('',*,*,#2116,.T.);
#2114=ORIENTED_EDGE('',*,*,#2117,.T.);
#2115=ORIENTED_EDGE('',*,*,#2118,.T.);
#2116=EDGE_CURVE('',#185,#187,#2119,.F.);
#2117=EDGE_CURVE('',#187,#183,#2120,.T.);
#2118=EDGE_CURVE('',#183,#185,#2121,.T.);
#2119=LINE('',#184,#2122);
#2120=LINE('',#186,#2123);
#2121=LINE('',#182,#2124);
#2122=VECTOR('',#2125,1.0);
#2123=VECTOR('',#2126,1.0);
#2124=VECTOR('',#2127,1.0);
#2125=DIRECTION('',(0.3186573023548868,-0.9478699930137604,0));
#2126=DIRECTION('',(-0.13043492061871625,0.9914568732341257,0));
#2127=DIRECTION('',(-0.9808150633218159,-0.19494053339678302,0));
#2128=FACE_SURFACE('',(#2133),#2129,.T.);
#2129=PLANE('',#2130);
#2130=AXIS2_PLACEMENT_3D('',#188,#2131,#2132);
#2131=DIRECTION('',(-0,0,1));
#2132=DIRECTION('',(0.43971441441503156,-0.8981376474436676,0));
#2133=FACE_BOUND('',#2134,.T.);
#2134=EDGE_LOOP('',(#2135,#2136,#2137));
#2135=ORIENTED_EDGE('',*,*,#2138,.T.);
#2136=ORIENTED_EDGE('',*,*,#2139,.T.);
#2137=ORIENTED_EDGE('',*,*,#2140,.T.);
#2138=EDGE_CURVE('',#189,#191,#2141,.F.);
#2139=EDGE_CURVE('',#191,#185,#2142,.T.);
#2140=EDGE_CURVE('',#185,#189,#2143,.T.);
#2141=LINE('',#188,#2144);
#2142=LINE('',#190,#2145);
#2143=LINE('',#184,#2146);
#2144=VECTOR('',#2147,1.0);
#2145=VECTOR('',#2148,1.0);
#2146=VECTOR('',#2149,1.0);
#2147=DIRECTION('',(0.43971441441503156,-0.8981376474436676,0));
#2148=DIRECTION('',(-0.2587877145534572,0.9659342207397967,0));
#2149=DIRECTION('',(-0.9470652933837345,-0.32104100994729784,0));
#2150=FACE_SURFACE('',(#2155),#2151,.T.);
#2151=PLANE('',#2152);
#2152=AXIS2_PLACEMENT_3D('',#192,#2153,#2154);
#2153=DIRECTION('',(0,0,1));
#2154=DIRECTION('',(-0.8967087172426204,0.44262114321515916,0));
#2155=FACE_BOUND('',#2156,.T.);
#2156=EDGE_LOOP('',(#2157,#2158,#2159));
#2157=ORIENTED_EDGE('',*,*,#2160,.T.);
#2158=ORIENTED_EDGE('',*,*,#2161,.T.);
#2159=ORIENTED_EDGE('',*,*,#2162,.T.);
#2160=EDGE_CURVE('',#193,#171,#2163,.F.);
#2161=EDGE_CURVE('',#171,#169,#2164,.T.);
#2162=EDGE_CURVE('',#169,#193,#2165,.T.);
#2163=LINE('',#192,#2166);
#2164=LINE('',#170,#2167);
#2165=LINE('',#168,#2168);
#2166=VECTOR('',#2169,1.0);
#2167=VECTOR('',#2170,1.0);
#2168=VECTOR('',#2171,1.0);
#2169=DIRECTION('',(-0.8967087172426204,0.44262114321515916,0));
#2170=DIRECTION('',(-0.38265733490948367,-0.9238903419995098,0));
#2171=DIRECTION('',(0.5531691171361404,0.8330689814456081,0));
#2172=FACE_SURFACE('',(#2177),#2173,.T.);
#2173=PLANE('',#2174);
#2174=AXIS2_PLACEMENT_3D('',#194,#2175,#2176);
#2175=DIRECTION('',(-0,0,1));
#2176=DIRECTION('',(0.5531695071410787,-0.8330687224769011,0));
#2177=FACE_BOUND('',#2178,.T.);
#2178=EDGE_LOOP('',(#2179,#2180,#2181));
#2179=ORIENTED_EDGE('',*,*,#2182,.T.);
#2180=ORIENTED_EDGE('',*,*,#2183,.T.);
#2181=ORIENTED_EDGE('',*,*,#2184,.T.);
#2182=EDGE_CURVE('',#195,#197,#2185,.F.);
#2183=EDGE_CURVE('',#197,#189,#2186,.T.);
#2184=EDGE_CURVE('',#189,#195,#2187,.T.);
#2185=LINE('',#194,#2188);
#2186=LINE('',#196,#2189);
#2187=LINE('',#188,#2190);
#2188=VECTOR('',#2191,1.0);
#2189=VECTOR('',#2192,1.0);
#2190=VECTOR('',#2193,1.0);
#2191=DIRECTION('',(0.5531695071410787,-0.8330687224769011,0));
#2192=DIRECTION('',(-0.38265733490948367,0.9238903419995098,0));
#2193=DIRECTION('',(-0.8967092885598917,-0.4426199857783344,0));
#2194=FACE_SURFACE('',(#2199),#2195,.T.);
#2195=PLANE('',#2196);
#2196=AXIS2_PLACEMENT_3D('',#198,#2197,#2198);
#2197=DIRECTION('',(-0,0,1));
#2198=DIRECTION('',(0.6572212774370642,-0.7536976797655631,0));
#2199=FACE_BOUND('',#2200,.T.);
#2200=EDGE_LOOP('',(#2201,#2202,#2203));
#2201=ORIENTED_EDGE('',*,*,#2204,.T.);
#2202=ORIENTED_EDGE('',*,*,#2205,.T.);
#2203=ORIENTED_EDGE('',*,*,#2206,.T.);
#2204=EDGE_CURVE('',#199,#201,#2207,.F.);
#2205=EDGE_CURVE('',#201,#195,#2208,.T.);
#2206=EDGE_CURVE('',#195,#199,#2209,.T.);
#2207=LINE('',#198,#2210);
#2208=LINE('',#200,#2211);
#2209=LINE('',#194,#2212);
#2210=VECTOR('',#2213,1.0);
#2211=VECTOR('',#2214,1.0);
#2212=VECTOR('',#2215,1.0);
#2213=DIRECTION('',(0.6572212774370642,-0.7536976797655631,0));
#2214=DIRECTION('',(-0.5000603226568506,0.8659905736809879,0));
#2215=DIRECTION('',(-0.8318146584153101,-0.5550534875536058,0));
#2216=FACE_SURFACE('',(#2221),#2217,.T.);
#2217=PLANE('',#2218);
#2218=AXIS2_PLACEMENT_3D('',#202,#2219,#2220);
#2219=DIRECTION('',(-0,0,1));
#2220=DIRECTION('',(0.7071067811865476,-0.7071067811865476,0));
#2221=FACE_BOUND('',#2222,.T.);
#2222=EDGE_LOOP('',(#2223,#2224,#2225));
#2223=ORIENTED_EDGE('',*,*,#2226,.T.);
#2224=ORIENTED_EDGE('',*,*,#2227,.T.);
#2225=ORIENTED_EDGE('',*,*,#2228,.T.);
#2226=EDGE_CURVE('',#203,#205,#2229,.F.);
#2227=EDGE_CURVE('',#205,#199,#2230,.T.);
#2228=EDGE_CURVE('',#199,#203,#2231,.T.);
#2229=LINE('',#202,#2232);
#2230=LINE('',#204,#2233);
#2231=LINE('',#198,#2234);
#2232=VECTOR('',#2235,1.0);
#2233=VECTOR('',#2236,1.0);
#2234=VECTOR('',#2237,1.0);
#2235=DIRECTION('',(0.7071067811865476,-0.7071067811865476,0));
#2236=DIRECTION('',(-0.5579593954590173,0.8298682503982232,0));
#2237=DIRECTION('',(-0.7514861391324662,-0.6597488785074056,0));
#2238=FACE_SURFACE('',(#2243),#2239,.T.);
#2239=PLANE('',#2240);
#2240=AXIS2_PLACEMENT_3D('',#206,#2241,#2242);
#2241=DIRECTION('',(-0,0,1));
#2242=DIRECTION('',(0.8298682503982232,-0.5579593954590173,0));
#2243=FACE_BOUND('',#2244,.T.);
#2244=EDGE_LOOP('',(#2245,#2246,#2247));
#2245=ORIENTED_EDGE('',*,*,#2248,.T.);
#2246=ORIENTED_EDGE('',*,*,#2249,.T.);
#2247=ORIENTED_EDGE('',*,*,#2250,.T.);
#2248=EDGE_CURVE('',#207,#205,#2251,.F.);
#2249=EDGE_CURVE('',#205,#203,#2252,.T.);
#2250=EDGE_CURVE('',#203,#207,#2253,.T.);
#2251=LINE('',#206,#2254);
#2252=LINE('',#204,#2255);
#2253=LINE('',#202,#2256);
#2254=VECTOR('',#2257,1.0);
#2255=VECTOR('',#2258,1.0);
#2256=VECTOR('',#2259,1.0);
#2257=DIRECTION('',(0.8298682503982232,-0.5579593954590173,0));
#2258=DIRECTION('',(-0.7071067811865476,0.7071067811865476,0));
#2259=DIRECTION('',(-0.6597488785074056,-0.7514861391324662,0));
#2260=FACE_SURFACE('',(#2265),#2261,.T.);
#2261=PLANE('',#2262);
#2262=AXIS2_PLACEMENT_3D('',#108,#2263,#2264);
#2263=DIRECTION('',(0.1949438963843187,-0.9808143949099135,0));
#2264=DIRECTION('',(-0.9808143949099136,-0.1949438963843187,0));
#2265=FACE_BOUND('',#2266,.T.);
#2266=EDGE_LOOP('',(#2267,#2268,#2269));
#2267=ORIENTED_EDGE('',*,*,#2270,.T.);
#2268=ORIENTED_EDGE('',*,*,#2271,.T.);
#2269=ORIENTED_EDGE('',*,*,#2272,.T.);
#2270=EDGE_CURVE('',#109,#145,#2273,.F.);
#2271=EDGE_CURVE('',#145,#209,#2274,.T.);
#2272=EDGE_CURVE('',#209,#109,#2275,.T.);
#2273=LINE('',#108,#2276);
#2274=LINE('',#144,#2277);
#2275=LINE('',#208,#2278);
#2276=VECTOR('',#2279,1.0);
#2277=VECTOR('',#2280,1.0);
#2278=VECTOR('',#2281,1.0);
#2279=DIRECTION('',(-0.9808143949099136,-0.1949438963843187,0));
#2280=DIRECTION('',(0,0,-1));
#2281=DIRECTION('',(0.07524798438975201,0.014956076652353767,0.9970526849752969));
#2282=FACE_SURFACE('',(#2287),#2283,.T.);
#2283=PLANE('',#2284);
#2284=AXIS2_PLACEMENT_3D('',#108,#2285,#2286);
#2285=DIRECTION('',(0.1949438963843187,-0.9808143949099135,0));
#2286=DIRECTION('',(-0.07524798438975201,-0.014956076652353767,-0.9970526849752969));
#2287=FACE_BOUND('',#2288,.T.);
#2288=EDGE_LOOP('',(#2289,#2290,#2291));
#2289=ORIENTED_EDGE('',*,*,#2292,.T.);
#2290=ORIENTED_EDGE('',*,*,#2293,.T.);
#2291=ORIENTED_EDGE('',*,*,#2294,.T.);
#2292=EDGE_CURVE('',#109,#209,#2295,.F.);
#2293=EDGE_CURVE('',#209,#165,#2296,.T.);
#2294=EDGE_CURVE('',#165,#109,#2297,.T.);
#2295=LINE('',#108,#2298);
#2296=LINE('',#208,#2299);
#2297=LINE('',#164,#2300);
#2298=VECTOR('',#2301,1.0);
#2299=VECTOR('',#2302,1.0);
#2300=VECTOR('',#2303,1.0);
#2301=DIRECTION('',(-0.07524798438975201,-0.014956076652353767,-0.9970526849752969));
#2302=DIRECTION('',(0.9808143949099136,0.1949438963843187,0));
#2303=DIRECTION('',(0,0,1));
#2304=FACE_SURFACE('',(#2309),#2305,.T.);
#2305=PLANE('',#2306);
#2306=AXIS2_PLACEMENT_3D('',#134,#2307,#2308);
#2307=DIRECTION('',(0.06575661894339951,-0.9978356914167446,0));
#2308=DIRECTION('',(0.9978356914167446,0.06575661894339951,0));
#2309=FACE_BOUND('',#2310,.T.);
#2310=EDGE_LOOP('',(#2311,#2312,#2313));
#2311=ORIENTED_EDGE('',*,*,#2314,.T.);
#2312=ORIENTED_EDGE('',*,*,#2315,.T.);
#2313=ORIENTED_EDGE('',*,*,#2316,.T.);
#2314=EDGE_CURVE('',#135,#209,#2317,.F.);
#2315=EDGE_CURVE('',#209,#137,#2318,.T.);
#2316=EDGE_CURVE('',#137,#135,#2319,.T.);
#2317=LINE('',#134,#2320);
#2318=LINE('',#208,#2321);
#2319=LINE('',#136,#2322);
#2320=VECTOR('',#2323,1.0);
#2321=VECTOR('',#2324,1.0);
#2322=VECTOR('',#2325,1.0);
#2323=DIRECTION('',(0.9978356914167446,0.06575661894339951,0));
#2324=DIRECTION('',(-0.07653856452382625,-0.005043833634295258,0.9970538640830302));
#2325=DIRECTION('',(0,0,-1));
#2326=FACE_SURFACE('',(#2331),#2327,.T.);
#2327=PLANE('',#2328);
#2328=AXIS2_PLACEMENT_3D('',#144,#2329,#2330);
#2329=DIRECTION('',(0.06575661894339951,-0.9978356914167446,0));
#2330=DIRECTION('',(-0.9978356914167446,-0.06575661894339951,0));
#2331=FACE_BOUND('',#2332,.T.);
#2332=EDGE_LOOP('',(#2333,#2334,#2335));
#2333=ORIENTED_EDGE('',*,*,#2336,.T.);
#2334=ORIENTED_EDGE('',*,*,#2337,.T.);
#2335=ORIENTED_EDGE('',*,*,#2338,.T.);
#2336=EDGE_CURVE('',#145,#137,#2339,.F.);
#2337=EDGE_CURVE('',#137,#209,#2340,.T.);
#2338=EDGE_CURVE('',#209,#145,#2341,.T.);
#2339=LINE('',#144,#2342);
#2340=LINE('',#136,#2343);
#2341=LINE('',#208,#2344);
#2342=VECTOR('',#2345,1.0);
#2343=VECTOR('',#2346,1.0);
#2344=VECTOR('',#2347,1.0);
#2345=DIRECTION('',(-0.9978356914167446,-0.06575661894339951,0));
#2346=DIRECTION('',(0.07653856452382625,0.005043833634295258,-0.9970538640830302));
#2347=DIRECTION('',(0,0,1));
#2348=FACE_SURFACE('',(#2353),#2349,.T.);
#2349=PLANE('',#2350);
#2350=AXIS2_PLACEMENT_3D('',#210,#2351,#2352);
#2351=DIRECTION('',(0,0,1));
#2352=DIRECTION('',(-0.19494361758796297,0.980814450322648,0));
#2353=FACE_BOUND('',#2354,.T.);
#2354=EDGE_LOOP('',(#2355,#2356,#2357));
#2355=ORIENTED_EDGE('',*,*,#2358,.T.);
#2356=ORIENTED_EDGE('',*,*,#2359,.T.);
#2357=ORIENTED_EDGE('',*,*,#2360,.T.);
#2358=EDGE_CURVE('',#211,#213,#2361,.F.);
#2359=EDGE_CURVE('',#213,#215,#2362,.T.);
#2360=EDGE_CURVE('',#215,#211,#2363,.T.);
#2361=LINE('',#210,#2364);
#2362=LINE('',#212,#2365);
#2363=LINE('',#214,#2366);
#2364=VECTOR('',#2367,1.0);
#2365=VECTOR('',#2368,1.0);
#2366=VECTOR('',#2369,1.0);
#2367=DIRECTION('',(-0.19494361758796297,0.980814450322648,0));
#2368=DIRECTION('',(-0.9478698796076291,-0.31865763968971267,0));
#2369=DIRECTION('',(0.9914568049231505,0.13043543986040734,0));
#2370=FACE_SURFACE('',(#2375),#2371,.T.);
#2371=PLANE('',#2372);
#2372=AXIS2_PLACEMENT_3D('',#216,#2373,#2374);
#2373=DIRECTION('',(-0.9467867556946918,-0.3218615218399364,0));
#2374=DIRECTION('',(0,0,1));
#2375=FACE_BOUND('',#2376,.T.);
#2376=EDGE_LOOP('',(#2377,#2378,#2379));
#2377=ORIENTED_EDGE('',*,*,#2380,.T.);
#2378=ORIENTED_EDGE('',*,*,#2381,.T.);
#2379=ORIENTED_EDGE('',*,*,#2382,.T.);
#2380=EDGE_CURVE('',#217,#219,#2383,.F.);
#2381=EDGE_CURVE('',#219,#221,#2384,.T.);
#2382=EDGE_CURVE('',#221,#217,#2385,.T.);
#2383=LINE('',#216,#2386);
#2384=LINE('',#218,#2387);
#2385=LINE('',#220,#2388);
#2386=VECTOR('',#2389,1.0);
#2387=VECTOR('',#2390,1.0);
#2388=VECTOR('',#2391,1.0);
#2389=DIRECTION('',(0,0,1));
#2390=DIRECTION('',(-0.32186152183993644,0.9467867556946918,0));
#2391=DIRECTION('',(0.013687709693838089,-0.04026372018574032,-0.9990953305066248));
#2392=FACE_SURFACE('',(#2397),#2393,.T.);
#2393=PLANE('',#2394);
#2394=AXIS2_PLACEMENT_3D('',#58,#2395,#2396);
#2395=DIRECTION('',(0,0,1));
#2396=DIRECTION('',(-0.06575661894339951,0.9978356914167446,0));
#2397=FACE_BOUND('',#2398,.T.);
#2398=EDGE_LOOP('',(#2399,#2400,#2401));
#2399=ORIENTED_EDGE('',*,*,#2402,.T.);
#2400=ORIENTED_EDGE('',*,*,#2403,.T.);
#2401=ORIENTED_EDGE('',*,*,#2404,.T.);
#2402=EDGE_CURVE('',#59,#211,#2405,.F.);
#2403=EDGE_CURVE('',#211,#223,#2406,.T.);
#2404=EDGE_CURVE('',#223,#59,#2407,.T.);
#2405=LINE('',#58,#2408);
#2406=LINE('',#210,#2409);
#2407=LINE('',#222,#2410);
#2408=VECTOR('',#2411,1.0);
#2409=VECTOR('',#2412,1.0);
#2410=VECTOR('',#2413,1.0);
#2411=DIRECTION('',(-0.06575661894339951,0.9978356914167446,0));
#2412=DIRECTION('',(-0.9813437461201412,-0.19226141565818133,0));
#2413=DIRECTION('',(1,0,0));
#2414=FACE_SURFACE('',(#2419),#2415,.T.);
#2415=PLANE('',#2416);
#2416=AXIS2_PLACEMENT_3D('',#214,#2417,#2418);
#2417=DIRECTION('',(-0.9807610784470354,-0.19521195404843475,-0));
#2418=DIRECTION('',(-0.19521195404843472,0.9807610784470353,0));
#2419=FACE_BOUND('',#2420,.T.);
#2420=EDGE_LOOP('',(#2421,#2422,#2423));
#2421=ORIENTED_EDGE('',*,*,#2424,.T.);
#2422=ORIENTED_EDGE('',*,*,#2425,.T.);
#2423=ORIENTED_EDGE('',*,*,#2426,.T.);
#2424=EDGE_CURVE('',#215,#219,#2427,.F.);
#2425=EDGE_CURVE('',#219,#225,#2428,.T.);
#2426=EDGE_CURVE('',#225,#215,#2429,.T.);
#2427=LINE('',#214,#2430);
#2428=LINE('',#218,#2431);
#2429=LINE('',#224,#2432);
#2430=VECTOR('',#2433,1.0);
#2431=VECTOR('',#2434,1.0);
#2432=VECTOR('',#2435,1.0);
#2433=DIRECTION('',(-0.19521195404843472,0.9807610784470353,0));
#2434=DIRECTION('',(0.008292526168644636,-0.04166234054597021,-0.999097334292297));
#2435=DIRECTION('',(0,0,1));
#2436=FACE_SURFACE('',(#2441),#2437,.T.);
#2437=PLANE('',#2438);
#2438=AXIS2_PLACEMENT_3D('',#226,#2439,#2440);
#2439=DIRECTION('',(0,0,1));
#2440=DIRECTION('',(-0.7514874084911511,0.6597474326431697,0));
#2441=FACE_BOUND('',#2442,.T.);
#2442=EDGE_LOOP('',(#2443,#2444,#2445));
#2443=ORIENTED_EDGE('',*,*,#2446,.T.);
#2444=ORIENTED_EDGE('',*,*,#2447,.T.);
#2445=ORIENTED_EDGE('',*,*,#2448,.T.);
#2446=EDGE_CURVE('',#227,#229,#2449,.F.);
#2447=EDGE_CURVE('',#229,#231,#2450,.T.);
#2448=EDGE_CURVE('',#231,#227,#2451,.T.);
#2449=LINE('',#226,#2452);
#2450=LINE('',#228,#2453);
#2451=LINE('',#230,#2454);
#2452=VECTOR('',#2455,1.0);
#2453=VECTOR('',#2456,1.0);
#2454=VECTOR('',#2457,1.0);
#2455=DIRECTION('',(-0.7514874084911511,0.6597474326431697,0));
#2456=DIRECTION('',(-0.5579586215299205,-0.8298687707465747,0));
#2457=DIRECTION('',(0.7071064984994826,0.7071070638734995,0));
#2458=FACE_SURFACE('',(#2463),#2459,.T.);
#2459=PLANE('',#2460);
#2460=AXIS2_PLACEMENT_3D('',#232,#2461,#2462);
#2461=DIRECTION('',(-0,0,-1));
#2462=DIRECTION('',(-0.7071064984994826,-0.7071070638734995,0));
#2463=FACE_BOUND('',#2464,.T.);
#2464=EDGE_LOOP('',(#2465,#2466,#2467));
#2465=ORIENTED_EDGE('',*,*,#2468,.T.);
#2466=ORIENTED_EDGE('',*,*,#2469,.T.);
#2467=ORIENTED_EDGE('',*,*,#2470,.T.);
#2468=EDGE_CURVE('',#233,#161,#2471,.F.);
#2469=EDGE_CURVE('',#161,#235,#2472,.T.);
#2470=EDGE_CURVE('',#235,#233,#2473,.T.);
#2471=LINE('',#232,#2474);
#2472=LINE('',#160,#2475);
#2473=LINE('',#234,#2476);
#2474=VECTOR('',#2477,1.0);
#2475=VECTOR('',#2478,1.0);
#2476=VECTOR('',#2479,1.0);
#2477=DIRECTION('',(-0.7071064984994826,-0.7071070638734995,0));
#2478=DIRECTION('',(0.5579586215299205,0.8298687707465747,0));
#2479=DIRECTION('',(0.7514874084911511,-0.6597474326431697,0));
#2480=FACE_SURFACE('',(#2485),#2481,.T.);
#2481=PLANE('',#2482);
#2482=AXIS2_PLACEMENT_3D('',#236,#2483,#2484);
#2483=DIRECTION('',(-0,0,-1));
#2484=DIRECTION('',(-0.8298680754707729,-0.5579596556333043,0));
#2485=FACE_BOUND('',#2486,.T.);
#2486=EDGE_LOOP('',(#2487,#2488,#2489));
#2487=ORIENTED_EDGE('',*,*,#2490,.T.);
#2488=ORIENTED_EDGE('',*,*,#2491,.T.);
#2489=ORIENTED_EDGE('',*,*,#2492,.T.);
#2490=EDGE_CURVE('',#237,#161,#2493,.F.);
#2491=EDGE_CURVE('',#161,#233,#2494,.T.);
#2492=EDGE_CURVE('',#233,#237,#2495,.T.);
#2493=LINE('',#236,#2496);
#2494=LINE('',#160,#2497);
#2495=LINE('',#232,#2498);
#2496=VECTOR('',#2499,1.0);
#2497=VECTOR('',#2500,1.0);
#2498=VECTOR('',#2501,1.0);
#2499=DIRECTION('',(-0.8298680754707729,-0.5579596556333043,0));
#2500=DIRECTION('',(0.7071064984994826,0.7071070638734995,0));
#2501=DIRECTION('',(0.6597488785074056,-0.7514861391324662,0));
#2502=FACE_SURFACE('',(#2507),#2503,.T.);
#2503=PLANE('',#2504);
#2504=AXIS2_PLACEMENT_3D('',#238,#2505,#2506);
#2505=DIRECTION('',(0,0,-1));
#2506=DIRECTION('',(-0.9978368470200267,0.06573908068365164,0));
#2507=FACE_BOUND('',#2508,.T.);
#2508=EDGE_LOOP('',(#2509,#2510,#2511));
#2509=ORIENTED_EDGE('',*,*,#2512,.T.);
#2510=ORIENTED_EDGE('',*,*,#2513,.T.);
#2511=ORIENTED_EDGE('',*,*,#2514,.T.);
#2512=EDGE_CURVE('',#239,#241,#2515,.F.);
#2513=EDGE_CURVE('',#241,#243,#2516,.T.);
#2514=EDGE_CURVE('',#243,#239,#2517,.T.);
#2515=LINE('',#238,#2518);
#2516=LINE('',#240,#2519);
#2517=LINE('',#242,#2520);
#2518=VECTOR('',#2521,1.0);
#2519=VECTOR('',#2522,1.0);
#2520=VECTOR('',#2523,1.0);
#2521=DIRECTION('',(-0.9978368470200267,0.06573908068365164,0));
#2522=DIRECTION('',(0.192261468676386,0.9813437357329994,0));
#2523=DIRECTION('',(-0.13043492061871625,-0.9914568732341257,0));
#2524=FACE_SURFACE('',(#2529),#2525,.T.);
#2525=PLANE('',#2526);
#2526=AXIS2_PLACEMENT_3D('',#242,#2527,#2528);
#2527=DIRECTION('',(0,-0,-1));
#2528=DIRECTION('',(0.9808149524997117,-0.19494109098132262,0));
#2529=FACE_BOUND('',#2530,.T.);
#2530=EDGE_LOOP('',(#2531,#2532,#2533));
#2531=ORIENTED_EDGE('',*,*,#2534,.T.);
#2532=ORIENTED_EDGE('',*,*,#2535,.T.);
#2533=ORIENTED_EDGE('',*,*,#2536,.T.);
#2534=EDGE_CURVE('',#243,#245,#2537,.F.);
#2535=EDGE_CURVE('',#245,#239,#2538,.T.);
#2536=EDGE_CURVE('',#239,#243,#2539,.T.);
#2537=LINE('',#242,#2540);
#2538=LINE('',#244,#2541);
#2539=LINE('',#238,#2542);
#2540=VECTOR('',#2543,1.0);
#2541=VECTOR('',#2544,1.0);
#2542=VECTOR('',#2545,1.0);
#2543=DIRECTION('',(0.9808149524997117,-0.19494109098132262,0));
#2544=DIRECTION('',(-0.31865679743152886,-0.9478701627600067,0));
#2545=DIRECTION('',(0.13043492061871625,0.9914568732341257,0));
#2546=FACE_SURFACE('',(#2551),#2547,.T.);
#2547=PLANE('',#2548);
#2548=AXIS2_PLACEMENT_3D('',#246,#2549,#2550);
#2549=DIRECTION('',(0,0,-1));
#2550=DIRECTION('',(-0.9807610784470353,0.19521195404843472,0));
#2551=FACE_BOUND('',#2552,.T.);
#2552=EDGE_LOOP('',(#2553,#2554,#2555));
#2553=ORIENTED_EDGE('',*,*,#2556,.T.);
#2554=ORIENTED_EDGE('',*,*,#2557,.T.);
#2555=ORIENTED_EDGE('',*,*,#2558,.T.);
#2556=EDGE_CURVE('',#247,#239,#2559,.F.);
#2557=EDGE_CURVE('',#239,#245,#2560,.T.);
#2558=EDGE_CURVE('',#245,#247,#2561,.T.);
#2559=LINE('',#246,#2562);
#2560=LINE('',#238,#2563);
#2561=LINE('',#244,#2564);
#2562=VECTOR('',#2565,1.0);
#2563=VECTOR('',#2566,1.0);
#2564=VECTOR('',#2567,1.0);
#2565=DIRECTION('',(-0.9807610784470353,0.19521195404843472,0));
#2566=DIRECTION('',(0.31865679743152886,0.9478701627600067,0));
#2567=DIRECTION('',(-0.25878718701382014,-0.9659343620751225,0));
#2568=FACE_SURFACE('',(#2573),#2569,.T.);
#2569=PLANE('',#2570);
#2570=AXIS2_PLACEMENT_3D('',#244,#2571,#2572);
#2571=DIRECTION('',(0,-0,-1));
#2572=DIRECTION('',(0.9470658944421375,-0.3210392368301953,0));
#2573=FACE_BOUND('',#2574,.T.);
#2574=EDGE_LOOP('',(#2575,#2576,#2577));
#2575=ORIENTED_EDGE('',*,*,#2578,.T.);
#2576=ORIENTED_EDGE('',*,*,#2579,.T.);
#2577=ORIENTED_EDGE('',*,*,#2580,.T.);
#2578=EDGE_CURVE('',#245,#249,#2581,.F.);
#2579=EDGE_CURVE('',#249,#247,#2582,.T.);
#2580=EDGE_CURVE('',#247,#245,#2583,.T.);
#2581=LINE('',#244,#2584);
#2582=LINE('',#248,#2585);
#2583=LINE('',#246,#2586);
#2584=VECTOR('',#2587,1.0);
#2585=VECTOR('',#2588,1.0);
#2586=VECTOR('',#2589,1.0);
#2587=DIRECTION('',(0.9470658944421375,-0.3210392368301953,0));
#2588=DIRECTION('',(-0.43971486770128937,-0.8981374255215275,0));
#2589=DIRECTION('',(0.25878718701382014,0.9659343620751225,0));
#2590=FACE_SURFACE('',(#2595),#2591,.T.);
#2591=PLANE('',#2592);
#2592=AXIS2_PLACEMENT_3D('',#250,#2593,#2594);
#2593=DIRECTION('',(0,0,-1));
#2594=DIRECTION('',(-0.946786291482897,0.3218628873605388,0));
#2595=FACE_BOUND('',#2596,.T.);
#2596=EDGE_LOOP('',(#2597,#2598,#2599));
#2597=ORIENTED_EDGE('',*,*,#2600,.T.);
#2598=ORIENTED_EDGE('',*,*,#2601,.T.);
#2599=ORIENTED_EDGE('',*,*,#2602,.T.);
#2600=EDGE_CURVE('',#251,#247,#2603,.F.);
#2601=EDGE_CURVE('',#247,#249,#2604,.T.);
#2602=EDGE_CURVE('',#249,#251,#2605,.T.);
#2603=LINE('',#250,#2606);
#2604=LINE('',#246,#2607);
#2605=LINE('',#248,#2608);
#2606=VECTOR('',#2609,1.0);
#2607=VECTOR('',#2610,1.0);
#2608=VECTOR('',#2611,1.0);
#2609=DIRECTION('',(-0.946786291482897,0.3218628873605388,0));
#2610=DIRECTION('',(0.43971486770128937,0.8981374255215275,0));
#2611=DIRECTION('',(-0.38265733490948367,-0.9238903419995098,0));
#2612=FACE_SURFACE('',(#2617),#2613,.T.);
#2613=PLANE('',#2614);
#2614=AXIS2_PLACEMENT_3D('',#248,#2615,#2616);
#2615=DIRECTION('',(0,-0,-1));
#2616=DIRECTION('',(0.8967087172426204,-0.44262114321515916,0));
#2617=FACE_BOUND('',#2618,.T.);
#2618=EDGE_LOOP('',(#2619,#2620,#2621));
#2619=ORIENTED_EDGE('',*,*,#2622,.T.);
#2620=ORIENTED_EDGE('',*,*,#2623,.T.);
#2621=ORIENTED_EDGE('',*,*,#2624,.T.);
#2622=EDGE_CURVE('',#249,#253,#2625,.F.);
#2623=EDGE_CURVE('',#253,#251,#2626,.T.);
#2624=EDGE_CURVE('',#251,#249,#2627,.T.);
#2625=LINE('',#248,#2628);
#2626=LINE('',#252,#2629);
#2627=LINE('',#250,#2630);
#2628=VECTOR('',#2631,1.0);
#2629=VECTOR('',#2632,1.0);
#2630=VECTOR('',#2633,1.0);
#2631=DIRECTION('',(0.8967087172426204,-0.44262114321515916,0));
#2632=DIRECTION('',(-0.5531691171361404,-0.8330689814456081,0));
#2633=DIRECTION('',(0.38265733490948367,0.9238903419995098,0));
#2634=FACE_SURFACE('',(#2639),#2635,.T.);
#2635=PLANE('',#2636);
#2636=AXIS2_PLACEMENT_3D('',#254,#2637,#2638);
#2637=DIRECTION('',(0,0,-1));
#2638=DIRECTION('',(-0.8967672637615953,0.4425025137166356,0));
#2639=FACE_BOUND('',#2640,.T.);
#2640=EDGE_LOOP('',(#2641,#2642,#2643));
#2641=ORIENTED_EDGE('',*,*,#2644,.T.);
#2642=ORIENTED_EDGE('',*,*,#2645,.T.);
#2643=ORIENTED_EDGE('',*,*,#2646,.T.);
#2644=EDGE_CURVE('',#255,#251,#2647,.F.);
#2645=EDGE_CURVE('',#251,#253,#2648,.T.);
#2646=EDGE_CURVE('',#253,#255,#2649,.T.);
#2647=LINE('',#254,#2650);
#2648=LINE('',#250,#2651);
#2649=LINE('',#252,#2652);
#2650=VECTOR('',#2653,1.0);
#2651=VECTOR('',#2654,1.0);
#2652=VECTOR('',#2655,1.0);
#2653=DIRECTION('',(-0.8967672637615953,0.4425025137166356,0));
#2654=DIRECTION('',(0.5531691171361404,0.8330689814456081,0));
#2655=DIRECTION('',(-0.5000603226568506,-0.8659905736809879,0));
#2656=FACE_SURFACE('',(#2661),#2657,.T.);
#2657=PLANE('',#2658);
#2658=AXIS2_PLACEMENT_3D('',#256,#2659,#2660);
#2659=DIRECTION('',(-0.9978368083138175,-0.06573966819275852,0));
#2660=DIRECTION('',(0,0,1));
#2661=FACE_BOUND('',#2662,.T.);
#2662=EDGE_LOOP('',(#2663,#2664,#2665));
#2663=ORIENTED_EDGE('',*,*,#2666,.T.);
#2664=ORIENTED_EDGE('',*,*,#2667,.T.);
#2665=ORIENTED_EDGE('',*,*,#2668,.T.);
#2666=EDGE_CURVE('',#257,#223,#2669,.F.);
#2667=EDGE_CURVE('',#223,#225,#2670,.T.);
#2668=EDGE_CURVE('',#225,#257,#2671,.T.);
#2669=LINE('',#256,#2672);
#2670=LINE('',#222,#2673);
#2671=LINE('',#224,#2674);
#2672=VECTOR('',#2675,1.0);
#2673=VECTOR('',#2676,1.0);
#2674=VECTOR('',#2677,1.0);
#2675=DIRECTION('',(0,0,1));
#2676=DIRECTION('',(-0.002797451537428917,0.04246142687145683,-0.9990941905010436));
#2677=DIRECTION('',(0.06573966819275853,-0.9978368083138175,0));
#2678=FACE_SURFACE('',(#2683),#2679,.T.);
#2679=PLANE('',#2680);
#2680=AXIS2_PLACEMENT_3D('',#214,#2681,#2682);
#2681=DIRECTION('',(-0.9978368083138175,-0.06573966819275852,-0));
#2682=DIRECTION('',(0,0,-1));
#2683=FACE_BOUND('',#2684,.T.);
#2684=EDGE_LOOP('',(#2685,#2686,#2687));
#2685=ORIENTED_EDGE('',*,*,#2688,.T.);
#2686=ORIENTED_EDGE('',*,*,#2689,.T.);
#2687=ORIENTED_EDGE('',*,*,#2690,.T.);
#2688=EDGE_CURVE('',#215,#225,#2691,.F.);
#2689=EDGE_CURVE('',#225,#223,#2692,.T.);
#2690=EDGE_CURVE('',#223,#215,#2693,.T.);
#2691=LINE('',#214,#2694);
#2692=LINE('',#224,#2695);
#2693=LINE('',#222,#2696);
#2694=VECTOR('',#2697,1.0);
#2695=VECTOR('',#2698,1.0);
#2696=VECTOR('',#2699,1.0);
#2697=DIRECTION('',(0,0,-1));
#2698=DIRECTION('',(0.002797451537428917,-0.04246142687145683,0.9990941905010436));
#2699=DIRECTION('',(-0.06573966819275853,0.9978368083138175,0));
#2700=FACE_SURFACE('',(#2705),#2701,.T.);
#2701=PLANE('',#2702);
#2702=AXIS2_PLACEMENT_3D('',#258,#2703,#2704);
#2703=DIRECTION('',(0,0,1));
#2704=DIRECTION('',(-0.6597488785074056,0.7514861391324662,0));
#2705=FACE_BOUND('',#2706,.T.);
#2706=EDGE_LOOP('',(#2707,#2708,#2709));
#2707=ORIENTED_EDGE('',*,*,#2710,.T.);
#2708=ORIENTED_EDGE('',*,*,#2711,.T.);
#2709=ORIENTED_EDGE('',*,*,#2712,.T.);
#2710=EDGE_CURVE('',#259,#227,#2713,.F.);
#2711=EDGE_CURVE('',#227,#231,#2714,.T.);
#2712=EDGE_CURVE('',#231,#259,#2715,.T.);
#2713=LINE('',#258,#2716);
#2714=LINE('',#226,#2717);
#2715=LINE('',#230,#2718);
#2716=VECTOR('',#2719,1.0);
#2717=VECTOR('',#2720,1.0);
#2718=VECTOR('',#2721,1.0);
#2719=DIRECTION('',(-0.6597488785074056,0.7514861391324662,0));
#2720=DIRECTION('',(-0.7071064984994826,-0.7071070638734995,0));
#2721=DIRECTION('',(0.8298680754707729,0.5579596556333043,0));
#2722=FACE_SURFACE('',(#2727),#2723,.T.);
#2723=PLANE('',#2724);
#2724=AXIS2_PLACEMENT_3D('',#230,#2725,#2726);
#2725=DIRECTION('',(-0,0,1));
#2726=DIRECTION('',(0.6585033375758821,-0.7525778062110414,0));
#2727=FACE_BOUND('',#2728,.T.);
#2728=EDGE_LOOP('',(#2729,#2730,#2731));
#2729=ORIENTED_EDGE('',*,*,#2732,.T.);
#2730=ORIENTED_EDGE('',*,*,#2733,.T.);
#2731=ORIENTED_EDGE('',*,*,#2734,.T.);
#2732=EDGE_CURVE('',#231,#159,#2735,.F.);
#2733=EDGE_CURVE('',#159,#259,#2736,.T.);
#2734=EDGE_CURVE('',#259,#231,#2737,.T.);
#2735=LINE('',#230,#2738);
#2736=LINE('',#158,#2739);
#2737=LINE('',#258,#2740);
#2738=VECTOR('',#2741,1.0);
#2739=VECTOR('',#2742,1.0);
#2740=VECTOR('',#2743,1.0);
#2741=DIRECTION('',(0.6585033375758821,-0.7525778062110414,0));
#2742=DIRECTION('',(0.793372242737961,0.6087367940686171,0));
#2743=DIRECTION('',(-0.8298680754707729,-0.5579596556333043,0));
#2744=FACE_SURFACE('',(#2749),#2745,.T.);
#2745=PLANE('',#2746);
#2746=AXIS2_PLACEMENT_3D('',#174,#2747,#2748);
#2747=DIRECTION('',(-0.19521195404843475,-0.9807610784470354,-0));
#2748=DIRECTION('',(0,0,-1));
#2749=FACE_BOUND('',#2750,.T.);
#2750=EDGE_LOOP('',(#2751,#2752,#2753));
#2751=ORIENTED_EDGE('',*,*,#2754,.T.);
#2752=ORIENTED_EDGE('',*,*,#2755,.T.);
#2753=ORIENTED_EDGE('',*,*,#2756,.T.);
#2754=EDGE_CURVE('',#175,#239,#2757,.F.);
#2755=EDGE_CURVE('',#239,#167,#2758,.T.);
#2756=EDGE_CURVE('',#167,#175,#2759,.T.);
#2757=LINE('',#174,#2760);
#2758=LINE('',#238,#2761);
#2759=LINE('',#166,#2762);
#2760=VECTOR('',#2763,1.0);
#2761=VECTOR('',#2764,1.0);
#2762=VECTOR('',#2765,1.0);
#2763=DIRECTION('',(0,0,-1));
#2764=DIRECTION('',(0.04166234054597021,-0.008292526168644636,0.999097334292297));
#2765=DIRECTION('',(-0.9807610784470353,0.19521195404843472,0));
#2766=FACE_SURFACE('',(#2771),#2767,.T.);
#2767=PLANE('',#2768);
#2768=AXIS2_PLACEMENT_3D('',#162,#2769,#2770);
#2769=DIRECTION('',(0,0,-1));
#2770=DIRECTION('',(0.793372242737961,0.6087367940686171,0));
#2771=FACE_BOUND('',#2772,.T.);
#2772=EDGE_LOOP('',(#2773,#2774,#2775));
#2773=ORIENTED_EDGE('',*,*,#2776,.T.);
#2774=ORIENTED_EDGE('',*,*,#2777,.T.);
#2775=ORIENTED_EDGE('',*,*,#2778,.T.);
#2776=EDGE_CURVE('',#163,#237,#2779,.F.);
#2777=EDGE_CURVE('',#237,#261,#2780,.T.);
#2778=EDGE_CURVE('',#261,#163,#2781,.T.);
#2779=LINE('',#162,#2782);
#2780=LINE('',#236,#2783);
#2781=LINE('',#260,#2784);
#2782=VECTOR('',#2785,1.0);
#2783=VECTOR('',#2786,1.0);
#2784=VECTOR('',#2787,1.0);
#2785=DIRECTION('',(0.793372242737961,0.6087367940686171,0));
#2786=DIRECTION('',(-0.7536975584168083,-0.6572214165991108,0));
#2787=DIRECTION('',(-0.5563233425683655,0.8309659069501956,0));
#2788=FACE_SURFACE('',(#2793),#2789,.T.);
#2789=PLANE('',#2790);
#2790=AXIS2_PLACEMENT_3D('',#260,#2791,#2792);
#2791=DIRECTION('',(0,0,-1));
#2792=DIRECTION('',(0.8659906443700084,0.5000602002395488,0));
#2793=FACE_BOUND('',#2794,.T.);
#2794=EDGE_LOOP('',(#2795,#2796,#2797));
#2795=ORIENTED_EDGE('',*,*,#2798,.T.);
#2796=ORIENTED_EDGE('',*,*,#2799,.T.);
#2797=ORIENTED_EDGE('',*,*,#2800,.T.);
#2798=EDGE_CURVE('',#261,#263,#2801,.F.);
#2799=EDGE_CURVE('',#263,#265,#2802,.T.);
#2800=EDGE_CURVE('',#265,#261,#2803,.T.);
#2801=LINE('',#260,#2804);
#2802=LINE('',#262,#2805);
#2803=LINE('',#264,#2806);
#2804=VECTOR('',#2807,1.0);
#2805=VECTOR('',#2808,1.0);
#2806=VECTOR('',#2809,1.0);
#2807=DIRECTION('',(0.8659906443700084,0.5000602002395488,0));
#2808=DIRECTION('',(-0.8330691098992242,-0.5531689236858071,0));
#2809=DIRECTION('',(-0.4424935115219267,0.8967717057651822,0));
#2810=FACE_SURFACE('',(#2815),#2811,.T.);
#2811=PLANE('',#2812);
#2812=AXIS2_PLACEMENT_3D('',#266,#2813,#2814);
#2813=DIRECTION('',(-0,0,1));
#2814=DIRECTION('',(0.4424935115219267,-0.8967717057651822,0));
#2815=FACE_BOUND('',#2816,.T.);
#2816=EDGE_LOOP('',(#2817,#2818,#2819));
#2817=ORIENTED_EDGE('',*,*,#2820,.T.);
#2818=ORIENTED_EDGE('',*,*,#2821,.T.);
#2819=ORIENTED_EDGE('',*,*,#2822,.T.);
#2820=EDGE_CURVE('',#267,#221,#2823,.F.);
#2821=EDGE_CURVE('',#221,#269,#2824,.T.);
#2822=EDGE_CURVE('',#269,#267,#2825,.T.);
#2823=LINE('',#266,#2826);
#2824=LINE('',#220,#2827);
#2825=LINE('',#268,#2828);
#2826=VECTOR('',#2829,1.0);
#2827=VECTOR('',#2830,1.0);
#2828=VECTOR('',#2831,1.0);
#2829=DIRECTION('',(0.4424935115219267,-0.8967717057651822,0));
#2830=DIRECTION('',(0.8330691098992242,0.5531689236858071,0));
#2831=DIRECTION('',(-0.8659906443700084,-0.5000602002395488,0));
#2832=FACE_SURFACE('',(#2837),#2833,.T.);
#2833=PLANE('',#2834);
#2834=AXIS2_PLACEMENT_3D('',#250,#2835,#2836);
#2835=DIRECTION('',(-0.3218628873605388,-0.946786291482897,0));
#2836=DIRECTION('',(-0.04026352993236023,0.013687709798860182,0.9990953381724129));
#2837=FACE_BOUND('',#2838,.T.);
#2838=EDGE_LOOP('',(#2839,#2840,#2841));
#2839=ORIENTED_EDGE('',*,*,#2842,.T.);
#2840=ORIENTED_EDGE('',*,*,#2843,.T.);
#2841=ORIENTED_EDGE('',*,*,#2844,.T.);
#2842=EDGE_CURVE('',#251,#167,#2845,.F.);
#2843=EDGE_CURVE('',#167,#247,#2846,.T.);
#2844=EDGE_CURVE('',#247,#251,#2847,.T.);
#2845=LINE('',#250,#2848);
#2846=LINE('',#166,#2849);
#2847=LINE('',#246,#2850);
#2848=VECTOR('',#2851,1.0);
#2849=VECTOR('',#2852,1.0);
#2850=VECTOR('',#2853,1.0);
#2851=DIRECTION('',(-0.04026352993236023,0.013687709798860182,0.9990953381724129));
#2852=DIRECTION('',(0,0,-1));
#2853=DIRECTION('',(0.946786291482897,-0.3218628873605388,0));
#2854=FACE_SURFACE('',(#2859),#2855,.T.);
#2855=PLANE('',#2856);
#2856=AXIS2_PLACEMENT_3D('',#270,#2857,#2858);
#2857=DIRECTION('',(0,0,1));
#2858=DIRECTION('',(-0.7525755832038533,-0.6585058781555257,0));
#2859=FACE_BOUND('',#2860,.T.);
#2860=EDGE_LOOP('',(#2861,#2862,#2863));
#2861=ORIENTED_EDGE('',*,*,#2864,.T.);
#2862=ORIENTED_EDGE('',*,*,#2865,.T.);
#2863=ORIENTED_EDGE('',*,*,#2866,.T.);
#2864=EDGE_CURVE('',#271,#273,#2867,.F.);
#2865=EDGE_CURVE('',#273,#275,#2868,.T.);
#2866=EDGE_CURVE('',#275,#271,#2869,.T.);
#2867=LINE('',#270,#2870);
#2868=LINE('',#272,#2871);
#2869=LINE('',#274,#2872);
#2870=VECTOR('',#2873,1.0);
#2871=VECTOR('',#2874,1.0);
#2872=VECTOR('',#2875,1.0);
#2873=DIRECTION('',(-0.7525755832038533,-0.6585058781555257,0));
#2874=DIRECTION('',(-0.01531903018770216,-0.9998826567723375,0));
#2875=DIRECTION('',(0.019551509421603264,0.9998088509706927,0));
#2876=FACE_SURFACE('',(#2881),#2877,.T.);
#2877=PLANE('',#2878);
#2878=AXIS2_PLACEMENT_3D('',#220,#2879,#2880);
#2879=DIRECTION('',(-0,0,1));
#2880=DIRECTION('',(0.32186152183993644,-0.9467867556946918,0));
#2881=FACE_BOUND('',#2882,.T.);
#2882=EDGE_LOOP('',(#2883,#2884,#2885));
#2883=ORIENTED_EDGE('',*,*,#2886,.T.);
#2884=ORIENTED_EDGE('',*,*,#2887,.T.);
#2885=ORIENTED_EDGE('',*,*,#2888,.T.);
#2886=EDGE_CURVE('',#221,#219,#2889,.F.);
#2887=EDGE_CURVE('',#219,#277,#2890,.T.);
#2888=EDGE_CURVE('',#277,#221,#2891,.T.);
#2889=LINE('',#220,#2892);
#2890=LINE('',#218,#2893);
#2891=LINE('',#276,#2894);
#2892=VECTOR('',#2895,1.0);
#2893=VECTOR('',#2896,1.0);
#2894=VECTOR('',#2897,1.0);
#2895=DIRECTION('',(0.32186152183993644,-0.9467867556946918,0));
#2896=DIRECTION('',(0.8981374798464288,0.4397147567402142,0));
#2897=DIRECTION('',(-0.9238904833244493,-0.3826569936934584,0));
#2898=FACE_SURFACE('',(#2903),#2899,.T.);
#2899=PLANE('',#2900);
#2900=AXIS2_PLACEMENT_3D('',#264,#2901,#2902);
#2901=DIRECTION('',(0,0,-1));
#2902=DIRECTION('',(0.9238904833244493,0.3826569936934584,0));
#2903=FACE_BOUND('',#2904,.T.);
#2904=EDGE_LOOP('',(#2905,#2906,#2907));
#2905=ORIENTED_EDGE('',*,*,#2908,.T.);
#2906=ORIENTED_EDGE('',*,*,#2909,.T.);
#2907=ORIENTED_EDGE('',*,*,#2910,.T.);
#2908=EDGE_CURVE('',#265,#279,#2911,.F.);
#2909=EDGE_CURVE('',#279,#217,#2912,.T.);
#2910=EDGE_CURVE('',#217,#265,#2913,.T.);
#2911=LINE('',#264,#2914);
#2912=LINE('',#278,#2915);
#2913=LINE('',#216,#2916);
#2914=VECTOR('',#2917,1.0);
#2915=VECTOR('',#2918,1.0);
#2916=VECTOR('',#2919,1.0);
#2917=DIRECTION('',(0.9238904833244493,0.3826569936934584,0));
#2918=DIRECTION('',(-0.8981374798464288,-0.4397147567402142,0));
#2919=DIRECTION('',(-0.32186152183993644,0.9467867556946918,0));
#2920=FACE_SURFACE('',(#2925),#2921,.T.);
#2921=PLANE('',#2922);
#2922=AXIS2_PLACEMENT_3D('',#216,#2923,#2924);
#2923=DIRECTION('',(0,0,-1));
#2924=DIRECTION('',(0.9659341311390932,0.25878804899099384,0));
#2925=FACE_BOUND('',#2926,.T.);
#2926=EDGE_LOOP('',(#2927,#2928,#2929));
#2927=ORIENTED_EDGE('',*,*,#2930,.T.);
#2928=ORIENTED_EDGE('',*,*,#2931,.T.);
#2929=ORIENTED_EDGE('',*,*,#2932,.T.);
#2930=EDGE_CURVE('',#217,#281,#2933,.F.);
#2931=EDGE_CURVE('',#281,#225,#2934,.T.);
#2932=EDGE_CURVE('',#225,#217,#2935,.T.);
#2933=LINE('',#216,#2936);
#2934=LINE('',#280,#2937);
#2935=LINE('',#224,#2938);
#2936=VECTOR('',#2939,1.0);
#2937=VECTOR('',#2940,1.0);
#2938=VECTOR('',#2941,1.0);
#2939=DIRECTION('',(0.9659341311390932,0.25878804899099384,0));
#2940=DIRECTION('',(-0.9478698796076291,-0.31865763968971267,0));
#2941=DIRECTION('',(-0.19521195404843472,0.9807610784470353,0));
#2942=FACE_SURFACE('',(#2947),#2943,.T.);
#2943=PLANE('',#2944);
#2944=AXIS2_PLACEMENT_3D('',#282,#2945,#2946);
#2945=DIRECTION('',(0,0,1));
#2946=DIRECTION('',(-0.946786291482897,-0.3218628873605388,0));
#2947=FACE_BOUND('',#2948,.T.);
#2948=EDGE_LOOP('',(#2949,#2950,#2951));
#2949=ORIENTED_EDGE('',*,*,#2952,.T.);
#2950=ORIENTED_EDGE('',*,*,#2953,.T.);
#2951=ORIENTED_EDGE('',*,*,#2954,.T.);
#2952=EDGE_CURVE('',#283,#285,#2955,.F.);
#2953=EDGE_CURVE('',#285,#275,#2956,.T.);
#2954=EDGE_CURVE('',#275,#283,#2957,.T.);
#2955=LINE('',#282,#2958);
#2956=LINE('',#284,#2959);
#2957=LINE('',#274,#2960);
#2958=VECTOR('',#2961,1.0);
#2959=VECTOR('',#2962,1.0);
#2960=VECTOR('',#2963,1.0);
#2961=DIRECTION('',(-0.946786291482897,-0.3218628873605388,0));
#2962=DIRECTION('',(0,-1,0));
#2963=DIRECTION('',(0.005456702695864853,0.9999851120870196,0));
#2964=FACE_SURFACE('',(#2969),#2965,.T.);
#2965=PLANE('',#2966);
#2966=AXIS2_PLACEMENT_3D('',#286,#2967,#2968);
#2967=DIRECTION('',(0,0,1));
#2968=DIRECTION('',(0.9807610784470353,0.19521195404843472,0));
#2969=FACE_BOUND('',#2970,.T.);
#2970=EDGE_LOOP('',(#2971,#2972,#2973));
#2971=ORIENTED_EDGE('',*,*,#2974,.T.);
#2972=ORIENTED_EDGE('',*,*,#2975,.T.);
#2973=ORIENTED_EDGE('',*,*,#2976,.T.);
#2974=EDGE_CURVE('',#287,#289,#2977,.F.);
#2975=EDGE_CURVE('',#289,#291,#2978,.T.);
#2976=EDGE_CURVE('',#291,#287,#2979,.T.);
#2977=LINE('',#286,#2980);
#2978=LINE('',#288,#2981);
#2979=LINE('',#290,#2982);
#2980=VECTOR('',#2983,1.0);
#2981=VECTOR('',#2984,1.0);
#2982=VECTOR('',#2985,1.0);
#2983=DIRECTION('',(0.9807610784470353,0.19521195404843472,0));
#2984=DIRECTION('',(0.01155607521776477,0.9999332263334195,0));
#2985=DIRECTION('',(-0.017204492147128242,-0.9998519917717619,0));
#2986=FACE_SURFACE('',(#2991),#2987,.T.);
#2987=PLANE('',#2988);
#2988=AXIS2_PLACEMENT_3D('',#292,#2989,#2990);
#2989=DIRECTION('',(0,0,1));
#2990=DIRECTION('',(-0.8967672637615953,-0.4425025137166356,0));
#2991=FACE_BOUND('',#2992,.T.);
#2992=EDGE_LOOP('',(#2993,#2994,#2995));
#2993=ORIENTED_EDGE('',*,*,#2996,.T.);
#2994=ORIENTED_EDGE('',*,*,#2997,.T.);
#2995=ORIENTED_EDGE('',*,*,#2998,.T.);
#2996=EDGE_CURVE('',#293,#283,#2999,.F.);
#2997=EDGE_CURVE('',#283,#275,#3000,.T.);
#2998=EDGE_CURVE('',#275,#293,#3001,.T.);
#2999=LINE('',#292,#3002);
#3000=LINE('',#282,#3003);
#3001=LINE('',#274,#3004);
#3002=VECTOR('',#3005,1.0);
#3003=VECTOR('',#3006,1.0);
#3004=VECTOR('',#3007,1.0);
#3005=DIRECTION('',(-0.8967672637615953,-0.4425025137166356,0));
#3006=DIRECTION('',(-0.005456702695864853,-0.9999851120870196,0));
#3007=DIRECTION('',(0.010588087826174113,0.9999439446269902,0));
#3008=FACE_SURFACE('',(#3013),#3009,.T.);
#3009=PLANE('',#3010);
#3010=AXIS2_PLACEMENT_3D('',#212,#3011,#3012);
#3011=DIRECTION('',(0,0,1));
#3012=DIRECTION('',(-0.32103795131976126,0.9470663302073464,0));
#3013=FACE_BOUND('',#3014,.T.);
#3014=EDGE_LOOP('',(#3015,#3016,#3017));
#3015=ORIENTED_EDGE('',*,*,#3018,.T.);
#3016=ORIENTED_EDGE('',*,*,#3019,.T.);
#3017=ORIENTED_EDGE('',*,*,#3020,.T.);
#3018=EDGE_CURVE('',#213,#277,#3021,.F.);
#3019=EDGE_CURVE('',#277,#219,#3022,.T.);
#3020=EDGE_CURVE('',#219,#213,#3023,.T.);
#3021=LINE('',#212,#3024);
#3022=LINE('',#276,#3025);
#3023=LINE('',#218,#3026);
#3024=VECTOR('',#3027,1.0);
#3025=VECTOR('',#3028,1.0);
#3026=VECTOR('',#3029,1.0);
#3027=DIRECTION('',(-0.32103795131976126,0.9470663302073464,0));
#3028=DIRECTION('',(-0.8981374798464288,-0.4397147567402142,0));
#3029=DIRECTION('',(0.9659341311390932,0.25878804899099384,0));
#3030=FACE_SURFACE('',(#3035),#3031,.T.);
#3031=PLANE('',#3032);
#3032=AXIS2_PLACEMENT_3D('',#218,#3033,#3034);
#3033=DIRECTION('',(-0,0,1));
#3034=DIRECTION('',(0.19521195404843472,-0.9807610784470353,0));
#3035=FACE_BOUND('',#3036,.T.);
#3036=EDGE_LOOP('',(#3037,#3038,#3039));
#3037=ORIENTED_EDGE('',*,*,#3040,.T.);
#3038=ORIENTED_EDGE('',*,*,#3041,.T.);
#3039=ORIENTED_EDGE('',*,*,#3042,.T.);
#3040=EDGE_CURVE('',#219,#215,#3043,.F.);
#3041=EDGE_CURVE('',#215,#213,#3044,.T.);
#3042=EDGE_CURVE('',#213,#219,#3045,.T.);
#3043=LINE('',#218,#3046);
#3044=LINE('',#214,#3047);
#3045=LINE('',#212,#3048);
#3046=VECTOR('',#3049,1.0);
#3047=VECTOR('',#3050,1.0);
#3048=VECTOR('',#3051,1.0);
#3049=DIRECTION('',(0.19521195404843472,-0.9807610784470353,0));
#3050=DIRECTION('',(0.9478698796076291,0.31865763968971267,0));
#3051=DIRECTION('',(-0.9659341311390932,-0.25878804899099384,0));
#3052=FACE_SURFACE('',(#3057),#3053,.T.);
#3053=PLANE('',#3054);
#3054=AXIS2_PLACEMENT_3D('',#214,#3055,#3056);
#3055=DIRECTION('',(-0,0,1));
#3056=DIRECTION('',(0.06573966819275853,-0.9978368083138175,0));
#3057=FACE_BOUND('',#3058,.T.);
#3058=EDGE_LOOP('',(#3059,#3060,#3061));
#3059=ORIENTED_EDGE('',*,*,#3062,.T.);
#3060=ORIENTED_EDGE('',*,*,#3063,.T.);
#3061=ORIENTED_EDGE('',*,*,#3064,.T.);
#3062=EDGE_CURVE('',#215,#223,#3065,.F.);
#3063=EDGE_CURVE('',#223,#211,#3066,.T.);
#3064=EDGE_CURVE('',#211,#215,#3067,.T.);
#3065=LINE('',#214,#3068);
#3066=LINE('',#222,#3069);
#3067=LINE('',#210,#3070);
#3068=VECTOR('',#3071,1.0);
#3069=VECTOR('',#3072,1.0);
#3070=VECTOR('',#3073,1.0);
#3071=DIRECTION('',(0.06573966819275853,-0.9978368083138175,0));
#3072=DIRECTION('',(0.9813437461201412,0.19226141565818133,0));
#3073=DIRECTION('',(-0.9914568049231505,-0.13043543986040734,0));
#3074=FACE_SURFACE('',(#3079),#3075,.T.);
#3075=PLANE('',#3076);
#3076=AXIS2_PLACEMENT_3D('',#276,#3077,#3078);
#3077=DIRECTION('',(0,0,1));
#3078=DIRECTION('',(-0.44261764091363964,0.8967104459924866,0));
#3079=FACE_BOUND('',#3080,.T.);
#3080=EDGE_LOOP('',(#3081,#3082,#3083));
#3081=ORIENTED_EDGE('',*,*,#3084,.T.);
#3082=ORIENTED_EDGE('',*,*,#3085,.T.);
#3083=ORIENTED_EDGE('',*,*,#3086,.T.);
#3084=EDGE_CURVE('',#277,#269,#3087,.F.);
#3085=EDGE_CURVE('',#269,#221,#3088,.T.);
#3086=EDGE_CURVE('',#221,#277,#3089,.T.);
#3087=LINE('',#276,#3090);
#3088=LINE('',#268,#3091);
#3089=LINE('',#220,#3092);
#3090=VECTOR('',#3093,1.0);
#3091=VECTOR('',#3094,1.0);
#3092=VECTOR('',#3095,1.0);
#3093=DIRECTION('',(-0.44261764091363964,0.8967104459924866,0));
#3094=DIRECTION('',(-0.8330691098992242,-0.5531689236858071,0));
#3095=DIRECTION('',(0.9238904833244493,0.3826569936934584,0));
#3096=FACE_SURFACE('',(#3101),#3097,.T.);
#3097=PLANE('',#3098);
#3098=AXIS2_PLACEMENT_3D('',#268,#3099,#3100);
#3099=DIRECTION('',(0,0,1));
#3100=DIRECTION('',(-0.5550555054986592,0.8318133118769065,0));
#3101=FACE_BOUND('',#3102,.T.);
#3102=EDGE_LOOP('',(#3103,#3104,#3105));
#3103=ORIENTED_EDGE('',*,*,#3106,.T.);
#3104=ORIENTED_EDGE('',*,*,#3107,.T.);
#3105=ORIENTED_EDGE('',*,*,#3108,.T.);
#3106=EDGE_CURVE('',#269,#259,#3109,.F.);
#3107=EDGE_CURVE('',#259,#267,#3110,.T.);
#3108=EDGE_CURVE('',#267,#269,#3111,.T.);
#3109=LINE('',#268,#3112);
#3110=LINE('',#258,#3113);
#3111=LINE('',#266,#3114);
#3112=VECTOR('',#3115,1.0);
#3113=VECTOR('',#3116,1.0);
#3114=VECTOR('',#3117,1.0);
#3115=DIRECTION('',(-0.5550555054986592,0.8318133118769065,0));
#3116=DIRECTION('',(-0.7536975584168083,-0.6572214165991108,0));
#3117=DIRECTION('',(0.8659906443700084,0.5000602002395488,0));
#3118=FACE_SURFACE('',(#3123),#3119,.T.);
#3119=PLANE('',#3120);
#3120=AXIS2_PLACEMENT_3D('',#294,#3121,#3122);
#3121=DIRECTION('',(0,0,-1));
#3122=DIRECTION('',(0.9470652933837345,0.32104100994729784,0));
#3123=FACE_BOUND('',#3124,.T.);
#3124=EDGE_LOOP('',(#3125,#3126,#3127));
#3125=ORIENTED_EDGE('',*,*,#3128,.T.);
#3126=ORIENTED_EDGE('',*,*,#3129,.T.);
#3127=ORIENTED_EDGE('',*,*,#3130,.T.);
#3128=EDGE_CURVE('',#295,#297,#3131,.F.);
#3129=EDGE_CURVE('',#297,#299,#3132,.T.);
#3130=EDGE_CURVE('',#299,#295,#3133,.T.);
#3131=LINE('',#294,#3134);
#3132=LINE('',#296,#3135);
#3133=LINE('',#298,#3136);
#3134=VECTOR('',#3137,1.0);
#3135=VECTOR('',#3138,1.0);
#3136=VECTOR('',#3139,1.0);
#3137=DIRECTION('',(0.9470652933837345,0.32104100994729784,0));
#3138=DIRECTION('',(0.2587877145534572,-0.9659342207397967,0));
#3139=DIRECTION('',(-0.43971441441503156,0.8981376474436676,0));
#3140=FACE_SURFACE('',(#3145),#3141,.T.);
#3141=PLANE('',#3142);
#3142=AXIS2_PLACEMENT_3D('',#300,#3143,#3144);
#3143=DIRECTION('',(0,-0,1));
#3144=DIRECTION('',(0.08483291079752484,0.9963951912999275,0));
#3145=FACE_BOUND('',#3146,.T.);
#3146=EDGE_LOOP('',(#3147,#3148,#3149));
#3147=ORIENTED_EDGE('',*,*,#3150,.T.);
#3148=ORIENTED_EDGE('',*,*,#3151,.T.);
#3149=ORIENTED_EDGE('',*,*,#3152,.T.);
#3150=EDGE_CURVE('',#301,#59,#3153,.F.);
#3151=EDGE_CURVE('',#59,#303,#3154,.T.);
#3152=EDGE_CURVE('',#303,#301,#3155,.T.);
#3153=LINE('',#300,#3156);
#3154=LINE('',#58,#3157);
#3155=LINE('',#302,#3158);
#3156=VECTOR('',#3159,1.0);
#3157=VECTOR('',#3160,1.0);
#3158=VECTOR('',#3161,1.0);
#3159=DIRECTION('',(0.08483291079752484,0.9963951912999275,0));
#3160=DIRECTION('',(-0.08631354652614348,-0.9962680220131928,0));
#3161=DIRECTION('',(0.19521195404843472,-0.9807610784470353,0));
#3162=FACE_SURFACE('',(#3167),#3163,.T.);
#3163=PLANE('',#3164);
#3164=AXIS2_PLACEMENT_3D('',#296,#3165,#3166);
#3165=DIRECTION('',(0,0,-1));
#3166=DIRECTION('',(0.9808150633218159,0.19494053339678302,0));
#3167=FACE_BOUND('',#3168,.T.);
#3168=EDGE_LOOP('',(#3169,#3170,#3171));
#3169=ORIENTED_EDGE('',*,*,#3172,.T.);
#3170=ORIENTED_EDGE('',*,*,#3173,.T.);
#3171=ORIENTED_EDGE('',*,*,#3174,.T.);
#3172=EDGE_CURVE('',#297,#305,#3175,.F.);
#3173=EDGE_CURVE('',#305,#307,#3176,.T.);
#3174=EDGE_CURVE('',#307,#297,#3177,.T.);
#3175=LINE('',#296,#3178);
#3176=LINE('',#304,#3179);
#3177=LINE('',#306,#3180);
#3178=VECTOR('',#3181,1.0);
#3179=VECTOR('',#3182,1.0);
#3180=VECTOR('',#3183,1.0);
#3181=DIRECTION('',(0.9808150633218159,0.19494053339678302,0));
#3182=DIRECTION('',(0.13043492061871625,-0.9914568732341257,0));
#3183=DIRECTION('',(-0.3186573023548868,0.9478699930137604,0));
#3184=FACE_SURFACE('',(#3189),#3185,.T.);
#3185=PLANE('',#3186);
#3186=AXIS2_PLACEMENT_3D('',#228,#3187,#3188);
#3187=DIRECTION('',(0,0,1));
#3188=DIRECTION('',(-0.8318137598937458,0.5550548340942809,0));
#3189=FACE_BOUND('',#3190,.T.);
#3190=EDGE_LOOP('',(#3191,#3192,#3193));
#3191=ORIENTED_EDGE('',*,*,#3194,.T.);
#3192=ORIENTED_EDGE('',*,*,#3195,.T.);
#3193=ORIENTED_EDGE('',*,*,#3196,.T.);
#3194=EDGE_CURVE('',#229,#193,#3197,.F.);
#3195=EDGE_CURVE('',#193,#309,#3198,.T.);
#3196=EDGE_CURVE('',#309,#229,#3199,.T.);
#3197=LINE('',#228,#3200);
#3198=LINE('',#192,#3201);
#3199=LINE('',#308,#3202);
#3200=VECTOR('',#3203,1.0);
#3201=VECTOR('',#3204,1.0);
#3202=VECTOR('',#3205,1.0);
#3203=DIRECTION('',(-0.8318137598937458,0.5550548340942809,0));
#3204=DIRECTION('',(-0.5000603226568506,-0.8659905736809879,0));
#3205=DIRECTION('',(0.6572209582564184,0.7536979580896549,0));
#3206=FACE_SURFACE('',(#3211),#3207,.T.);
#3207=PLANE('',#3208);
#3208=AXIS2_PLACEMENT_3D('',#168,#3209,#3210);
#3209=DIRECTION('',(-0,0,1));
#3210=DIRECTION('',(0.8967672637615953,-0.4425025137166356,0));
#3211=FACE_BOUND('',#3212,.T.);
#3212=EDGE_LOOP('',(#3213,#3214,#3215));
#3213=ORIENTED_EDGE('',*,*,#3216,.T.);
#3214=ORIENTED_EDGE('',*,*,#3217,.T.);
#3215=ORIENTED_EDGE('',*,*,#3218,.T.);
#3216=EDGE_CURVE('',#169,#309,#3219,.F.);
#3217=EDGE_CURVE('',#309,#193,#3220,.T.);
#3218=EDGE_CURVE('',#193,#169,#3221,.T.);
#3219=LINE('',#168,#3222);
#3220=LINE('',#308,#3223);
#3221=LINE('',#192,#3224);
#3222=VECTOR('',#3225,1.0);
#3223=VECTOR('',#3226,1.0);
#3224=VECTOR('',#3227,1.0);
#3225=DIRECTION('',(0.8967672637615953,-0.4425025137166356,0));
#3226=DIRECTION('',(0.5000603226568506,0.8659905736809879,0));
#3227=DIRECTION('',(-0.5531691171361404,-0.8330689814456081,0));
#3228=FACE_SURFACE('',(#3233),#3229,.T.);
#3229=PLANE('',#3230);
#3230=AXIS2_PLACEMENT_3D('',#158,#3231,#3232);
#3231=DIRECTION('',(-0,0,1));
#3232=DIRECTION('',(0.5563233425683655,-0.8309659069501956,0));
#3233=FACE_BOUND('',#3234,.T.);
#3234=EDGE_LOOP('',(#3235,#3236,#3237));
#3235=ORIENTED_EDGE('',*,*,#3238,.T.);
#3236=ORIENTED_EDGE('',*,*,#3239,.T.);
#3237=ORIENTED_EDGE('',*,*,#3240,.T.);
#3238=EDGE_CURVE('',#159,#267,#3241,.F.);
#3239=EDGE_CURVE('',#267,#259,#3242,.T.);
#3240=EDGE_CURVE('',#259,#159,#3243,.T.);
#3241=LINE('',#158,#3244);
#3242=LINE('',#266,#3245);
#3243=LINE('',#258,#3246);
#3244=VECTOR('',#3247,1.0);
#3245=VECTOR('',#3248,1.0);
#3246=VECTOR('',#3249,1.0);
#3247=DIRECTION('',(0.5563233425683655,-0.8309659069501956,0));
#3248=DIRECTION('',(0.7536975584168083,0.6572214165991108,0));
#3249=DIRECTION('',(-0.793372242737961,-0.6087367940686171,0));
#3250=FACE_SURFACE('',(#3255),#3251,.T.);
#3251=PLANE('',#3252);
#3252=AXIS2_PLACEMENT_3D('',#310,#3253,#3254);
#3253=DIRECTION('',(-0,0,1));
#3254=DIRECTION('',(0.3218628873605388,-0.946786291482897,0));
#3255=FACE_BOUND('',#3256,.T.);
#3256=EDGE_LOOP('',(#3257,#3258,#3259));
#3257=ORIENTED_EDGE('',*,*,#3260,.T.);
#3258=ORIENTED_EDGE('',*,*,#3261,.T.);
#3259=ORIENTED_EDGE('',*,*,#3262,.T.);
#3260=EDGE_CURVE('',#311,#303,#3263,.F.);
#3261=EDGE_CURVE('',#303,#59,#3264,.T.);
#3262=EDGE_CURVE('',#59,#311,#3265,.T.);
#3263=LINE('',#310,#3266);
#3264=LINE('',#302,#3267);
#3265=LINE('',#58,#3268);
#3266=VECTOR('',#3269,1.0);
#3267=VECTOR('',#3270,1.0);
#3268=VECTOR('',#3271,1.0);
#3269=DIRECTION('',(0.3218628873605388,-0.946786291482897,0));
#3270=DIRECTION('',(0.08631354652614348,0.9962680220131928,0));
#3271=DIRECTION('',(-0.08847150283883194,-0.996078708328533,0));
#3272=FACE_SURFACE('',(#3277),#3273,.T.);
#3273=PLANE('',#3274);
#3274=AXIS2_PLACEMENT_3D('',#240,#3275,#3276);
#3275=DIRECTION('',(-0,0,-1));
#3276=DIRECTION('',(-0.9978368470200267,-0.06573908068365164,0));
#3277=FACE_BOUND('',#3278,.T.);
#3278=EDGE_LOOP('',(#3279,#3280,#3281));
#3279=ORIENTED_EDGE('',*,*,#3282,.T.);
#3280=ORIENTED_EDGE('',*,*,#3283,.T.);
#3281=ORIENTED_EDGE('',*,*,#3284,.T.);
#3282=EDGE_CURVE('',#241,#307,#3285,.F.);
#3283=EDGE_CURVE('',#307,#305,#3286,.T.);
#3284=EDGE_CURVE('',#305,#241,#3287,.T.);
#3285=LINE('',#240,#3288);
#3286=LINE('',#306,#3289);
#3287=LINE('',#304,#3290);
#3288=VECTOR('',#3291,1.0);
#3289=VECTOR('',#3292,1.0);
#3290=VECTOR('',#3293,1.0);
#3291=DIRECTION('',(-0.9978368470200267,-0.06573908068365164,0));
#3292=DIRECTION('',(-0.13043492061871625,0.9914568732341257,0));
#3293=DIRECTION('',(0.192261468676386,-0.9813437357329994,0));
#3294=FACE_SURFACE('',(#3299),#3295,.T.);
#3295=PLANE('',#3296);
#3296=AXIS2_PLACEMENT_3D('',#304,#3297,#3298);
#3297=DIRECTION('',(0,0,-1));
#3298=DIRECTION('',(0.9978356914167446,0.06575661894339951,0));
#3299=FACE_BOUND('',#3300,.T.);
#3300=EDGE_LOOP('',(#3301,#3302,#3303));
#3301=ORIENTED_EDGE('',*,*,#3304,.T.);
#3302=ORIENTED_EDGE('',*,*,#3305,.T.);
#3303=ORIENTED_EDGE('',*,*,#3306,.T.);
#3304=EDGE_CURVE('',#305,#313,#3307,.F.);
#3305=EDGE_CURVE('',#313,#241,#3308,.T.);
#3306=EDGE_CURVE('',#241,#305,#3309,.T.);
#3307=LINE('',#304,#3310);
#3308=LINE('',#312,#3311);
#3309=LINE('',#240,#3312);
#3310=VECTOR('',#3313,1.0);
#3311=VECTOR('',#3314,1.0);
#3312=VECTOR('',#3315,1.0);
#3313=DIRECTION('',(0.9978356914167446,0.06575661894339951,0));
#3314=DIRECTION('',(0,-1,0));
#3315=DIRECTION('',(-0.192261468676386,0.9813437357329994,0));
#3316=FACE_SURFACE('',(#3321),#3317,.T.);
#3317=PLANE('',#3318);
#3318=AXIS2_PLACEMENT_3D('',#314,#3319,#3320);
#3319=DIRECTION('',(-0,0,1));
#3320=DIRECTION('',(0.44249173006282944,-0.8967725847872492,0));
#3321=FACE_BOUND('',#3322,.T.);
#3322=EDGE_LOOP('',(#3323,#3324,#3325));
#3323=ORIENTED_EDGE('',*,*,#3326,.T.);
#3324=ORIENTED_EDGE('',*,*,#3327,.T.);
#3325=ORIENTED_EDGE('',*,*,#3328,.T.);
#3326=EDGE_CURVE('',#315,#311,#3329,.F.);
#3327=EDGE_CURVE('',#311,#59,#3330,.T.);
#3328=EDGE_CURVE('',#59,#315,#3331,.T.);
#3329=LINE('',#314,#3332);
#3330=LINE('',#310,#3333);
#3331=LINE('',#58,#3334);
#3332=VECTOR('',#3335,1.0);
#3333=VECTOR('',#3336,1.0);
#3334=VECTOR('',#3337,1.0);
#3335=DIRECTION('',(0.44249173006282944,-0.8967725847872492,0));
#3336=DIRECTION('',(0.08847150283883194,0.996078708328533,0));
#3337=DIRECTION('',(-0.09126776175721706,-0.995826388314664,0));
#3338=FACE_SURFACE('',(#3343),#3339,.T.);
#3339=PLANE('',#3340);
#3340=AXIS2_PLACEMENT_3D('',#312,#3341,#3342);
#3341=DIRECTION('',(0,0,-1));
#3342=DIRECTION('',(0.9978356914167446,-0.06575661894339951,0));
#3343=FACE_BOUND('',#3344,.T.);
#3344=EDGE_LOOP('',(#3345,#3346,#3347));
#3345=ORIENTED_EDGE('',*,*,#3348,.T.);
#3346=ORIENTED_EDGE('',*,*,#3349,.T.);
#3347=ORIENTED_EDGE('',*,*,#3350,.T.);
#3348=EDGE_CURVE('',#313,#243,#3351,.F.);
#3349=EDGE_CURVE('',#243,#241,#3352,.T.);
#3350=EDGE_CURVE('',#241,#313,#3353,.T.);
#3351=LINE('',#312,#3354);
#3352=LINE('',#242,#3355);
#3353=LINE('',#240,#3356);
#3354=VECTOR('',#3357,1.0);
#3355=VECTOR('',#3358,1.0);
#3356=VECTOR('',#3359,1.0);
#3357=DIRECTION('',(0.9978356914167446,-0.06575661894339951,0));
#3358=DIRECTION('',(-0.192261468676386,-0.9813437357329994,0));
#3359=DIRECTION('',(0,1,0));
#3360=FACE_SURFACE('',(#3365),#3361,.T.);
#3361=PLANE('',#3362);
#3362=AXIS2_PLACEMENT_3D('',#252,#3363,#3364);
#3363=DIRECTION('',(0,-0,-1));
#3364=DIRECTION('',(0.8318137598937458,-0.5550548340942809,0));
#3365=FACE_BOUND('',#3366,.T.);
#3366=EDGE_LOOP('',(#3367,#3368,#3369));
#3367=ORIENTED_EDGE('',*,*,#3370,.T.);
#3368=ORIENTED_EDGE('',*,*,#3371,.T.);
#3369=ORIENTED_EDGE('',*,*,#3372,.T.);
#3370=EDGE_CURVE('',#253,#235,#3373,.F.);
#3371=EDGE_CURVE('',#235,#255,#3374,.T.);
#3372=EDGE_CURVE('',#255,#253,#3375,.T.);
#3373=LINE('',#252,#3376);
#3374=LINE('',#234,#3377);
#3375=LINE('',#254,#3378);
#3376=VECTOR('',#3379,1.0);
#3377=VECTOR('',#3380,1.0);
#3378=VECTOR('',#3381,1.0);
#3379=DIRECTION('',(0.8318137598937458,-0.5550548340942809,0));
#3380=DIRECTION('',(-0.6572209582564184,-0.7536979580896549,0));
#3381=DIRECTION('',(0.5000603226568506,0.8659905736809879,0));
#3382=FACE_SURFACE('',(#3387),#3383,.T.);
#3383=PLANE('',#3384);
#3384=AXIS2_PLACEMENT_3D('',#158,#3385,#3386);
#3385=DIRECTION('',(-0.8309659069501955,-0.5563233425683655,-0));
#3386=DIRECTION('',(0,0,-1));
#3387=FACE_BOUND('',#3388,.T.);
#3388=EDGE_LOOP('',(#3389,#3390,#3391));
#3389=ORIENTED_EDGE('',*,*,#3392,.T.);
#3390=ORIENTED_EDGE('',*,*,#3393,.T.);
#3391=ORIENTED_EDGE('',*,*,#3394,.T.);
#3392=EDGE_CURVE('',#159,#163,#3395,.F.);
#3393=EDGE_CURVE('',#163,#261,#3396,.T.);
#3394=EDGE_CURVE('',#261,#159,#3397,.T.);
#3395=LINE('',#158,#3398);
#3396=LINE('',#162,#3399);
#3397=LINE('',#260,#3400);
#3398=VECTOR('',#3401,1.0);
#3399=VECTOR('',#3402,1.0);
#3400=VECTOR('',#3403,1.0);
#3401=DIRECTION('',(0,0,-1));
#3402=DIRECTION('',(0.5563233425683655,-0.8309659069501956,0));
#3403=DIRECTION('',(-0.02367847449169883,0.03536792998897694,0.9990938090960432));
#3404=FACE_SURFACE('',(#3409),#3405,.T.);
#3405=PLANE('',#3406);
#3406=AXIS2_PLACEMENT_3D('',#316,#3407,#3408);
#3407=DIRECTION('',(0,0,-1));
#3408=DIRECTION('',(-0.8309686782890312,0.5563192030683289,0));
#3409=FACE_BOUND('',#3410,.T.);
#3410=EDGE_LOOP('',(#3411,#3412,#3413));
#3411=ORIENTED_EDGE('',*,*,#3414,.T.);
#3412=ORIENTED_EDGE('',*,*,#3415,.T.);
#3413=ORIENTED_EDGE('',*,*,#3416,.T.);
#3414=EDGE_CURVE('',#317,#255,#3417,.F.);
#3415=EDGE_CURVE('',#255,#235,#3418,.T.);
#3416=EDGE_CURVE('',#235,#317,#3419,.T.);
#3417=LINE('',#316,#3420);
#3418=LINE('',#254,#3421);
#3419=LINE('',#234,#3422);
#3420=VECTOR('',#3423,1.0);
#3421=VECTOR('',#3424,1.0);
#3422=VECTOR('',#3425,1.0);
#3423=DIRECTION('',(-0.8309686782890312,0.5563192030683289,0));
#3424=DIRECTION('',(0.6572209582564184,0.7536979580896549,0));
#3425=DIRECTION('',(-0.6087359459553637,-0.793372893475589,0));
#3426=FACE_SURFACE('',(#3431),#3427,.T.);
#3427=PLANE('',#3428);
#3428=AXIS2_PLACEMENT_3D('',#316,#3429,#3430);
#3429=DIRECTION('',(0,0,-1));
#3430=DIRECTION('',(0.6087359459553637,0.793372893475589,0));
#3431=FACE_BOUND('',#3432,.T.);
#3432=EDGE_LOOP('',(#3433,#3434,#3435));
#3433=ORIENTED_EDGE('',*,*,#3436,.T.);
#3434=ORIENTED_EDGE('',*,*,#3437,.T.);
#3435=ORIENTED_EDGE('',*,*,#3438,.T.);
#3436=EDGE_CURVE('',#317,#235,#3439,.F.);
#3437=EDGE_CURVE('',#235,#161,#3440,.T.);
#3438=EDGE_CURVE('',#161,#317,#3441,.T.);
#3439=LINE('',#316,#3442);
#3440=LINE('',#234,#3443);
#3441=LINE('',#160,#3444);
#3442=VECTOR('',#3445,1.0);
#3443=VECTOR('',#3446,1.0);
#3444=VECTOR('',#3447,1.0);
#3445=DIRECTION('',(0.6087359459553637,0.793372893475589,0));
#3446=DIRECTION('',(-0.5579586215299205,-0.8298687707465747,0));
#3447=DIRECTION('',(-0.7525755832038533,0.6585058781555257,0));
#3448=FACE_SURFACE('',(#3453),#3449,.T.);
#3449=PLANE('',#3450);
#3450=AXIS2_PLACEMENT_3D('',#266,#3451,#3452);
#3451=DIRECTION('',(-0.8309659069501955,-0.5563233425683655,-0));
#3452=DIRECTION('',(-0.5563233425683655,0.8309659069501956,0));
#3453=FACE_BOUND('',#3454,.T.);
#3454=EDGE_LOOP('',(#3455,#3456,#3457));
#3455=ORIENTED_EDGE('',*,*,#3458,.T.);
#3456=ORIENTED_EDGE('',*,*,#3459,.T.);
#3457=ORIENTED_EDGE('',*,*,#3460,.T.);
#3458=EDGE_CURVE('',#267,#159,#3461,.F.);
#3459=EDGE_CURVE('',#159,#261,#3462,.T.);
#3460=EDGE_CURVE('',#261,#267,#3463,.T.);
#3461=LINE('',#266,#3464);
#3462=LINE('',#158,#3465);
#3463=LINE('',#260,#3466);
#3464=VECTOR('',#3467,1.0);
#3465=VECTOR('',#3468,1.0);
#3466=VECTOR('',#3469,1.0);
#3467=DIRECTION('',(-0.5563233425683655,0.8309659069501956,0));
#3468=DIRECTION('',(0.02367847449169883,-0.03536792998897694,-0.9990938090960432));
#3469=DIRECTION('',(0,0,1));
#3470=FACE_SURFACE('',(#3475),#3471,.T.);
#3471=PLANE('',#3472);
#3472=AXIS2_PLACEMENT_3D('',#206,#3473,#3474);
#3473=DIRECTION('',(0,0,1));
#3474=DIRECTION('',(-0.5550534875536058,-0.8318146584153101,0));
#3475=FACE_BOUND('',#3476,.T.);
#3476=EDGE_LOOP('',(#3477,#3478,#3479));
#3477=ORIENTED_EDGE('',*,*,#3480,.T.);
#3478=ORIENTED_EDGE('',*,*,#3481,.T.);
#3479=ORIENTED_EDGE('',*,*,#3482,.T.);
#3480=EDGE_CURVE('',#207,#319,#3483,.F.);
#3481=EDGE_CURVE('',#319,#321,#3484,.T.);
#3482=EDGE_CURVE('',#321,#207,#3485,.T.);
#3483=LINE('',#206,#3486);
#3484=LINE('',#318,#3487);
#3485=LINE('',#320,#3488);
#3486=VECTOR('',#3489,1.0);
#3487=VECTOR('',#3490,1.0);
#3488=VECTOR('',#3491,1.0);
#3489=DIRECTION('',(-0.5550534875536058,-0.8318146584153101,0));
#3490=DIRECTION('',(0.8659905029919154,-0.5000604450742024,0));
#3491=DIRECTION('',(-0.7536975584168083,0.6572214165991108,0));
#3492=FACE_SURFACE('',(#3497),#3493,.T.);
#3493=PLANE('',#3494);
#3494=AXIS2_PLACEMENT_3D('',#260,#3495,#3496);
#3495=DIRECTION('',(-0.8967717057651823,-0.4424935115219267,0));
#3496=DIRECTION('',(0.018782647142206916,-0.03806552204250292,0.9990987079352887));
#3497=FACE_BOUND('',#3498,.T.);
#3498=EDGE_LOOP('',(#3499,#3500,#3501));
#3499=ORIENTED_EDGE('',*,*,#3502,.T.);
#3500=ORIENTED_EDGE('',*,*,#3503,.T.);
#3501=ORIENTED_EDGE('',*,*,#3504,.T.);
#3502=EDGE_CURVE('',#261,#221,#3505,.F.);
#3503=EDGE_CURVE('',#221,#267,#3506,.T.);
#3504=EDGE_CURVE('',#267,#261,#3507,.T.);
#3505=LINE('',#260,#3508);
#3506=LINE('',#220,#3509);
#3507=LINE('',#266,#3510);
#3508=VECTOR('',#3511,1.0);
#3509=VECTOR('',#3512,1.0);
#3510=VECTOR('',#3513,1.0);
#3511=DIRECTION('',(0.018782647142206916,-0.03806552204250292,0.9990987079352887));
#3512=DIRECTION('',(-0.4424935115219267,0.8967717057651822,0));
#3513=DIRECTION('',(0,0,-1));
#3514=FACE_SURFACE('',(#3519),#3515,.T.);
#3515=PLANE('',#3516);
#3516=AXIS2_PLACEMENT_3D('',#162,#3517,#3518);
#3517=DIRECTION('',(0,0,-1));
#3518=DIRECTION('',(-0.6585033375758821,0.7525778062110414,0));
#3519=FACE_BOUND('',#3520,.T.);
#3520=EDGE_LOOP('',(#3521,#3522,#3523));
#3521=ORIENTED_EDGE('',*,*,#3524,.T.);
#3522=ORIENTED_EDGE('',*,*,#3525,.T.);
#3523=ORIENTED_EDGE('',*,*,#3526,.T.);
#3524=EDGE_CURVE('',#163,#161,#3527,.F.);
#3525=EDGE_CURVE('',#161,#237,#3528,.T.);
#3526=EDGE_CURVE('',#237,#163,#3529,.T.);
#3527=LINE('',#162,#3530);
#3528=LINE('',#160,#3531);
#3529=LINE('',#236,#3532);
#3530=VECTOR('',#3533,1.0);
#3531=VECTOR('',#3534,1.0);
#3532=VECTOR('',#3535,1.0);
#3533=DIRECTION('',(-0.6585033375758821,0.7525778062110414,0));
#3534=DIRECTION('',(0.8298680754707729,0.5579596556333043,0));
#3535=DIRECTION('',(-0.793372242737961,-0.6087367940686171,0));
#3536=FACE_SURFACE('',(#3541),#3537,.T.);
#3537=PLANE('',#3538);
#3538=AXIS2_PLACEMENT_3D('',#262,#3539,#3540);
#3539=DIRECTION('',(-0,0,-1));
#3540=DIRECTION('',(-0.8659906443700084,-0.5000602002395488,0));
#3541=FACE_BOUND('',#3542,.T.);
#3542=EDGE_LOOP('',(#3543,#3544,#3545));
#3543=ORIENTED_EDGE('',*,*,#3546,.T.);
#3544=ORIENTED_EDGE('',*,*,#3547,.T.);
#3545=ORIENTED_EDGE('',*,*,#3548,.T.);
#3546=EDGE_CURVE('',#263,#261,#3549,.F.);
#3547=EDGE_CURVE('',#261,#237,#3550,.T.);
#3548=EDGE_CURVE('',#237,#263,#3551,.T.);
#3549=LINE('',#262,#3552);
#3550=LINE('',#260,#3553);
#3551=LINE('',#236,#3554);
#3552=VECTOR('',#3555,1.0);
#3553=VECTOR('',#3556,1.0);
#3554=VECTOR('',#3557,1.0);
#3555=DIRECTION('',(-0.8659906443700084,-0.5000602002395488,0));
#3556=DIRECTION('',(0.7536975584168083,0.6572214165991108,0));
#3557=DIRECTION('',(0.5550555054986592,-0.8318133118769065,0));
#3558=FACE_SURFACE('',(#3563),#3559,.T.);
#3559=PLANE('',#3560);
#3560=AXIS2_PLACEMENT_3D('',#278,#3561,#3562);
#3561=DIRECTION('',(-0,0,-1));
#3562=DIRECTION('',(-0.9238904833244493,-0.3826569936934584,0));
#3563=FACE_BOUND('',#3564,.T.);
#3564=EDGE_LOOP('',(#3565,#3566,#3567));
#3565=ORIENTED_EDGE('',*,*,#3568,.T.);
#3566=ORIENTED_EDGE('',*,*,#3569,.T.);
#3567=ORIENTED_EDGE('',*,*,#3570,.T.);
#3568=EDGE_CURVE('',#279,#265,#3571,.F.);
#3569=EDGE_CURVE('',#265,#263,#3572,.T.);
#3570=EDGE_CURVE('',#263,#279,#3573,.T.);
#3571=LINE('',#278,#3574);
#3572=LINE('',#264,#3575);
#3573=LINE('',#262,#3576);
#3574=VECTOR('',#3577,1.0);
#3575=VECTOR('',#3578,1.0);
#3576=VECTOR('',#3579,1.0);
#3577=DIRECTION('',(-0.9238904833244493,-0.3826569936934584,0));
#3578=DIRECTION('',(0.8330691098992242,0.5531689236858071,0));
#3579=DIRECTION('',(0.44261764091363964,-0.8967104459924866,0));
#3580=FACE_SURFACE('',(#3585),#3581,.T.);
#3581=PLANE('',#3582);
#3582=AXIS2_PLACEMENT_3D('',#306,#3583,#3584);
#3583=DIRECTION('',(-0,0,-1));
#3584=DIRECTION('',(-0.9807610784470353,-0.19521195404843472,0));
#3585=FACE_BOUND('',#3586,.T.);
#3586=EDGE_LOOP('',(#3587,#3588,#3589));
#3587=ORIENTED_EDGE('',*,*,#3590,.T.);
#3588=ORIENTED_EDGE('',*,*,#3591,.T.);
#3589=ORIENTED_EDGE('',*,*,#3592,.T.);
#3590=EDGE_CURVE('',#307,#299,#3593,.F.);
#3591=EDGE_CURVE('',#299,#297,#3594,.T.);
#3592=EDGE_CURVE('',#297,#307,#3595,.T.);
#3593=LINE('',#306,#3596);
#3594=LINE('',#298,#3597);
#3595=LINE('',#296,#3598);
#3596=VECTOR('',#3599,1.0);
#3597=VECTOR('',#3600,1.0);
#3598=VECTOR('',#3601,1.0);
#3599=DIRECTION('',(-0.9807610784470353,-0.19521195404843472,0));
#3600=DIRECTION('',(-0.2587877145534572,0.9659342207397967,0));
#3601=DIRECTION('',(0.3186573023548868,-0.9478699930137604,0));
#3602=FACE_SURFACE('',(#3607),#3603,.T.);
#3603=PLANE('',#3604);
#3604=AXIS2_PLACEMENT_3D('',#216,#3605,#3606);
#3605=DIRECTION('',(-0.9807610784470354,-0.19521195404843475,0));
#3606=DIRECTION('',(0.19521195404843472,-0.9807610784470353,0));
#3607=FACE_BOUND('',#3608,.T.);
#3608=EDGE_LOOP('',(#3609,#3610,#3611));
#3609=ORIENTED_EDGE('',*,*,#3612,.T.);
#3610=ORIENTED_EDGE('',*,*,#3613,.T.);
#3611=ORIENTED_EDGE('',*,*,#3614,.T.);
#3612=EDGE_CURVE('',#217,#225,#3615,.F.);
#3613=EDGE_CURVE('',#225,#219,#3616,.T.);
#3614=EDGE_CURVE('',#219,#217,#3617,.T.);
#3615=LINE('',#216,#3618);
#3616=LINE('',#224,#3619);
#3617=LINE('',#218,#3620);
#3618=VECTOR('',#3621,1.0);
#3619=VECTOR('',#3622,1.0);
#3620=VECTOR('',#3623,1.0);
#3621=DIRECTION('',(0.19521195404843472,-0.9807610784470353,0));
#3622=DIRECTION('',(-0.008292526168644636,0.04166234054597021,0.999097334292297));
#3623=DIRECTION('',(0,0,-1));
#3624=FACE_SURFACE('',(#3629),#3625,.T.);
#3625=PLANE('',#3626);
#3626=AXIS2_PLACEMENT_3D('',#322,#3627,#3628);
#3627=DIRECTION('',(0,0,1));
#3628=DIRECTION('',(-0.793372242737961,0.6087367940686171,0));
#3629=FACE_BOUND('',#3630,.T.);
#3630=EDGE_LOOP('',(#3631,#3632,#3633));
#3631=ORIENTED_EDGE('',*,*,#3634,.T.);
#3632=ORIENTED_EDGE('',*,*,#3635,.T.);
#3633=ORIENTED_EDGE('',*,*,#3636,.T.);
#3634=EDGE_CURVE('',#323,#207,#3637,.F.);
#3635=EDGE_CURVE('',#207,#321,#3638,.T.);
#3636=EDGE_CURVE('',#321,#323,#3639,.T.);
#3637=LINE('',#322,#3640);
#3638=LINE('',#206,#3641);
#3639=LINE('',#320,#3642);
#3640=VECTOR('',#3643,1.0);
#3641=VECTOR('',#3644,1.0);
#3642=VECTOR('',#3645,1.0);
#3643=DIRECTION('',(-0.793372242737961,0.6087367940686171,0));
#3644=DIRECTION('',(0.7536975584168083,-0.6572214165991108,0));
#3645=DIRECTION('',(0.5563233425683655,0.8309659069501956,0));
#3646=FACE_SURFACE('',(#3651),#3647,.T.);
#3647=PLANE('',#3648);
#3648=AXIS2_PLACEMENT_3D('',#324,#3649,#3650);
#3649=DIRECTION('',(0,-0,-1));
#3650=DIRECTION('',(0.06575661894339951,-0.9978356914167446,0));
#3651=FACE_BOUND('',#3652,.T.);
#3652=EDGE_LOOP('',(#3653,#3654,#3655));
#3653=ORIENTED_EDGE('',*,*,#3656,.T.);
#3654=ORIENTED_EDGE('',*,*,#3657,.T.);
#3655=ORIENTED_EDGE('',*,*,#3658,.T.);
#3656=EDGE_CURVE('',#325,#57,#3659,.F.);
#3657=EDGE_CURVE('',#57,#257,#3660,.T.);
#3658=EDGE_CURVE('',#257,#325,#3661,.T.);
#3659=LINE('',#324,#3662);
#3660=LINE('',#56,#3663);
#3661=LINE('',#256,#3664);
#3662=VECTOR('',#3665,1.0);
#3663=VECTOR('',#3666,1.0);
#3664=VECTOR('',#3667,1.0);
#3665=DIRECTION('',(0.06575661894339951,-0.9978356914167446,0));
#3666=DIRECTION('',(-1,0,0));
#3667=DIRECTION('',(0.9813437461201412,0.19226141565818133,0));
#3668=FACE_SURFACE('',(#3673),#3669,.T.);
#3669=PLANE('',#3670);
#3670=AXIS2_PLACEMENT_3D('',#256,#3671,#3672);
#3671=DIRECTION('',(0,0,-1));
#3672=DIRECTION('',(-0.06573966819275853,0.9978368083138175,0));
#3673=FACE_BOUND('',#3674,.T.);
#3674=EDGE_LOOP('',(#3675,#3676,#3677));
#3675=ORIENTED_EDGE('',*,*,#3678,.T.);
#3676=ORIENTED_EDGE('',*,*,#3679,.T.);
#3677=ORIENTED_EDGE('',*,*,#3680,.T.);
#3678=EDGE_CURVE('',#257,#225,#3681,.F.);
#3679=EDGE_CURVE('',#225,#325,#3682,.T.);
#3680=EDGE_CURVE('',#325,#257,#3683,.T.);
#3681=LINE('',#256,#3684);
#3682=LINE('',#224,#3685);
#3683=LINE('',#324,#3686);
#3684=VECTOR('',#3687,1.0);
#3685=VECTOR('',#3688,1.0);
#3686=VECTOR('',#3689,1.0);
#3687=DIRECTION('',(-0.06573966819275853,0.9978368083138175,0));
#3688=DIRECTION('',(0.9914568049231505,0.13043543986040734,0));
#3689=DIRECTION('',(-0.9813437461201412,-0.19226141565818133,0));
#3690=FACE_SURFACE('',(#3695),#3691,.T.);
#3691=PLANE('',#3692);
#3692=AXIS2_PLACEMENT_3D('',#280,#3693,#3694);
#3693=DIRECTION('',(-0,0,-1));
#3694=DIRECTION('',(-0.9659341311390932,-0.25878804899099384,0));
#3695=FACE_BOUND('',#3696,.T.);
#3696=EDGE_LOOP('',(#3697,#3698,#3699));
#3697=ORIENTED_EDGE('',*,*,#3700,.T.);
#3698=ORIENTED_EDGE('',*,*,#3701,.T.);
#3699=ORIENTED_EDGE('',*,*,#3702,.T.);
#3700=EDGE_CURVE('',#281,#217,#3703,.F.);
#3701=EDGE_CURVE('',#217,#279,#3704,.T.);
#3702=EDGE_CURVE('',#279,#281,#3705,.T.);
#3703=LINE('',#280,#3706);
#3704=LINE('',#216,#3707);
#3705=LINE('',#278,#3708);
#3706=VECTOR('',#3709,1.0);
#3707=VECTOR('',#3710,1.0);
#3708=VECTOR('',#3711,1.0);
#3709=DIRECTION('',(-0.9659341311390932,-0.25878804899099384,0));
#3710=DIRECTION('',(0.8981374798464288,0.4397147567402142,0));
#3711=DIRECTION('',(0.32103795131976126,-0.9470663302073464,0));
#3712=FACE_SURFACE('',(#3717),#3713,.T.);
#3713=PLANE('',#3714);
#3714=AXIS2_PLACEMENT_3D('',#324,#3715,#3716);
#3715=DIRECTION('',(-0,0,-1));
#3716=DIRECTION('',(-0.9914568049231505,-0.13043543986040734,0));
#3717=FACE_BOUND('',#3718,.T.);
#3718=EDGE_LOOP('',(#3719,#3720,#3721));
#3719=ORIENTED_EDGE('',*,*,#3722,.T.);
#3720=ORIENTED_EDGE('',*,*,#3723,.T.);
#3721=ORIENTED_EDGE('',*,*,#3724,.T.);
#3722=EDGE_CURVE('',#325,#225,#3725,.F.);
#3723=EDGE_CURVE('',#225,#281,#3726,.T.);
#3724=EDGE_CURVE('',#281,#325,#3727,.T.);
#3725=LINE('',#324,#3728);
#3726=LINE('',#224,#3729);
#3727=LINE('',#280,#3730);
#3728=VECTOR('',#3731,1.0);
#3729=VECTOR('',#3732,1.0);
#3730=VECTOR('',#3733,1.0);
#3731=DIRECTION('',(-0.9914568049231505,-0.13043543986040734,0));
#3732=DIRECTION('',(0.9478698796076291,0.31865763968971267,0));
#3733=DIRECTION('',(0.19494361758796297,-0.980814450322648,0));
#3734=FACE_SURFACE('',(#3739),#3735,.T.);
#3735=PLANE('',#3736);
#3736=AXIS2_PLACEMENT_3D('',#200,#3737,#3738);
#3737=DIRECTION('',(0,0,1));
#3738=DIRECTION('',(-0.6572212774370642,0.7536976797655631,0));
#3739=FACE_BOUND('',#3740,.T.);
#3740=EDGE_LOOP('',(#3741,#3742,#3743));
#3741=ORIENTED_EDGE('',*,*,#3744,.T.);
#3742=ORIENTED_EDGE('',*,*,#3745,.T.);
#3743=ORIENTED_EDGE('',*,*,#3746,.T.);
#3744=EDGE_CURVE('',#201,#199,#3747,.F.);
#3745=EDGE_CURVE('',#199,#327,#3748,.T.);
#3746=EDGE_CURVE('',#327,#201,#3749,.T.);
#3747=LINE('',#200,#3750);
#3748=LINE('',#198,#3751);
#3749=LINE('',#326,#3752);
#3750=VECTOR('',#3753,1.0);
#3751=VECTOR('',#3754,1.0);
#3752=VECTOR('',#3755,1.0);
#3753=DIRECTION('',(-0.6572212774370642,0.7536976797655631,0));
#3754=DIRECTION('',(0.60873665756772,-0.7933723474720306,0));
#3755=DIRECTION('',(0.8309659069501956,0.5563233425683655,0));
#3756=FACE_SURFACE('',(#3761),#3757,.T.);
#3757=PLANE('',#3758);
#3758=AXIS2_PLACEMENT_3D('',#250,#3759,#3760);
#3759=DIRECTION('',(-0.3218628873605388,-0.946786291482897,0));
#3760=DIRECTION('',(0,0,1));
#3761=FACE_BOUND('',#3762,.T.);
#3762=EDGE_LOOP('',(#3763,#3764,#3765));
#3763=ORIENTED_EDGE('',*,*,#3766,.T.);
#3764=ORIENTED_EDGE('',*,*,#3767,.T.);
#3765=ORIENTED_EDGE('',*,*,#3768,.T.);
#3766=EDGE_CURVE('',#251,#169,#3769,.F.);
#3767=EDGE_CURVE('',#169,#167,#3770,.T.);
#3768=EDGE_CURVE('',#167,#251,#3771,.T.);
#3769=LINE('',#250,#3772);
#3770=LINE('',#168,#3773);
#3771=LINE('',#166,#3774);
#3772=VECTOR('',#3775,1.0);
#3773=VECTOR('',#3776,1.0);
#3774=VECTOR('',#3777,1.0);
#3775=DIRECTION('',(0,0,1));
#3776=DIRECTION('',(-0.946786291482897,0.3218628873605388,0));
#3777=DIRECTION('',(0.04026352993236023,-0.013687709798860182,-0.9990953381724129));
#3778=FACE_SURFACE('',(#3783),#3779,.T.);
#3779=PLANE('',#3780);
#3780=AXIS2_PLACEMENT_3D('',#196,#3781,#3782);
#3781=DIRECTION('',(0,0,1));
#3782=DIRECTION('',(-0.5531695071410787,0.8330687224769011,0));
#3783=FACE_BOUND('',#3784,.T.);
#3784=EDGE_LOOP('',(#3785,#3786,#3787));
#3785=ORIENTED_EDGE('',*,*,#3788,.T.);
#3786=ORIENTED_EDGE('',*,*,#3789,.T.);
#3787=ORIENTED_EDGE('',*,*,#3790,.T.);
#3788=EDGE_CURVE('',#197,#195,#3791,.F.);
#3789=EDGE_CURVE('',#195,#201,#3792,.T.);
#3790=EDGE_CURVE('',#201,#197,#3793,.T.);
#3791=LINE('',#196,#3794);
#3792=LINE('',#194,#3795);
#3793=LINE('',#200,#3796);
#3794=VECTOR('',#3797,1.0);
#3795=VECTOR('',#3798,1.0);
#3796=VECTOR('',#3799,1.0);
#3797=DIRECTION('',(-0.5531695071410787,0.8330687224769011,0));
#3798=DIRECTION('',(0.5000603226568506,-0.8659905736809879,0));
#3799=DIRECTION('',(0.8967690218667381,0.4424989507560144,0));
#3800=FACE_SURFACE('',(#3805),#3801,.T.);
#3801=PLANE('',#3802);
#3802=AXIS2_PLACEMENT_3D('',#204,#3803,#3804);
#3803=DIRECTION('',(0,0,1));
#3804=DIRECTION('',(-0.8298682503982232,0.5579593954590173,0));
#3805=FACE_BOUND('',#3806,.T.);
#3806=EDGE_LOOP('',(#3807,#3808,#3809));
#3807=ORIENTED_EDGE('',*,*,#3810,.T.);
#3808=ORIENTED_EDGE('',*,*,#3811,.T.);
#3809=ORIENTED_EDGE('',*,*,#3812,.T.);
#3810=EDGE_CURVE('',#205,#207,#3813,.F.);
#3811=EDGE_CURVE('',#207,#323,#3814,.T.);
#3812=EDGE_CURVE('',#323,#205,#3815,.T.);
#3813=LINE('',#204,#3816);
#3814=LINE('',#206,#3817);
#3815=LINE('',#322,#3818);
#3816=VECTOR('',#3819,1.0);
#3817=VECTOR('',#3820,1.0);
#3818=VECTOR('',#3821,1.0);
#3819=DIRECTION('',(-0.8298682503982232,0.5579593954590173,0));
#3820=DIRECTION('',(0.793372242737961,-0.6087367940686171,0));
#3821=DIRECTION('',(0.6585084187126559,0.7525733602012215,0));
#3822=FACE_SURFACE('',(#3827),#3823,.T.);
#3823=PLANE('',#3824);
#3824=AXIS2_PLACEMENT_3D('',#168,#3825,#3826);
#3825=DIRECTION('',(-0.4425025137166357,-0.8967672637615953,-0));
#3826=DIRECTION('',(0,0,-1));
#3827=FACE_BOUND('',#3828,.T.);
#3828=EDGE_LOOP('',(#3829,#3830,#3831));
#3829=ORIENTED_EDGE('',*,*,#3832,.T.);
#3830=ORIENTED_EDGE('',*,*,#3833,.T.);
#3831=ORIENTED_EDGE('',*,*,#3834,.T.);
#3832=EDGE_CURVE('',#169,#251,#3835,.F.);
#3833=EDGE_CURVE('',#251,#309,#3836,.T.);
#3834=EDGE_CURVE('',#309,#169,#3837,.T.);
#3835=LINE('',#168,#3838);
#3836=LINE('',#250,#3839);
#3837=LINE('',#308,#3840);
#3838=VECTOR('',#3841,1.0);
#3839=VECTOR('',#3842,1.0);
#3840=VECTOR('',#3843,1.0);
#3841=DIRECTION('',(0,0,-1));
#3842=DIRECTION('',(0.03806533148317257,-0.018783028269906625,0.9990987080304369));
#3843=DIRECTION('',(-0.8967672637615953,0.4425025137166356,0));
#3844=FACE_SURFACE('',(#3849),#3845,.T.);
#3845=PLANE('',#3846);
#3846=AXIS2_PLACEMENT_3D('',#254,#3847,#3848);
#3847=DIRECTION('',(-0.4425025137166357,-0.8967672637615953,0));
#3848=DIRECTION('',(0,0,1));
#3849=FACE_BOUND('',#3850,.T.);
#3850=EDGE_LOOP('',(#3851,#3852,#3853));
#3851=ORIENTED_EDGE('',*,*,#3854,.T.);
#3852=ORIENTED_EDGE('',*,*,#3855,.T.);
#3853=ORIENTED_EDGE('',*,*,#3856,.T.);
#3854=EDGE_CURVE('',#255,#309,#3857,.F.);
#3855=EDGE_CURVE('',#309,#251,#3858,.T.);
#3856=EDGE_CURVE('',#251,#255,#3859,.T.);
#3857=LINE('',#254,#3860);
#3858=LINE('',#308,#3861);
#3859=LINE('',#250,#3862);
#3860=VECTOR('',#3863,1.0);
#3861=VECTOR('',#3864,1.0);
#3862=VECTOR('',#3865,1.0);
#3863=DIRECTION('',(0,0,1));
#3864=DIRECTION('',(-0.03806533148317257,0.018783028269906625,-0.9990987080304369));
#3865=DIRECTION('',(0.8967672637615953,-0.4425025137166356,0));
#3866=FACE_SURFACE('',(#3871),#3867,.T.);
#3867=PLANE('',#3868);
#3868=AXIS2_PLACEMENT_3D('',#316,#3869,#3870);
#3869=DIRECTION('',(-0.556319203068329,-0.8309686782890312,0));
#3870=DIRECTION('',(0,0,1));
#3871=FACE_BOUND('',#3872,.T.);
#3872=EDGE_LOOP('',(#3873,#3874,#3875));
#3873=ORIENTED_EDGE('',*,*,#3876,.T.);
#3874=ORIENTED_EDGE('',*,*,#3877,.T.);
#3875=ORIENTED_EDGE('',*,*,#3878,.T.);
#3876=EDGE_CURVE('',#317,#329,#3879,.F.);
#3877=EDGE_CURVE('',#329,#309,#3880,.T.);
#3878=EDGE_CURVE('',#309,#317,#3881,.T.);
#3879=LINE('',#316,#3882);
#3880=LINE('',#328,#3883);
#3881=LINE('',#308,#3884);
#3882=VECTOR('',#3885,1.0);
#3883=VECTOR('',#3886,1.0);
#3884=VECTOR('',#3887,1.0);
#3885=DIRECTION('',(0,0,1));
#3886=DIRECTION('',(-0.8309686782890312,0.5563192030683289,0));
#3887=DIRECTION('',(0.03536831063626698,-0.023678474172521495,-0.9990937956286176));
#3888=FACE_SURFACE('',(#3893),#3889,.T.);
#3889=PLANE('',#3890);
#3890=AXIS2_PLACEMENT_3D('',#316,#3891,#3892);
#3891=DIRECTION('',(-0.556319203068329,-0.8309686782890312,0));
#3892=DIRECTION('',(-0.03536831063626698,0.023678474172521495,0.9990937956286176));
#3893=FACE_BOUND('',#3894,.T.);
#3894=EDGE_LOOP('',(#3895,#3896,#3897));
#3895=ORIENTED_EDGE('',*,*,#3898,.T.);
#3896=ORIENTED_EDGE('',*,*,#3899,.T.);
#3897=ORIENTED_EDGE('',*,*,#3900,.T.);
#3898=EDGE_CURVE('',#317,#309,#3901,.F.);
#3899=EDGE_CURVE('',#309,#255,#3902,.T.);
#3900=EDGE_CURVE('',#255,#317,#3903,.T.);
#3901=LINE('',#316,#3904);
#3902=LINE('',#308,#3905);
#3903=LINE('',#254,#3906);
#3904=VECTOR('',#3907,1.0);
#3905=VECTOR('',#3908,1.0);
#3906=VECTOR('',#3909,1.0);
#3907=DIRECTION('',(-0.03536831063626698,0.023678474172521495,0.9990937956286176));
#3908=DIRECTION('',(0,0,-1));
#3909=DIRECTION('',(0.8309686782890312,-0.5563192030683289,0));
#3910=FACE_SURFACE('',(#3915),#3911,.T.);
#3911=PLANE('',#3912);
#3912=AXIS2_PLACEMENT_3D('',#326,#3913,#3914);
#3913=DIRECTION('',(0,0,1));
#3914=DIRECTION('',(-0.60873665756772,0.7933723474720306,0));
#3915=FACE_BOUND('',#3916,.T.);
#3916=EDGE_LOOP('',(#3917,#3918,#3919));
#3917=ORIENTED_EDGE('',*,*,#3920,.T.);
#3918=ORIENTED_EDGE('',*,*,#3921,.T.);
#3919=ORIENTED_EDGE('',*,*,#3922,.T.);
#3920=EDGE_CURVE('',#327,#199,#3923,.F.);
#3921=EDGE_CURVE('',#199,#205,#3924,.T.);
#3922=EDGE_CURVE('',#205,#327,#3925,.T.);
#3923=LINE('',#326,#3926);
#3924=LINE('',#198,#3927);
#3925=LINE('',#204,#3928);
#3926=VECTOR('',#3929,1.0);
#3927=VECTOR('',#3930,1.0);
#3928=VECTOR('',#3931,1.0);
#3929=DIRECTION('',(-0.60873665756772,0.7933723474720306,0));
#3930=DIRECTION('',(0.5579593954590173,-0.8298682503982232,0));
#3931=DIRECTION('',(0.7525755832038533,0.6585058781555257,0));
#3932=FACE_SURFACE('',(#3937),#3933,.T.);
#3933=PLANE('',#3934);
#3934=AXIS2_PLACEMENT_3D('',#328,#3935,#3936);
#3935=DIRECTION('',(-0.6585058781555257,-0.7525755832038533,-0));
#3936=DIRECTION('',(0,0,-1));
#3937=FACE_BOUND('',#3938,.T.);
#3938=EDGE_LOOP('',(#3939,#3940,#3941));
#3939=ORIENTED_EDGE('',*,*,#3942,.T.);
#3940=ORIENTED_EDGE('',*,*,#3943,.T.);
#3941=ORIENTED_EDGE('',*,*,#3944,.T.);
#3942=EDGE_CURVE('',#329,#317,#3945,.F.);
#3943=EDGE_CURVE('',#317,#231,#3946,.T.);
#3944=EDGE_CURVE('',#231,#329,#3947,.T.);
#3945=LINE('',#328,#3948);
#3946=LINE('',#316,#3949);
#3947=LINE('',#230,#3950);
#3948=VECTOR('',#3951,1.0);
#3949=VECTOR('',#3952,1.0);
#3950=VECTOR('',#3953,1.0);
#3951=DIRECTION('',(0,0,-1));
#3952=DIRECTION('',(0.03197108064714112,-0.0279747908475846,0.9990972230365212));
#3953=DIRECTION('',(-0.7525755832038533,0.6585058781555257,0));
#3954=FACE_SURFACE('',(#3959),#3955,.T.);
#3955=PLANE('',#3956);
#3956=AXIS2_PLACEMENT_3D('',#160,#3957,#3958);
#3957=DIRECTION('',(-0.6585058781555257,-0.7525755832038533,0));
#3958=DIRECTION('',(0,0,1));
#3959=FACE_BOUND('',#3960,.T.);
#3960=EDGE_LOOP('',(#3961,#3962,#3963));
#3961=ORIENTED_EDGE('',*,*,#3964,.T.);
#3962=ORIENTED_EDGE('',*,*,#3965,.T.);
#3963=ORIENTED_EDGE('',*,*,#3966,.T.);
#3964=EDGE_CURVE('',#161,#231,#3967,.F.);
#3965=EDGE_CURVE('',#231,#317,#3968,.T.);
#3966=EDGE_CURVE('',#317,#161,#3969,.T.);
#3967=LINE('',#160,#3970);
#3968=LINE('',#230,#3971);
#3969=LINE('',#316,#3972);
#3970=VECTOR('',#3973,1.0);
#3971=VECTOR('',#3974,1.0);
#3972=VECTOR('',#3975,1.0);
#3973=DIRECTION('',(0,0,1));
#3974=DIRECTION('',(-0.03197108064714112,0.0279747908475846,-0.9990972230365212));
#3975=DIRECTION('',(0.7525755832038533,-0.6585058781555257,0));
#3976=FACE_SURFACE('',(#3981),#3977,.T.);
#3977=PLANE('',#3978);
#3978=AXIS2_PLACEMENT_3D('',#180,#3979,#3980);
#3979=DIRECTION('',(0,0,1));
#3980=DIRECTION('',(-0.192261468676386,0.9813437357329994,0));
#3981=FACE_BOUND('',#3982,.T.);
#3982=EDGE_LOOP('',(#3983,#3984,#3985));
#3983=ORIENTED_EDGE('',*,*,#3986,.T.);
#3984=ORIENTED_EDGE('',*,*,#3987,.T.);
#3985=ORIENTED_EDGE('',*,*,#3988,.T.);
#3986=EDGE_CURVE('',#181,#183,#3989,.F.);
#3987=EDGE_CURVE('',#183,#187,#3990,.T.);
#3988=EDGE_CURVE('',#187,#181,#3991,.T.);
#3989=LINE('',#180,#3992);
#3990=LINE('',#182,#3993);
#3991=LINE('',#186,#3994);
#3992=VECTOR('',#3995,1.0);
#3993=VECTOR('',#3996,1.0);
#3994=VECTOR('',#3997,1.0);
#3995=DIRECTION('',(-0.192261468676386,0.9813437357329994,0));
#3996=DIRECTION('',(0.13043492061871625,-0.9914568732341257,0));
#3997=DIRECTION('',(0.9978368470200267,0.06573908068365164,0));
#3998=FACE_SURFACE('',(#4003),#3999,.T.);
#3999=PLANE('',#4000);
#4000=AXIS2_PLACEMENT_3D('',#190,#4001,#4002);
#4001=DIRECTION('',(0,0,1));
#4002=DIRECTION('',(-0.43971441441503156,0.8981376474436676,0));
#4003=FACE_BOUND('',#4004,.T.);
#4004=EDGE_LOOP('',(#4005,#4006,#4007));
#4005=ORIENTED_EDGE('',*,*,#4008,.T.);
#4006=ORIENTED_EDGE('',*,*,#4009,.T.);
#4007=ORIENTED_EDGE('',*,*,#4010,.T.);
#4008=EDGE_CURVE('',#191,#189,#4011,.F.);
#4009=EDGE_CURVE('',#189,#197,#4012,.T.);
#4010=EDGE_CURVE('',#197,#191,#4013,.T.);
#4011=LINE('',#190,#4014);
#4012=LINE('',#188,#4015);
#4013=LINE('',#196,#4016);
#4014=VECTOR('',#4017,1.0);
#4015=VECTOR('',#4018,1.0);
#4016=VECTOR('',#4019,1.0);
#4017=DIRECTION('',(-0.43971441441503156,0.8981376474436676,0));
#4018=DIRECTION('',(0.38265733490948367,-0.9238903419995098,0));
#4019=DIRECTION('',(0.9467853630415819,0.3218656184344952,0));
#4020=FACE_SURFACE('',(#4025),#4021,.T.);
#4021=PLANE('',#4022);
#4022=AXIS2_PLACEMENT_3D('',#230,#4023,#4024);
#4023=DIRECTION('',(-0.7525778062110414,-0.6585033375758821,-0));
#4024=DIRECTION('',(0,0,-1));
#4025=FACE_BOUND('',#4026,.T.);
#4026=EDGE_LOOP('',(#4027,#4028,#4029));
#4027=ORIENTED_EDGE('',*,*,#4030,.T.);
#4028=ORIENTED_EDGE('',*,*,#4031,.T.);
#4029=ORIENTED_EDGE('',*,*,#4032,.T.);
#4030=EDGE_CURVE('',#231,#161,#4033,.F.);
#4031=EDGE_CURVE('',#161,#159,#4034,.T.);
#4032=EDGE_CURVE('',#159,#231,#4035,.T.);
#4033=LINE('',#230,#4036);
#4034=LINE('',#160,#4037);
#4035=LINE('',#158,#4038);
#4036=VECTOR('',#4039,1.0);
#4037=VECTOR('',#4040,1.0);
#4038=VECTOR('',#4041,1.0);
#4039=DIRECTION('',(0,0,-1));
#4040=DIRECTION('',(0.027974600434043068,-0.0319710808175768,0.9990972283626411));
#4041=DIRECTION('',(-0.6585033375758821,0.7525778062110414,0));
#4042=FACE_SURFACE('',(#4047),#4043,.T.);
#4043=PLANE('',#4044);
#4044=AXIS2_PLACEMENT_3D('',#328,#4045,#4046);
#4045=DIRECTION('',(-0,0,1));
#4046=DIRECTION('',(0.7525755832038533,-0.6585058781555257,0));
#4047=FACE_BOUND('',#4048,.T.);
#4048=EDGE_LOOP('',(#4049,#4050,#4051));
#4049=ORIENTED_EDGE('',*,*,#4052,.T.);
#4050=ORIENTED_EDGE('',*,*,#4053,.T.);
#4051=ORIENTED_EDGE('',*,*,#4054,.T.);
#4052=EDGE_CURVE('',#329,#231,#4055,.F.);
#4053=EDGE_CURVE('',#231,#229,#4056,.T.);
#4054=EDGE_CURVE('',#229,#329,#4057,.T.);
#4055=LINE('',#328,#4058);
#4056=LINE('',#230,#4059);
#4057=LINE('',#228,#4060);
#4058=VECTOR('',#4061,1.0);
#4059=VECTOR('',#4062,1.0);
#4060=VECTOR('',#4063,1.0);
#4061=DIRECTION('',(0.7525755832038533,-0.6585058781555257,0));
#4062=DIRECTION('',(0.5579586215299205,0.8298687707465747,0));
#4063=DIRECTION('',(-0.6087359459553637,-0.793372893475589,0));
#4064=FACE_SURFACE('',(#4069),#4065,.T.);
#4065=PLANE('',#4066);
#4066=AXIS2_PLACEMENT_3D('',#174,#4067,#4068);
#4067=DIRECTION('',(0,-0,1));
#4068=DIRECTION('',(0.13043492061871625,0.9914568732341257,0));
#4069=FACE_BOUND('',#4070,.T.);
#4070=EDGE_LOOP('',(#4071,#4072,#4073));
#4071=ORIENTED_EDGE('',*,*,#4074,.T.);
#4072=ORIENTED_EDGE('',*,*,#4075,.T.);
#4073=ORIENTED_EDGE('',*,*,#4076,.T.);
#4074=EDGE_CURVE('',#175,#177,#4077,.F.);
#4075=EDGE_CURVE('',#177,#181,#4078,.T.);
#4076=EDGE_CURVE('',#181,#175,#4079,.T.);
#4077=LINE('',#174,#4080);
#4078=LINE('',#176,#4081);
#4079=LINE('',#180,#4082);
#4080=VECTOR('',#4083,1.0);
#4081=VECTOR('',#4084,1.0);
#4082=VECTOR('',#4085,1.0);
#4083=DIRECTION('',(0.13043492061871625,0.9914568732341257,0));
#4084=DIRECTION('',(-0.192261468676386,-0.9813437357329994,0));
#4085=DIRECTION('',(0.9978368470200267,-0.06573908068365164,0));
#4086=FACE_SURFACE('',(#4091),#4087,.T.);
#4087=PLANE('',#4088);
#4088=AXIS2_PLACEMENT_3D('',#330,#4089,#4090);
#4089=DIRECTION('',(-0.9978356914167446,0.06575661894339951,0));
#4090=DIRECTION('',(0,0,-1));
#4091=FACE_BOUND('',#4092,.T.);
#4092=EDGE_LOOP('',(#4093,#4094,#4095));
#4093=ORIENTED_EDGE('',*,*,#4096,.T.);
#4094=ORIENTED_EDGE('',*,*,#4097,.T.);
#4095=ORIENTED_EDGE('',*,*,#4098,.T.);
#4096=EDGE_CURVE('',#331,#333,#4099,.F.);
#4097=EDGE_CURVE('',#333,#119,#4100,.T.);
#4098=EDGE_CURVE('',#119,#331,#4101,.T.);
#4099=LINE('',#330,#4102);
#4100=LINE('',#332,#4103);
#4101=LINE('',#118,#4104);
#4102=VECTOR('',#4105,1.0);
#4103=VECTOR('',#4106,1.0);
#4104=VECTOR('',#4107,1.0);
#4105=DIRECTION('',(0,0,-1));
#4106=DIRECTION('',(-0.06575661894339951,-0.9978356914167446,0));
#4107=DIRECTION('',(0.008527236863571583,0.12939809601464297,0.9915560594233982));
#4108=FACE_SURFACE('',(#4113),#4109,.T.);
#4109=PLANE('',#4110);
#4110=AXIS2_PLACEMENT_3D('',#330,#4111,#4112);
#4111=DIRECTION('',(-0.9978356914167446,0.06575661894339951,0));
#4112=DIRECTION('',(-0.008527236863571583,-0.12939809601464297,-0.9915560594233982));
#4113=FACE_BOUND('',#4114,.T.);
#4114=EDGE_LOOP('',(#4115,#4116,#4117));
#4115=ORIENTED_EDGE('',*,*,#4118,.T.);
#4116=ORIENTED_EDGE('',*,*,#4119,.T.);
#4117=ORIENTED_EDGE('',*,*,#4120,.T.);
#4118=EDGE_CURVE('',#331,#119,#4121,.F.);
#4119=EDGE_CURVE('',#119,#117,#4122,.T.);
#4120=EDGE_CURVE('',#117,#331,#4123,.T.);
#4121=LINE('',#330,#4124);
#4122=LINE('',#118,#4125);
#4123=LINE('',#116,#4126);
#4124=VECTOR('',#4127,1.0);
#4125=VECTOR('',#4128,1.0);
#4126=VECTOR('',#4129,1.0);
#4127=DIRECTION('',(-0.008527236863571583,-0.12939809601464297,-0.9915560594233982));
#4128=DIRECTION('',(0,0,1));
#4129=DIRECTION('',(0.06575661894339951,0.9978356914167446,0));
#4130=FACE_SURFACE('',(#4135),#4131,.T.);
#4131=PLANE('',#4132);
#4132=AXIS2_PLACEMENT_3D('',#334,#4133,#4134);
#4133=DIRECTION('',(-0.9808150079108826,0.19494081218866197,0));
#4134=DIRECTION('',(0,0,-1));
#4135=FACE_BOUND('',#4136,.T.);
#4136=EDGE_LOOP('',(#4137,#4138,#4139));
#4137=ORIENTED_EDGE('',*,*,#4140,.T.);
#4138=ORIENTED_EDGE('',*,*,#4141,.T.);
#4139=ORIENTED_EDGE('',*,*,#4142,.T.);
#4140=EDGE_CURVE('',#335,#337,#4143,.F.);
#4141=EDGE_CURVE('',#337,#333,#4144,.T.);
#4142=EDGE_CURVE('',#333,#335,#4145,.T.);
#4143=LINE('',#334,#4146);
#4144=LINE('',#336,#4147);
#4145=LINE('',#332,#4148);
#4146=VECTOR('',#4149,1.0);
#4147=VECTOR('',#4150,1.0);
#4148=VECTOR('',#4151,1.0);
#4149=DIRECTION('',(0,0,-1));
#4150=DIRECTION('',(-0.19494081218866197,-0.9808150079108827,0));
#4151=DIRECTION('',(0.025284699593479683,0.12721611525760046,0.9915526934990557));
#4152=FACE_SURFACE('',(#4157),#4153,.T.);
#4153=PLANE('',#4154);
#4154=AXIS2_PLACEMENT_3D('',#334,#4155,#4156);
#4155=DIRECTION('',(-0.9808150079108826,0.19494081218866197,0));
#4156=DIRECTION('',(-0.025284699593479683,-0.12721611525760046,-0.9915526934990557));
#4157=FACE_BOUND('',#4158,.T.);
#4158=EDGE_LOOP('',(#4159,#4160,#4161));
#4159=ORIENTED_EDGE('',*,*,#4162,.T.);
#4160=ORIENTED_EDGE('',*,*,#4163,.T.);
#4161=ORIENTED_EDGE('',*,*,#4164,.T.);
#4162=EDGE_CURVE('',#335,#333,#4165,.F.);
#4163=EDGE_CURVE('',#333,#331,#4166,.T.);
#4164=EDGE_CURVE('',#331,#335,#4167,.T.);
#4165=LINE('',#334,#4168);
#4166=LINE('',#332,#4169);
#4167=LINE('',#330,#4170);
#4168=VECTOR('',#4171,1.0);
#4169=VECTOR('',#4172,1.0);
#4170=VECTOR('',#4173,1.0);
#4171=DIRECTION('',(-0.025284699593479683,-0.12721611525760046,-0.9915526934990557));
#4172=DIRECTION('',(0,0,1));
#4173=DIRECTION('',(0.19494081218866197,0.9808150079108827,0));
#4174=FACE_SURFACE('',(#4179),#4175,.T.);
#4175=PLANE('',#4176);
#4176=AXIS2_PLACEMENT_3D('',#338,#4177,#4178);
#4177=DIRECTION('',(-0.9470654436492688,0.3210405666662915,0));
#4178=DIRECTION('',(0,0,-1));
#4179=FACE_BOUND('',#4180,.T.);
#4180=EDGE_LOOP('',(#4181,#4182,#4183));
#4181=ORIENTED_EDGE('',*,*,#4184,.T.);
#4182=ORIENTED_EDGE('',*,*,#4185,.T.);
#4183=ORIENTED_EDGE('',*,*,#4186,.T.);
#4184=EDGE_CURVE('',#339,#341,#4187,.F.);
#4185=EDGE_CURVE('',#341,#337,#4188,.T.);
#4186=EDGE_CURVE('',#337,#339,#4189,.T.);
#4187=LINE('',#338,#4190);
#4188=LINE('',#340,#4191);
#4189=LINE('',#336,#4192);
#4190=VECTOR('',#4193,1.0);
#4191=VECTOR('',#4194,1.0);
#4192=VECTOR('',#4195,1.0);
#4193=DIRECTION('',(0,0,-1));
#4194=DIRECTION('',(-0.3210405666662915,-0.9470654436492689,0));
#4195=DIRECTION('',(0.041645325596010335,0.1228531620507041,0.991550688280809));
#4196=FACE_SURFACE('',(#4201),#4197,.T.);
#4197=PLANE('',#4198);
#4198=AXIS2_PLACEMENT_3D('',#338,#4199,#4200);
#4199=DIRECTION('',(-0.9470654436492688,0.3210405666662915,0));
#4200=DIRECTION('',(-0.041645325596010335,-0.1228531620507041,-0.991550688280809));
#4201=FACE_BOUND('',#4202,.T.);
#4202=EDGE_LOOP('',(#4203,#4204,#4205));
#4203=ORIENTED_EDGE('',*,*,#4206,.T.);
#4204=ORIENTED_EDGE('',*,*,#4207,.T.);
#4205=ORIENTED_EDGE('',*,*,#4208,.T.);
#4206=EDGE_CURVE('',#339,#337,#4209,.F.);
#4207=EDGE_CURVE('',#337,#335,#4210,.T.);
#4208=EDGE_CURVE('',#335,#339,#4211,.T.);
#4209=LINE('',#338,#4212);
#4210=LINE('',#336,#4213);
#4211=LINE('',#334,#4214);
#4212=VECTOR('',#4215,1.0);
#4213=VECTOR('',#4216,1.0);
#4214=VECTOR('',#4217,1.0);
#4215=DIRECTION('',(-0.041645325596010335,-0.1228531620507041,-0.991550688280809));
#4216=DIRECTION('',(0,0,1));
#4217=DIRECTION('',(0.3210405666662915,0.9470654436492689,0));
#4218=FACE_SURFACE('',(#4223),#4219,.T.);
#4219=PLANE('',#4220);
#4220=AXIS2_PLACEMENT_3D('',#308,#4221,#4222);
#4221=DIRECTION('',(-0,0,1));
#4222=DIRECTION('',(0.8309686782890312,-0.5563192030683289,0));
#4223=FACE_BOUND('',#4224,.T.);
#4224=EDGE_LOOP('',(#4225,#4226,#4227));
#4225=ORIENTED_EDGE('',*,*,#4228,.T.);
#4226=ORIENTED_EDGE('',*,*,#4229,.T.);
#4227=ORIENTED_EDGE('',*,*,#4230,.T.);
#4228=EDGE_CURVE('',#309,#329,#4231,.F.);
#4229=EDGE_CURVE('',#329,#229,#4232,.T.);
#4230=EDGE_CURVE('',#229,#309,#4233,.T.);
#4231=LINE('',#308,#4234);
#4232=LINE('',#328,#4235);
#4233=LINE('',#228,#4236);
#4234=VECTOR('',#4237,1.0);
#4235=VECTOR('',#4238,1.0);
#4236=VECTOR('',#4239,1.0);
#4237=DIRECTION('',(0.8309686782890312,-0.5563192030683289,0));
#4238=DIRECTION('',(0.6087359459553637,0.793372893475589,0));
#4239=DIRECTION('',(-0.6572209582564184,-0.7536979580896549,0));
#4240=FACE_SURFACE('',(#4245),#4241,.T.);
#4241=PLANE('',#4242);
#4242=AXIS2_PLACEMENT_3D('',#186,#4243,#4244);
#4243=DIRECTION('',(0,0,1));
#4244=DIRECTION('',(-0.3186573023548868,0.9478699930137604,0));
#4245=FACE_BOUND('',#4246,.T.);
#4246=EDGE_LOOP('',(#4247,#4248,#4249));
#4247=ORIENTED_EDGE('',*,*,#4250,.T.);
#4248=ORIENTED_EDGE('',*,*,#4251,.T.);
#4249=ORIENTED_EDGE('',*,*,#4252,.T.);
#4250=EDGE_CURVE('',#187,#185,#4253,.F.);
#4251=EDGE_CURVE('',#185,#191,#4254,.T.);
#4252=EDGE_CURVE('',#191,#187,#4255,.T.);
#4253=LINE('',#186,#4256);
#4254=LINE('',#184,#4257);
#4255=LINE('',#190,#4258);
#4256=VECTOR('',#4259,1.0);
#4257=VECTOR('',#4260,1.0);
#4258=VECTOR('',#4261,1.0);
#4259=DIRECTION('',(-0.3186573023548868,0.9478699930137604,0));
#4260=DIRECTION('',(0.2587877145534572,-0.9659342207397967,0));
#4261=DIRECTION('',(0.9807610784470353,0.19521195404843472,0));
#4262=FACE_SURFACE('',(#4267),#4263,.T.);
#4263=PLANE('',#4264);
#4264=AXIS2_PLACEMENT_3D('',#318,#4265,#4266);
#4265=DIRECTION('',(-0.8967092885598916,0.44261998577833433,0));
#4266=DIRECTION('',(0,0,-1));
#4267=FACE_BOUND('',#4268,.T.);
#4268=EDGE_LOOP('',(#4269,#4270,#4271));
#4269=ORIENTED_EDGE('',*,*,#4272,.T.);
#4270=ORIENTED_EDGE('',*,*,#4273,.T.);
#4271=ORIENTED_EDGE('',*,*,#4274,.T.);
#4272=EDGE_CURVE('',#319,#343,#4275,.F.);
#4273=EDGE_CURVE('',#343,#341,#4276,.T.);
#4274=EDGE_CURVE('',#341,#319,#4277,.T.);
#4275=LINE('',#318,#4278);
#4276=LINE('',#342,#4279);
#4277=LINE('',#340,#4280);
#4278=VECTOR('',#4281,1.0);
#4279=VECTOR('',#4282,1.0);
#4280=VECTOR('',#4283,1.0);
#4281=DIRECTION('',(0,0,-1));
#4282=DIRECTION('',(-0.4426199857783344,-0.8967092885598917,0));
#4283=DIRECTION('',(0.05741074263209817,0.1163091316150047,0.9915524154241139));
#4284=FACE_SURFACE('',(#4289),#4285,.T.);
#4285=PLANE('',#4286);
#4286=AXIS2_PLACEMENT_3D('',#318,#4287,#4288);
#4287=DIRECTION('',(-0.8967092885598916,0.44261998577833433,0));
#4288=DIRECTION('',(-0.05741074263209817,-0.1163091316150047,-0.9915524154241139));
#4289=FACE_BOUND('',#4290,.T.);
#4290=EDGE_LOOP('',(#4291,#4292,#4293));
#4291=ORIENTED_EDGE('',*,*,#4294,.T.);
#4292=ORIENTED_EDGE('',*,*,#4295,.T.);
#4293=ORIENTED_EDGE('',*,*,#4296,.T.);
#4294=EDGE_CURVE('',#319,#341,#4297,.F.);
#4295=EDGE_CURVE('',#341,#339,#4298,.T.);
#4296=EDGE_CURVE('',#339,#319,#4299,.T.);
#4297=LINE('',#318,#4300);
#4298=LINE('',#340,#4301);
#4299=LINE('',#338,#4302);
#4300=VECTOR('',#4303,1.0);
#4301=VECTOR('',#4304,1.0);
#4302=VECTOR('',#4305,1.0);
#4303=DIRECTION('',(-0.05741074263209817,-0.1163091316150047,-0.9915524154241139));
#4304=DIRECTION('',(0,0,1));
#4305=DIRECTION('',(0.4426199857783344,0.8967092885598917,0));
#4306=FACE_SURFACE('',(#4311),#4307,.T.);
#4307=PLANE('',#4308);
#4308=AXIS2_PLACEMENT_3D('',#342,#4309,#4310);
#4309=DIRECTION('',(-0.8318146584153101,0.5550534875536058,0));
#4310=DIRECTION('',(0,0,1));
#4311=FACE_BOUND('',#4312,.T.);
#4312=EDGE_LOOP('',(#4313,#4314,#4315));
#4313=ORIENTED_EDGE('',*,*,#4316,.T.);
#4314=ORIENTED_EDGE('',*,*,#4317,.T.);
#4315=ORIENTED_EDGE('',*,*,#4318,.T.);
#4316=EDGE_CURVE('',#343,#319,#4319,.F.);
#4317=EDGE_CURVE('',#319,#207,#4320,.T.);
#4318=EDGE_CURVE('',#207,#343,#4321,.T.);
#4319=LINE('',#342,#4322);
#4320=LINE('',#318,#4323);
#4321=LINE('',#206,#4324);
#4322=VECTOR('',#4325,1.0);
#4323=VECTOR('',#4326,1.0);
#4324=VECTOR('',#4327,1.0);
#4325=DIRECTION('',(0,0,1));
#4326=DIRECTION('',(0.5550534875536058,0.8318146584153101,0));
#4327=DIRECTION('',(-0.07198699953207228,-0.10788120923270612,-0.9915540916121816));
#4328=FACE_SURFACE('',(#4333),#4329,.T.);
#4329=PLANE('',#4330);
#4330=AXIS2_PLACEMENT_3D('',#318,#4331,#4332);
#4331=DIRECTION('',(0,0,1));
#4332=DIRECTION('',(-0.4426199857783344,-0.8967092885598917,0));
#4333=FACE_BOUND('',#4334,.T.);
#4334=EDGE_LOOP('',(#4335,#4336,#4337));
#4335=ORIENTED_EDGE('',*,*,#4338,.T.);
#4336=ORIENTED_EDGE('',*,*,#4339,.T.);
#4337=ORIENTED_EDGE('',*,*,#4340,.T.);
#4338=EDGE_CURVE('',#319,#339,#4341,.F.);
#4339=EDGE_CURVE('',#339,#345,#4342,.T.);
#4340=EDGE_CURVE('',#345,#319,#4343,.T.);
#4341=LINE('',#318,#4344);
#4342=LINE('',#338,#4345);
#4343=LINE('',#344,#4346);
#4344=VECTOR('',#4347,1.0);
#4345=VECTOR('',#4348,1.0);
#4346=VECTOR('',#4349,1.0);
#4347=DIRECTION('',(-0.4426199857783344,-0.8967092885598917,0));
#4348=DIRECTION('',(0.9238904005429395,-0.3826571935618185,0));
#4349=DIRECTION('',(-0.8330687659818142,0.5531694416230322,0));
#4350=FACE_SURFACE('',(#4355),#4351,.T.);
#4351=PLANE('',#4352);
#4352=AXIS2_PLACEMENT_3D('',#344,#4353,#4354);
#4353=DIRECTION('',(0,-0,1));
#4354=DIRECTION('',(0.44250073223002606,0.8967681428194753,0));
#4355=FACE_BOUND('',#4356,.T.);
#4356=EDGE_LOOP('',(#4357,#4358,#4359));
#4357=ORIENTED_EDGE('',*,*,#4360,.T.);
#4358=ORIENTED_EDGE('',*,*,#4361,.T.);
#4359=ORIENTED_EDGE('',*,*,#4362,.T.);
#4360=EDGE_CURVE('',#345,#321,#4363,.F.);
#4361=EDGE_CURVE('',#321,#319,#4364,.T.);
#4362=EDGE_CURVE('',#319,#345,#4365,.T.);
#4363=LINE('',#344,#4366);
#4364=LINE('',#320,#4367);
#4365=LINE('',#318,#4368);
#4366=VECTOR('',#4369,1.0);
#4367=VECTOR('',#4370,1.0);
#4368=VECTOR('',#4371,1.0);
#4369=DIRECTION('',(0.44250073223002606,0.8967681428194753,0));
#4370=DIRECTION('',(-0.8659905029919154,0.5000604450742024,0));
#4371=DIRECTION('',(0.8330687659818142,-0.5531694416230322,0));
#4372=FACE_SURFACE('',(#4377),#4373,.T.);
#4373=PLANE('',#4374);
#4374=AXIS2_PLACEMENT_3D('',#346,#4375,#4376);
#4375=DIRECTION('',(0,-0,1));
#4376=DIRECTION('',(0.32185348821579046,0.946789486698774,0));
#4377=FACE_BOUND('',#4378,.T.);
#4378=EDGE_LOOP('',(#4379,#4380,#4381));
#4379=ORIENTED_EDGE('',*,*,#4382,.T.);
#4380=ORIENTED_EDGE('',*,*,#4383,.T.);
#4381=ORIENTED_EDGE('',*,*,#4384,.T.);
#4382=EDGE_CURVE('',#347,#345,#4385,.F.);
#4383=EDGE_CURVE('',#345,#339,#4386,.T.);
#4384=EDGE_CURVE('',#339,#347,#4387,.T.);
#4385=LINE('',#346,#4388);
#4386=LINE('',#344,#4389);
#4387=LINE('',#338,#4390);
#4388=VECTOR('',#4391,1.0);
#4389=VECTOR('',#4392,1.0);
#4390=VECTOR('',#4393,1.0);
#4391=DIRECTION('',(0.32185348821579046,0.946789486698774,0));
#4392=DIRECTION('',(-0.9238904005429395,0.3826571935618185,0));
#4393=DIRECTION('',(0.8981374798464288,-0.4397147567402142,0));
#4394=FACE_SURFACE('',(#4399),#4395,.T.);
#4395=PLANE('',#4396);
#4396=AXIS2_PLACEMENT_3D('',#338,#4397,#4398);
#4397=DIRECTION('',(0,0,1));
#4398=DIRECTION('',(-0.3210405666662915,-0.9470654436492689,0));
#4399=FACE_BOUND('',#4400,.T.);
#4400=EDGE_LOOP('',(#4401,#4402,#4403));
#4401=ORIENTED_EDGE('',*,*,#4404,.T.);
#4402=ORIENTED_EDGE('',*,*,#4405,.T.);
#4403=ORIENTED_EDGE('',*,*,#4406,.T.);
#4404=EDGE_CURVE('',#339,#335,#4407,.F.);
#4405=EDGE_CURVE('',#335,#347,#4408,.T.);
#4406=EDGE_CURVE('',#347,#339,#4409,.T.);
#4407=LINE('',#338,#4410);
#4408=LINE('',#334,#4411);
#4409=LINE('',#346,#4412);
#4410=VECTOR('',#4413,1.0);
#4411=VECTOR('',#4414,1.0);
#4412=VECTOR('',#4415,1.0);
#4413=DIRECTION('',(-0.3210405666662915,-0.9470654436492689,0));
#4414=DIRECTION('',(0.9659341690049738,-0.2587879076554212,0));
#4415=DIRECTION('',(-0.8981374798464288,0.4397147567402142,0));
#4416=FACE_SURFACE('',(#4421),#4417,.T.);
#4417=PLANE('',#4418);
#4418=AXIS2_PLACEMENT_3D('',#348,#4419,#4420);
#4419=DIRECTION('',(0,-0,1));
#4420=DIRECTION('',(0.19521195404843472,0.9807610784470353,0));
#4421=FACE_BOUND('',#4422,.T.);
#4422=EDGE_LOOP('',(#4423,#4424,#4425));
#4423=ORIENTED_EDGE('',*,*,#4426,.T.);
#4424=ORIENTED_EDGE('',*,*,#4427,.T.);
#4425=ORIENTED_EDGE('',*,*,#4428,.T.);
#4426=EDGE_CURVE('',#349,#347,#4429,.F.);
#4427=EDGE_CURVE('',#347,#335,#4430,.T.);
#4428=EDGE_CURVE('',#335,#349,#4431,.T.);
#4429=LINE('',#348,#4432);
#4430=LINE('',#346,#4433);
#4431=LINE('',#334,#4434);
#4432=VECTOR('',#4435,1.0);
#4433=VECTOR('',#4436,1.0);
#4434=VECTOR('',#4437,1.0);
#4435=DIRECTION('',(0.19521195404843472,0.9807610784470353,0));
#4436=DIRECTION('',(-0.9659341690049738,0.2587879076554212,0));
#4437=DIRECTION('',(0.9478699366734665,-0.3186574699432582,0));
#4438=FACE_SURFACE('',(#4443),#4439,.T.);
#4439=PLANE('',#4440);
#4440=AXIS2_PLACEMENT_3D('',#334,#4441,#4442);
#4441=DIRECTION('',(0,0,1));
#4442=DIRECTION('',(-0.19494081218866197,-0.9808150079108827,0));
#4443=FACE_BOUND('',#4444,.T.);
#4444=EDGE_LOOP('',(#4445,#4446,#4447));
#4445=ORIENTED_EDGE('',*,*,#4448,.T.);
#4446=ORIENTED_EDGE('',*,*,#4449,.T.);
#4447=ORIENTED_EDGE('',*,*,#4450,.T.);
#4448=EDGE_CURVE('',#335,#331,#4451,.F.);
#4449=EDGE_CURVE('',#331,#349,#4452,.T.);
#4450=EDGE_CURVE('',#349,#335,#4453,.T.);
#4451=LINE('',#334,#4454);
#4452=LINE('',#330,#4455);
#4453=LINE('',#348,#4456);
#4454=VECTOR('',#4457,1.0);
#4455=VECTOR('',#4458,1.0);
#4456=VECTOR('',#4459,1.0);
#4457=DIRECTION('',(-0.19494081218866197,-0.9808150079108827,0));
#4458=DIRECTION('',(0.9914568049231505,-0.13043543986040734,0));
#4459=DIRECTION('',(-0.9478699366734665,0.3186574699432582,0));
#4460=FACE_SURFACE('',(#4465),#4461,.T.);
#4461=PLANE('',#4462);
#4462=AXIS2_PLACEMENT_3D('',#330,#4463,#4464);
#4463=DIRECTION('',(0,0,1));
#4464=DIRECTION('',(-0.06575661894339951,-0.9978356914167446,0));
#4465=FACE_BOUND('',#4466,.T.);
#4466=EDGE_LOOP('',(#4467,#4468,#4469));
#4467=ORIENTED_EDGE('',*,*,#4470,.T.);
#4468=ORIENTED_EDGE('',*,*,#4471,.T.);
#4469=ORIENTED_EDGE('',*,*,#4472,.T.);
#4470=EDGE_CURVE('',#331,#117,#4473,.F.);
#4471=EDGE_CURVE('',#117,#349,#4474,.T.);
#4472=EDGE_CURVE('',#349,#331,#4475,.T.);
#4473=LINE('',#330,#4476);
#4474=LINE('',#116,#4477);
#4475=LINE('',#348,#4478);
#4476=VECTOR('',#4479,1.0);
#4477=VECTOR('',#4480,1.0);
#4478=VECTOR('',#4481,1.0);
#4479=DIRECTION('',(-0.06575661894339951,-0.9978356914167446,0));
#4480=DIRECTION('',(0.9980382300980493,0.06260743775904958,0));
#4481=DIRECTION('',(-0.9914568049231505,0.13043543986040734,0));
#4482=FACE_SURFACE('',(#4487),#4483,.T.);
#4483=PLANE('',#4484);
#4484=AXIS2_PLACEMENT_3D('',#350,#4485,#4486);
#4485=DIRECTION('',(0,-0,1));
#4486=DIRECTION('',(0.06340270920603859,0.9979880242093763,0));
#4487=FACE_BOUND('',#4488,.T.);
#4488=EDGE_LOOP('',(#4489,#4490,#4491));
#4489=ORIENTED_EDGE('',*,*,#4492,.T.);
#4490=ORIENTED_EDGE('',*,*,#4493,.T.);
#4491=ORIENTED_EDGE('',*,*,#4494,.T.);
#4492=EDGE_CURVE('',#351,#349,#4495,.F.);
#4493=EDGE_CURVE('',#349,#117,#4496,.T.);
#4494=EDGE_CURVE('',#117,#351,#4497,.T.);
#4495=LINE('',#350,#4498);
#4496=LINE('',#348,#4499);
#4497=LINE('',#116,#4500);
#4498=VECTOR('',#4501,1.0);
#4499=VECTOR('',#4502,1.0);
#4500=VECTOR('',#4503,1.0);
#4501=DIRECTION('',(0.06340270920603859,0.9979880242093763,0));
#4502=DIRECTION('',(-0.9980382300980493,-0.06260743775904958,0));
#4503=DIRECTION('',(1,0,0));
#4504=FACE_SURFACE('',(#4509),#4505,.T.);
#4505=PLANE('',#4506);
#4506=AXIS2_PLACEMENT_3D('',#352,#4507,#4508);
#4507=DIRECTION('',(0,0,1));
#4508=DIRECTION('',(-0.02720606726858465,-0.9996298464450615,0));
#4509=FACE_BOUND('',#4510,.T.);
#4510=EDGE_LOOP('',(#4511,#4512,#4513));
#4511=ORIENTED_EDGE('',*,*,#4514,.T.);
#4512=ORIENTED_EDGE('',*,*,#4515,.T.);
#4513=ORIENTED_EDGE('',*,*,#4516,.T.);
#4514=EDGE_CURVE('',#353,#113,#4517,.F.);
#4515=EDGE_CURVE('',#113,#355,#4518,.T.);
#4516=EDGE_CURVE('',#355,#353,#4519,.T.);
#4517=LINE('',#352,#4520);
#4518=LINE('',#112,#4521);
#4519=LINE('',#354,#4522);
#4520=VECTOR('',#4523,1.0);
#4521=VECTOR('',#4524,1.0);
#4522=VECTOR('',#4525,1.0);
#4523=DIRECTION('',(-0.02720606726858465,-0.9996298464450615,0));
#4524=DIRECTION('',(0.03272430575088866,0.9994644164817087,0));
#4525=DIRECTION('',(-0.9467853630415819,0.3218656184344952,0));
#4526=FACE_SURFACE('',(#4531),#4527,.T.);
#4527=PLANE('',#4528);
#4528=AXIS2_PLACEMENT_3D('',#356,#4529,#4530);
#4529=DIRECTION('',(0,-0,1));
#4530=DIRECTION('',(0.09861600658679703,0.9951255615473219,0));
#4531=FACE_BOUND('',#4532,.T.);
#4532=EDGE_LOOP('',(#4533,#4534,#4535));
#4533=ORIENTED_EDGE('',*,*,#4536,.T.);
#4534=ORIENTED_EDGE('',*,*,#4537,.T.);
#4535=ORIENTED_EDGE('',*,*,#4538,.T.);
#4536=EDGE_CURVE('',#357,#59,#4539,.F.);
#4537=EDGE_CURVE('',#59,#359,#4540,.T.);
#4538=EDGE_CURVE('',#359,#357,#4541,.T.);
#4539=LINE('',#356,#4542);
#4540=LINE('',#58,#4543);
#4541=LINE('',#358,#4544);
#4542=VECTOR('',#4545,1.0);
#4543=VECTOR('',#4546,1.0);
#4544=VECTOR('',#4547,1.0);
#4545=DIRECTION('',(0.09861600658679703,0.9951255615473219,0));
#4546=DIRECTION('',(-0.1030393776323093,-0.9946772776419226,0));
#4547=DIRECTION('',(0.7525733602012215,-0.6585084187126559,0));
#4548=FACE_SURFACE('',(#4553),#4549,.T.);
#4549=PLANE('',#4550);
#4550=AXIS2_PLACEMENT_3D('',#360,#4551,#4552);
#4551=DIRECTION('',(0,-0,1));
#4552=DIRECTION('',(0.1078624224577162,0.9941658301418095,0));
#4553=FACE_BOUND('',#4554,.T.);
#4554=EDGE_LOOP('',(#4555,#4556,#4557));
#4555=ORIENTED_EDGE('',*,*,#4558,.T.);
#4556=ORIENTED_EDGE('',*,*,#4559,.T.);
#4557=ORIENTED_EDGE('',*,*,#4560,.T.);
#4558=EDGE_CURVE('',#361,#59,#4561,.F.);
#4559=EDGE_CURVE('',#59,#363,#4562,.T.);
#4560=EDGE_CURVE('',#363,#361,#4563,.T.);
#4561=LINE('',#360,#4564);
#4562=LINE('',#58,#4565);
#4563=LINE('',#362,#4566);
#4564=VECTOR('',#4567,1.0);
#4565=VECTOR('',#4568,1.0);
#4566=VECTOR('',#4569,1.0);
#4567=DIRECTION('',(0.1078624224577162,0.9941658301418095,0));
#4568=DIRECTION('',(-0.11298059395549746,-0.9935971947371143,0));
#4569=DIRECTION('',(0.8967672637615953,-0.4425025137166356,0));
#4570=FACE_SURFACE('',(#4575),#4571,.T.);
#4571=PLANE('',#4572);
#4572=AXIS2_PLACEMENT_3D('',#364,#4573,#4574);
#4573=DIRECTION('',(0,0,1));
#4574=DIRECTION('',(-0.021988155149043096,-0.9997582312905163,0));
#4575=FACE_BOUND('',#4576,.T.);
#4576=EDGE_LOOP('',(#4577,#4578,#4579));
#4577=ORIENTED_EDGE('',*,*,#4580,.T.);
#4578=ORIENTED_EDGE('',*,*,#4581,.T.);
#4579=ORIENTED_EDGE('',*,*,#4582,.T.);
#4580=EDGE_CURVE('',#365,#113,#4583,.F.);
#4581=EDGE_CURVE('',#113,#353,#4584,.T.);
#4582=EDGE_CURVE('',#353,#365,#4585,.T.);
#4583=LINE('',#364,#4586);
#4584=LINE('',#112,#4587);
#4585=LINE('',#352,#4588);
#4586=VECTOR('',#4589,1.0);
#4587=VECTOR('',#4590,1.0);
#4588=VECTOR('',#4591,1.0);
#4589=DIRECTION('',(-0.021988155149043096,-0.9997582312905163,0));
#4590=DIRECTION('',(0.02720606726858465,0.9996298464450615,0));
#4591=DIRECTION('',(-0.8967690218667381,0.4424989507560144,0));
#4592=FACE_SURFACE('',(#4597),#4593,.T.);
#4593=PLANE('',#4594);
#4594=AXIS2_PLACEMENT_3D('',#58,#4595,#4596);
#4595=DIRECTION('',(0,0,1));
#4596=DIRECTION('',(-0.9661917002692867,-0.2578247434416351,0));
#4597=FACE_BOUND('',#4598,.T.);
#4598=EDGE_LOOP('',(#4599,#4600,#4601));
#4599=ORIENTED_EDGE('',*,*,#4602,.T.);
#4600=ORIENTED_EDGE('',*,*,#4603,.T.);
#4601=ORIENTED_EDGE('',*,*,#4604,.T.);
#4602=EDGE_CURVE('',#59,#367,#4605,.F.);
#4603=EDGE_CURVE('',#367,#275,#4606,.T.);
#4604=EDGE_CURVE('',#275,#59,#4607,.T.);
#4605=LINE('',#58,#4608);
#4606=LINE('',#366,#4609);
#4607=LINE('',#274,#4610);
#4608=VECTOR('',#4611,1.0);
#4609=VECTOR('',#4612,1.0);
#4610=VECTOR('',#4613,1.0);
#4611=DIRECTION('',(-0.9661917002692867,-0.2578247434416351,0));
#4612=DIRECTION('',(-0.023204825506065823,-0.9997307317839305,0));
#4613=DIRECTION('',(0.11831779568162326,0.9929757797776547,0));
#4614=FACE_SURFACE('',(#4619),#4615,.T.);
#4615=PLANE('',#4616);
#4616=AXIS2_PLACEMENT_3D('',#368,#4617,#4618);
#4617=DIRECTION('',(0,0,1));
#4618=DIRECTION('',(-0.012786398763719103,-0.9999182506618505,0));
#4619=FACE_BOUND('',#4620,.T.);
#4620=EDGE_LOOP('',(#4621,#4622,#4623));
#4621=ORIENTED_EDGE('',*,*,#4624,.T.);
#4622=ORIENTED_EDGE('',*,*,#4625,.T.);
#4623=ORIENTED_EDGE('',*,*,#4626,.T.);
#4624=EDGE_CURVE('',#369,#113,#4627,.F.);
#4625=EDGE_CURVE('',#113,#371,#4628,.T.);
#4626=EDGE_CURVE('',#371,#369,#4629,.T.);
#4627=LINE('',#368,#4630);
#4628=LINE('',#112,#4631);
#4629=LINE('',#370,#4632);
#4630=VECTOR('',#4633,1.0);
#4631=VECTOR('',#4634,1.0);
#4632=VECTOR('',#4635,1.0);
#4633=DIRECTION('',(-0.012786398763719103,-0.9999182506618505,0));
#4634=DIRECTION('',(0.017147722914048508,0.9998529669900784,0));
#4635=DIRECTION('',(-0.7525755832038533,0.6585058781555257,0));
#4636=FACE_SURFACE('',(#4641),#4637,.T.);
#4637=PLANE('',#4638);
#4638=AXIS2_PLACEMENT_3D('',#126,#4639,#4640);
#4639=DIRECTION('',(0,-0,1));
#4640=DIRECTION('',(0.3218548537101871,0.9467890225088132,0));
#4641=FACE_BOUND('',#4642,.T.);
#4642=EDGE_LOOP('',(#4643,#4644,#4645));
#4643=ORIENTED_EDGE('',*,*,#4646,.T.);
#4644=ORIENTED_EDGE('',*,*,#4647,.T.);
#4645=ORIENTED_EDGE('',*,*,#4648,.T.);
#4646=EDGE_CURVE('',#127,#125,#4649,.F.);
#4647=EDGE_CURVE('',#125,#113,#4650,.T.);
#4648=EDGE_CURVE('',#113,#127,#4651,.T.);
#4649=LINE('',#126,#4652);
#4650=LINE('',#124,#4653);
#4651=LINE('',#112,#4654);
#4652=VECTOR('',#4655,1.0);
#4653=VECTOR('',#4656,1.0);
#4654=VECTOR('',#4657,1.0);
#4655=DIRECTION('',(0.3218548537101871,0.9467890225088132,0));
#4656=DIRECTION('',(-0.12214665309282248,0.9925120629686179,0));
#4657=DIRECTION('',(0.045595938901099066,-0.9989599643407774,0));
#4658=FACE_SURFACE('',(#4663),#4659,.T.);
#4659=PLANE('',#4660);
#4660=AXIS2_PLACEMENT_3D('',#122,#4661,#4662);
#4661=DIRECTION('',(0,-0,1));
#4662=DIRECTION('',(0.5563233425683655,0.8309659069501956,0));
#4663=FACE_BOUND('',#4664,.T.);
#4664=EDGE_LOOP('',(#4665,#4666,#4667));
#4665=ORIENTED_EDGE('',*,*,#4668,.T.);
#4666=ORIENTED_EDGE('',*,*,#4669,.T.);
#4667=ORIENTED_EDGE('',*,*,#4670,.T.);
#4668=EDGE_CURVE('',#123,#121,#4671,.F.);
#4669=EDGE_CURVE('',#121,#113,#4672,.T.);
#4670=EDGE_CURVE('',#113,#123,#4673,.T.);
#4671=LINE('',#122,#4674);
#4672=LINE('',#120,#4675);
#4673=LINE('',#112,#4676);
#4674=VECTOR('',#4677,1.0);
#4675=VECTOR('',#4678,1.0);
#4676=VECTOR('',#4679,1.0);
#4677=DIRECTION('',(0.5563233425683655,0.8309659069501956,0));
#4678=DIRECTION('',(-0.46711962496750864,0.8841941279889921,0));
#4679=DIRECTION('',(0.2584378328212971,-0.9660278911949858,0));
#4680=FACE_SURFACE('',(#4685),#4681,.T.);
#4681=PLANE('',#4682);
#4682=AXIS2_PLACEMENT_3D('',#272,#4683,#4684);
#4683=DIRECTION('',(0,0,1));
#4684=DIRECTION('',(-0.8309686782890312,-0.5563192030683289,0));
#4685=FACE_BOUND('',#4686,.T.);
#4686=EDGE_LOOP('',(#4687,#4688,#4689));
#4687=ORIENTED_EDGE('',*,*,#4690,.T.);
#4688=ORIENTED_EDGE('',*,*,#4691,.T.);
#4689=ORIENTED_EDGE('',*,*,#4692,.T.);
#4690=EDGE_CURVE('',#273,#293,#4693,.F.);
#4691=EDGE_CURVE('',#293,#275,#4694,.T.);
#4692=EDGE_CURVE('',#275,#273,#4695,.T.);
#4693=LINE('',#272,#4696);
#4694=LINE('',#292,#4697);
#4695=LINE('',#274,#4698);
#4696=VECTOR('',#4699,1.0);
#4697=VECTOR('',#4700,1.0);
#4698=VECTOR('',#4701,1.0);
#4699=DIRECTION('',(-0.8309686782890312,-0.5563192030683289,0));
#4700=DIRECTION('',(-0.010588087826174113,-0.9999439446269902,0));
#4701=DIRECTION('',(0.01531903018770216,0.9998826567723375,0));
#4702=FACE_SURFACE('',(#4707),#4703,.T.);
#4703=PLANE('',#4704);
#4704=AXIS2_PLACEMENT_3D('',#366,#4705,#4706);
#4705=DIRECTION('',(0,0,1));
#4706=DIRECTION('',(-0.6585033375758821,-0.7525778062110414,0));
#4707=FACE_BOUND('',#4708,.T.);
#4708=EDGE_LOOP('',(#4709,#4710,#4711));
#4709=ORIENTED_EDGE('',*,*,#4712,.T.);
#4710=ORIENTED_EDGE('',*,*,#4713,.T.);
#4711=ORIENTED_EDGE('',*,*,#4714,.T.);
#4712=EDGE_CURVE('',#367,#271,#4715,.F.);
#4713=EDGE_CURVE('',#271,#275,#4716,.T.);
#4714=EDGE_CURVE('',#275,#367,#4717,.T.);
#4715=LINE('',#366,#4718);
#4716=LINE('',#270,#4719);
#4717=LINE('',#274,#4720);
#4718=VECTOR('',#4721,1.0);
#4719=VECTOR('',#4722,1.0);
#4720=VECTOR('',#4723,1.0);
#4721=DIRECTION('',(-0.6585033375758821,-0.7525778062110414,0));
#4722=DIRECTION('',(-0.019551509421603264,-0.9998088509706927,0));
#4723=DIRECTION('',(0.023204825506065823,0.9997307317839305,0));
#4724=FACE_SURFACE('',(#4729),#4725,.T.);
#4725=PLANE('',#4726);
#4726=AXIS2_PLACEMENT_3D('',#110,#4727,#4728);
#4727=DIRECTION('',(0,-0,1));
#4728=DIRECTION('',(0.8309659069501956,0.5563233425683655,0));
#4729=FACE_BOUND('',#4730,.T.);
#4730=EDGE_LOOP('',(#4731,#4732,#4733));
#4731=ORIENTED_EDGE('',*,*,#4734,.T.);
#4732=ORIENTED_EDGE('',*,*,#4735,.T.);
#4733=ORIENTED_EDGE('',*,*,#4736,.T.);
#4734=EDGE_CURVE('',#111,#373,#4737,.F.);
#4735=EDGE_CURVE('',#373,#113,#4738,.T.);
#4736=EDGE_CURVE('',#113,#111,#4739,.T.);
#4737=LINE('',#110,#4740);
#4738=LINE('',#372,#4741);
#4739=LINE('',#112,#4742);
#4740=VECTOR('',#4743,1.0);
#4741=VECTOR('',#4744,1.0);
#4742=VECTOR('',#4745,1.0);
#4743=DIRECTION('',(0.8309659069501956,0.5563233425683655,0));
#4744=DIRECTION('',(-0.9660278911949858,0.2584378328212971,0));
#4745=DIRECTION('',(0.8841941279889921,-0.46711962496750864,0));
#4746=FACE_SURFACE('',(#4751),#4747,.T.);
#4747=PLANE('',#4748);
#4748=AXIS2_PLACEMENT_3D('',#274,#4749,#4750);
#4749=DIRECTION('',(-0,0,1));
#4750=DIRECTION('',(0.9467890225088132,-0.3218548537101871,0));
#4751=FACE_BOUND('',#4752,.T.);
#4752=EDGE_LOOP('',(#4753,#4754,#4755));
#4753=ORIENTED_EDGE('',*,*,#4756,.T.);
#4754=ORIENTED_EDGE('',*,*,#4757,.T.);
#4755=ORIENTED_EDGE('',*,*,#4758,.T.);
#4756=EDGE_CURVE('',#275,#363,#4759,.F.);
#4757=EDGE_CURVE('',#363,#59,#4760,.T.);
#4758=EDGE_CURVE('',#59,#275,#4761,.T.);
#4759=LINE('',#274,#4762);
#4760=LINE('',#362,#4763);
#4761=LINE('',#58,#4764);
#4762=VECTOR('',#4765,1.0);
#4763=VECTOR('',#4766,1.0);
#4764=VECTOR('',#4767,1.0);
#4765=DIRECTION('',(0.9467890225088132,-0.3218548537101871,0));
#4766=DIRECTION('',(0.11298059395549746,0.9935971947371143,0));
#4767=DIRECTION('',(-0.11831779568162326,-0.9929757797776547,0));
#4768=FACE_SURFACE('',(#4773),#4769,.T.);
#4769=PLANE('',#4770);
#4770=AXIS2_PLACEMENT_3D('',#360,#4771,#4772);
#4771=DIRECTION('',(-0,0,1));
#4772=DIRECTION('',(0.8309686782890312,-0.5563192030683289,0));
#4773=FACE_BOUND('',#4774,.T.);
#4774=EDGE_LOOP('',(#4775,#4776,#4777));
#4775=ORIENTED_EDGE('',*,*,#4778,.T.);
#4776=ORIENTED_EDGE('',*,*,#4779,.T.);
#4777=ORIENTED_EDGE('',*,*,#4780,.T.);
#4778=EDGE_CURVE('',#361,#359,#4781,.F.);
#4779=EDGE_CURVE('',#359,#59,#4782,.T.);
#4780=EDGE_CURVE('',#59,#361,#4783,.T.);
#4781=LINE('',#360,#4784);
#4782=LINE('',#358,#4785);
#4783=LINE('',#58,#4786);
#4784=VECTOR('',#4787,1.0);
#4785=VECTOR('',#4788,1.0);
#4786=VECTOR('',#4789,1.0);
#4787=DIRECTION('',(0.8309686782890312,-0.5563192030683289,0));
#4788=DIRECTION('',(0.1030393776323093,0.9946772776419226,0));
#4789=DIRECTION('',(-0.1078624224577162,-0.9941658301418095,0));
#4790=FACE_SURFACE('',(#4795),#4791,.T.);
#4791=PLANE('',#4792);
#4792=AXIS2_PLACEMENT_3D('',#58,#4793,#4794);
#4793=DIRECTION('',(0,0,1));
#4794=DIRECTION('',(-0.09861600658679703,-0.9951255615473219,0));
#4795=FACE_BOUND('',#4796,.T.);
#4796=EDGE_LOOP('',(#4797,#4798,#4799));
#4797=ORIENTED_EDGE('',*,*,#4800,.T.);
#4798=ORIENTED_EDGE('',*,*,#4801,.T.);
#4799=ORIENTED_EDGE('',*,*,#4802,.T.);
#4800=EDGE_CURVE('',#59,#357,#4803,.F.);
#4801=EDGE_CURVE('',#357,#375,#4804,.T.);
#4802=EDGE_CURVE('',#375,#59,#4805,.T.);
#4803=LINE('',#58,#4806);
#4804=LINE('',#356,#4807);
#4805=LINE('',#374,#4808);
#4806=VECTOR('',#4809,1.0);
#4807=VECTOR('',#4810,1.0);
#4808=VECTOR('',#4811,1.0);
#4809=DIRECTION('',(-0.09861600658679703,-0.9951255615473219,0));
#4810=DIRECTION('',(0.6585033375758821,-0.7525778062110414,0));
#4811=DIRECTION('',(0.09467659708593115,0.9955080823198916,0));
#4812=FACE_SURFACE('',(#4817),#4813,.T.);
#4813=PLANE('',#4814);
#4814=AXIS2_PLACEMENT_3D('',#374,#4815,#4816);
#4815=DIRECTION('',(-0,0,1));
#4816=DIRECTION('',(0.5563233425683655,-0.8309659069501956,0));
#4817=FACE_BOUND('',#4818,.T.);
#4818=EDGE_LOOP('',(#4819,#4820,#4821));
#4819=ORIENTED_EDGE('',*,*,#4822,.T.);
#4820=ORIENTED_EDGE('',*,*,#4823,.T.);
#4821=ORIENTED_EDGE('',*,*,#4824,.T.);
#4822=EDGE_CURVE('',#375,#315,#4825,.F.);
#4823=EDGE_CURVE('',#315,#59,#4826,.T.);
#4824=EDGE_CURVE('',#59,#375,#4827,.T.);
#4825=LINE('',#374,#4828);
#4826=LINE('',#314,#4829);
#4827=LINE('',#58,#4830);
#4828=VECTOR('',#4831,1.0);
#4829=VECTOR('',#4832,1.0);
#4830=VECTOR('',#4833,1.0);
#4831=DIRECTION('',(0.5563233425683655,-0.8309659069501956,0));
#4832=DIRECTION('',(0.09126776175721706,0.995826388314664,0));
#4833=DIRECTION('',(-0.09467659708593115,-0.9955080823198916,0));
#4834=FACE_SURFACE('',(#4839),#4835,.T.);
#4835=PLANE('',#4836);
#4836=AXIS2_PLACEMENT_3D('',#376,#4837,#4838);
#4837=DIRECTION('',(-0,-0,1));
#4838=DIRECTION('',(0.2511805563015016,-0.9679402502923763,0));
#4839=FACE_BOUND('',#4840,.T.);
#4840=EDGE_LOOP('',(#4841,#4842,#4843));
#4841=ORIENTED_EDGE('',*,*,#4844,.T.);
#4842=ORIENTED_EDGE('',*,*,#4845,.T.);
#4843=ORIENTED_EDGE('',*,*,#4846,.T.);
#4844=EDGE_CURVE('',#377,#45,#4847,.F.);
#4845=EDGE_CURVE('',#45,#301,#4848,.T.);
#4846=EDGE_CURVE('',#301,#377,#4849,.T.);
#4847=LINE('',#376,#4850);
#4848=LINE('',#44,#4851);
#4849=LINE('',#300,#4852);
#4850=VECTOR('',#4853,1.0);
#4851=VECTOR('',#4854,1.0);
#4852=VECTOR('',#4855,1.0);
#4853=DIRECTION('',(0.2511805563015016,-0.9679402502923763,0));
#4854=DIRECTION('',(-0.24835336075417377,0.9686695041148489,0));
#4855=DIRECTION('',(0.06573966819275853,-0.9978368083138175,0));
#4856=FACE_SURFACE('',(#4861),#4857,.T.);
#4857=PLANE('',#4858);
#4858=AXIS2_PLACEMENT_3D('',#58,#4859,#4860);
#4859=DIRECTION('',(0,0,1));
#4860=DIRECTION('',(-0.08483291079752484,-0.9963951912999275,0));
#4861=FACE_BOUND('',#4862,.T.);
#4862=EDGE_LOOP('',(#4863,#4864,#4865));
#4863=ORIENTED_EDGE('',*,*,#4866,.T.);
#4864=ORIENTED_EDGE('',*,*,#4867,.T.);
#4865=ORIENTED_EDGE('',*,*,#4868,.T.);
#4866=EDGE_CURVE('',#59,#301,#4869,.F.);
#4867=EDGE_CURVE('',#301,#45,#4870,.T.);
#4868=EDGE_CURVE('',#45,#59,#4871,.T.);
#4869=LINE('',#58,#4872);
#4870=LINE('',#300,#4873);
#4871=LINE('',#44,#4874);
#4872=VECTOR('',#4875,1.0);
#4873=VECTOR('',#4876,1.0);
#4874=VECTOR('',#4877,1.0);
#4875=DIRECTION('',(-0.08483291079752484,-0.9963951912999275,0));
#4876=DIRECTION('',(0.24835336075417377,-0.9686695041148489,0));
#4877=DIRECTION('',(0,1,0));
#4878=FACE_SURFACE('',(#4883),#4879,.T.);
#4879=PLANE('',#4880);
#4880=AXIS2_PLACEMENT_3D('',#376,#4881,#4882);
#4881=DIRECTION('',(0,0,1));
#4882=DIRECTION('',(-0.06573966819275853,-0.9978368083138175,0));
#4883=FACE_BOUND('',#4884,.T.);
#4884=EDGE_LOOP('',(#4885,#4886,#4887));
#4885=ORIENTED_EDGE('',*,*,#4888,.T.);
#4886=ORIENTED_EDGE('',*,*,#4889,.T.);
#4887=ORIENTED_EDGE('',*,*,#4890,.T.);
#4888=EDGE_CURVE('',#377,#73,#4891,.F.);
#4889=EDGE_CURVE('',#73,#45,#4892,.T.);
#4890=EDGE_CURVE('',#45,#377,#4893,.T.);
#4891=LINE('',#376,#4894);
#4892=LINE('',#72,#4895);
#4893=LINE('',#44,#4896);
#4894=VECTOR('',#4897,1.0);
#4895=VECTOR('',#4898,1.0);
#4896=VECTOR('',#4899,1.0);
#4897=DIRECTION('',(-0.06573966819275853,-0.9978368083138175,0));
#4898=DIRECTION('',(0.2560744068075745,-0.9666570737227079,0));
#4899=DIRECTION('',(-0.2511805563015016,0.9679402502923763,0));
#4900=FACE_SURFACE('',(#4905),#4901,.T.);
#4901=PLANE('',#4902);
#4902=AXIS2_PLACEMENT_3D('',#378,#4903,#4904);
#4903=DIRECTION('',(-0,0,1));
#4904=DIRECTION('',(0.997988060218045,-0.06340214241036264,0));
#4905=FACE_BOUND('',#4906,.T.);
#4906=EDGE_LOOP('',(#4907,#4908,#4909));
#4907=ORIENTED_EDGE('',*,*,#4910,.T.);
#4908=ORIENTED_EDGE('',*,*,#4911,.T.);
#4909=ORIENTED_EDGE('',*,*,#4912,.T.);
#4910=EDGE_CURVE('',#379,#381,#4913,.F.);
#4911=EDGE_CURVE('',#381,#291,#4914,.T.);
#4912=EDGE_CURVE('',#291,#379,#4915,.T.);
#4913=LINE('',#378,#4916);
#4914=LINE('',#380,#4917);
#4915=LINE('',#290,#4918);
#4916=VECTOR('',#4919,1.0);
#4917=VECTOR('',#4920,1.0);
#4918=VECTOR('',#4921,1.0);
#4919=DIRECTION('',(0.997988060218045,-0.06340214241036264,0));
#4920=DIRECTION('',(0,1,0));
#4921=DIRECTION('',(-0.005780448935899449,-0.9999832930654889,0));
#4922=FACE_SURFACE('',(#4927),#4923,.T.);
#4923=PLANE('',#4924);
#4924=AXIS2_PLACEMENT_3D('',#70,#4925,#4926);
#4925=DIRECTION('',(0,0,1));
#4926=DIRECTION('',(-0.3218628873605388,-0.946786291482897,0));
#4927=FACE_BOUND('',#4928,.T.);
#4928=EDGE_LOOP('',(#4929,#4930,#4931));
#4929=ORIENTED_EDGE('',*,*,#4932,.T.);
#4930=ORIENTED_EDGE('',*,*,#4933,.T.);
#4931=ORIENTED_EDGE('',*,*,#4934,.T.);
#4932=EDGE_CURVE('',#71,#65,#4935,.F.);
#4933=EDGE_CURVE('',#65,#45,#4936,.T.);
#4934=EDGE_CURVE('',#45,#71,#4937,.T.);
#4935=LINE('',#70,#4938);
#4936=LINE('',#64,#4939);
#4937=LINE('',#44,#4940);
#4938=VECTOR('',#4941,1.0);
#4939=VECTOR('',#4942,1.0);
#4940=VECTOR('',#4943,1.0);
#4941=DIRECTION('',(-0.3218628873605388,-0.946786291482897,0));
#4942=DIRECTION('',(0.2719218770209101,-0.9623193299510434,0));
#4943=DIRECTION('',(-0.2630006373126648,0.9647956595948866,0));
#4944=FACE_SURFACE('',(#4949),#4945,.T.);
#4945=PLANE('',#4946);
#4946=AXIS2_PLACEMENT_3D('',#382,#4947,#4948);
#4947=DIRECTION('',(0,0,1));
#4948=DIRECTION('',(-0.9978368470200267,-0.06573908068365164,0));
#4949=FACE_BOUND('',#4950,.T.);
#4950=EDGE_LOOP('',(#4951,#4952,#4953));
#4951=ORIENTED_EDGE('',*,*,#4954,.T.);
#4952=ORIENTED_EDGE('',*,*,#4955,.T.);
#4953=ORIENTED_EDGE('',*,*,#4956,.T.);
#4954=EDGE_CURVE('',#383,#385,#4957,.F.);
#4955=EDGE_CURVE('',#385,#45,#4958,.T.);
#4956=EDGE_CURVE('',#45,#383,#4959,.T.);
#4957=LINE('',#382,#4960);
#4958=LINE('',#384,#4961);
#4959=LINE('',#44,#4962);
#4960=VECTOR('',#4963,1.0);
#4961=VECTOR('',#4964,1.0);
#4962=VECTOR('',#4965,1.0);
#4963=DIRECTION('',(-0.9978368470200267,-0.06573908068365164,0));
#4964=DIRECTION('',(0.4024459058176052,-0.915443768284348,0));
#4965=DIRECTION('',(-0.38755919766651525,0.9218448179081373,0));
#4966=FACE_SURFACE('',(#4971),#4967,.T.);
#4967=PLANE('',#4968);
#4968=AXIS2_PLACEMENT_3D('',#386,#4969,#4970);
#4969=DIRECTION('',(0,0,1));
#4970=DIRECTION('',(-0.9807610784470353,0.19521195404843472,0));
#4971=FACE_BOUND('',#4972,.T.);
#4972=EDGE_LOOP('',(#4973,#4974,#4975));
#4973=ORIENTED_EDGE('',*,*,#4976,.T.);
#4974=ORIENTED_EDGE('',*,*,#4977,.T.);
#4975=ORIENTED_EDGE('',*,*,#4978,.T.);
#4976=EDGE_CURVE('',#387,#389,#4979,.F.);
#4977=EDGE_CURVE('',#389,#45,#4980,.T.);
#4978=EDGE_CURVE('',#45,#387,#4981,.T.);
#4979=LINE('',#386,#4982);
#4980=LINE('',#388,#4983);
#4981=LINE('',#44,#4984);
#4982=VECTOR('',#4985,1.0);
#4983=VECTOR('',#4986,1.0);
#4984=VECTOR('',#4987,1.0);
#4985=DIRECTION('',(-0.9807610784470353,0.19521195404843472,0));
#4986=DIRECTION('',(0.4285553157024525,-0.9035155457340905,0));
#4987=DIRECTION('',(-0.4162079554498664,0.909269452813764,0));
#4988=FACE_SURFACE('',(#4993),#4989,.T.);
#4989=PLANE('',#4990);
#4990=AXIS2_PLACEMENT_3D('',#388,#4991,#4992);
#4991=DIRECTION('',(0,0,1));
#4992=DIRECTION('',(-0.9467880941111669,0.32185758473173176,0));
#4993=FACE_BOUND('',#4994,.T.);
#4994=EDGE_LOOP('',(#4995,#4996,#4997));
#4995=ORIENTED_EDGE('',*,*,#4998,.T.);
#4996=ORIENTED_EDGE('',*,*,#4999,.T.);
#4997=ORIENTED_EDGE('',*,*,#5000,.T.);
#4998=EDGE_CURVE('',#389,#391,#5001,.F.);
#4999=EDGE_CURVE('',#391,#45,#5002,.T.);
#5000=EDGE_CURVE('',#45,#389,#5003,.T.);
#5001=LINE('',#388,#5004);
#5002=LINE('',#390,#5005);
#5003=LINE('',#44,#5006);
#5004=VECTOR('',#5007,1.0);
#5005=VECTOR('',#5008,1.0);
#5006=VECTOR('',#5009,1.0);
#5007=DIRECTION('',(-0.9467880941111669,0.32185758473173176,0));
#5008=DIRECTION('',(0.43930470384565146,-0.8983381196292877,0));
#5009=DIRECTION('',(-0.4285553157024525,0.9035155457340905,0));
#5010=FACE_SURFACE('',(#5015),#5011,.T.);
#5011=PLANE('',#5012);
#5012=AXIS2_PLACEMENT_3D('',#392,#5013,#5014);
#5013=DIRECTION('',(0,0,1));
#5014=DIRECTION('',(-0.8967672637615953,-0.4425025137166356,0));
#5015=FACE_BOUND('',#5016,.T.);
#5016=EDGE_LOOP('',(#5017,#5018,#5019));
#5017=ORIENTED_EDGE('',*,*,#5020,.T.);
#5018=ORIENTED_EDGE('',*,*,#5021,.T.);
#5019=ORIENTED_EDGE('',*,*,#5022,.T.);
#5020=EDGE_CURVE('',#393,#395,#5023,.F.);
#5021=EDGE_CURVE('',#395,#45,#5024,.T.);
#5022=EDGE_CURVE('',#45,#393,#5025,.T.);
#5023=LINE('',#392,#5026);
#5024=LINE('',#394,#5027);
#5025=LINE('',#44,#5028);
#5026=VECTOR('',#5029,1.0);
#5027=VECTOR('',#5030,1.0);
#5028=VECTOR('',#5031,1.0);
#5029=DIRECTION('',(-0.8967672637615953,-0.4425025137166356,0));
#5030=DIRECTION('',(0.3558177828802701,-0.9345553516973562,0));
#5031=DIRECTION('',(-0.3397292385946361,0.9405232822444689,0));
#5032=FACE_SURFACE('',(#5037),#5033,.T.);
#5033=PLANE('',#5034);
#5034=AXIS2_PLACEMENT_3D('',#372,#5035,#5036);
#5035=DIRECTION('',(0,0,1));
#5036=DIRECTION('',(0.8967690218667381,0.4424989507560144,0));
#5037=FACE_BOUND('',#5038,.T.);
#5038=EDGE_LOOP('',(#5039,#5040,#5041));
#5039=ORIENTED_EDGE('',*,*,#5042,.T.);
#5040=ORIENTED_EDGE('',*,*,#5043,.T.);
#5041=ORIENTED_EDGE('',*,*,#5044,.T.);
#5042=EDGE_CURVE('',#373,#397,#5045,.F.);
#5043=EDGE_CURVE('',#397,#291,#5046,.T.);
#5044=EDGE_CURVE('',#291,#373,#5047,.T.);
#5045=LINE('',#372,#5048);
#5046=LINE('',#396,#5049);
#5047=LINE('',#290,#5050);
#5048=VECTOR('',#5051,1.0);
#5049=VECTOR('',#5052,1.0);
#5050=VECTOR('',#5053,1.0);
#5051=DIRECTION('',(0.8967690218667381,0.4424989507560144,0));
#5052=DIRECTION('',(0.022632157543795054,0.9997438599185857,0));
#5053=DIRECTION('',(-0.027721332776485533,-0.9996156900074624,0));
#5054=FACE_SURFACE('',(#5059),#5055,.T.);
#5055=PLANE('',#5056);
#5056=AXIS2_PLACEMENT_3D('',#342,#5057,#5058);
#5057=DIRECTION('',(0,0,-1));
#5058=DIRECTION('',(0.5550534875536058,0.8318146584153101,0));
#5059=FACE_BOUND('',#5060,.T.);
#5060=EDGE_LOOP('',(#5061,#5062,#5063));
#5061=ORIENTED_EDGE('',*,*,#5064,.T.);
#5062=ORIENTED_EDGE('',*,*,#5065,.T.);
#5063=ORIENTED_EDGE('',*,*,#5066,.T.);
#5064=EDGE_CURVE('',#343,#399,#5067,.F.);
#5065=EDGE_CURVE('',#399,#401,#5068,.T.);
#5066=EDGE_CURVE('',#401,#343,#5069,.T.);
#5067=LINE('',#342,#5070);
#5068=LINE('',#398,#5071);
#5069=LINE('',#400,#5072);
#5070=VECTOR('',#5073,1.0);
#5071=VECTOR('',#5074,1.0);
#5072=VECTOR('',#5075,1.0);
#5073=DIRECTION('',(0.5550534875536058,0.8318146584153101,0));
#5074=DIRECTION('',(0.7536975584168083,-0.6572214165991108,0));
#5075=DIRECTION('',(-0.8659905029919154,0.5000604450742024,0));
#5076=FACE_SURFACE('',(#5081),#5077,.T.);
#5077=PLANE('',#5078);
#5078=AXIS2_PLACEMENT_3D('',#402,#5079,#5080);
#5079=DIRECTION('',(-0,0,-1));
#5080=DIRECTION('',(-0.5563233425683655,-0.8309659069501956,0));
#5081=FACE_BOUND('',#5082,.T.);
#5082=EDGE_LOOP('',(#5083,#5084,#5085));
#5083=ORIENTED_EDGE('',*,*,#5086,.T.);
#5084=ORIENTED_EDGE('',*,*,#5087,.T.);
#5085=ORIENTED_EDGE('',*,*,#5088,.T.);
#5086=EDGE_CURVE('',#403,#401,#5089,.F.);
#5087=EDGE_CURVE('',#401,#399,#5090,.T.);
#5088=EDGE_CURVE('',#399,#403,#5091,.T.);
#5089=LINE('',#402,#5092);
#5090=LINE('',#400,#5093);
#5091=LINE('',#398,#5094);
#5092=VECTOR('',#5095,1.0);
#5093=VECTOR('',#5096,1.0);
#5094=VECTOR('',#5097,1.0);
#5095=DIRECTION('',(-0.5563233425683655,-0.8309659069501956,0));
#5096=DIRECTION('',(-0.7536975584168083,0.6572214165991108,0));
#5097=DIRECTION('',(0.793372242737961,-0.6087367940686171,0));
#5098=FACE_SURFACE('',(#5103),#5099,.T.);
#5099=PLANE('',#5100);
#5100=AXIS2_PLACEMENT_3D('',#390,#5101,#5102);
#5101=DIRECTION('',(0,0,1));
#5102=DIRECTION('',(-0.8967690218667381,0.4424989507560144,0));
#5103=FACE_BOUND('',#5104,.T.);
#5104=EDGE_LOOP('',(#5105,#5106,#5107));
#5105=ORIENTED_EDGE('',*,*,#5108,.T.);
#5106=ORIENTED_EDGE('',*,*,#5109,.T.);
#5107=ORIENTED_EDGE('',*,*,#5110,.T.);
#5108=EDGE_CURVE('',#391,#95,#5111,.F.);
#5109=EDGE_CURVE('',#95,#45,#5112,.T.);
#5110=EDGE_CURVE('',#45,#391,#5113,.T.);
#5111=LINE('',#390,#5114);
#5112=LINE('',#94,#5115);
#5113=LINE('',#44,#5116);
#5114=VECTOR('',#5117,1.0);
#5115=VECTOR('',#5118,1.0);
#5116=VECTOR('',#5119,1.0);
#5117=DIRECTION('',(-0.8967690218667381,0.4424989507560144,0));
#5118=DIRECTION('',(0.44827748873737655,-0.8938944529928079,0));
#5119=DIRECTION('',(-0.43930470384565146,0.8983381196292877,0));
#5120=FACE_SURFACE('',(#5125),#5121,.T.);
#5121=PLANE('',#5122);
#5122=AXIS2_PLACEMENT_3D('',#106,#5123,#5124);
#5123=DIRECTION('',(0,-0,1));
#5124=DIRECTION('',(0.1949438963843187,0.9808143949099136,0));
#5125=FACE_BOUND('',#5126,.T.);
#5126=EDGE_LOOP('',(#5127,#5128,#5129));
#5127=ORIENTED_EDGE('',*,*,#5130,.T.);
#5128=ORIENTED_EDGE('',*,*,#5131,.T.);
#5129=ORIENTED_EDGE('',*,*,#5132,.T.);
#5130=EDGE_CURVE('',#107,#139,#5133,.F.);
#5131=EDGE_CURVE('',#139,#95,#5134,.T.);
#5132=EDGE_CURVE('',#95,#107,#5135,.T.);
#5133=LINE('',#106,#5136);
#5134=LINE('',#138,#5137);
#5135=LINE('',#94,#5138);
#5136=VECTOR('',#5139,1.0);
#5137=VECTOR('',#5140,1.0);
#5138=VECTOR('',#5141,1.0);
#5139=DIRECTION('',(0.1949438963843187,0.9808143949099136,0));
#5140=DIRECTION('',(-0.42628801504820474,0.9045874906421499,0));
#5141=DIRECTION('',(0.4011226815868576,-0.916024341552433,0));
#5142=FACE_SURFACE('',(#5147),#5143,.T.);
#5143=PLANE('',#5144);
#5144=AXIS2_PLACEMENT_3D('',#404,#5145,#5146);
#5145=DIRECTION('',(0,0,1));
#5146=DIRECTION('',(-0.44402019418309546,-0.8960167783906761,0));
#5147=FACE_BOUND('',#5148,.T.);
#5148=EDGE_LOOP('',(#5149,#5150,#5151));
#5149=ORIENTED_EDGE('',*,*,#5152,.T.);
#5150=ORIENTED_EDGE('',*,*,#5153,.T.);
#5151=ORIENTED_EDGE('',*,*,#5154,.T.);
#5152=EDGE_CURVE('',#405,#55,#5155,.F.);
#5153=EDGE_CURVE('',#55,#407,#5156,.T.);
#5154=EDGE_CURVE('',#407,#405,#5157,.T.);
#5155=LINE('',#404,#5158);
#5156=LINE('',#54,#5159);
#5157=LINE('',#406,#5160);
#5158=VECTOR('',#5161,1.0);
#5159=VECTOR('',#5162,1.0);
#5160=VECTOR('',#5163,1.0);
#5161=DIRECTION('',(-0.44402019418309546,-0.8960167783906761,0));
#5162=DIRECTION('',(0.4538139680024759,0.8910964495753801,0));
#5163=DIRECTION('',(-0.7525733602012215,0.6585084187126559,0));
#5164=FACE_SURFACE('',(#5169),#5165,.T.);
#5165=PLANE('',#5166);
#5166=AXIS2_PLACEMENT_3D('',#408,#5167,#5168);
#5167=DIRECTION('',(0,0,1));
#5168=DIRECTION('',(-0.4346749897871668,-0.9005873934569185,0));
#5169=FACE_BOUND('',#5170,.T.);
#5170=EDGE_LOOP('',(#5171,#5172,#5173));
#5171=ORIENTED_EDGE('',*,*,#5174,.T.);
#5172=ORIENTED_EDGE('',*,*,#5175,.T.);
#5173=ORIENTED_EDGE('',*,*,#5176,.T.);
#5174=EDGE_CURVE('',#409,#55,#5177,.F.);
#5175=EDGE_CURVE('',#55,#405,#5178,.T.);
#5176=EDGE_CURVE('',#405,#409,#5179,.T.);
#5177=LINE('',#408,#5180);
#5178=LINE('',#54,#5181);
#5179=LINE('',#404,#5182);
#5180=VECTOR('',#5183,1.0);
#5181=VECTOR('',#5184,1.0);
#5182=VECTOR('',#5185,1.0);
#5183=DIRECTION('',(-0.4346749897871668,-0.9005873934569185,0));
#5184=DIRECTION('',(0.44402019418309546,0.8960167783906761,0));
#5185=DIRECTION('',(-0.6585084187126559,0.7525733602012215,0));
#5186=FACE_SURFACE('',(#5191),#5187,.T.);
#5187=PLANE('',#5188);
#5188=AXIS2_PLACEMENT_3D('',#144,#5189,#5190);
#5189=DIRECTION('',(0,0,1));
#5190=DIRECTION('',(-0.08821263954074017,0.996101666611022,0));
#5191=FACE_BOUND('',#5192,.T.);
#5192=EDGE_LOOP('',(#5193,#5194,#5195));
#5193=ORIENTED_EDGE('',*,*,#5196,.T.);
#5194=ORIENTED_EDGE('',*,*,#5197,.T.);
#5195=ORIENTED_EDGE('',*,*,#5198,.T.);
#5196=EDGE_CURVE('',#145,#95,#5199,.F.);
#5197=EDGE_CURVE('',#95,#137,#5200,.T.);
#5198=EDGE_CURVE('',#137,#145,#5201,.T.);
#5199=LINE('',#144,#5202);
#5200=LINE('',#94,#5203);
#5201=LINE('',#136,#5204);
#5202=VECTOR('',#5205,1.0);
#5203=VECTOR('',#5206,1.0);
#5204=VECTOR('',#5207,1.0);
#5205=DIRECTION('',(-0.08821263954074017,0.996101666611022,0));
#5206=DIRECTION('',(0.048942257611886086,-0.9988016096401987,0));
#5207=DIRECTION('',(0.9978356914167446,0.06575661894339951,0));
#5208=FACE_SURFACE('',(#5213),#5209,.T.);
#5209=PLANE('',#5210);
#5210=AXIS2_PLACEMENT_3D('',#410,#5211,#5212);
#5211=DIRECTION('',(0,0,1));
#5212=DIRECTION('',(-0.42594783663021424,-0.9047477220032335,0));
#5213=FACE_BOUND('',#5214,.T.);
#5214=EDGE_LOOP('',(#5215,#5216,#5217));
#5215=ORIENTED_EDGE('',*,*,#5218,.T.);
#5216=ORIENTED_EDGE('',*,*,#5219,.T.);
#5217=ORIENTED_EDGE('',*,*,#5220,.T.);
#5218=EDGE_CURVE('',#411,#55,#5221,.F.);
#5219=EDGE_CURVE('',#55,#409,#5222,.T.);
#5220=EDGE_CURVE('',#409,#411,#5223,.T.);
#5221=LINE('',#410,#5224);
#5222=LINE('',#54,#5225);
#5223=LINE('',#408,#5226);
#5224=VECTOR('',#5227,1.0);
#5225=VECTOR('',#5228,1.0);
#5226=VECTOR('',#5229,1.0);
#5227=DIRECTION('',(-0.42594783663021424,-0.9047477220032335,0));
#5228=DIRECTION('',(0.4346749897871668,0.9005873934569185,0));
#5229=DIRECTION('',(-0.5563233425683655,0.8309659069501956,0));
#5230=FACE_SURFACE('',(#5235),#5231,.T.);
#5231=PLANE('',#5232);
#5232=AXIS2_PLACEMENT_3D('',#412,#5233,#5234);
#5233=DIRECTION('',(0,-0,1));
#5234=DIRECTION('',(0.06340270920603859,0.9979880242093763,0));
#5235=FACE_BOUND('',#5236,.T.);
#5236=EDGE_LOOP('',(#5237,#5238,#5239));
#5237=ORIENTED_EDGE('',*,*,#5240,.T.);
#5238=ORIENTED_EDGE('',*,*,#5241,.T.);
#5239=ORIENTED_EDGE('',*,*,#5242,.T.);
#5240=EDGE_CURVE('',#413,#129,#5243,.F.);
#5241=EDGE_CURVE('',#129,#55,#5244,.T.);
#5242=EDGE_CURVE('',#55,#413,#5245,.T.);
#5243=LINE('',#412,#5246);
#5244=LINE('',#128,#5247);
#5245=LINE('',#54,#5248);
#5246=VECTOR('',#5249,1.0);
#5247=VECTOR('',#5250,1.0);
#5248=VECTOR('',#5251,1.0);
#5249=DIRECTION('',(0.06340270920603859,0.9979880242093763,0));
#5250=DIRECTION('',(-0.397413044500611,-0.9176398378779963,0));
#5251=DIRECTION('',(0.40077613554753405,0.916176014298336,0));
#5252=FACE_SURFACE('',(#5257),#5253,.T.);
#5253=PLANE('',#5254);
#5254=AXIS2_PLACEMENT_3D('',#414,#5255,#5256);
#5255=DIRECTION('',(0,0,1));
#5256=DIRECTION('',(-0.06340270920603859,0.9979880242093763,0));
#5257=FACE_BOUND('',#5258,.T.);
#5258=EDGE_LOOP('',(#5259,#5260,#5261));
#5259=ORIENTED_EDGE('',*,*,#5262,.T.);
#5260=ORIENTED_EDGE('',*,*,#5263,.T.);
#5261=ORIENTED_EDGE('',*,*,#5264,.T.);
#5262=EDGE_CURVE('',#415,#413,#5265,.F.);
#5263=EDGE_CURVE('',#413,#55,#5266,.T.);
#5264=EDGE_CURVE('',#55,#415,#5267,.T.);
#5265=LINE('',#414,#5268);
#5266=LINE('',#412,#5269);
#5267=LINE('',#54,#5270);
#5268=VECTOR('',#5271,1.0);
#5269=VECTOR('',#5272,1.0);
#5270=VECTOR('',#5273,1.0);
#5271=DIRECTION('',(-0.06340270920603859,0.9979880242093763,0));
#5272=DIRECTION('',(-0.40077613554753405,-0.916176014298336,0));
#5273=DIRECTION('',(0.40536347463700506,0.9141555958534708,0));
#5274=FACE_SURFACE('',(#5279),#5275,.T.);
#5275=PLANE('',#5276);
#5276=AXIS2_PLACEMENT_3D('',#128,#5277,#5278);
#5277=DIRECTION('',(0,0,1));
#5278=DIRECTION('',(-0.009550477201188888,0.9999543931526226,0));
#5279=FACE_BOUND('',#5280,.T.);
#5280=EDGE_LOOP('',(#5281,#5282,#5283));
#5281=ORIENTED_EDGE('',*,*,#5284,.T.);
#5282=ORIENTED_EDGE('',*,*,#5285,.T.);
#5283=ORIENTED_EDGE('',*,*,#5286,.T.);
#5284=EDGE_CURVE('',#129,#113,#5287,.F.);
#5285=EDGE_CURVE('',#113,#55,#5288,.T.);
#5286=EDGE_CURVE('',#55,#129,#5289,.T.);
#5287=LINE('',#128,#5290);
#5288=LINE('',#112,#5291);
#5289=LINE('',#54,#5292);
#5290=VECTOR('',#5293,1.0);
#5291=VECTOR('',#5294,1.0);
#5292=VECTOR('',#5295,1.0);
#5293=DIRECTION('',(-0.009550477201188888,0.9999543931526226,0));
#5294=DIRECTION('',(-0.37235259222744677,-0.9280913462916788,0));
#5295=DIRECTION('',(0.397413044500611,0.9176398378779963,0));
#5296=FACE_SURFACE('',(#5301),#5297,.T.);
#5297=PLANE('',#5298);
#5298=AXIS2_PLACEMENT_3D('',#136,#5299,#5300);
#5299=DIRECTION('',(0,0,1));
#5300=DIRECTION('',(-0.048942257611886086,0.9988016096401987,0));
#5301=FACE_BOUND('',#5302,.T.);
#5302=EDGE_LOOP('',(#5303,#5304,#5305));
#5303=ORIENTED_EDGE('',*,*,#5306,.T.);
#5304=ORIENTED_EDGE('',*,*,#5307,.T.);
#5305=ORIENTED_EDGE('',*,*,#5308,.T.);
#5306=EDGE_CURVE('',#137,#95,#5309,.F.);
#5307=EDGE_CURVE('',#95,#55,#5310,.T.);
#5308=EDGE_CURVE('',#55,#137,#5311,.T.);
#5309=LINE('',#136,#5312);
#5310=LINE('',#94,#5313);
#5311=LINE('',#54,#5314);
#5312=VECTOR('',#5315,1.0);
#5313=VECTOR('',#5316,1.0);
#5314=VECTOR('',#5317,1.0);
#5315=DIRECTION('',(-0.048942257611886086,0.9988016096401987,0));
#5316=DIRECTION('',(-0.46384839406745726,-0.8859145936945845,0));
#5317=DIRECTION('',(1,0,0));
#5318=FACE_SURFACE('',(#5323),#5319,.T.);
#5319=PLANE('',#5320);
#5320=AXIS2_PLACEMENT_3D('',#416,#5321,#5322);
#5321=DIRECTION('',(0,0,-1));
#5322=DIRECTION('',(0.7514861391324662,0.6597488785074056,0));
#5323=FACE_BOUND('',#5324,.T.);
#5324=EDGE_LOOP('',(#5325,#5326,#5327));
#5325=ORIENTED_EDGE('',*,*,#5328,.T.);
#5326=ORIENTED_EDGE('',*,*,#5329,.T.);
#5327=ORIENTED_EDGE('',*,*,#5330,.T.);
#5328=EDGE_CURVE('',#417,#419,#5331,.F.);
#5329=EDGE_CURVE('',#419,#421,#5332,.T.);
#5330=EDGE_CURVE('',#421,#417,#5333,.T.);
#5331=LINE('',#416,#5334);
#5332=LINE('',#418,#5335);
#5333=LINE('',#420,#5336);
#5334=VECTOR('',#5337,1.0);
#5335=VECTOR('',#5338,1.0);
#5336=VECTOR('',#5339,1.0);
#5337=DIRECTION('',(0.7514861391324662,0.6597488785074056,0));
#5338=DIRECTION('',(0.5579593954590173,-0.8298682503982232,0));
#5339=DIRECTION('',(-0.7071067811865476,0.7071067811865476,0));
#5340=FACE_SURFACE('',(#5345),#5341,.T.);
#5341=PLANE('',#5342);
#5342=AXIS2_PLACEMENT_3D('',#398,#5343,#5344);
#5343=DIRECTION('',(0,0,-1));
#5344=DIRECTION('',(0.6597488785074056,0.7514861391324662,0));
#5345=FACE_BOUND('',#5346,.T.);
#5346=EDGE_LOOP('',(#5347,#5348,#5349));
#5347=ORIENTED_EDGE('',*,*,#5350,.T.);
#5348=ORIENTED_EDGE('',*,*,#5351,.T.);
#5349=ORIENTED_EDGE('',*,*,#5352,.T.);
#5350=EDGE_CURVE('',#399,#417,#5353,.F.);
#5351=EDGE_CURVE('',#417,#421,#5354,.T.);
#5352=EDGE_CURVE('',#421,#399,#5355,.T.);
#5353=LINE('',#398,#5356);
#5354=LINE('',#416,#5357);
#5355=LINE('',#420,#5358);
#5356=VECTOR('',#5359,1.0);
#5357=VECTOR('',#5360,1.0);
#5358=VECTOR('',#5361,1.0);
#5359=DIRECTION('',(0.6597488785074056,0.7514861391324662,0));
#5360=DIRECTION('',(0.7071067811865476,-0.7071067811865476,0));
#5361=DIRECTION('',(-0.8298682503982232,0.5579593954590173,0));
#5362=FACE_SURFACE('',(#5367),#5363,.T.);
#5363=PLANE('',#5364);
#5364=AXIS2_PLACEMENT_3D('',#422,#5365,#5366);
#5365=DIRECTION('',(0,0,1));
#5366=DIRECTION('',(-0.984527427835005,0.17523054482763328,0));
#5367=FACE_BOUND('',#5368,.T.);
#5368=EDGE_LOOP('',(#5369,#5370,#5371));
#5369=ORIENTED_EDGE('',*,*,#5372,.T.);
#5370=ORIENTED_EDGE('',*,*,#5373,.T.);
#5371=ORIENTED_EDGE('',*,*,#5374,.T.);
#5372=EDGE_CURVE('',#423,#117,#5375,.F.);
#5373=EDGE_CURVE('',#117,#425,#5376,.T.);
#5374=EDGE_CURVE('',#425,#423,#5377,.T.);
#5375=LINE('',#422,#5378);
#5376=LINE('',#116,#5379);
#5377=LINE('',#424,#5380);
#5378=VECTOR('',#5381,1.0);
#5379=VECTOR('',#5382,1.0);
#5380=VECTOR('',#5383,1.0);
#5381=DIRECTION('',(-0.984527427835005,0.17523054482763328,0));
#5382=DIRECTION('',(0.9753232370762278,-0.22078175472431666,0));
#5383=DIRECTION('',(-0.44250073223002606,0.8967681428194753,0));
#5384=FACE_SURFACE('',(#5389),#5385,.T.);
#5385=PLANE('',#5386);
#5386=AXIS2_PLACEMENT_3D('',#368,#5387,#5388);
#5387=DIRECTION('',(0,0,1));
#5388=DIRECTION('',(-0.6585084187126559,0.7525733602012215,0));
#5389=FACE_BOUND('',#5390,.T.);
#5390=EDGE_LOOP('',(#5391,#5392,#5393));
#5391=ORIENTED_EDGE('',*,*,#5394,.T.);
#5392=ORIENTED_EDGE('',*,*,#5395,.T.);
#5393=ORIENTED_EDGE('',*,*,#5396,.T.);
#5394=EDGE_CURVE('',#369,#427,#5397,.F.);
#5395=EDGE_CURVE('',#427,#113,#5398,.T.);
#5396=EDGE_CURVE('',#113,#369,#5399,.T.);
#5397=LINE('',#368,#5400);
#5398=LINE('',#426,#5401);
#5399=LINE('',#112,#5402);
#5400=VECTOR('',#5403,1.0);
#5401=VECTOR('',#5404,1.0);
#5402=VECTOR('',#5405,1.0);
#5403=DIRECTION('',(-0.6585084187126559,0.7525733602012215,0));
#5404=DIRECTION('',(-0.0089873999043285,-0.9999596125059049,0));
#5405=DIRECTION('',(0.012786398763719103,0.9999182506618505,0));
#5406=FACE_SURFACE('',(#5411),#5407,.T.);
#5407=PLANE('',#5408);
#5408=AXIS2_PLACEMENT_3D('',#142,#5409,#5410);
#5409=DIRECTION('',(0,0,-1));
#5410=DIRECTION('',(-0.32838954812675913,0.9445423784463579,0));
#5411=FACE_BOUND('',#5412,.T.);
#5412=EDGE_LOOP('',(#5413,#5414,#5415));
#5413=ORIENTED_EDGE('',*,*,#5416,.T.);
#5414=ORIENTED_EDGE('',*,*,#5417,.T.);
#5415=ORIENTED_EDGE('',*,*,#5418,.T.);
#5416=EDGE_CURVE('',#143,#81,#5419,.F.);
#5417=EDGE_CURVE('',#81,#141,#5420,.T.);
#5418=EDGE_CURVE('',#141,#143,#5421,.T.);
#5419=LINE('',#142,#5422);
#5420=LINE('',#80,#5423);
#5421=LINE('',#140,#5424);
#5422=VECTOR('',#5425,1.0);
#5423=VECTOR('',#5426,1.0);
#5424=VECTOR('',#5427,1.0);
#5425=DIRECTION('',(-0.32838954812675913,0.9445423784463579,0));
#5426=DIRECTION('',(0.3562390732671751,-0.9343948430282266,0));
#5427=DIRECTION('',(-0.32103662149200884,-0.9470667809932923,0));
#5428=FACE_SURFACE('',(#5433),#5429,.T.);
#5429=PLANE('',#5430);
#5430=AXIS2_PLACEMENT_3D('',#140,#5431,#5432);
#5431=DIRECTION('',(0,0,-1));
#5432=DIRECTION('',(-0.3562390732671751,0.9343948430282266,0));
#5433=FACE_BOUND('',#5434,.T.);
#5434=EDGE_LOOP('',(#5435,#5436,#5437));
#5435=ORIENTED_EDGE('',*,*,#5438,.T.);
#5436=ORIENTED_EDGE('',*,*,#5439,.T.);
#5437=ORIENTED_EDGE('',*,*,#5440,.T.);
#5438=EDGE_CURVE('',#141,#81,#5441,.F.);
#5439=EDGE_CURVE('',#81,#83,#5442,.T.);
#5440=EDGE_CURVE('',#83,#141,#5443,.T.);
#5441=LINE('',#140,#5444);
#5442=LINE('',#80,#5445);
#5443=LINE('',#82,#5446);
#5444=VECTOR('',#5447,1.0);
#5445=VECTOR('',#5448,1.0);
#5446=VECTOR('',#5449,1.0);
#5447=DIRECTION('',(-0.3562390732671751,0.9343948430282266,0));
#5448=DIRECTION('',(0.3810862015557486,-0.9245395107748567,0));
#5449=DIRECTION('',(-0.1949438963843187,-0.9808143949099136,0));
#5450=FACE_SURFACE('',(#5455),#5451,.T.);
#5451=PLANE('',#5452);
#5452=AXIS2_PLACEMENT_3D('',#428,#5453,#5454);
#5453=DIRECTION('',(0,0,1));
#5454=DIRECTION('',(-0.9925471612854778,0.12186112023176149,0));
#5455=FACE_BOUND('',#5456,.T.);
#5456=EDGE_LOOP('',(#5457,#5458,#5459));
#5457=ORIENTED_EDGE('',*,*,#5460,.T.);
#5458=ORIENTED_EDGE('',*,*,#5461,.T.);
#5459=ORIENTED_EDGE('',*,*,#5462,.T.);
#5460=EDGE_CURVE('',#429,#117,#5463,.F.);
#5461=EDGE_CURVE('',#117,#423,#5464,.T.);
#5462=EDGE_CURVE('',#423,#429,#5465,.T.);
#5463=LINE('',#428,#5466);
#5464=LINE('',#116,#5467);
#5465=LINE('',#422,#5468);
#5466=VECTOR('',#5469,1.0);
#5467=VECTOR('',#5470,1.0);
#5468=VECTOR('',#5471,1.0);
#5469=DIRECTION('',(-0.9925471612854778,0.12186112023176149,0));
#5470=DIRECTION('',(0.984527427835005,-0.17523054482763328,0));
#5471=DIRECTION('',(-0.32185348821579046,0.946789486698774,0));
#5472=FACE_SURFACE('',(#5477),#5473,.T.);
#5473=PLANE('',#5474);
#5474=AXIS2_PLACEMENT_3D('',#424,#5475,#5476);
#5475=DIRECTION('',(0,0,1));
#5476=DIRECTION('',(-0.9753232370762278,0.22078175472431666,0));
#5477=FACE_BOUND('',#5478,.T.);
#5478=EDGE_LOOP('',(#5479,#5480,#5481));
#5479=ORIENTED_EDGE('',*,*,#5482,.T.);
#5480=ORIENTED_EDGE('',*,*,#5483,.T.);
#5481=ORIENTED_EDGE('',*,*,#5484,.T.);
#5482=EDGE_CURVE('',#425,#117,#5485,.F.);
#5483=EDGE_CURVE('',#117,#427,#5486,.T.);
#5484=EDGE_CURVE('',#427,#425,#5487,.T.);
#5485=LINE('',#424,#5488);
#5486=LINE('',#116,#5489);
#5487=LINE('',#426,#5490);
#5488=VECTOR('',#5491,1.0);
#5489=VECTOR('',#5492,1.0);
#5490=VECTOR('',#5493,1.0);
#5491=DIRECTION('',(-0.9753232370762278,0.22078175472431666,0));
#5492=DIRECTION('',(0.9661917002692867,-0.2578247434416351,0));
#5493=DIRECTION('',(-0.5563233425683655,0.8309659069501956,0));
#5494=FACE_SURFACE('',(#5499),#5495,.T.);
#5495=PLANE('',#5496);
#5496=AXIS2_PLACEMENT_3D('',#430,#5497,#5498);
#5497=DIRECTION('',(0,0,1));
#5498=DIRECTION('',(-0.9980382300980493,0.06260743775904958,0));
#5499=FACE_BOUND('',#5500,.T.);
#5500=EDGE_LOOP('',(#5501,#5502,#5503));
#5501=ORIENTED_EDGE('',*,*,#5504,.T.);
#5502=ORIENTED_EDGE('',*,*,#5505,.T.);
#5503=ORIENTED_EDGE('',*,*,#5506,.T.);
#5504=EDGE_CURVE('',#431,#117,#5507,.F.);
#5505=EDGE_CURVE('',#117,#429,#5508,.T.);
#5506=EDGE_CURVE('',#429,#431,#5509,.T.);
#5507=LINE('',#430,#5510);
#5508=LINE('',#116,#5511);
#5509=LINE('',#428,#5512);
#5510=VECTOR('',#5513,1.0);
#5511=VECTOR('',#5514,1.0);
#5512=VECTOR('',#5515,1.0);
#5513=DIRECTION('',(-0.9980382300980493,0.06260743775904958,0));
#5514=DIRECTION('',(0.9925471612854778,-0.12186112023176149,0));
#5515=DIRECTION('',(-0.19521195404843472,0.9807610784470353,0));
#5516=FACE_SURFACE('',(#5521),#5517,.T.);
#5517=PLANE('',#5518);
#5518=AXIS2_PLACEMENT_3D('',#418,#5519,#5520);
#5519=DIRECTION('',(0,0,-1));
#5520=DIRECTION('',(0.8318146584153101,0.5550534875536058,0));
#5521=FACE_BOUND('',#5522,.T.);
#5522=EDGE_LOOP('',(#5523,#5524,#5525));
#5523=ORIENTED_EDGE('',*,*,#5526,.T.);
#5524=ORIENTED_EDGE('',*,*,#5527,.T.);
#5525=ORIENTED_EDGE('',*,*,#5528,.T.);
#5526=EDGE_CURVE('',#419,#433,#5529,.F.);
#5527=EDGE_CURVE('',#433,#435,#5530,.T.);
#5528=EDGE_CURVE('',#435,#419,#5531,.T.);
#5529=LINE('',#418,#5532);
#5530=LINE('',#432,#5533);
#5531=LINE('',#434,#5534);
#5532=VECTOR('',#5535,1.0);
#5533=VECTOR('',#5536,1.0);
#5534=VECTOR('',#5537,1.0);
#5535=DIRECTION('',(0.8318146584153101,0.5550534875536058,0));
#5536=DIRECTION('',(0.5000603226568506,-0.8659905736809879,0));
#5537=DIRECTION('',(-0.6572212774370642,0.7536976797655631,0));
#5538=FACE_SURFACE('',(#5543),#5539,.T.);
#5539=PLANE('',#5540);
#5540=AXIS2_PLACEMENT_3D('',#156,#5541,#5542);
#5541=DIRECTION('',(0,0,-1));
#5542=DIRECTION('',(-0.11879890932131192,0.9929183345794692,0));
#5543=FACE_BOUND('',#5544,.T.);
#5544=EDGE_LOOP('',(#5545,#5546,#5547));
#5545=ORIENTED_EDGE('',*,*,#5548,.T.);
#5546=ORIENTED_EDGE('',*,*,#5549,.T.);
#5547=ORIENTED_EDGE('',*,*,#5550,.T.);
#5548=EDGE_CURVE('',#157,#81,#5551,.F.);
#5549=EDGE_CURVE('',#81,#155,#5552,.T.);
#5550=EDGE_CURVE('',#155,#157,#5553,.T.);
#5551=LINE('',#156,#5554);
#5552=LINE('',#80,#5555);
#5553=LINE('',#154,#5556);
#5554=VECTOR('',#5557,1.0);
#5555=VECTOR('',#5558,1.0);
#5556=VECTOR('',#5559,1.0);
#5557=DIRECTION('',(-0.11879890932131192,0.9929183345794692,0));
#5558=DIRECTION('',(0.1572202684307859,-0.987563561090906,0));
#5559=DIRECTION('',(-0.8967098746805312,-0.44261879834732065,0));
#5560=FACE_SURFACE('',(#5565),#5561,.T.);
#5561=PLANE('',#5562);
#5562=AXIS2_PLACEMENT_3D('',#350,#5563,#5564);
#5563=DIRECTION('',(0,0,1));
#5564=DIRECTION('',(-1,0,0));
#5565=FACE_BOUND('',#5566,.T.);
#5566=EDGE_LOOP('',(#5567,#5568,#5569));
#5567=ORIENTED_EDGE('',*,*,#5570,.T.);
#5568=ORIENTED_EDGE('',*,*,#5571,.T.);
#5569=ORIENTED_EDGE('',*,*,#5572,.T.);
#5570=EDGE_CURVE('',#351,#117,#5573,.F.);
#5571=EDGE_CURVE('',#117,#431,#5574,.T.);
#5572=EDGE_CURVE('',#431,#351,#5575,.T.);
#5573=LINE('',#350,#5576);
#5574=LINE('',#116,#5577);
#5575=LINE('',#430,#5578);
#5576=VECTOR('',#5579,1.0);
#5577=VECTOR('',#5580,1.0);
#5578=VECTOR('',#5581,1.0);
#5579=DIRECTION('',(-1,0,0));
#5580=DIRECTION('',(0.9980382300980493,-0.06260743775904958,0));
#5581=DIRECTION('',(-0.06340270920603859,0.9979880242093763,0));
#5582=FACE_SURFACE('',(#5587),#5583,.T.);
#5583=PLANE('',#5584);
#5584=AXIS2_PLACEMENT_3D('',#436,#5585,#5586);
#5585=DIRECTION('',(0.5563233425683656,0.8309659069501956,-0));
#5586=DIRECTION('',(0,0,1));
#5587=FACE_BOUND('',#5588,.T.);
#5588=EDGE_LOOP('',(#5589,#5590,#5591));
#5589=ORIENTED_EDGE('',*,*,#5592,.T.);
#5590=ORIENTED_EDGE('',*,*,#5593,.T.);
#5591=ORIENTED_EDGE('',*,*,#5594,.T.);
#5592=EDGE_CURVE('',#437,#407,#5595,.F.);
#5593=EDGE_CURVE('',#407,#439,#5596,.T.);
#5594=EDGE_CURVE('',#439,#437,#5597,.T.);
#5595=LINE('',#436,#5598);
#5596=LINE('',#406,#5599);
#5597=LINE('',#438,#5600);
#5598=VECTOR('',#5601,1.0);
#5599=VECTOR('',#5602,1.0);
#5600=VECTOR('',#5603,1.0);
#5601=DIRECTION('',(0,0,1));
#5602=DIRECTION('',(0.020816999543306507,-0.013936772461196206,-0.9996861602039807));
#5603=DIRECTION('',(-0.8309659069501956,0.5563233425683655,0));
#5604=FACE_SURFACE('',(#5609),#5605,.T.);
#5605=PLANE('',#5606);
#5606=AXIS2_PLACEMENT_3D('',#146,#5607,#5608);
#5607=DIRECTION('',(-0,0,-1));
#5608=DIRECTION('',(-0.5550568520398701,-0.8318124133502635,0));
#5609=FACE_BOUND('',#5610,.T.);
#5610=EDGE_LOOP('',(#5611,#5612,#5613));
#5611=ORIENTED_EDGE('',*,*,#5614,.T.);
#5612=ORIENTED_EDGE('',*,*,#5615,.T.);
#5613=ORIENTED_EDGE('',*,*,#5616,.T.);
#5614=EDGE_CURVE('',#147,#149,#5617,.F.);
#5615=EDGE_CURVE('',#149,#81,#5618,.T.);
#5616=EDGE_CURVE('',#81,#147,#5619,.T.);
#5617=LINE('',#146,#5620);
#5618=LINE('',#148,#5621);
#5619=LINE('',#80,#5622);
#5620=VECTOR('',#5623,1.0);
#5621=VECTOR('',#5624,1.0);
#5622=VECTOR('',#5625,1.0);
#5623=DIRECTION('',(-0.5550568520398701,-0.8318124133502635,0));
#5624=DIRECTION('',(-0.26529243284793785,0.964167996291944,0));
#5625=DIRECTION('',(0.29793226437042375,-0.9545870132403393,0));
#5626=FACE_SURFACE('',(#5631),#5627,.T.);
#5627=PLANE('',#5628);
#5628=AXIS2_PLACEMENT_3D('',#150,#5629,#5630);
#5629=DIRECTION('',(0,0,-1));
#5630=DIRECTION('',(-0.23073955114000724,0.9730155494850573,0));
#5631=FACE_BOUND('',#5632,.T.);
#5632=EDGE_LOOP('',(#5633,#5634,#5635));
#5633=ORIENTED_EDGE('',*,*,#5636,.T.);
#5634=ORIENTED_EDGE('',*,*,#5637,.T.);
#5635=ORIENTED_EDGE('',*,*,#5638,.T.);
#5636=EDGE_CURVE('',#151,#81,#5639,.F.);
#5637=EDGE_CURVE('',#81,#149,#5640,.T.);
#5638=EDGE_CURVE('',#149,#151,#5641,.T.);
#5639=LINE('',#150,#5642);
#5640=LINE('',#80,#5643);
#5641=LINE('',#148,#5644);
#5642=VECTOR('',#5645,1.0);
#5643=VECTOR('',#5646,1.0);
#5644=VECTOR('',#5647,1.0);
#5645=DIRECTION('',(-0.23073955114000724,0.9730155494850573,0));
#5646=DIRECTION('',(0.26529243284793785,-0.964167996291944,0));
#5647=DIRECTION('',(-0.6597474326431697,-0.7514874084911511,0));
#5648=FACE_SURFACE('',(#5653),#5649,.T.);
#5649=PLANE('',#5650);
#5650=AXIS2_PLACEMENT_3D('',#152,#5651,#5652);
#5651=DIRECTION('',(0,0,-1));
#5652=DIRECTION('',(-0.19463414081737632,0.9808759102089732,0));
#5653=FACE_BOUND('',#5654,.T.);
#5654=EDGE_LOOP('',(#5655,#5656,#5657));
#5655=ORIENTED_EDGE('',*,*,#5658,.T.);
#5656=ORIENTED_EDGE('',*,*,#5659,.T.);
#5657=ORIENTED_EDGE('',*,*,#5660,.T.);
#5658=EDGE_CURVE('',#153,#81,#5661,.F.);
#5659=EDGE_CURVE('',#81,#151,#5662,.T.);
#5660=EDGE_CURVE('',#151,#153,#5663,.T.);
#5661=LINE('',#152,#5664);
#5662=LINE('',#80,#5665);
#5663=LINE('',#150,#5666);
#5664=VECTOR('',#5667,1.0);
#5665=VECTOR('',#5668,1.0);
#5666=VECTOR('',#5669,1.0);
#5667=DIRECTION('',(-0.19463414081737632,0.9808759102089732,0));
#5668=DIRECTION('',(0.23073955114000724,-0.9730155494850573,0));
#5669=DIRECTION('',(-0.7514874084911511,-0.6597474326431697,0));
#5670=FACE_SURFACE('',(#5675),#5671,.T.);
#5671=PLANE('',#5672);
#5672=AXIS2_PLACEMENT_3D('',#164,#5673,#5674);
#5673=DIRECTION('',(0,0,-1));
#5674=DIRECTION('',(-0.07960821661267971,0.9968262295143264,0));
#5675=FACE_BOUND('',#5676,.T.);
#5676=EDGE_LOOP('',(#5677,#5678,#5679));
#5677=ORIENTED_EDGE('',*,*,#5680,.T.);
#5678=ORIENTED_EDGE('',*,*,#5681,.T.);
#5679=ORIENTED_EDGE('',*,*,#5682,.T.);
#5680=EDGE_CURVE('',#165,#81,#5683,.F.);
#5681=EDGE_CURVE('',#81,#157,#5684,.T.);
#5682=EDGE_CURVE('',#157,#165,#5685,.T.);
#5683=LINE('',#164,#5686);
#5684=LINE('',#80,#5687);
#5685=LINE('',#156,#5688);
#5686=VECTOR('',#5689,1.0);
#5687=VECTOR('',#5690,1.0);
#5688=VECTOR('',#5691,1.0);
#5689=DIRECTION('',(-0.07960821661267971,0.9968262295143264,0));
#5690=DIRECTION('',(0.11879890932131192,-0.9929183345794692,0));
#5691=DIRECTION('',(-0.9470667809932923,-0.32103662149200884,0));
#5692=FACE_SURFACE('',(#5697),#5693,.T.);
#5693=PLANE('',#5694);
#5694=AXIS2_PLACEMENT_3D('',#208,#5695,#5696);
#5695=DIRECTION('',(0,0,-1));
#5696=DIRECTION('',(-0.039924060077456865,0.9992027168832815,0));
#5697=FACE_BOUND('',#5698,.T.);
#5698=EDGE_LOOP('',(#5699,#5700,#5701));
#5699=ORIENTED_EDGE('',*,*,#5702,.T.);
#5700=ORIENTED_EDGE('',*,*,#5703,.T.);
#5701=ORIENTED_EDGE('',*,*,#5704,.T.);
#5702=EDGE_CURVE('',#209,#81,#5705,.F.);
#5703=EDGE_CURVE('',#81,#165,#5706,.T.);
#5704=EDGE_CURVE('',#165,#209,#5707,.T.);
#5705=LINE('',#208,#5708);
#5706=LINE('',#80,#5709);
#5707=LINE('',#164,#5710);
#5708=VECTOR('',#5711,1.0);
#5709=VECTOR('',#5712,1.0);
#5710=VECTOR('',#5713,1.0);
#5711=DIRECTION('',(-0.039924060077456865,0.9992027168832815,0));
#5712=DIRECTION('',(0.07960821661267971,-0.9968262295143264,0));
#5713=DIRECTION('',(-0.9808143949099136,-0.1949438963843187,0));
#5714=FACE_SURFACE('',(#5719),#5715,.T.);
#5715=PLANE('',#5716);
#5716=AXIS2_PLACEMENT_3D('',#154,#5717,#5718);
#5717=DIRECTION('',(0,0,-1));
#5718=DIRECTION('',(-0.1572202684307859,0.987563561090906,0));
#5719=FACE_BOUND('',#5720,.T.);
#5720=EDGE_LOOP('',(#5721,#5722,#5723));
#5721=ORIENTED_EDGE('',*,*,#5724,.T.);
#5722=ORIENTED_EDGE('',*,*,#5725,.T.);
#5723=ORIENTED_EDGE('',*,*,#5726,.T.);
#5724=EDGE_CURVE('',#155,#81,#5727,.F.);
#5725=EDGE_CURVE('',#81,#153,#5728,.T.);
#5726=EDGE_CURVE('',#153,#155,#5729,.T.);
#5727=LINE('',#154,#5730);
#5728=LINE('',#80,#5731);
#5729=LINE('',#152,#5732);
#5730=VECTOR('',#5733,1.0);
#5731=VECTOR('',#5734,1.0);
#5732=VECTOR('',#5735,1.0);
#5733=DIRECTION('',(-0.1572202684307859,0.987563561090906,0));
#5734=DIRECTION('',(0.19463414081737632,-0.9808759102089732,0));
#5735=DIRECTION('',(-0.8318124133502635,-0.5550568520398701,0));
#5736=FACE_SURFACE('',(#5741),#5737,.T.);
#5737=PLANE('',#5738);
#5738=AXIS2_PLACEMENT_3D('',#298,#5739,#5740);
#5739=DIRECTION('',(-0,0,-1));
#5740=DIRECTION('',(-0.9467853630415819,-0.3218656184344952,0));
#5741=FACE_BOUND('',#5742,.T.);
#5742=EDGE_LOOP('',(#5743,#5744,#5745));
#5743=ORIENTED_EDGE('',*,*,#5746,.T.);
#5744=ORIENTED_EDGE('',*,*,#5747,.T.);
#5745=ORIENTED_EDGE('',*,*,#5748,.T.);
#5746=EDGE_CURVE('',#299,#441,#5749,.F.);
#5747=EDGE_CURVE('',#441,#295,#5750,.T.);
#5748=EDGE_CURVE('',#295,#299,#5751,.T.);
#5749=LINE('',#298,#5752);
#5750=LINE('',#440,#5753);
#5751=LINE('',#294,#5754);
#5752=VECTOR('',#5755,1.0);
#5753=VECTOR('',#5756,1.0);
#5754=VECTOR('',#5757,1.0);
#5755=DIRECTION('',(-0.9467853630415819,-0.3218656184344952,0));
#5756=DIRECTION('',(-0.38265733490948367,0.9238903419995098,0));
#5757=DIRECTION('',(0.43971441441503156,-0.8981376474436676,0));
#5758=FACE_SURFACE('',(#5763),#5759,.T.);
#5759=PLANE('',#5760);
#5760=AXIS2_PLACEMENT_3D('',#432,#5761,#5762);
#5761=DIRECTION('',(0,0,-1));
#5762=DIRECTION('',(0.8967092885598917,0.4426199857783344,0));
#5763=FACE_BOUND('',#5764,.T.);
#5764=EDGE_LOOP('',(#5765,#5766,#5767));
#5765=ORIENTED_EDGE('',*,*,#5768,.T.);
#5766=ORIENTED_EDGE('',*,*,#5769,.T.);
#5767=ORIENTED_EDGE('',*,*,#5770,.T.);
#5768=EDGE_CURVE('',#433,#295,#5771,.F.);
#5769=EDGE_CURVE('',#295,#441,#5772,.T.);
#5770=EDGE_CURVE('',#441,#433,#5773,.T.);
#5771=LINE('',#432,#5774);
#5772=LINE('',#294,#5775);
#5773=LINE('',#440,#5776);
#5774=VECTOR('',#5777,1.0);
#5775=VECTOR('',#5778,1.0);
#5776=VECTOR('',#5779,1.0);
#5777=DIRECTION('',(0.8967092885598917,0.4426199857783344,0));
#5778=DIRECTION('',(0.38265733490948367,-0.9238903419995098,0));
#5779=DIRECTION('',(-0.5531695071410787,0.8330687224769011,0));
#5780=FACE_SURFACE('',(#5785),#5781,.T.);
#5781=PLANE('',#5782);
#5782=AXIS2_PLACEMENT_3D('',#440,#5783,#5784);
#5783=DIRECTION('',(-0,0,-1));
#5784=DIRECTION('',(-0.8967690218667381,-0.4424989507560144,0));
#5785=FACE_BOUND('',#5786,.T.);
#5786=EDGE_LOOP('',(#5787,#5788,#5789));
#5787=ORIENTED_EDGE('',*,*,#5790,.T.);
#5788=ORIENTED_EDGE('',*,*,#5791,.T.);
#5789=ORIENTED_EDGE('',*,*,#5792,.T.);
#5790=EDGE_CURVE('',#441,#435,#5793,.F.);
#5791=EDGE_CURVE('',#435,#433,#5794,.T.);
#5792=EDGE_CURVE('',#433,#441,#5795,.T.);
#5793=LINE('',#440,#5796);
#5794=LINE('',#434,#5797);
#5795=LINE('',#432,#5798);
#5796=VECTOR('',#5799,1.0);
#5797=VECTOR('',#5800,1.0);
#5798=VECTOR('',#5801,1.0);
#5799=DIRECTION('',(-0.8967690218667381,-0.4424989507560144,0));
#5800=DIRECTION('',(-0.5000603226568506,0.8659905736809879,0));
#5801=DIRECTION('',(0.5531695071410787,-0.8330687224769011,0));
#5802=FACE_SURFACE('',(#5807),#5803,.T.);
#5803=PLANE('',#5804);
#5804=AXIS2_PLACEMENT_3D('',#434,#5805,#5806);
#5805=DIRECTION('',(-0,0,-1));
#5806=DIRECTION('',(-0.8309659069501956,-0.5563233425683655,0));
#5807=FACE_BOUND('',#5808,.T.);
#5808=EDGE_LOOP('',(#5809,#5810,#5811));
#5809=ORIENTED_EDGE('',*,*,#5812,.T.);
#5810=ORIENTED_EDGE('',*,*,#5813,.T.);
#5811=ORIENTED_EDGE('',*,*,#5814,.T.);
#5812=EDGE_CURVE('',#435,#443,#5815,.F.);
#5813=EDGE_CURVE('',#443,#419,#5816,.T.);
#5814=EDGE_CURVE('',#419,#435,#5817,.T.);
#5815=LINE('',#434,#5818);
#5816=LINE('',#442,#5819);
#5817=LINE('',#418,#5820);
#5818=VECTOR('',#5821,1.0);
#5819=VECTOR('',#5822,1.0);
#5820=VECTOR('',#5823,1.0);
#5821=DIRECTION('',(-0.8309659069501956,-0.5563233425683655,0));
#5822=DIRECTION('',(-0.60873665756772,0.7933723474720306,0));
#5823=DIRECTION('',(0.6572212774370642,-0.7536976797655631,0));
#5824=FACE_SURFACE('',(#5829),#5825,.T.);
#5825=PLANE('',#5826);
#5826=AXIS2_PLACEMENT_3D('',#366,#5827,#5828);
#5827=DIRECTION('',(0,0,1));
#5828=DIRECTION('',(0.9661917002692867,0.2578247434416351,0));
#5829=FACE_BOUND('',#5830,.T.);
#5830=EDGE_LOOP('',(#5831,#5832,#5833));
#5831=ORIENTED_EDGE('',*,*,#5834,.T.);
#5832=ORIENTED_EDGE('',*,*,#5835,.T.);
#5833=ORIENTED_EDGE('',*,*,#5836,.T.);
#5834=EDGE_CURVE('',#367,#59,#5837,.F.);
#5835=EDGE_CURVE('',#59,#445,#5838,.T.);
#5836=EDGE_CURVE('',#445,#367,#5839,.T.);
#5837=LINE('',#366,#5840);
#5838=LINE('',#58,#5841);
#5839=LINE('',#444,#5842);
#5840=VECTOR('',#5843,1.0);
#5841=VECTOR('',#5844,1.0);
#5842=VECTOR('',#5845,1.0);
#5843=DIRECTION('',(0.9661917002692867,0.2578247434416351,0));
#5844=DIRECTION('',(-0.9753232370762278,-0.22078175472431666,0));
#5845=DIRECTION('',(-0.5563233425683655,-0.8309659069501956,0));
#5846=FACE_SURFACE('',(#5851),#5847,.T.);
#5847=PLANE('',#5848);
#5848=AXIS2_PLACEMENT_3D('',#390,#5849,#5850);
#5849=DIRECTION('',(0.3218575847317318,0.946788094111167,0));
#5850=DIRECTION('',(0.02369822373536006,-0.008056135371089288,-0.999686697358063));
#5851=FACE_BOUND('',#5852,.T.);
#5852=EDGE_LOOP('',(#5853,#5854,#5855));
#5853=ORIENTED_EDGE('',*,*,#5856,.T.);
#5854=ORIENTED_EDGE('',*,*,#5857,.T.);
#5855=ORIENTED_EDGE('',*,*,#5858,.T.);
#5856=EDGE_CURVE('',#391,#447,#5859,.F.);
#5857=EDGE_CURVE('',#447,#449,#5860,.T.);
#5858=EDGE_CURVE('',#449,#391,#5861,.T.);
#5859=LINE('',#390,#5862);
#5860=LINE('',#446,#5863);
#5861=LINE('',#448,#5864);
#5862=VECTOR('',#5865,1.0);
#5863=VECTOR('',#5866,1.0);
#5864=VECTOR('',#5867,1.0);
#5865=DIRECTION('',(0.02369822373536006,-0.008056135371089288,-0.999686697358063));
#5866=DIRECTION('',(-0.9467880941111669,0.32185758473173176,0));
#5867=DIRECTION('',(0,0,1));
#5868=FACE_SURFACE('',(#5873),#5869,.T.);
#5869=PLANE('',#5870);
#5870=AXIS2_PLACEMENT_3D('',#380,#5871,#5872);
#5871=DIRECTION('',(-0,0,1));
#5872=DIRECTION('',(0.9807610784470353,-0.19521195404843472,0));
#5873=FACE_BOUND('',#5874,.T.);
#5874=EDGE_LOOP('',(#5875,#5876,#5877));
#5875=ORIENTED_EDGE('',*,*,#5878,.T.);
#5876=ORIENTED_EDGE('',*,*,#5879,.T.);
#5877=ORIENTED_EDGE('',*,*,#5880,.T.);
#5878=EDGE_CURVE('',#381,#275,#5881,.F.);
#5879=EDGE_CURVE('',#275,#285,#5882,.T.);
#5880=EDGE_CURVE('',#285,#381,#5883,.T.);
#5881=LINE('',#380,#5884);
#5882=LINE('',#274,#5885);
#5883=LINE('',#284,#5886);
#5884=VECTOR('',#5887,1.0);
#5885=VECTOR('',#5888,1.0);
#5886=VECTOR('',#5889,1.0);
#5887=DIRECTION('',(0.9807610784470353,-0.19521195404843472,0));
#5888=DIRECTION('',(0,1,0));
#5889=DIRECTION('',(-0.005663128251164103,-0.9999839643606346,0));
#5890=FACE_SURFACE('',(#5895),#5891,.T.);
#5891=PLANE('',#5892);
#5892=AXIS2_PLACEMENT_3D('',#58,#5893,#5894);
#5893=DIRECTION('',(0,0,1));
#5894=DIRECTION('',(-1,0,0));
#5895=FACE_BOUND('',#5896,.T.);
#5896=EDGE_LOOP('',(#5897,#5898,#5899));
#5897=ORIENTED_EDGE('',*,*,#5900,.T.);
#5898=ORIENTED_EDGE('',*,*,#5901,.T.);
#5899=ORIENTED_EDGE('',*,*,#5902,.T.);
#5900=EDGE_CURVE('',#59,#223,#5903,.F.);
#5901=EDGE_CURVE('',#223,#451,#5904,.T.);
#5902=EDGE_CURVE('',#451,#59,#5905,.T.);
#5903=LINE('',#58,#5906);
#5904=LINE('',#222,#5907);
#5905=LINE('',#450,#5908);
#5906=VECTOR('',#5909,1.0);
#5907=VECTOR('',#5910,1.0);
#5908=VECTOR('',#5911,1.0);
#5909=DIRECTION('',(-1,0,0));
#5910=DIRECTION('',(-0.06573966819275853,-0.9978368083138175,0));
#5911=DIRECTION('',(0.9980382300980493,0.06260743775904958,0));
#5912=FACE_SURFACE('',(#5917),#5913,.T.);
#5913=PLANE('',#5914);
#5914=AXIS2_PLACEMENT_3D('',#58,#5915,#5916);
#5915=DIRECTION('',(0,0,1));
#5916=DIRECTION('',(-0.9980382300980493,-0.06260743775904958,0));
#5917=FACE_BOUND('',#5918,.T.);
#5918=EDGE_LOOP('',(#5919,#5920,#5921));
#5919=ORIENTED_EDGE('',*,*,#5922,.T.);
#5920=ORIENTED_EDGE('',*,*,#5923,.T.);
#5921=ORIENTED_EDGE('',*,*,#5924,.T.);
#5922=EDGE_CURVE('',#59,#451,#5925,.F.);
#5923=EDGE_CURVE('',#451,#453,#5926,.T.);
#5924=EDGE_CURVE('',#453,#59,#5927,.T.);
#5925=LINE('',#58,#5928);
#5926=LINE('',#450,#5929);
#5927=LINE('',#452,#5930);
#5928=VECTOR('',#5931,1.0);
#5929=VECTOR('',#5932,1.0);
#5930=VECTOR('',#5933,1.0);
#5931=DIRECTION('',(-0.9980382300980493,-0.06260743775904958,0));
#5932=DIRECTION('',(-0.19521195404843472,-0.9807610784470353,0));
#5933=DIRECTION('',(0.9925471612854778,0.12186112023176149,0));
#5934=FACE_SURFACE('',(#5939),#5935,.T.);
#5935=PLANE('',#5936);
#5936=AXIS2_PLACEMENT_3D('',#58,#5937,#5938);
#5937=DIRECTION('',(0,0,1));
#5938=DIRECTION('',(-0.9925471612854778,-0.12186112023176149,0));
#5939=FACE_BOUND('',#5940,.T.);
#5940=EDGE_LOOP('',(#5941,#5942,#5943));
#5941=ORIENTED_EDGE('',*,*,#5944,.T.);
#5942=ORIENTED_EDGE('',*,*,#5945,.T.);
#5943=ORIENTED_EDGE('',*,*,#5946,.T.);
#5944=EDGE_CURVE('',#59,#453,#5947,.F.);
#5945=EDGE_CURVE('',#453,#455,#5948,.T.);
#5946=EDGE_CURVE('',#455,#59,#5949,.T.);
#5947=LINE('',#58,#5950);
#5948=LINE('',#452,#5951);
#5949=LINE('',#454,#5952);
#5950=VECTOR('',#5953,1.0);
#5951=VECTOR('',#5954,1.0);
#5952=VECTOR('',#5955,1.0);
#5953=DIRECTION('',(-0.9925471612854778,-0.12186112023176149,0));
#5954=DIRECTION('',(-0.32186152183993644,-0.9467867556946918,0));
#5955=DIRECTION('',(0.9845274443211655,0.17523045220062225,0));
#5956=FACE_SURFACE('',(#5961),#5957,.T.);
#5957=PLANE('',#5958);
#5958=AXIS2_PLACEMENT_3D('',#454,#5959,#5960);
#5959=DIRECTION('',(-0,0,1));
#5960=DIRECTION('',(-0.4424935115219267,-0.8967717057651822,0));
#5961=FACE_BOUND('',#5962,.T.);
#5962=EDGE_LOOP('',(#5963,#5964,#5965));
#5963=ORIENTED_EDGE('',*,*,#5966,.T.);
#5964=ORIENTED_EDGE('',*,*,#5967,.T.);
#5965=ORIENTED_EDGE('',*,*,#5968,.T.);
#5966=EDGE_CURVE('',#455,#445,#5969,.F.);
#5967=EDGE_CURVE('',#445,#59,#5970,.T.);
#5968=EDGE_CURVE('',#59,#455,#5971,.T.);
#5969=LINE('',#454,#5972);
#5970=LINE('',#444,#5973);
#5971=LINE('',#58,#5974);
#5972=VECTOR('',#5975,1.0);
#5973=VECTOR('',#5976,1.0);
#5974=VECTOR('',#5977,1.0);
#5975=DIRECTION('',(-0.4424935115219267,-0.8967717057651822,0));
#5976=DIRECTION('',(0.9753232370762278,0.22078175472431666,0));
#5977=DIRECTION('',(-0.9845274443211655,-0.17523045220062225,0));
#5978=FACE_SURFACE('',(#5983),#5979,.T.);
#5979=PLANE('',#5980);
#5980=AXIS2_PLACEMENT_3D('',#284,#5981,#5982);
#5981=DIRECTION('',(0,0,1));
#5982=DIRECTION('',(-0.9807610784470353,-0.19521195404843472,0));
#5983=FACE_BOUND('',#5984,.T.);
#5984=EDGE_LOOP('',(#5985,#5986,#5987));
#5985=ORIENTED_EDGE('',*,*,#5988,.T.);
#5986=ORIENTED_EDGE('',*,*,#5989,.T.);
#5987=ORIENTED_EDGE('',*,*,#5990,.T.);
#5988=EDGE_CURVE('',#285,#291,#5991,.F.);
#5989=EDGE_CURVE('',#291,#381,#5992,.T.);
#5990=EDGE_CURVE('',#381,#285,#5993,.T.);
#5991=LINE('',#284,#5994);
#5992=LINE('',#290,#5995);
#5993=LINE('',#380,#5996);
#5994=VECTOR('',#5997,1.0);
#5995=VECTOR('',#5998,1.0);
#5996=VECTOR('',#5999,1.0);
#5997=DIRECTION('',(-0.9807610784470353,-0.19521195404843472,0));
#5998=DIRECTION('',(0,-1,0));
#5999=DIRECTION('',(0.005663128251164103,0.9999839643606346,0));
#6000=FACE_SURFACE('',(#6005),#6001,.T.);
#6001=PLANE('',#6002);
#6002=AXIS2_PLACEMENT_3D('',#288,#6003,#6004);
#6003=DIRECTION('',(0,0,1));
#6004=DIRECTION('',(0.997988060218045,0.06340214241036264,0));
#6005=FACE_BOUND('',#6006,.T.);
#6006=EDGE_LOOP('',(#6007,#6008,#6009));
#6007=ORIENTED_EDGE('',*,*,#6010,.T.);
#6008=ORIENTED_EDGE('',*,*,#6011,.T.);
#6009=ORIENTED_EDGE('',*,*,#6012,.T.);
#6010=EDGE_CURVE('',#289,#379,#6013,.F.);
#6011=EDGE_CURVE('',#379,#291,#6014,.T.);
#6012=EDGE_CURVE('',#291,#289,#6015,.T.);
#6013=LINE('',#288,#6016);
#6014=LINE('',#378,#6017);
#6015=LINE('',#290,#6018);
#6016=VECTOR('',#6019,1.0);
#6017=VECTOR('',#6020,1.0);
#6018=VECTOR('',#6021,1.0);
#6019=DIRECTION('',(0.997988060218045,0.06340214241036264,0));
#6020=DIRECTION('',(0.005780448935899449,0.9999832930654889,0));
#6021=DIRECTION('',(-0.01155607521776477,-0.9999332263334195,0));
#6022=FACE_SURFACE('',(#6027),#6023,.T.);
#6023=PLANE('',#6024);
#6024=AXIS2_PLACEMENT_3D('',#112,#6025,#6026);
#6025=DIRECTION('',(-0,0,1));
#6026=DIRECTION('',(0.9660278911949858,-0.2584378328212971,0));
#6027=FACE_BOUND('',#6028,.T.);
#6028=EDGE_LOOP('',(#6029,#6030,#6031));
#6029=ORIENTED_EDGE('',*,*,#6032,.T.);
#6030=ORIENTED_EDGE('',*,*,#6033,.T.);
#6031=ORIENTED_EDGE('',*,*,#6034,.T.);
#6032=EDGE_CURVE('',#113,#373,#6035,.F.);
#6033=EDGE_CURVE('',#373,#291,#6036,.T.);
#6034=EDGE_CURVE('',#291,#113,#6037,.T.);
#6035=LINE('',#112,#6038);
#6036=LINE('',#372,#6039);
#6037=LINE('',#290,#6040);
#6038=VECTOR('',#6041,1.0);
#6039=VECTOR('',#6042,1.0);
#6040=VECTOR('',#6043,1.0);
#6041=DIRECTION('',(0.9660278911949858,-0.2584378328212971,0));
#6042=DIRECTION('',(0.027721332776485533,0.9996156900074624,0));
#6043=DIRECTION('',(-0.04994916070281656,-0.9987517616230193,0));
#6044=FACE_SURFACE('',(#6049),#6045,.T.);
#6045=PLANE('',#6046);
#6046=AXIS2_PLACEMENT_3D('',#442,#6047,#6048);
#6047=DIRECTION('',(-0,0,-1));
#6048=DIRECTION('',(-0.7525755832038533,-0.6585058781555257,0));
#6049=FACE_BOUND('',#6050,.T.);
#6050=EDGE_LOOP('',(#6051,#6052,#6053));
#6051=ORIENTED_EDGE('',*,*,#6054,.T.);
#6052=ORIENTED_EDGE('',*,*,#6055,.T.);
#6053=ORIENTED_EDGE('',*,*,#6056,.T.);
#6054=EDGE_CURVE('',#443,#421,#6057,.F.);
#6055=EDGE_CURVE('',#421,#419,#6058,.T.);
#6056=EDGE_CURVE('',#419,#443,#6059,.T.);
#6057=LINE('',#442,#6060);
#6058=LINE('',#420,#6061);
#6059=LINE('',#418,#6062);
#6060=VECTOR('',#6063,1.0);
#6061=VECTOR('',#6064,1.0);
#6062=VECTOR('',#6065,1.0);
#6063=DIRECTION('',(-0.7525755832038533,-0.6585058781555257,0));
#6064=DIRECTION('',(-0.5579593954590173,0.8298682503982232,0));
#6065=DIRECTION('',(0.60873665756772,-0.7933723474720306,0));
#6066=FACE_SURFACE('',(#6071),#6067,.T.);
#6067=PLANE('',#6068);
#6068=AXIS2_PLACEMENT_3D('',#420,#6069,#6070);
#6069=DIRECTION('',(-0,0,-1));
#6070=DIRECTION('',(-0.6585084187126559,-0.7525733602012215,0));
#6071=FACE_BOUND('',#6072,.T.);
#6072=EDGE_LOOP('',(#6073,#6074,#6075));
#6073=ORIENTED_EDGE('',*,*,#6076,.T.);
#6074=ORIENTED_EDGE('',*,*,#6077,.T.);
#6075=ORIENTED_EDGE('',*,*,#6078,.T.);
#6076=EDGE_CURVE('',#421,#403,#6079,.F.);
#6077=EDGE_CURVE('',#403,#399,#6080,.T.);
#6078=EDGE_CURVE('',#399,#421,#6081,.T.);
#6079=LINE('',#420,#6082);
#6080=LINE('',#402,#6083);
#6081=LINE('',#398,#6084);
#6082=VECTOR('',#6085,1.0);
#6083=VECTOR('',#6086,1.0);
#6084=VECTOR('',#6087,1.0);
#6085=DIRECTION('',(-0.6585084187126559,-0.7525733602012215,0));
#6086=DIRECTION('',(-0.793372242737961,0.6087367940686171,0));
#6087=DIRECTION('',(0.8298682503982232,-0.5579593954590173,0));
#6088=FACE_SURFACE('',(#6093),#6089,.T.);
#6089=PLANE('',#6090);
#6090=AXIS2_PLACEMENT_3D('',#400,#6091,#6092);
#6091=DIRECTION('',(-0,0,-1));
#6092=DIRECTION('',(-0.44250073223002606,-0.8967681428194753,0));
#6093=FACE_BOUND('',#6094,.T.);
#6094=EDGE_LOOP('',(#6095,#6096,#6097));
#6095=ORIENTED_EDGE('',*,*,#6098,.T.);
#6096=ORIENTED_EDGE('',*,*,#6099,.T.);
#6097=ORIENTED_EDGE('',*,*,#6100,.T.);
#6098=EDGE_CURVE('',#401,#457,#6101,.F.);
#6099=EDGE_CURVE('',#457,#343,#6102,.T.);
#6100=EDGE_CURVE('',#343,#401,#6103,.T.);
#6101=LINE('',#400,#6104);
#6102=LINE('',#456,#6105);
#6103=LINE('',#342,#6106);
#6104=VECTOR('',#6107,1.0);
#6105=VECTOR('',#6108,1.0);
#6106=VECTOR('',#6109,1.0);
#6107=DIRECTION('',(-0.44250073223002606,-0.8967681428194753,0));
#6108=DIRECTION('',(-0.8330687659818142,0.5531694416230322,0));
#6109=DIRECTION('',(0.8659905029919154,-0.5000604450742024,0));
#6110=FACE_SURFACE('',(#6115),#6111,.T.);
#6111=PLANE('',#6112);
#6112=AXIS2_PLACEMENT_3D('',#456,#6113,#6114);
#6113=DIRECTION('',(0,0,-1));
#6114=DIRECTION('',(-0.9238904005429395,0.3826571935618185,0));
#6115=FACE_BOUND('',#6116,.T.);
#6116=EDGE_LOOP('',(#6117,#6118,#6119));
#6117=ORIENTED_EDGE('',*,*,#6120,.T.);
#6118=ORIENTED_EDGE('',*,*,#6121,.T.);
#6119=ORIENTED_EDGE('',*,*,#6122,.T.);
#6120=EDGE_CURVE('',#457,#341,#6123,.F.);
#6121=EDGE_CURVE('',#341,#343,#6124,.T.);
#6122=EDGE_CURVE('',#343,#457,#6125,.T.);
#6123=LINE('',#456,#6126);
#6124=LINE('',#340,#6127);
#6125=LINE('',#342,#6128);
#6126=VECTOR('',#6129,1.0);
#6127=VECTOR('',#6130,1.0);
#6128=VECTOR('',#6131,1.0);
#6129=DIRECTION('',(-0.9238904005429395,0.3826571935618185,0));
#6130=DIRECTION('',(0.4426199857783344,0.8967092885598917,0));
#6131=DIRECTION('',(0.8330687659818142,-0.5531694416230322,0));
#6132=FACE_SURFACE('',(#6137),#6133,.T.);
#6133=PLANE('',#6134);
#6134=AXIS2_PLACEMENT_3D('',#332,#6135,#6136);
#6135=DIRECTION('',(0,0,-1));
#6136=DIRECTION('',(0.19494081218866197,0.9808150079108827,0));
#6137=FACE_BOUND('',#6138,.T.);
#6138=EDGE_LOOP('',(#6139,#6140,#6141));
#6139=ORIENTED_EDGE('',*,*,#6142,.T.);
#6140=ORIENTED_EDGE('',*,*,#6143,.T.);
#6141=ORIENTED_EDGE('',*,*,#6144,.T.);
#6142=EDGE_CURVE('',#333,#337,#6145,.F.);
#6143=EDGE_CURVE('',#337,#459,#6146,.T.);
#6144=EDGE_CURVE('',#459,#333,#6147,.T.);
#6145=LINE('',#332,#6148);
#6146=LINE('',#336,#6149);
#6147=LINE('',#458,#6150);
#6148=VECTOR('',#6151,1.0);
#6149=VECTOR('',#6152,1.0);
#6150=VECTOR('',#6153,1.0);
#6151=DIRECTION('',(0.19494081218866197,0.9808150079108827,0));
#6152=DIRECTION('',(0.9478699366734665,-0.3186574699432582,0));
#6153=DIRECTION('',(-0.9914568049231505,0.13043543986040734,0));
#6154=FACE_SURFACE('',(#6159),#6155,.T.);
#6155=PLANE('',#6156);
#6156=AXIS2_PLACEMENT_3D('',#118,#6157,#6158);
#6157=DIRECTION('',(0,0,-1));
#6158=DIRECTION('',(0.06575661894339951,0.9978356914167446,0));
#6159=FACE_BOUND('',#6160,.T.);
#6160=EDGE_LOOP('',(#6161,#6162,#6163));
#6161=ORIENTED_EDGE('',*,*,#6164,.T.);
#6162=ORIENTED_EDGE('',*,*,#6165,.T.);
#6163=ORIENTED_EDGE('',*,*,#6166,.T.);
#6164=EDGE_CURVE('',#119,#333,#6167,.F.);
#6165=EDGE_CURVE('',#333,#459,#6168,.T.);
#6166=EDGE_CURVE('',#459,#119,#6169,.T.);
#6167=LINE('',#118,#6170);
#6168=LINE('',#332,#6171);
#6169=LINE('',#458,#6172);
#6170=VECTOR('',#6173,1.0);
#6171=VECTOR('',#6174,1.0);
#6172=VECTOR('',#6175,1.0);
#6173=DIRECTION('',(0.06575661894339951,0.9978356914167446,0));
#6174=DIRECTION('',(0.9914568049231505,-0.13043543986040734,0));
#6175=DIRECTION('',(-0.9980382300980493,-0.06260743775904958,0));
#6176=FACE_SURFACE('',(#6181),#6177,.T.);
#6177=PLANE('',#6178);
#6178=AXIS2_PLACEMENT_3D('',#460,#6179,#6180);
#6179=DIRECTION('',(0,0,-1));
#6180=DIRECTION('',(-1,0,0));
#6181=FACE_BOUND('',#6182,.T.);
#6182=EDGE_LOOP('',(#6183,#6184,#6185));
#6183=ORIENTED_EDGE('',*,*,#6186,.T.);
#6184=ORIENTED_EDGE('',*,*,#6187,.T.);
#6185=ORIENTED_EDGE('',*,*,#6188,.T.);
#6186=EDGE_CURVE('',#461,#119,#6189,.F.);
#6187=EDGE_CURVE('',#119,#459,#6190,.T.);
#6188=EDGE_CURVE('',#459,#461,#6191,.T.);
#6189=LINE('',#460,#6192);
#6190=LINE('',#118,#6193);
#6191=LINE('',#458,#6194);
#6192=VECTOR('',#6195,1.0);
#6193=VECTOR('',#6196,1.0);
#6194=VECTOR('',#6197,1.0);
#6195=DIRECTION('',(-1,0,0));
#6196=DIRECTION('',(0.9980382300980493,0.06260743775904958,0));
#6197=DIRECTION('',(-0.06340270920603859,-0.9979880242093763,0));
#6198=FACE_SURFACE('',(#6203),#6199,.T.);
#6199=PLANE('',#6200);
#6200=AXIS2_PLACEMENT_3D('',#462,#6201,#6202);
#6201=DIRECTION('',(-0,0,-1));
#6202=DIRECTION('',(-0.19521195404843472,-0.9807610784470353,0));
#6203=FACE_BOUND('',#6204,.T.);
#6204=EDGE_LOOP('',(#6205,#6206,#6207));
#6205=ORIENTED_EDGE('',*,*,#6208,.T.);
#6206=ORIENTED_EDGE('',*,*,#6209,.T.);
#6207=ORIENTED_EDGE('',*,*,#6210,.T.);
#6208=EDGE_CURVE('',#463,#459,#6211,.F.);
#6209=EDGE_CURVE('',#459,#337,#6212,.T.);
#6210=EDGE_CURVE('',#337,#463,#6213,.T.);
#6211=LINE('',#462,#6214);
#6212=LINE('',#458,#6215);
#6213=LINE('',#336,#6216);
#6214=VECTOR('',#6217,1.0);
#6215=VECTOR('',#6218,1.0);
#6216=VECTOR('',#6219,1.0);
#6217=DIRECTION('',(-0.19521195404843472,-0.9807610784470353,0));
#6218=DIRECTION('',(-0.9478699366734665,0.3186574699432582,0));
#6219=DIRECTION('',(0.9659341690049738,-0.2587879076554212,0));
#6220=FACE_SURFACE('',(#6225),#6221,.T.);
#6221=PLANE('',#6222);
#6222=AXIS2_PLACEMENT_3D('',#336,#6223,#6224);
#6223=DIRECTION('',(0,0,-1));
#6224=DIRECTION('',(0.3210405666662915,0.9470654436492689,0));
#6225=FACE_BOUND('',#6226,.T.);
#6226=EDGE_LOOP('',(#6227,#6228,#6229));
#6227=ORIENTED_EDGE('',*,*,#6230,.T.);
#6228=ORIENTED_EDGE('',*,*,#6231,.T.);
#6229=ORIENTED_EDGE('',*,*,#6232,.T.);
#6230=EDGE_CURVE('',#337,#341,#6233,.F.);
#6231=EDGE_CURVE('',#341,#463,#6234,.T.);
#6232=EDGE_CURVE('',#463,#337,#6235,.T.);
#6233=LINE('',#336,#6236);
#6234=LINE('',#340,#6237);
#6235=LINE('',#462,#6238);
#6236=VECTOR('',#6239,1.0);
#6237=VECTOR('',#6240,1.0);
#6238=VECTOR('',#6241,1.0);
#6239=DIRECTION('',(0.3210405666662915,0.9470654436492689,0));
#6240=DIRECTION('',(0.8981374798464288,-0.4397147567402142,0));
#6241=DIRECTION('',(-0.9659341690049738,0.2587879076554212,0));
#6242=FACE_SURFACE('',(#6247),#6243,.T.);
#6243=PLANE('',#6244);
#6244=AXIS2_PLACEMENT_3D('',#456,#6245,#6246);
#6245=DIRECTION('',(-0,0,-1));
#6246=DIRECTION('',(-0.32185348821579046,-0.946789486698774,0));
#6247=FACE_BOUND('',#6248,.T.);
#6248=EDGE_LOOP('',(#6249,#6250,#6251));
#6249=ORIENTED_EDGE('',*,*,#6252,.T.);
#6250=ORIENTED_EDGE('',*,*,#6253,.T.);
#6251=ORIENTED_EDGE('',*,*,#6254,.T.);
#6252=EDGE_CURVE('',#457,#463,#6255,.F.);
#6253=EDGE_CURVE('',#463,#341,#6256,.T.);
#6254=EDGE_CURVE('',#341,#457,#6257,.T.);
#6255=LINE('',#456,#6258);
#6256=LINE('',#462,#6259);
#6257=LINE('',#340,#6260);
#6258=VECTOR('',#6261,1.0);
#6259=VECTOR('',#6262,1.0);
#6260=VECTOR('',#6263,1.0);
#6261=DIRECTION('',(-0.32185348821579046,-0.946789486698774,0));
#6262=DIRECTION('',(-0.8981374798464288,0.4397147567402142,0));
#6263=DIRECTION('',(0.9238904005429395,-0.3826571935618185,0));
#6264=FACE_SURFACE('',(#6269),#6265,.T.);
#6265=PLANE('',#6266);
#6266=AXIS2_PLACEMENT_3D('',#464,#6267,#6268);
#6267=DIRECTION('',(-0.19521195404843475,-0.9807610784470354,0));
#6268=DIRECTION('',(0.9807610784470353,-0.19521195404843472,0));
#6269=FACE_BOUND('',#6270,.T.);
#6270=EDGE_LOOP('',(#6271,#6272,#6273));
#6271=ORIENTED_EDGE('',*,*,#6274,.T.);
#6272=ORIENTED_EDGE('',*,*,#6275,.T.);
#6273=ORIENTED_EDGE('',*,*,#6276,.T.);
#6274=EDGE_CURVE('',#465,#467,#6277,.F.);
#6275=EDGE_CURVE('',#467,#381,#6278,.T.);
#6276=EDGE_CURVE('',#381,#465,#6279,.T.);
#6277=LINE('',#464,#6280);
#6278=LINE('',#466,#6281);
#6279=LINE('',#380,#6282);
#6280=VECTOR('',#6283,1.0);
#6281=VECTOR('',#6284,1.0);
#6282=VECTOR('',#6285,1.0);
#6283=DIRECTION('',(0.9807610784470353,-0.19521195404843472,0));
#6284=DIRECTION('',(-0.024521732665483253,0.004880837398097084,0.9996873821617315));
#6285=DIRECTION('',(0,0,-1));
#6286=FACE_SURFACE('',(#6291),#6287,.T.);
#6287=PLANE('',#6288);
#6288=AXIS2_PLACEMENT_3D('',#468,#6289,#6290);
#6289=DIRECTION('',(-0,0,1));
#6290=DIRECTION('',(-0.044204040174335574,-0.9990225236861607,0));
#6291=FACE_BOUND('',#6292,.T.);
#6292=EDGE_LOOP('',(#6293,#6294,#6295));
#6293=ORIENTED_EDGE('',*,*,#6296,.T.);
#6294=ORIENTED_EDGE('',*,*,#6297,.T.);
#6295=ORIENTED_EDGE('',*,*,#6298,.T.);
#6296=EDGE_CURVE('',#469,#113,#6299,.F.);
#6297=EDGE_CURVE('',#113,#291,#6300,.T.);
#6298=EDGE_CURVE('',#291,#469,#6301,.T.);
#6299=LINE('',#468,#6302);
#6300=LINE('',#112,#6303);
#6301=LINE('',#290,#6304);
#6302=VECTOR('',#6305,1.0);
#6303=VECTOR('',#6306,1.0);
#6304=VECTOR('',#6307,1.0);
#6305=DIRECTION('',(-0.044204040174335574,-0.9990225236861607,0));
#6306=DIRECTION('',(0.04994916070281656,0.9987517616230193,0));
#6307=DIRECTION('',(-0.997988060218045,-0.06340214241036264,0));
#6308=FACE_SURFACE('',(#6313),#6309,.T.);
#6309=PLANE('',#6310);
#6310=AXIS2_PLACEMENT_3D('',#470,#6311,#6312);
#6311=DIRECTION('',(0,0,1));
#6312=DIRECTION('',(-0.03842210415271252,-0.9992615983377316,0));
#6313=FACE_BOUND('',#6314,.T.);
#6314=EDGE_LOOP('',(#6315,#6316,#6317));
#6315=ORIENTED_EDGE('',*,*,#6318,.T.);
#6316=ORIENTED_EDGE('',*,*,#6319,.T.);
#6317=ORIENTED_EDGE('',*,*,#6320,.T.);
#6318=EDGE_CURVE('',#471,#113,#6321,.F.);
#6319=EDGE_CURVE('',#113,#469,#6322,.T.);
#6320=EDGE_CURVE('',#469,#471,#6323,.T.);
#6321=LINE('',#470,#6324);
#6322=LINE('',#112,#6325);
#6323=LINE('',#468,#6326);
#6324=VECTOR('',#6327,1.0);
#6325=VECTOR('',#6328,1.0);
#6326=VECTOR('',#6329,1.0);
#6327=DIRECTION('',(-0.03842210415271252,-0.9992615983377316,0));
#6328=DIRECTION('',(0.044204040174335574,0.9990225236861607,0));
#6329=DIRECTION('',(-0.997988060218045,0.06340214241036264,0));
#6330=FACE_SURFACE('',(#6335),#6331,.T.);
#6331=PLANE('',#6332);
#6332=AXIS2_PLACEMENT_3D('',#354,#6333,#6334);
#6333=DIRECTION('',(0,0,1));
#6334=DIRECTION('',(-0.03272430575088866,-0.9994644164817087,0));
#6335=FACE_BOUND('',#6336,.T.);
#6336=EDGE_LOOP('',(#6337,#6338,#6339));
#6337=ORIENTED_EDGE('',*,*,#6340,.T.);
#6338=ORIENTED_EDGE('',*,*,#6341,.T.);
#6339=ORIENTED_EDGE('',*,*,#6342,.T.);
#6340=EDGE_CURVE('',#355,#113,#6343,.F.);
#6341=EDGE_CURVE('',#113,#471,#6344,.T.);
#6342=EDGE_CURVE('',#471,#355,#6345,.T.);
#6343=LINE('',#354,#6346);
#6344=LINE('',#112,#6347);
#6345=LINE('',#470,#6348);
#6346=VECTOR('',#6349,1.0);
#6347=VECTOR('',#6350,1.0);
#6348=VECTOR('',#6351,1.0);
#6349=DIRECTION('',(-0.03272430575088866,-0.9994644164817087,0));
#6350=DIRECTION('',(0.03842210415271252,0.9992615983377316,0));
#6351=DIRECTION('',(-0.9807610784470353,0.19521195404843472,0));
#6352=FACE_SURFACE('',(#6357),#6353,.T.);
#6353=PLANE('',#6354);
#6354=AXIS2_PLACEMENT_3D('',#364,#6355,#6356);
#6355=DIRECTION('',(0,0,1));
#6356=DIRECTION('',(-0.8309659069501956,0.5563233425683655,0));
#6357=FACE_BOUND('',#6358,.T.);
#6358=EDGE_LOOP('',(#6359,#6360,#6361));
#6359=ORIENTED_EDGE('',*,*,#6362,.T.);
#6360=ORIENTED_EDGE('',*,*,#6363,.T.);
#6361=ORIENTED_EDGE('',*,*,#6364,.T.);
#6362=EDGE_CURVE('',#365,#371,#6365,.F.);
#6363=EDGE_CURVE('',#371,#113,#6366,.T.);
#6364=EDGE_CURVE('',#113,#365,#6367,.T.);
#6365=LINE('',#364,#6368);
#6366=LINE('',#370,#6369);
#6367=LINE('',#112,#6370);
#6368=VECTOR('',#6371,1.0);
#6369=VECTOR('',#6372,1.0);
#6370=VECTOR('',#6373,1.0);
#6371=DIRECTION('',(-0.8309659069501956,0.5563233425683655,0));
#6372=DIRECTION('',(-0.017147722914048508,-0.9998529669900784,0));
#6373=DIRECTION('',(0.021988155149043096,0.9997582312905163,0));
#6374=FACE_SURFACE('',(#6379),#6375,.T.);
#6375=PLANE('',#6376);
#6376=AXIS2_PLACEMENT_3D('',#396,#6377,#6378);
#6377=DIRECTION('',(0,0,1));
#6378=DIRECTION('',(0.9467880941111669,0.32185758473173176,0));
#6379=FACE_BOUND('',#6380,.T.);
#6380=EDGE_LOOP('',(#6381,#6382,#6383));
#6381=ORIENTED_EDGE('',*,*,#6384,.T.);
#6382=ORIENTED_EDGE('',*,*,#6385,.T.);
#6383=ORIENTED_EDGE('',*,*,#6386,.T.);
#6384=EDGE_CURVE('',#397,#287,#6387,.F.);
#6385=EDGE_CURVE('',#287,#291,#6388,.T.);
#6386=EDGE_CURVE('',#291,#397,#6389,.T.);
#6387=LINE('',#396,#6390);
#6388=LINE('',#286,#6391);
#6389=LINE('',#290,#6392);
#6390=VECTOR('',#6393,1.0);
#6391=VECTOR('',#6394,1.0);
#6392=VECTOR('',#6395,1.0);
#6393=DIRECTION('',(0.9467880941111669,0.32185758473173176,0));
#6394=DIRECTION('',(0.017204492147128242,0.9998519917717619,0));
#6395=DIRECTION('',(-0.022632157543795054,-0.9997438599185857,0));
#6396=FACE_SURFACE('',(#6401),#6397,.T.);
#6397=PLANE('',#6398);
#6398=AXIS2_PLACEMENT_3D('',#112,#6399,#6400);
#6399=DIRECTION('',(0,-0,1));
#6400=DIRECTION('',(0.0089873999043285,0.9999596125059049,0));
#6401=FACE_BOUND('',#6402,.T.);
#6402=EDGE_LOOP('',(#6403,#6404,#6405));
#6403=ORIENTED_EDGE('',*,*,#6406,.T.);
#6404=ORIENTED_EDGE('',*,*,#6407,.T.);
#6405=ORIENTED_EDGE('',*,*,#6408,.T.);
#6406=EDGE_CURVE('',#113,#427,#6409,.F.);
#6407=EDGE_CURVE('',#427,#117,#6410,.T.);
#6408=EDGE_CURVE('',#117,#113,#6411,.T.);
#6409=LINE('',#112,#6412);
#6410=LINE('',#426,#6413);
#6411=LINE('',#116,#6414);
#6412=VECTOR('',#6415,1.0);
#6413=VECTOR('',#6416,1.0);
#6414=VECTOR('',#6417,1.0);
#6415=DIRECTION('',(0.0089873999043285,0.9999596125059049,0));
#6416=DIRECTION('',(-0.9661917002692867,0.2578247434416351,0));
#6417=DIRECTION('',(0.0875862307773123,-0.9961569415399479,0));
#6418=FACE_SURFACE('',(#6423),#6419,.T.);
#6419=PLANE('',#6420);
#6420=AXIS2_PLACEMENT_3D('',#112,#6421,#6422);
#6421=DIRECTION('',(0,0,1));
#6422=DIRECTION('',(-0.0875862307773123,0.9961569415399479,0));
#6423=FACE_BOUND('',#6424,.T.);
#6424=EDGE_LOOP('',(#6425,#6426,#6427));
#6425=ORIENTED_EDGE('',*,*,#6428,.T.);
#6426=ORIENTED_EDGE('',*,*,#6429,.T.);
#6427=ORIENTED_EDGE('',*,*,#6430,.T.);
#6428=EDGE_CURVE('',#113,#117,#6431,.F.);
#6429=EDGE_CURVE('',#117,#35,#6432,.T.);
#6430=EDGE_CURVE('',#35,#113,#6433,.T.);
#6431=LINE('',#112,#6434);
#6432=LINE('',#116,#6435);
#6433=LINE('',#34,#6436);
#6434=VECTOR('',#6437,1.0);
#6435=VECTOR('',#6438,1.0);
#6436=VECTOR('',#6439,1.0);
#6437=DIRECTION('',(-0.0875862307773123,0.9961569415399479,0));
#6438=DIRECTION('',(-1,0,0));
#6439=DIRECTION('',(0.20100319736545225,-0.9795905852185723,0));
#6440=FACE_SURFACE('',(#6445),#6441,.T.);
#6441=PLANE('',#6442);
#6442=AXIS2_PLACEMENT_3D('',#472,#6443,#6444);
#6443=DIRECTION('',(0,-0,-1));
#6444=DIRECTION('',(0.8967690218667381,-0.4424989507560144,0));
#6445=FACE_BOUND('',#6446,.T.);
#6446=EDGE_LOOP('',(#6447,#6448,#6449));
#6447=ORIENTED_EDGE('',*,*,#6450,.T.);
#6448=ORIENTED_EDGE('',*,*,#6451,.T.);
#6449=ORIENTED_EDGE('',*,*,#6452,.T.);
#6450=EDGE_CURVE('',#473,#475,#6453,.F.);
#6451=EDGE_CURVE('',#475,#39,#6454,.T.);
#6452=EDGE_CURVE('',#39,#473,#6455,.T.);
#6453=LINE('',#472,#6456);
#6454=LINE('',#474,#6457);
#6455=LINE('',#38,#6458);
#6456=VECTOR('',#6459,1.0);
#6457=VECTOR('',#6460,1.0);
#6458=VECTOR('',#6461,1.0);
#6459=DIRECTION('',(0.8967690218667381,-0.4424989507560144,0));
#6460=DIRECTION('',(-0.9303975546305231,-0.36655202950951304,0));
#6461=DIRECTION('',(0.9241340720072637,0.3820683406869426,0));
#6462=FACE_SURFACE('',(#6467),#6463,.T.);
#6463=PLANE('',#6464);
#6464=AXIS2_PLACEMENT_3D('',#474,#6465,#6466);
#6465=DIRECTION('',(0,-0,-1));
#6466=DIRECTION('',(0.9467853630415819,-0.3218656184344952,0));
#6467=FACE_BOUND('',#6468,.T.);
#6468=EDGE_LOOP('',(#6469,#6470,#6471));
#6469=ORIENTED_EDGE('',*,*,#6472,.T.);
#6470=ORIENTED_EDGE('',*,*,#6473,.T.);
#6471=ORIENTED_EDGE('',*,*,#6474,.T.);
#6472=EDGE_CURVE('',#475,#477,#6475,.F.);
#6473=EDGE_CURVE('',#477,#39,#6476,.T.);
#6474=EDGE_CURVE('',#39,#475,#6477,.T.);
#6475=LINE('',#474,#6478);
#6476=LINE('',#476,#6479);
#6477=LINE('',#38,#6480);
#6478=VECTOR('',#6481,1.0);
#6479=VECTOR('',#6482,1.0);
#6480=VECTOR('',#6483,1.0);
#6481=DIRECTION('',(0.9467853630415819,-0.3218656184344952,0));
#6482=DIRECTION('',(-0.9355008412214378,-0.3533244628864269,0));
#6483=DIRECTION('',(0.9303975546305231,0.36655202950951304,0));
#6484=FACE_SURFACE('',(#6489),#6485,.T.);
#6485=PLANE('',#6486);
#6486=AXIS2_PLACEMENT_3D('',#384,#6487,#6488);
#6487=DIRECTION('',(0,0,1));
#6488=DIRECTION('',(-0.9978368470200267,0.06573908068365164,0));
#6489=FACE_BOUND('',#6490,.T.);
#6490=EDGE_LOOP('',(#6491,#6492,#6493));
#6491=ORIENTED_EDGE('',*,*,#6494,.T.);
#6492=ORIENTED_EDGE('',*,*,#6495,.T.);
#6493=ORIENTED_EDGE('',*,*,#6496,.T.);
#6494=EDGE_CURVE('',#385,#387,#6497,.F.);
#6495=EDGE_CURVE('',#387,#45,#6498,.T.);
#6496=EDGE_CURVE('',#45,#385,#6499,.T.);
#6497=LINE('',#384,#6500);
#6498=LINE('',#386,#6501);
#6499=LINE('',#44,#6502);
#6500=VECTOR('',#6503,1.0);
#6501=VECTOR('',#6504,1.0);
#6502=VECTOR('',#6505,1.0);
#6503=DIRECTION('',(-0.9978368470200267,0.06573908068365164,0));
#6504=DIRECTION('',(0.4162079554498664,-0.909269452813764,0));
#6505=DIRECTION('',(-0.4024459058176052,0.915443768284348,0));
#6506=FACE_SURFACE('',(#6511),#6507,.T.);
#6507=PLANE('',#6508);
#6508=AXIS2_PLACEMENT_3D('',#478,#6509,#6510);
#6509=DIRECTION('',(0.9807610784470354,0.19521195404843475,0));
#6510=DIRECTION('',(-0.004880837398097084,0.024521732665483253,-0.9996873821617315));
#6511=FACE_BOUND('',#6512,.T.);
#6512=EDGE_LOOP('',(#6513,#6514,#6515));
#6513=ORIENTED_EDGE('',*,*,#6516,.T.);
#6514=ORIENTED_EDGE('',*,*,#6517,.T.);
#6515=ORIENTED_EDGE('',*,*,#6518,.T.);
#6516=EDGE_CURVE('',#479,#481,#6519,.F.);
#6517=EDGE_CURVE('',#481,#415,#6520,.T.);
#6518=EDGE_CURVE('',#415,#479,#6521,.T.);
#6519=LINE('',#478,#6522);
#6520=LINE('',#480,#6523);
#6521=LINE('',#414,#6524);
#6522=VECTOR('',#6525,1.0);
#6523=VECTOR('',#6526,1.0);
#6524=VECTOR('',#6527,1.0);
#6525=DIRECTION('',(-0.004880837398097084,0.024521732665483253,-0.9996873821617315));
#6526=DIRECTION('',(0,0,1));
#6527=DIRECTION('',(0.19521195404843472,-0.9807610784470353,0));
#6528=FACE_SURFACE('',(#6533),#6529,.T.);
#6529=PLANE('',#6530);
#6530=AXIS2_PLACEMENT_3D('',#414,#6531,#6532);
#6531=DIRECTION('',(0,0,1));
#6532=DIRECTION('',(-0.40536347463700506,-0.9141555958534708,0));
#6533=FACE_BOUND('',#6534,.T.);
#6534=EDGE_LOOP('',(#6535,#6536,#6537));
#6535=ORIENTED_EDGE('',*,*,#6538,.T.);
#6536=ORIENTED_EDGE('',*,*,#6539,.T.);
#6537=ORIENTED_EDGE('',*,*,#6540,.T.);
#6538=EDGE_CURVE('',#415,#55,#6541,.F.);
#6539=EDGE_CURVE('',#55,#479,#6542,.T.);
#6540=EDGE_CURVE('',#479,#415,#6543,.T.);
#6541=LINE('',#414,#6544);
#6542=LINE('',#54,#6545);
#6543=LINE('',#478,#6546);
#6544=VECTOR('',#6547,1.0);
#6545=VECTOR('',#6548,1.0);
#6546=VECTOR('',#6549,1.0);
#6547=DIRECTION('',(-0.40536347463700506,-0.9141555958534708,0));
#6548=DIRECTION('',(0.4111601654356313,0.911563118143195,0));
#6549=DIRECTION('',(-0.19521195404843472,0.9807610784470353,0));
#6550=FACE_SURFACE('',(#6555),#6551,.T.);
#6551=PLANE('',#6552);
#6552=AXIS2_PLACEMENT_3D('',#478,#6553,#6554);
#6553=DIRECTION('',(0,0,1));
#6554=DIRECTION('',(-0.4111601654356313,-0.911563118143195,0));
#6555=FACE_BOUND('',#6556,.T.);
#6556=EDGE_LOOP('',(#6557,#6558,#6559));
#6557=ORIENTED_EDGE('',*,*,#6560,.T.);
#6558=ORIENTED_EDGE('',*,*,#6561,.T.);
#6559=ORIENTED_EDGE('',*,*,#6562,.T.);
#6560=EDGE_CURVE('',#479,#55,#6563,.F.);
#6561=EDGE_CURVE('',#55,#483,#6564,.T.);
#6562=EDGE_CURVE('',#483,#479,#6565,.T.);
#6563=LINE('',#478,#6566);
#6564=LINE('',#54,#6567);
#6565=LINE('',#482,#6568);
#6566=VECTOR('',#6569,1.0);
#6567=VECTOR('',#6570,1.0);
#6568=VECTOR('',#6571,1.0);
#6569=DIRECTION('',(-0.4111601654356313,-0.911563118143195,0));
#6570=DIRECTION('',(0.4180716784548082,0.9084140419841491,0));
#6571=DIRECTION('',(-0.3218548537101871,0.9467890225088132,0));
#6572=FACE_SURFACE('',(#6577),#6573,.T.);
#6573=PLANE('',#6574);
#6574=AXIS2_PLACEMENT_3D('',#458,#6575,#6576);
#6575=DIRECTION('',(0.9979880242093762,-0.06340270920603858,0));
#6576=DIRECTION('',(0,0,1));
#6577=FACE_BOUND('',#6578,.T.);
#6578=EDGE_LOOP('',(#6579,#6580,#6581));
#6579=ORIENTED_EDGE('',*,*,#6582,.T.);
#6580=ORIENTED_EDGE('',*,*,#6583,.T.);
#6581=ORIENTED_EDGE('',*,*,#6584,.T.);
#6582=EDGE_CURVE('',#459,#349,#6585,.F.);
#6583=EDGE_CURVE('',#349,#461,#6586,.T.);
#6584=EDGE_CURVE('',#461,#459,#6587,.T.);
#6585=LINE('',#458,#6588);
#6586=LINE('',#348,#6589);
#6587=LINE('',#460,#6590);
#6588=VECTOR('',#6591,1.0);
#6589=VECTOR('',#6592,1.0);
#6590=VECTOR('',#6593,1.0);
#6591=DIRECTION('',(0,0,1));
#6592=DIRECTION('',(-0.0026975977403553343,-0.04246143852087145,-0.9990944646054093));
#6593=DIRECTION('',(0.06340270920603859,0.9979880242093763,0));
#6594=FACE_SURFACE('',(#6599),#6595,.T.);
#6595=PLANE('',#6596);
#6596=AXIS2_PLACEMENT_3D('',#482,#6597,#6598);
#6597=DIRECTION('',(0,0,1));
#6598=DIRECTION('',(-0.4180716784548082,-0.9084140419841491,0));
#6599=FACE_BOUND('',#6600,.T.);
#6600=EDGE_LOOP('',(#6601,#6602,#6603));
#6601=ORIENTED_EDGE('',*,*,#6604,.T.);
#6602=ORIENTED_EDGE('',*,*,#6605,.T.);
#6603=ORIENTED_EDGE('',*,*,#6606,.T.);
#6604=EDGE_CURVE('',#483,#55,#6607,.F.);
#6605=EDGE_CURVE('',#55,#411,#6608,.T.);
#6606=EDGE_CURVE('',#411,#483,#6609,.T.);
#6607=LINE('',#482,#6610);
#6608=LINE('',#54,#6611);
#6609=LINE('',#410,#6612);
#6610=VECTOR('',#6613,1.0);
#6611=VECTOR('',#6614,1.0);
#6612=VECTOR('',#6615,1.0);
#6613=DIRECTION('',(-0.4180716784548082,-0.9084140419841491,0));
#6614=DIRECTION('',(0.42594783663021424,0.9047477220032335,0));
#6615=DIRECTION('',(-0.4424989507560144,0.8967690218667381,0));
#6616=FACE_SURFACE('',(#6621),#6617,.T.);
#6617=PLANE('',#6618);
#6618=AXIS2_PLACEMENT_3D('',#458,#6619,#6620);
#6619=DIRECTION('',(0.9807610784470354,-0.19521195404843475,0));
#6620=DIRECTION('',(0.19521195404843472,0.9807610784470353,0));
#6621=FACE_BOUND('',#6622,.T.);
#6622=EDGE_LOOP('',(#6623,#6624,#6625));
#6623=ORIENTED_EDGE('',*,*,#6626,.T.);
#6624=ORIENTED_EDGE('',*,*,#6627,.T.);
#6625=ORIENTED_EDGE('',*,*,#6628,.T.);
#6626=EDGE_CURVE('',#459,#463,#6629,.F.);
#6627=EDGE_CURVE('',#463,#349,#6630,.T.);
#6628=EDGE_CURVE('',#349,#459,#6631,.T.);
#6629=LINE('',#458,#6632);
#6630=LINE('',#462,#6633);
#6631=LINE('',#348,#6634);
#6632=VECTOR('',#6635,1.0);
#6633=VECTOR('',#6636,1.0);
#6634=VECTOR('',#6637,1.0);
#6635=DIRECTION('',(0.19521195404843472,0.9807610784470353,0));
#6636=DIRECTION('',(-0.008292526168644636,-0.04166234054597021,0.999097334292297));
#6637=DIRECTION('',(0,0,-1));
#6638=FACE_SURFACE('',(#6643),#6639,.T.);
#6639=PLANE('',#6640);
#6640=AXIS2_PLACEMENT_3D('',#346,#6641,#6642);
#6641=DIRECTION('',(0.9807610784470354,-0.19521195404843475,0));
#6642=DIRECTION('',(-0.19521195404843472,-0.9807610784470353,0));
#6643=FACE_BOUND('',#6644,.T.);
#6644=EDGE_LOOP('',(#6645,#6646,#6647));
#6645=ORIENTED_EDGE('',*,*,#6648,.T.);
#6646=ORIENTED_EDGE('',*,*,#6649,.T.);
#6647=ORIENTED_EDGE('',*,*,#6650,.T.);
#6648=EDGE_CURVE('',#347,#349,#6651,.F.);
#6649=EDGE_CURVE('',#349,#463,#6652,.T.);
#6650=EDGE_CURVE('',#463,#347,#6653,.T.);
#6651=LINE('',#346,#6654);
#6652=LINE('',#348,#6655);
#6653=LINE('',#462,#6656);
#6654=VECTOR('',#6657,1.0);
#6655=VECTOR('',#6658,1.0);
#6656=VECTOR('',#6659,1.0);
#6657=DIRECTION('',(-0.19521195404843472,-0.9807610784470353,0));
#6658=DIRECTION('',(0.008292526168644636,0.04166234054597021,-0.999097334292297));
#6659=DIRECTION('',(0,0,1));
#6660=FACE_SURFACE('',(#6665),#6661,.T.);
#6661=PLANE('',#6662);
#6662=AXIS2_PLACEMENT_3D('',#346,#6663,#6664);
#6663=DIRECTION('',(0.946789486698774,-0.3218534882157904,0));
#6664=DIRECTION('',(0,0,-1));
#6665=FACE_BOUND('',#6666,.T.);
#6666=EDGE_LOOP('',(#6667,#6668,#6669));
#6667=ORIENTED_EDGE('',*,*,#6670,.T.);
#6668=ORIENTED_EDGE('',*,*,#6671,.T.);
#6669=ORIENTED_EDGE('',*,*,#6672,.T.);
#6670=EDGE_CURVE('',#347,#463,#6673,.F.);
#6671=EDGE_CURVE('',#463,#457,#6674,.T.);
#6672=EDGE_CURVE('',#457,#347,#6675,.T.);
#6673=LINE('',#346,#6676);
#6674=LINE('',#462,#6677);
#6675=LINE('',#456,#6678);
#6676=VECTOR('',#6679,1.0);
#6677=VECTOR('',#6680,1.0);
#6678=VECTOR('',#6681,1.0);
#6679=DIRECTION('',(0,0,-1));
#6680=DIRECTION('',(0.32185348821579046,0.946789486698774,0));
#6681=DIRECTION('',(-0.013687328640617561,-0.040263720395782084,0.9990953357185559));
#6682=FACE_SURFACE('',(#6687),#6683,.T.);
#6683=PLANE('',#6684);
#6684=AXIS2_PLACEMENT_3D('',#426,#6685,#6686);
#6685=DIRECTION('',(0.7525733602012215,0.6585084187126559,0));
#6686=DIRECTION('',(0.02797498126112308,-0.03197108047670428,-0.9990972177103647));
#6687=FACE_BOUND('',#6688,.T.);
#6688=EDGE_LOOP('',(#6689,#6690,#6691));
#6689=ORIENTED_EDGE('',*,*,#6692,.T.);
#6690=ORIENTED_EDGE('',*,*,#6693,.T.);
#6691=ORIENTED_EDGE('',*,*,#6694,.T.);
#6692=EDGE_CURVE('',#427,#485,#6695,.F.);
#6693=EDGE_CURVE('',#485,#487,#6696,.T.);
#6694=EDGE_CURVE('',#487,#427,#6697,.T.);
#6695=LINE('',#426,#6698);
#6696=LINE('',#484,#6699);
#6697=LINE('',#486,#6700);
#6698=VECTOR('',#6701,1.0);
#6699=VECTOR('',#6702,1.0);
#6700=VECTOR('',#6703,1.0);
#6701=DIRECTION('',(0.02797498126112308,-0.03197108047670428,-0.9990972177103647));
#6702=DIRECTION('',(-0.6585084187126559,0.7525733602012215,0));
#6703=DIRECTION('',(0,0,1));
#6704=FACE_SURFACE('',(#6709),#6705,.T.);
#6705=PLANE('',#6706);
#6706=AXIS2_PLACEMENT_3D('',#488,#6707,#6708);
#6707=DIRECTION('',(0.8309659069501955,0.5563233425683655,0));
#6708=DIRECTION('',(0.02367847449169883,-0.03536792998897694,0.9990938090960432));
#6709=FACE_BOUND('',#6710,.T.);
#6710=EDGE_LOOP('',(#6711,#6712,#6713));
#6711=ORIENTED_EDGE('',*,*,#6714,.T.);
#6712=ORIENTED_EDGE('',*,*,#6715,.T.);
#6713=ORIENTED_EDGE('',*,*,#6716,.T.);
#6714=EDGE_CURVE('',#489,#427,#6717,.F.);
#6715=EDGE_CURVE('',#427,#487,#6718,.T.);
#6716=EDGE_CURVE('',#487,#489,#6719,.T.);
#6717=LINE('',#488,#6720);
#6718=LINE('',#426,#6721);
#6719=LINE('',#486,#6722);
#6720=VECTOR('',#6723,1.0);
#6721=VECTOR('',#6724,1.0);
#6722=VECTOR('',#6725,1.0);
#6723=DIRECTION('',(0.02367847449169883,-0.03536792998897694,0.9990938090960432));
#6724=DIRECTION('',(0,0,-1));
#6725=DIRECTION('',(-0.5563233425683655,0.8309659069501956,0));
#6726=FACE_SURFACE('',(#6731),#6727,.T.);
#6727=PLANE('',#6728);
#6728=AXIS2_PLACEMENT_3D('',#406,#6729,#6730);
#6729=DIRECTION('',(0,0,1));
#6730=DIRECTION('',(-0.4538139680024759,-0.8910964495753801,0));
#6731=FACE_BOUND('',#6732,.T.);
#6732=EDGE_LOOP('',(#6733,#6734,#6735));
#6733=ORIENTED_EDGE('',*,*,#6736,.T.);
#6734=ORIENTED_EDGE('',*,*,#6737,.T.);
#6735=ORIENTED_EDGE('',*,*,#6738,.T.);
#6736=EDGE_CURVE('',#407,#55,#6739,.F.);
#6737=EDGE_CURVE('',#55,#95,#6740,.T.);
#6738=EDGE_CURVE('',#95,#407,#6741,.T.);
#6739=LINE('',#406,#6742);
#6740=LINE('',#54,#6743);
#6741=LINE('',#94,#6744);
#6742=VECTOR('',#6745,1.0);
#6743=VECTOR('',#6746,1.0);
#6744=VECTOR('',#6747,1.0);
#6745=DIRECTION('',(-0.4538139680024759,-0.8910964495753801,0));
#6746=DIRECTION('',(0.46384839406745726,0.8859145936945845,0));
#6747=DIRECTION('',(-0.8309659069501956,0.5563233425683655,0));
#6748=FACE_SURFACE('',(#6753),#6749,.T.);
#6749=PLANE('',#6750);
#6750=AXIS2_PLACEMENT_3D('',#490,#6751,#6752);
#6751=DIRECTION('',(-0.5563192030683289,-0.8309686782890312,0));
#6752=DIRECTION('',(-0.020817223769627947,0.01393677239611471,0.9996861555356781));
#6753=FACE_BOUND('',#6754,.T.);
#6754=EDGE_LOOP('',(#6755,#6756,#6757));
#6755=ORIENTED_EDGE('',*,*,#6758,.T.);
#6756=ORIENTED_EDGE('',*,*,#6759,.T.);
#6757=ORIENTED_EDGE('',*,*,#6760,.T.);
#6758=EDGE_CURVE('',#491,#361,#6761,.F.);
#6759=EDGE_CURVE('',#361,#493,#6762,.T.);
#6760=EDGE_CURVE('',#493,#491,#6763,.T.);
#6761=LINE('',#490,#6764);
#6762=LINE('',#360,#6765);
#6763=LINE('',#492,#6766);
#6764=VECTOR('',#6767,1.0);
#6765=VECTOR('',#6768,1.0);
#6766=VECTOR('',#6769,1.0);
#6767=DIRECTION('',(-0.020817223769627947,0.01393677239611471,0.9996861555356781));
#6768=DIRECTION('',(0,0,-1));
#6769=DIRECTION('',(0.8309686782890312,-0.5563192030683289,0));
#6770=FACE_SURFACE('',(#6775),#6771,.T.);
#6771=PLANE('',#6772);
#6772=AXIS2_PLACEMENT_3D('',#138,#6773,#6774);
#6773=DIRECTION('',(0,-0,1));
#6774=DIRECTION('',(0.06575661894339951,0.9978356914167446,0));
#6775=FACE_BOUND('',#6776,.T.);
#6776=EDGE_LOOP('',(#6777,#6778,#6779));
#6777=ORIENTED_EDGE('',*,*,#6780,.T.);
#6778=ORIENTED_EDGE('',*,*,#6781,.T.);
#6779=ORIENTED_EDGE('',*,*,#6782,.T.);
#6780=EDGE_CURVE('',#139,#45,#6783,.F.);
#6781=EDGE_CURVE('',#45,#95,#6784,.T.);
#6782=EDGE_CURVE('',#95,#139,#6785,.T.);
#6783=LINE('',#138,#6786);
#6784=LINE('',#44,#6787);
#6785=LINE('',#94,#6788);
#6786=VECTOR('',#6789,1.0);
#6787=VECTOR('',#6790,1.0);
#6788=VECTOR('',#6791,1.0);
#6789=DIRECTION('',(0.06575661894339951,0.9978356914167446,0));
#6790=DIRECTION('',(-0.44827748873737655,0.8938944529928079,0));
#6791=DIRECTION('',(0.42628801504820474,-0.9045874906421499,0));
#6792=FACE_SURFACE('',(#6797),#6793,.T.);
#6793=PLANE('',#6794);
#6794=AXIS2_PLACEMENT_3D('',#422,#6795,#6796);
#6795=DIRECTION('',(0.8967681428194753,0.44250073223002606,0));
#6796=DIRECTION('',(0.018783028133657162,-0.03806552177000608,-0.9990987007831146));
#6797=FACE_BOUND('',#6798,.T.);
#6798=EDGE_LOOP('',(#6799,#6800,#6801));
#6799=ORIENTED_EDGE('',*,*,#6802,.T.);
#6800=ORIENTED_EDGE('',*,*,#6803,.T.);
#6801=ORIENTED_EDGE('',*,*,#6804,.T.);
#6802=EDGE_CURVE('',#423,#489,#6805,.F.);
#6803=EDGE_CURVE('',#489,#495,#6806,.T.);
#6804=EDGE_CURVE('',#495,#423,#6807,.T.);
#6805=LINE('',#422,#6808);
#6806=LINE('',#488,#6809);
#6807=LINE('',#494,#6810);
#6808=VECTOR('',#6811,1.0);
#6809=VECTOR('',#6812,1.0);
#6810=VECTOR('',#6813,1.0);
#6811=DIRECTION('',(0.018783028133657162,-0.03806552177000608,-0.9990987007831146));
#6812=DIRECTION('',(-0.44250073223002606,0.8967681428194753,0));
#6813=DIRECTION('',(0,0,1));
#6814=FACE_SURFACE('',(#6819),#6815,.T.);
#6815=PLANE('',#6816);
#6816=AXIS2_PLACEMENT_3D('',#492,#6817,#6818);
#6817=DIRECTION('',(-0.4425025137166356,-0.8967672637615953,0));
#6818=DIRECTION('',(0,0,1));
#6819=FACE_BOUND('',#6820,.T.);
#6820=EDGE_LOOP('',(#6821,#6822,#6823));
#6821=ORIENTED_EDGE('',*,*,#6824,.T.);
#6822=ORIENTED_EDGE('',*,*,#6825,.T.);
#6823=ORIENTED_EDGE('',*,*,#6826,.T.);
#6824=EDGE_CURVE('',#493,#361,#6827,.F.);
#6825=EDGE_CURVE('',#361,#497,#6828,.T.);
#6826=EDGE_CURVE('',#497,#493,#6829,.T.);
#6827=LINE('',#492,#6830);
#6828=LINE('',#360,#6831);
#6829=LINE('',#496,#6832);
#6830=VECTOR('',#6833,1.0);
#6831=VECTOR('',#6834,1.0);
#6832=VECTOR('',#6835,1.0);
#6833=DIRECTION('',(0,0,1));
#6834=DIRECTION('',(-0.022404575244709218,0.011055355458618731,-0.9996878583456877));
#6835=DIRECTION('',(0.8967672637615953,-0.4425025137166356,0));
#6836=FACE_SURFACE('',(#6841),#6837,.T.);
#6837=PLANE('',#6838);
#6838=AXIS2_PLACEMENT_3D('',#422,#6839,#6840);
#6839=DIRECTION('',(0.946789486698774,0.3218534882157904,0));
#6840=DIRECTION('',(0,0,-1));
#6841=FACE_BOUND('',#6842,.T.);
#6842=EDGE_LOOP('',(#6843,#6844,#6845));
#6843=ORIENTED_EDGE('',*,*,#6846,.T.);
#6844=ORIENTED_EDGE('',*,*,#6847,.T.);
#6845=ORIENTED_EDGE('',*,*,#6848,.T.);
#6846=EDGE_CURVE('',#423,#495,#6849,.F.);
#6847=EDGE_CURVE('',#495,#499,#6850,.T.);
#6848=EDGE_CURVE('',#499,#423,#6851,.T.);
#6849=LINE('',#422,#6852);
#6850=LINE('',#494,#6853);
#6851=LINE('',#498,#6854);
#6852=VECTOR('',#6855,1.0);
#6853=VECTOR('',#6856,1.0);
#6854=VECTOR('',#6857,1.0);
#6855=DIRECTION('',(0,0,-1));
#6856=DIRECTION('',(-0.32185348821579046,0.946789486698774,0));
#6857=DIRECTION('',(0.013687328640617561,-0.040263720395782084,0.9990953357185559));
#6858=FACE_SURFACE('',(#6863),#6859,.T.);
#6859=PLANE('',#6860);
#6860=AXIS2_PLACEMENT_3D('',#382,#6861,#6862);
#6861=DIRECTION('',(-0.06573908068365164,0.9978368470200267,0));
#6862=DIRECTION('',(0,0,-1));
#6863=FACE_BOUND('',#6864,.T.);
#6864=EDGE_LOOP('',(#6865,#6866,#6867));
#6865=ORIENTED_EDGE('',*,*,#6868,.T.);
#6866=ORIENTED_EDGE('',*,*,#6869,.T.);
#6867=ORIENTED_EDGE('',*,*,#6870,.T.);
#6868=EDGE_CURVE('',#383,#79,#6871,.F.);
#6869=EDGE_CURVE('',#79,#81,#6872,.T.);
#6870=EDGE_CURVE('',#81,#383,#6873,.T.);
#6871=LINE('',#382,#6874);
#6872=LINE('',#78,#6875);
#6873=LINE('',#80,#6876);
#6874=VECTOR('',#6877,1.0);
#6875=VECTOR('',#6878,1.0);
#6876=VECTOR('',#6879,1.0);
#6877=DIRECTION('',(0,0,-1));
#6878=DIRECTION('',(-0.9978368470200267,-0.06573908068365164,0));
#6879=DIRECTION('',(0.02499233662905593,0.0016465349410949496,0.9996862868082705));
#6880=FACE_SURFACE('',(#6885),#6881,.T.);
#6881=PLANE('',#6882);
#6882=AXIS2_PLACEMENT_3D('',#204,#6883,#6884);
#6883=DIRECTION('',(0.7525733602012215,-0.6585084187126559,0));
#6884=DIRECTION('',(-0.02797498126112308,-0.03197108047670428,-0.9990972177103647));
#6885=FACE_BOUND('',#6886,.T.);
#6886=EDGE_LOOP('',(#6887,#6888,#6889));
#6887=ORIENTED_EDGE('',*,*,#6890,.T.);
#6888=ORIENTED_EDGE('',*,*,#6891,.T.);
#6889=ORIENTED_EDGE('',*,*,#6892,.T.);
#6890=EDGE_CURVE('',#205,#403,#6893,.F.);
#6891=EDGE_CURVE('',#403,#421,#6894,.T.);
#6892=EDGE_CURVE('',#421,#205,#6895,.T.);
#6893=LINE('',#204,#6896);
#6894=LINE('',#402,#6897);
#6895=LINE('',#420,#6898);
#6896=VECTOR('',#6899,1.0);
#6897=VECTOR('',#6900,1.0);
#6898=VECTOR('',#6901,1.0);
#6899=DIRECTION('',(-0.02797498126112308,-0.03197108047670428,-0.9990972177103647));
#6900=DIRECTION('',(0.6585084187126559,0.7525733602012215,0));
#6901=DIRECTION('',(0,0,1));
#6902=FACE_SURFACE('',(#6907),#6903,.T.);
#6903=PLANE('',#6904);
#6904=AXIS2_PLACEMENT_3D('',#382,#6905,#6906);
#6905=DIRECTION('',(-0.19521195404843475,0.9807610784470354,0));
#6906=DIRECTION('',(0.9807610784470353,0.19521195404843472,0));
#6907=FACE_BOUND('',#6908,.T.);
#6908=EDGE_LOOP('',(#6909,#6910,#6911));
#6909=ORIENTED_EDGE('',*,*,#6912,.T.);
#6910=ORIENTED_EDGE('',*,*,#6913,.T.);
#6911=ORIENTED_EDGE('',*,*,#6914,.T.);
#6912=EDGE_CURVE('',#383,#501,#6915,.F.);
#6913=EDGE_CURVE('',#501,#79,#6916,.T.);
#6914=EDGE_CURVE('',#79,#383,#6917,.T.);
#6915=LINE('',#382,#6918);
#6916=LINE('',#500,#6919);
#6917=LINE('',#78,#6920);
#6918=VECTOR('',#6921,1.0);
#6919=VECTOR('',#6922,1.0);
#6920=VECTOR('',#6923,1.0);
#6921=DIRECTION('',(0.9807610784470353,0.19521195404843472,0));
#6922=DIRECTION('',(-0.024521732665483253,-0.004880837398097084,-0.9996873821617315));
#6923=DIRECTION('',(0,0,1));
#6924=FACE_SURFACE('',(#6929),#6925,.T.);
#6925=PLANE('',#6926);
#6926=AXIS2_PLACEMENT_3D('',#502,#6927,#6928);
#6927=DIRECTION('',(0,0,1));
#6928=DIRECTION('',(-0.8309686782890312,-0.5563192030683289,0));
#6929=FACE_BOUND('',#6930,.T.);
#6930=EDGE_LOOP('',(#6931,#6932,#6933));
#6931=ORIENTED_EDGE('',*,*,#6934,.T.);
#6932=ORIENTED_EDGE('',*,*,#6935,.T.);
#6933=ORIENTED_EDGE('',*,*,#6936,.T.);
#6934=EDGE_CURVE('',#503,#393,#6937,.F.);
#6935=EDGE_CURVE('',#393,#45,#6938,.T.);
#6936=EDGE_CURVE('',#45,#503,#6939,.T.);
#6937=LINE('',#502,#6940);
#6938=LINE('',#392,#6941);
#6939=LINE('',#44,#6942);
#6940=VECTOR('',#6943,1.0);
#6941=VECTOR('',#6944,1.0);
#6942=VECTOR('',#6945,1.0);
#6943=DIRECTION('',(-0.8309686782890312,-0.5563192030683289,0));
#6944=DIRECTION('',(0.3397292385946361,-0.9405232822444689,0));
#6945=DIRECTION('',(-0.3239730649943144,0.9460663048424195,0));
#6946=FACE_SURFACE('',(#6951),#6947,.T.);
#6947=PLANE('',#6948);
#6948=AXIS2_PLACEMENT_3D('',#500,#6949,#6950);
#6949=DIRECTION('',(0,0,1));
#6950=DIRECTION('',(-0.9807610784470353,-0.19521195404843472,0));
#6951=FACE_BOUND('',#6952,.T.);
#6952=EDGE_LOOP('',(#6953,#6954,#6955));
#6953=ORIENTED_EDGE('',*,*,#6956,.T.);
#6954=ORIENTED_EDGE('',*,*,#6957,.T.);
#6955=ORIENTED_EDGE('',*,*,#6958,.T.);
#6956=EDGE_CURVE('',#501,#383,#6959,.F.);
#6957=EDGE_CURVE('',#383,#45,#6960,.T.);
#6958=EDGE_CURVE('',#45,#501,#6961,.T.);
#6959=LINE('',#500,#6962);
#6960=LINE('',#382,#6963);
#6961=LINE('',#44,#6964);
#6962=VECTOR('',#6965,1.0);
#6963=VECTOR('',#6966,1.0);
#6964=VECTOR('',#6967,1.0);
#6965=DIRECTION('',(-0.9807610784470353,-0.19521195404843472,0));
#6966=DIRECTION('',(0.38755919766651525,-0.9218448179081373,0));
#6967=DIRECTION('',(-0.371908625070124,0.9282693437782215,0));
#6968=FACE_SURFACE('',(#6973),#6969,.T.);
#6969=PLANE('',#6970);
#6970=AXIS2_PLACEMENT_3D('',#204,#6971,#6972);
#6971=DIRECTION('',(0.6585058781555257,-0.7525755832038533,0));
#6972=DIRECTION('',(0,0,-1));
#6973=FACE_BOUND('',#6974,.T.);
#6974=EDGE_LOOP('',(#6975,#6976,#6977));
#6975=ORIENTED_EDGE('',*,*,#6978,.T.);
#6976=ORIENTED_EDGE('',*,*,#6979,.T.);
#6977=ORIENTED_EDGE('',*,*,#6980,.T.);
#6978=EDGE_CURVE('',#205,#421,#6981,.F.);
#6979=EDGE_CURVE('',#421,#443,#6982,.T.);
#6980=EDGE_CURVE('',#443,#205,#6983,.T.);
#6981=LINE('',#204,#6984);
#6982=LINE('',#420,#6985);
#6983=LINE('',#442,#6986);
#6984=VECTOR('',#6987,1.0);
#6985=VECTOR('',#6988,1.0);
#6986=VECTOR('',#6989,1.0);
#6987=DIRECTION('',(0,0,-1));
#6988=DIRECTION('',(0.7525755832038533,0.6585058781555257,0));
#6989=DIRECTION('',(-0.03197108064714112,-0.0279747908475846,0.9990972230365212));
#6990=FACE_SURFACE('',(#6995),#6991,.T.);
#6991=PLANE('',#6992);
#6992=AXIS2_PLACEMENT_3D('',#42,#6993,#6994);
#6993=DIRECTION('',(0,0,1));
#6994=DIRECTION('',(-0.7525733602012215,-0.6585084187126559,0));
#6995=FACE_BOUND('',#6996,.T.);
#6996=EDGE_LOOP('',(#6997,#6998,#6999));
#6997=ORIENTED_EDGE('',*,*,#7000,.T.);
#6998=ORIENTED_EDGE('',*,*,#7001,.T.);
#6999=ORIENTED_EDGE('',*,*,#7002,.T.);
#7000=EDGE_CURVE('',#43,#503,#7003,.F.);
#7001=EDGE_CURVE('',#503,#45,#7004,.T.);
#7002=EDGE_CURVE('',#45,#43,#7005,.T.);
#7003=LINE('',#42,#7006);
#7004=LINE('',#502,#7007);
#7005=LINE('',#44,#7008);
#7006=VECTOR('',#7009,1.0);
#7007=VECTOR('',#7010,1.0);
#7008=VECTOR('',#7011,1.0);
#7009=DIRECTION('',(-0.7525733602012215,-0.6585084187126559,0));
#7010=DIRECTION('',(0.3239730649943144,-0.9460663048424195,0));
#7011=DIRECTION('',(-0.3089952122943789,0.9510635934463856,0));
#7012=FACE_SURFACE('',(#7017),#7013,.T.);
#7013=PLANE('',#7014);
#7014=AXIS2_PLACEMENT_3D('',#394,#7015,#7016);
#7015=DIRECTION('',(0,0,1));
#7016=DIRECTION('',(-0.9467890225088132,-0.3218548537101871,0));
#7017=FACE_BOUND('',#7018,.T.);
#7018=EDGE_LOOP('',(#7019,#7020,#7021));
#7019=ORIENTED_EDGE('',*,*,#7022,.T.);
#7020=ORIENTED_EDGE('',*,*,#7023,.T.);
#7021=ORIENTED_EDGE('',*,*,#7024,.T.);
#7022=EDGE_CURVE('',#395,#501,#7025,.F.);
#7023=EDGE_CURVE('',#501,#45,#7026,.T.);
#7024=EDGE_CURVE('',#45,#395,#7027,.T.);
#7025=LINE('',#394,#7028);
#7026=LINE('',#500,#7029);
#7027=LINE('',#44,#7030);
#7028=VECTOR('',#7031,1.0);
#7029=VECTOR('',#7032,1.0);
#7030=VECTOR('',#7033,1.0);
#7031=DIRECTION('',(-0.9467890225088132,-0.3218548537101871,0));
#7032=DIRECTION('',(0.371908625070124,-0.9282693437782215,0));
#7033=DIRECTION('',(-0.3558177828802701,0.9345553516973562,0));
#7034=FACE_SURFACE('',(#7039),#7035,.T.);
#7035=PLANE('',#7036);
#7036=AXIS2_PLACEMENT_3D('',#200,#7037,#7038);
#7037=DIRECTION('',(0.5563233425683655,-0.8309659069501955,0));
#7038=DIRECTION('',(-0.03536792998897694,-0.02367847449169883,-0.9990938090960432));
#7039=FACE_BOUND('',#7040,.T.);
#7040=EDGE_LOOP('',(#7041,#7042,#7043));
#7041=ORIENTED_EDGE('',*,*,#7044,.T.);
#7042=ORIENTED_EDGE('',*,*,#7045,.T.);
#7043=ORIENTED_EDGE('',*,*,#7046,.T.);
#7044=EDGE_CURVE('',#201,#443,#7047,.F.);
#7045=EDGE_CURVE('',#443,#435,#7048,.T.);
#7046=EDGE_CURVE('',#435,#201,#7049,.T.);
#7047=LINE('',#200,#7050);
#7048=LINE('',#442,#7051);
#7049=LINE('',#434,#7052);
#7050=VECTOR('',#7053,1.0);
#7051=VECTOR('',#7054,1.0);
#7052=VECTOR('',#7055,1.0);
#7053=DIRECTION('',(-0.03536792998897694,-0.02367847449169883,-0.9990938090960432));
#7054=DIRECTION('',(0.8309659069501956,0.5563233425683655,0));
#7055=DIRECTION('',(0,0,1));
#7056=FACE_SURFACE('',(#7061),#7057,.T.);
#7057=PLANE('',#7058);
#7058=AXIS2_PLACEMENT_3D('',#134,#7059,#7060);
#7059=DIRECTION('',(0,0,-1));
#7060=DIRECTION('',(0,1,0));
#7061=FACE_BOUND('',#7062,.T.);
#7062=EDGE_LOOP('',(#7063,#7064,#7065));
#7063=ORIENTED_EDGE('',*,*,#7066,.T.);
#7064=ORIENTED_EDGE('',*,*,#7067,.T.);
#7065=ORIENTED_EDGE('',*,*,#7068,.T.);
#7066=EDGE_CURVE('',#135,#81,#7069,.F.);
#7067=EDGE_CURVE('',#81,#209,#7070,.T.);
#7068=EDGE_CURVE('',#209,#135,#7071,.T.);
#7069=LINE('',#134,#7072);
#7070=LINE('',#80,#7073);
#7071=LINE('',#208,#7074);
#7072=VECTOR('',#7075,1.0);
#7073=VECTOR('',#7076,1.0);
#7074=VECTOR('',#7077,1.0);
#7075=DIRECTION('',(0,1,0));
#7076=DIRECTION('',(0.039924060077456865,-0.9992027168832815,0));
#7077=DIRECTION('',(-0.9978356914167446,-0.06575661894339951,0));
#7078=FACE_SURFACE('',(#7083),#7079,.T.);
#7079=PLANE('',#7080);
#7080=AXIS2_PLACEMENT_3D('',#52,#7081,#7082);
#7081=DIRECTION('',(0,0,-1));
#7082=DIRECTION('',(0.4836785160926504,0.87524573296327,0));
#7083=FACE_BOUND('',#7084,.T.);
#7084=EDGE_LOOP('',(#7085,#7086,#7087));
#7085=ORIENTED_EDGE('',*,*,#7088,.T.);
#7086=ORIENTED_EDGE('',*,*,#7089,.T.);
#7087=ORIENTED_EDGE('',*,*,#7090,.T.);
#7088=EDGE_CURVE('',#53,#447,#7091,.F.);
#7089=EDGE_CURVE('',#447,#135,#7092,.T.);
#7090=EDGE_CURVE('',#135,#53,#7093,.T.);
#7091=LINE('',#52,#7094);
#7092=LINE('',#446,#7095);
#7093=LINE('',#134,#7096);
#7094=VECTOR('',#7097,1.0);
#7095=VECTOR('',#7098,1.0);
#7096=VECTOR('',#7099,1.0);
#7097=DIRECTION('',(0.4836785160926504,0.87524573296327,0));
#7098=DIRECTION('',(0.0256170948756756,-0.999671828376758,0));
#7099=DIRECTION('',(-1,0,0));
#7100=FACE_SURFACE('',(#7105),#7101,.T.);
#7101=PLANE('',#7102);
#7102=AXIS2_PLACEMENT_3D('',#440,#7103,#7104);
#7103=DIRECTION('',(0.4424989507560145,-0.8967690218667381,0));
#7104=DIRECTION('',(0,0,1));
#7105=FACE_BOUND('',#7106,.T.);
#7106=EDGE_LOOP('',(#7107,#7108,#7109));
#7107=ORIENTED_EDGE('',*,*,#7110,.T.);
#7108=ORIENTED_EDGE('',*,*,#7111,.T.);
#7109=ORIENTED_EDGE('',*,*,#7112,.T.);
#7110=EDGE_CURVE('',#441,#197,#7113,.F.);
#7111=EDGE_CURVE('',#197,#435,#7114,.T.);
#7112=EDGE_CURVE('',#435,#441,#7115,.T.);
#7113=LINE('',#440,#7116);
#7114=LINE('',#196,#7117);
#7115=LINE('',#434,#7118);
#7116=VECTOR('',#7119,1.0);
#7117=VECTOR('',#7120,1.0);
#7118=VECTOR('',#7121,1.0);
#7119=DIRECTION('',(0,0,1));
#7120=DIRECTION('',(-0.03806571205683545,-0.018783027997407022,-0.9990986935357561));
#7121=DIRECTION('',(0.8967690218667381,0.4424989507560144,0));
#7122=FACE_SURFACE('',(#7127),#7123,.T.);
#7123=PLANE('',#7124);
#7124=AXIS2_PLACEMENT_3D('',#484,#7125,#7126);
#7125=DIRECTION('',(0,-0,-1));
#7126=DIRECTION('',(0.7525755832038533,-0.6585058781555257,0));
#7127=FACE_BOUND('',#7128,.T.);
#7128=EDGE_LOOP('',(#7129,#7130,#7131));
#7129=ORIENTED_EDGE('',*,*,#7132,.T.);
#7130=ORIENTED_EDGE('',*,*,#7133,.T.);
#7131=ORIENTED_EDGE('',*,*,#7134,.T.);
#7132=EDGE_CURVE('',#485,#505,#7135,.F.);
#7133=EDGE_CURVE('',#505,#39,#7136,.T.);
#7134=EDGE_CURVE('',#39,#485,#7137,.T.);
#7135=LINE('',#484,#7138);
#7136=LINE('',#504,#7139);
#7137=LINE('',#38,#7140);
#7138=VECTOR('',#7141,1.0);
#7139=VECTOR('',#7142,1.0);
#7140=VECTOR('',#7143,1.0);
#7141=DIRECTION('',(0.7525755832038533,-0.6585058781555257,0));
#7142=DIRECTION('',(-0.9166757317430998,-0.39963183410891145,0));
#7143=DIRECTION('',(0.908118466666547,0.4187133273484372,0));
#7144=FACE_SURFACE('',(#7149),#7145,.T.);
#7145=PLANE('',#7146);
#7146=AXIS2_PLACEMENT_3D('',#472,#7147,#7148);
#7147=DIRECTION('',(-0,0,-1));
#7148=DIRECTION('',(-0.9241340720072637,-0.3820683406869426,0));
#7149=FACE_BOUND('',#7150,.T.);
#7150=EDGE_LOOP('',(#7151,#7152,#7153));
#7151=ORIENTED_EDGE('',*,*,#7154,.T.);
#7152=ORIENTED_EDGE('',*,*,#7155,.T.);
#7153=ORIENTED_EDGE('',*,*,#7156,.T.);
#7154=EDGE_CURVE('',#473,#39,#7157,.F.);
#7155=EDGE_CURVE('',#39,#505,#7158,.T.);
#7156=EDGE_CURVE('',#505,#473,#7159,.T.);
#7157=LINE('',#472,#7160);
#7158=LINE('',#38,#7161);
#7159=LINE('',#504,#7162);
#7160=VECTOR('',#7163,1.0);
#7161=VECTOR('',#7164,1.0);
#7162=VECTOR('',#7165,1.0);
#7163=DIRECTION('',(-0.9241340720072637,-0.3820683406869426,0));
#7164=DIRECTION('',(0.9166757317430998,0.39963183410891145,0));
#7165=DIRECTION('',(0.8309659069501956,-0.5563233425683655,0));
#7166=FACE_SURFACE('',(#7171),#7167,.T.);
#7167=PLANE('',#7168);
#7168=AXIS2_PLACEMENT_3D('',#506,#7169,#7170);
#7169=DIRECTION('',(0,-0,-1));
#7170=DIRECTION('',(0.3558177828802701,-0.9345553516973562,0));
#7171=FACE_BOUND('',#7172,.T.);
#7172=EDGE_LOOP('',(#7173,#7174,#7175));
#7173=ORIENTED_EDGE('',*,*,#7176,.T.);
#7174=ORIENTED_EDGE('',*,*,#7177,.T.);
#7175=ORIENTED_EDGE('',*,*,#7178,.T.);
#7176=EDGE_CURVE('',#507,#61,#7179,.F.);
#7177=EDGE_CURVE('',#61,#509,#7180,.T.);
#7178=EDGE_CURVE('',#509,#507,#7181,.T.);
#7179=LINE('',#506,#7182);
#7180=LINE('',#60,#7183);
#7181=LINE('',#508,#7184);
#7182=VECTOR('',#7185,1.0);
#7183=VECTOR('',#7186,1.0);
#7184=VECTOR('',#7187,1.0);
#7185=DIRECTION('',(0.3558177828802701,-0.9345553516973562,0));
#7186=DIRECTION('',(-0.371908625070124,0.9282693437782215,0));
#7187=DIRECTION('',(0.9467890225088132,0.3218548537101871,0));
#7188=FACE_SURFACE('',(#7193),#7189,.T.);
#7189=PLANE('',#7190);
#7190=AXIS2_PLACEMENT_3D('',#508,#7191,#7192);
#7191=DIRECTION('',(0,-0,-1));
#7192=DIRECTION('',(0.371908625070124,-0.9282693437782215,0));
#7193=FACE_BOUND('',#7194,.T.);
#7194=EDGE_LOOP('',(#7195,#7196,#7197));
#7195=ORIENTED_EDGE('',*,*,#7198,.T.);
#7196=ORIENTED_EDGE('',*,*,#7199,.T.);
#7197=ORIENTED_EDGE('',*,*,#7200,.T.);
#7198=EDGE_CURVE('',#509,#61,#7201,.F.);
#7199=EDGE_CURVE('',#61,#79,#7202,.T.);
#7200=EDGE_CURVE('',#79,#509,#7203,.T.);
#7201=LINE('',#508,#7204);
#7202=LINE('',#60,#7205);
#7203=LINE('',#78,#7206);
#7204=VECTOR('',#7207,1.0);
#7205=VECTOR('',#7208,1.0);
#7206=VECTOR('',#7209,1.0);
#7207=DIRECTION('',(0.371908625070124,-0.9282693437782215,0));
#7208=DIRECTION('',(-0.38755919766651525,0.9218448179081373,0));
#7209=DIRECTION('',(0.9807610784470353,0.19521195404843472,0));
#7210=FACE_SURFACE('',(#7215),#7211,.T.);
#7211=PLANE('',#7212);
#7212=AXIS2_PLACEMENT_3D('',#190,#7213,#7214);
#7213=DIRECTION('',(0.3218656184344951,-0.9467853630415819,0));
#7214=DIRECTION('',(-0.9467853630415819,-0.3218656184344952,0));
#7215=FACE_BOUND('',#7216,.T.);
#7216=EDGE_LOOP('',(#7217,#7218,#7219));
#7217=ORIENTED_EDGE('',*,*,#7220,.T.);
#7218=ORIENTED_EDGE('',*,*,#7221,.T.);
#7219=ORIENTED_EDGE('',*,*,#7222,.T.);
#7220=EDGE_CURVE('',#191,#197,#7223,.F.);
#7221=EDGE_CURVE('',#197,#299,#7224,.T.);
#7222=EDGE_CURVE('',#299,#191,#7225,.T.);
#7223=LINE('',#190,#7226);
#7224=LINE('',#196,#7227);
#7225=LINE('',#298,#7228);
#7226=VECTOR('',#7229,1.0);
#7227=VECTOR('',#7230,1.0);
#7228=VECTOR('',#7231,1.0);
#7229=DIRECTION('',(-0.9467853630415819,-0.3218656184344952,0));
#7230=DIRECTION('',(0.04026314942558689,0.013687710008902886,-0.999095353503881));
#7231=DIRECTION('',(0,0,1));
#7232=FACE_SURFACE('',(#7237),#7233,.T.);
#7233=PLANE('',#7234);
#7234=AXIS2_PLACEMENT_3D('',#510,#7235,#7236);
#7235=DIRECTION('',(0,0,-1));
#7236=DIRECTION('',(0.8309686782890312,0.5563192030683289,0));
#7237=FACE_BOUND('',#7238,.T.);
#7238=EDGE_LOOP('',(#7239,#7240,#7241));
#7239=ORIENTED_EDGE('',*,*,#7242,.T.);
#7240=ORIENTED_EDGE('',*,*,#7243,.T.);
#7241=ORIENTED_EDGE('',*,*,#7244,.T.);
#7242=EDGE_CURVE('',#511,#513,#7245,.F.);
#7243=EDGE_CURVE('',#513,#49,#7246,.T.);
#7244=EDGE_CURVE('',#49,#511,#7247,.T.);
#7245=LINE('',#510,#7248);
#7246=LINE('',#512,#7249);
#7247=LINE('',#48,#7250);
#7248=VECTOR('',#7251,1.0);
#7249=VECTOR('',#7252,1.0);
#7250=VECTOR('',#7253,1.0);
#7251=DIRECTION('',(0.8309686782890312,0.5563192030683289,0));
#7252=DIRECTION('',(0.7340308549618307,-0.6791161196467095,0));
#7253=DIRECTION('',(-0.7590198174531055,0.6510675208559049,0));
#7254=FACE_SURFACE('',(#7259),#7255,.T.);
#7255=PLANE('',#7256);
#7256=AXIS2_PLACEMENT_3D('',#514,#7257,#7258);
#7257=DIRECTION('',(-0.7525778062110414,0.6585033375758821,0));
#7258=DIRECTION('',(-0.6585033375758821,-0.7525778062110414,0));
#7259=FACE_BOUND('',#7260,.T.);
#7260=EDGE_LOOP('',(#7261,#7262,#7263));
#7261=ORIENTED_EDGE('',*,*,#7264,.T.);
#7262=ORIENTED_EDGE('',*,*,#7265,.T.);
#7263=ORIENTED_EDGE('',*,*,#7266,.T.);
#7264=EDGE_CURVE('',#515,#517,#7267,.F.);
#7265=EDGE_CURVE('',#517,#271,#7268,.T.);
#7266=EDGE_CURVE('',#271,#515,#7269,.T.);
#7267=LINE('',#514,#7270);
#7268=LINE('',#516,#7271);
#7269=LINE('',#270,#7272);
#7270=VECTOR('',#7273,1.0);
#7271=VECTOR('',#7274,1.0);
#7272=VECTOR('',#7275,1.0);
#7273=DIRECTION('',(-0.6585033375758821,-0.7525778062110414,0));
#7274=DIRECTION('',(0,0,1));
#7275=DIRECTION('',(0.027974600434043068,0.0319710808175768,-0.9990972283626411));
#7276=FACE_SURFACE('',(#7281),#7277,.T.);
#7277=PLANE('',#7278);
#7278=AXIS2_PLACEMENT_3D('',#518,#7279,#7280);
#7279=DIRECTION('',(-0,0,-1));
#7280=DIRECTION('',(-0.4111601654356313,-0.911563118143195,0));
#7281=FACE_BOUND('',#7282,.T.);
#7282=EDGE_LOOP('',(#7283,#7284,#7285));
#7283=ORIENTED_EDGE('',*,*,#7286,.T.);
#7284=ORIENTED_EDGE('',*,*,#7287,.T.);
#7285=ORIENTED_EDGE('',*,*,#7288,.T.);
#7286=EDGE_CURVE('',#519,#53,#7289,.F.);
#7287=EDGE_CURVE('',#53,#481,#7290,.T.);
#7288=EDGE_CURVE('',#481,#519,#7291,.T.);
#7289=LINE('',#518,#7292);
#7290=LINE('',#52,#7293);
#7291=LINE('',#480,#7294);
#7292=VECTOR('',#7295,1.0);
#7293=VECTOR('',#7296,1.0);
#7294=VECTOR('',#7297,1.0);
#7295=DIRECTION('',(-0.4111601654356313,-0.911563118143195,0));
#7296=DIRECTION('',(0.40536347463700506,0.9141555958534708,0));
#7297=DIRECTION('',(0.19521195404843472,-0.9807610784470353,0));
#7298=FACE_SURFACE('',(#7303),#7299,.T.);
#7299=PLANE('',#7300);
#7300=AXIS2_PLACEMENT_3D('',#520,#7301,#7302);
#7301=DIRECTION('',(-0,0,-1));
#7302=DIRECTION('',(-0.4180716784548082,-0.9084140419841491,0));
#7303=FACE_BOUND('',#7304,.T.);
#7304=EDGE_LOOP('',(#7305,#7306,#7307));
#7305=ORIENTED_EDGE('',*,*,#7308,.T.);
#7306=ORIENTED_EDGE('',*,*,#7309,.T.);
#7307=ORIENTED_EDGE('',*,*,#7310,.T.);
#7308=EDGE_CURVE('',#521,#53,#7311,.F.);
#7309=EDGE_CURVE('',#53,#519,#7312,.T.);
#7310=EDGE_CURVE('',#519,#521,#7313,.T.);
#7311=LINE('',#520,#7314);
#7312=LINE('',#52,#7315);
#7313=LINE('',#518,#7316);
#7314=VECTOR('',#7317,1.0);
#7315=VECTOR('',#7318,1.0);
#7316=VECTOR('',#7319,1.0);
#7317=DIRECTION('',(-0.4180716784548082,-0.9084140419841491,0));
#7318=DIRECTION('',(0.4111601654356313,0.911563118143195,0));
#7319=DIRECTION('',(0.3218548537101871,-0.9467890225088132,0));
#7320=FACE_SURFACE('',(#7325),#7321,.T.);
#7321=PLANE('',#7322);
#7322=AXIS2_PLACEMENT_3D('',#522,#7323,#7324);
#7323=DIRECTION('',(0,0,-1));
#7324=DIRECTION('',(0.8967672637615953,0.4425025137166356,0));
#7325=FACE_BOUND('',#7326,.T.);
#7326=EDGE_LOOP('',(#7327,#7328,#7329));
#7327=ORIENTED_EDGE('',*,*,#7330,.T.);
#7328=ORIENTED_EDGE('',*,*,#7331,.T.);
#7329=ORIENTED_EDGE('',*,*,#7332,.T.);
#7330=EDGE_CURVE('',#523,#511,#7333,.F.);
#7331=EDGE_CURVE('',#511,#49,#7334,.T.);
#7332=EDGE_CURVE('',#49,#523,#7335,.T.);
#7333=LINE('',#522,#7336);
#7334=LINE('',#510,#7337);
#7335=LINE('',#48,#7338);
#7336=VECTOR('',#7339,1.0);
#7337=VECTOR('',#7340,1.0);
#7338=VECTOR('',#7341,1.0);
#7339=DIRECTION('',(0.8967672637615953,0.4425025137166356,0));
#7340=DIRECTION('',(0.7590198174531055,-0.6510675208559049,0));
#7341=DIRECTION('',(-0.7812602912941125,0.6242053806617165,0));
#7342=FACE_SURFACE('',(#7347),#7343,.T.);
#7343=PLANE('',#7344);
#7344=AXIS2_PLACEMENT_3D('',#130,#7345,#7346);
#7345=DIRECTION('',(0,-0,-1));
#7346=DIRECTION('',(0.06340270920603859,-0.9979880242093763,0));
#7347=FACE_BOUND('',#7348,.T.);
#7348=EDGE_LOOP('',(#7349,#7350,#7351));
#7349=ORIENTED_EDGE('',*,*,#7352,.T.);
#7350=ORIENTED_EDGE('',*,*,#7353,.T.);
#7351=ORIENTED_EDGE('',*,*,#7354,.T.);
#7352=EDGE_CURVE('',#131,#481,#7355,.F.);
#7353=EDGE_CURVE('',#481,#53,#7356,.T.);
#7354=EDGE_CURVE('',#53,#131,#7357,.T.);
#7355=LINE('',#130,#7358);
#7356=LINE('',#480,#7359);
#7357=LINE('',#52,#7360);
#7358=VECTOR('',#7361,1.0);
#7359=VECTOR('',#7362,1.0);
#7360=VECTOR('',#7363,1.0);
#7361=DIRECTION('',(0.06340270920603859,-0.9979880242093763,0));
#7362=DIRECTION('',(-0.40536347463700506,-0.9141555958534708,0));
#7363=DIRECTION('',(0.40077613554753405,0.916176014298336,0));
#7364=FACE_SURFACE('',(#7369),#7365,.T.);
#7365=PLANE('',#7366);
#7366=AXIS2_PLACEMENT_3D('',#524,#7367,#7368);
#7367=DIRECTION('',(0,0,-1));
#7368=DIRECTION('',(0.946786291482897,0.3218628873605388,0));
#7369=FACE_BOUND('',#7370,.T.);
#7370=EDGE_LOOP('',(#7371,#7372,#7373));
#7371=ORIENTED_EDGE('',*,*,#7374,.T.);
#7372=ORIENTED_EDGE('',*,*,#7375,.T.);
#7373=ORIENTED_EDGE('',*,*,#7376,.T.);
#7374=EDGE_CURVE('',#525,#523,#7377,.F.);
#7375=EDGE_CURVE('',#523,#49,#7378,.T.);
#7376=EDGE_CURVE('',#49,#525,#7379,.T.);
#7377=LINE('',#524,#7380);
#7378=LINE('',#522,#7381);
#7379=LINE('',#48,#7382);
#7380=VECTOR('',#7383,1.0);
#7381=VECTOR('',#7384,1.0);
#7382=VECTOR('',#7385,1.0);
#7383=DIRECTION('',(0.946786291482897,0.3218628873605388,0));
#7384=DIRECTION('',(0.7812602912941125,-0.6242053806617165,0));
#7385=DIRECTION('',(-0.8004402157334084,0.599412596661644,0));
#7386=FACE_SURFACE('',(#7391),#7387,.T.);
#7387=PLANE('',#7388);
#7388=AXIS2_PLACEMENT_3D('',#526,#7389,#7390);
#7389=DIRECTION('',(0,0,-1));
#7390=DIRECTION('',(0.9807610784470353,0.19521195404843472,0));
#7391=FACE_BOUND('',#7392,.T.);
#7392=EDGE_LOOP('',(#7393,#7394,#7395));
#7393=ORIENTED_EDGE('',*,*,#7396,.T.);
#7394=ORIENTED_EDGE('',*,*,#7397,.T.);
#7395=ORIENTED_EDGE('',*,*,#7398,.T.);
#7396=EDGE_CURVE('',#527,#525,#7399,.F.);
#7397=EDGE_CURVE('',#525,#49,#7400,.T.);
#7398=EDGE_CURVE('',#49,#527,#7401,.T.);
#7399=LINE('',#526,#7402);
#7400=LINE('',#524,#7403);
#7401=LINE('',#48,#7404);
#7402=VECTOR('',#7405,1.0);
#7403=VECTOR('',#7406,1.0);
#7404=VECTOR('',#7407,1.0);
#7405=DIRECTION('',(0.9807610784470353,0.19521195404843472,0));
#7406=DIRECTION('',(0.8004402157334084,-0.599412596661644,0));
#7407=DIRECTION('',(-0.8163175230496489,0.5776034120069633,0));
#7408=FACE_SURFACE('',(#7413),#7409,.T.);
#7409=PLANE('',#7410);
#7410=AXIS2_PLACEMENT_3D('',#40,#7411,#7412);
#7411=DIRECTION('',(-0.7525778062110414,0.6585033375758821,0));
#7412=DIRECTION('',(0,0,-1));
#7413=FACE_BOUND('',#7414,.T.);
#7414=EDGE_LOOP('',(#7415,#7416,#7417));
#7415=ORIENTED_EDGE('',*,*,#7418,.T.);
#7416=ORIENTED_EDGE('',*,*,#7419,.T.);
#7417=ORIENTED_EDGE('',*,*,#7420,.T.);
#7418=EDGE_CURVE('',#41,#529,#7421,.F.);
#7419=EDGE_CURVE('',#529,#43,#7422,.T.);
#7420=EDGE_CURVE('',#43,#41,#7423,.T.);
#7421=LINE('',#40,#7424);
#7422=LINE('',#528,#7425);
#7423=LINE('',#42,#7426);
#7424=VECTOR('',#7427,1.0);
#7425=VECTOR('',#7428,1.0);
#7426=VECTOR('',#7429,1.0);
#7427=DIRECTION('',(0,0,-1));
#7428=DIRECTION('',(-0.016465366847208354,-0.018817626203609265,0.999687345442888));
#7429=DIRECTION('',(0.6585033375758821,0.7525778062110414,0));
#7430=FACE_SURFACE('',(#7435),#7431,.T.);
#7431=PLANE('',#7432);
#7432=AXIS2_PLACEMENT_3D('',#530,#7433,#7434);
#7433=DIRECTION('',(-0,0,-1));
#7434=DIRECTION('',(-0.4346749897871668,-0.9005873934569185,0));
#7435=FACE_BOUND('',#7436,.T.);
#7436=EDGE_LOOP('',(#7437,#7438,#7439));
#7437=ORIENTED_EDGE('',*,*,#7440,.T.);
#7438=ORIENTED_EDGE('',*,*,#7441,.T.);
#7439=ORIENTED_EDGE('',*,*,#7442,.T.);
#7440=EDGE_CURVE('',#531,#53,#7443,.F.);
#7441=EDGE_CURVE('',#53,#533,#7444,.T.);
#7442=EDGE_CURVE('',#533,#531,#7445,.T.);
#7443=LINE('',#530,#7446);
#7444=LINE('',#52,#7447);
#7445=LINE('',#532,#7448);
#7446=VECTOR('',#7449,1.0);
#7447=VECTOR('',#7450,1.0);
#7448=VECTOR('',#7451,1.0);
#7449=DIRECTION('',(-0.4346749897871668,-0.9005873934569185,0));
#7450=DIRECTION('',(0.42594783663021424,0.9047477220032335,0));
#7451=DIRECTION('',(0.5563233425683655,-0.8309659069501956,0));
#7452=FACE_SURFACE('',(#7457),#7453,.T.);
#7453=PLANE('',#7454);
#7454=AXIS2_PLACEMENT_3D('',#534,#7455,#7456);
#7455=DIRECTION('',(-0,0,-1));
#7456=DIRECTION('',(-0.44402019418309546,-0.8960167783906761,0));
#7457=FACE_BOUND('',#7458,.T.);
#7458=EDGE_LOOP('',(#7459,#7460,#7461));
#7459=ORIENTED_EDGE('',*,*,#7462,.T.);
#7460=ORIENTED_EDGE('',*,*,#7463,.T.);
#7461=ORIENTED_EDGE('',*,*,#7464,.T.);
#7462=EDGE_CURVE('',#535,#53,#7465,.F.);
#7463=EDGE_CURVE('',#53,#531,#7466,.T.);
#7464=EDGE_CURVE('',#531,#535,#7467,.T.);
#7465=LINE('',#534,#7468);
#7466=LINE('',#52,#7469);
#7467=LINE('',#530,#7470);
#7468=VECTOR('',#7471,1.0);
#7469=VECTOR('',#7472,1.0);
#7470=VECTOR('',#7473,1.0);
#7471=DIRECTION('',(-0.44402019418309546,-0.8960167783906761,0));
#7472=DIRECTION('',(0.4346749897871668,0.9005873934569185,0));
#7473=DIRECTION('',(0.6585084187126559,-0.7525733602012215,0));
#7474=FACE_SURFACE('',(#7479),#7475,.T.);
#7475=PLANE('',#7476);
#7476=AXIS2_PLACEMENT_3D('',#520,#7477,#7478);
#7477=DIRECTION('',(0,-0,-1));
#7478=DIRECTION('',(0.4424989507560144,-0.8967690218667381,0));
#7479=FACE_BOUND('',#7480,.T.);
#7480=EDGE_LOOP('',(#7481,#7482,#7483));
#7481=ORIENTED_EDGE('',*,*,#7484,.T.);
#7482=ORIENTED_EDGE('',*,*,#7485,.T.);
#7483=ORIENTED_EDGE('',*,*,#7486,.T.);
#7484=EDGE_CURVE('',#521,#533,#7487,.F.);
#7485=EDGE_CURVE('',#533,#53,#7488,.T.);
#7486=EDGE_CURVE('',#53,#521,#7489,.T.);
#7487=LINE('',#520,#7490);
#7488=LINE('',#532,#7491);
#7489=LINE('',#52,#7492);
#7490=VECTOR('',#7493,1.0);
#7491=VECTOR('',#7494,1.0);
#7492=VECTOR('',#7495,1.0);
#7493=DIRECTION('',(0.4424989507560144,-0.8967690218667381,0));
#7494=DIRECTION('',(-0.42594783663021424,-0.9047477220032335,0));
#7495=DIRECTION('',(0.4180716784548082,0.9084140419841491,0));
#7496=FACE_SURFACE('',(#7501),#7497,.T.);
#7497=PLANE('',#7498);
#7498=AXIS2_PLACEMENT_3D('',#436,#7499,#7500);
#7499=DIRECTION('',(-0,0,-1));
#7500=DIRECTION('',(-0.4538139680024759,-0.8910964495753801,0));
#7501=FACE_BOUND('',#7502,.T.);
#7502=EDGE_LOOP('',(#7503,#7504,#7505));
#7503=ORIENTED_EDGE('',*,*,#7506,.T.);
#7504=ORIENTED_EDGE('',*,*,#7507,.T.);
#7505=ORIENTED_EDGE('',*,*,#7508,.T.);
#7506=EDGE_CURVE('',#437,#53,#7509,.F.);
#7507=EDGE_CURVE('',#53,#535,#7510,.T.);
#7508=EDGE_CURVE('',#535,#437,#7511,.T.);
#7509=LINE('',#436,#7512);
#7510=LINE('',#52,#7513);
#7511=LINE('',#534,#7514);
#7512=VECTOR('',#7515,1.0);
#7513=VECTOR('',#7516,1.0);
#7514=VECTOR('',#7517,1.0);
#7515=DIRECTION('',(-0.4538139680024759,-0.8910964495753801,0));
#7516=DIRECTION('',(0.44402019418309546,0.8960167783906761,0));
#7517=DIRECTION('',(0.7525733602012215,-0.6585084187126559,0));
#7518=FACE_SURFACE('',(#7523),#7519,.T.);
#7519=PLANE('',#7520);
#7520=AXIS2_PLACEMENT_3D('',#486,#7521,#7522);
#7521=DIRECTION('',(0,-0,-1));
#7522=DIRECTION('',(0.6585084187126559,-0.7525733602012215,0));
#7523=FACE_BOUND('',#7524,.T.);
#7524=EDGE_LOOP('',(#7525,#7526,#7527));
#7525=ORIENTED_EDGE('',*,*,#7528,.T.);
#7526=ORIENTED_EDGE('',*,*,#7529,.T.);
#7527=ORIENTED_EDGE('',*,*,#7530,.T.);
#7528=EDGE_CURVE('',#487,#485,#7531,.F.);
#7529=EDGE_CURVE('',#485,#39,#7532,.T.);
#7530=EDGE_CURVE('',#39,#487,#7533,.T.);
#7531=LINE('',#486,#7534);
#7532=LINE('',#484,#7535);
#7533=LINE('',#38,#7536);
#7534=VECTOR('',#7537,1.0);
#7535=VECTOR('',#7538,1.0);
#7536=VECTOR('',#7539,1.0);
#7537=DIRECTION('',(0.6585084187126559,-0.7525733602012215,0));
#7538=DIRECTION('',(-0.908118466666547,-0.4187133273484372,0));
#7539=DIRECTION('',(0.8985474128967538,0.43887645958350346,0));
#7540=FACE_SURFACE('',(#7545),#7541,.T.);
#7541=PLANE('',#7542);
#7542=AXIS2_PLACEMENT_3D('',#438,#7543,#7544);
#7543=DIRECTION('',(-0,0,-1));
#7544=DIRECTION('',(-0.46384839406745726,-0.8859145936945845,0));
#7545=FACE_BOUND('',#7546,.T.);
#7546=EDGE_LOOP('',(#7547,#7548,#7549));
#7547=ORIENTED_EDGE('',*,*,#7550,.T.);
#7548=ORIENTED_EDGE('',*,*,#7551,.T.);
#7549=ORIENTED_EDGE('',*,*,#7552,.T.);
#7550=EDGE_CURVE('',#439,#53,#7553,.F.);
#7551=EDGE_CURVE('',#53,#437,#7554,.T.);
#7552=EDGE_CURVE('',#437,#439,#7555,.T.);
#7553=LINE('',#438,#7556);
#7554=LINE('',#52,#7557);
#7555=LINE('',#436,#7558);
#7556=VECTOR('',#7559,1.0);
#7557=VECTOR('',#7560,1.0);
#7558=VECTOR('',#7561,1.0);
#7559=DIRECTION('',(-0.46384839406745726,-0.8859145936945845,0));
#7560=DIRECTION('',(0.4538139680024759,0.8910964495753801,0));
#7561=DIRECTION('',(0.8309659069501956,-0.5563233425683655,0));
#7562=FACE_SURFACE('',(#7567),#7563,.T.);
#7563=PLANE('',#7564);
#7564=AXIS2_PLACEMENT_3D('',#508,#7565,#7566);
#7565=DIRECTION('',(-0.19521195404843475,0.9807610784470354,0));
#7566=DIRECTION('',(-0.9807610784470353,-0.19521195404843472,0));
#7567=FACE_BOUND('',#7568,.T.);
#7568=EDGE_LOOP('',(#7569,#7570,#7571));
#7569=ORIENTED_EDGE('',*,*,#7572,.T.);
#7570=ORIENTED_EDGE('',*,*,#7573,.T.);
#7571=ORIENTED_EDGE('',*,*,#7574,.T.);
#7572=EDGE_CURVE('',#509,#79,#7575,.F.);
#7573=EDGE_CURVE('',#79,#501,#7576,.T.);
#7574=EDGE_CURVE('',#501,#509,#7577,.T.);
#7575=LINE('',#508,#7578);
#7576=LINE('',#78,#7579);
#7577=LINE('',#500,#7580);
#7578=VECTOR('',#7581,1.0);
#7579=VECTOR('',#7582,1.0);
#7580=VECTOR('',#7583,1.0);
#7581=DIRECTION('',(-0.9807610784470353,-0.19521195404843472,0));
#7582=DIRECTION('',(0.024521732665483253,0.004880837398097084,0.9996873821617315));
#7583=DIRECTION('',(0,0,-1));
#7584=FACE_SURFACE('',(#7589),#7585,.T.);
#7585=PLANE('',#7586);
#7586=AXIS2_PLACEMENT_3D('',#448,#7587,#7588);
#7587=DIRECTION('',(0,-0,-1));
#7588=DIRECTION('',(0.9467880941111669,-0.32185758473173176,0));
#7589=FACE_BOUND('',#7590,.T.);
#7590=EDGE_LOOP('',(#7591,#7592,#7593));
#7591=ORIENTED_EDGE('',*,*,#7594,.T.);
#7592=ORIENTED_EDGE('',*,*,#7595,.T.);
#7593=ORIENTED_EDGE('',*,*,#7596,.T.);
#7594=EDGE_CURVE('',#449,#447,#7597,.F.);
#7595=EDGE_CURVE('',#447,#53,#7598,.T.);
#7596=EDGE_CURVE('',#53,#449,#7599,.T.);
#7597=LINE('',#448,#7600);
#7598=LINE('',#446,#7601);
#7599=LINE('',#52,#7602);
#7600=VECTOR('',#7603,1.0);
#7601=VECTOR('',#7604,1.0);
#7602=VECTOR('',#7605,1.0);
#7603=DIRECTION('',(0.9467880941111669,-0.32185758473173176,0));
#7604=DIRECTION('',(-0.4836785160926504,-0.87524573296327,0));
#7605=DIRECTION('',(0.47386110879641485,0.8805995966216612,0));
#7606=FACE_SURFACE('',(#7611),#7607,.T.);
#7607=PLANE('',#7608);
#7608=AXIS2_PLACEMENT_3D('',#488,#7609,#7610);
#7609=DIRECTION('',(0,-0,-1));
#7610=DIRECTION('',(0.5563233425683655,-0.8309659069501956,0));
#7611=FACE_BOUND('',#7612,.T.);
#7612=EDGE_LOOP('',(#7613,#7614,#7615));
#7613=ORIENTED_EDGE('',*,*,#7616,.T.);
#7614=ORIENTED_EDGE('',*,*,#7617,.T.);
#7615=ORIENTED_EDGE('',*,*,#7618,.T.);
#7616=EDGE_CURVE('',#489,#487,#7619,.F.);
#7617=EDGE_CURVE('',#487,#39,#7620,.T.);
#7618=EDGE_CURVE('',#39,#489,#7621,.T.);
#7619=LINE('',#488,#7622);
#7620=LINE('',#486,#7623);
#7621=LINE('',#38,#7624);
#7622=VECTOR('',#7625,1.0);
#7623=VECTOR('',#7626,1.0);
#7624=VECTOR('',#7627,1.0);
#7625=DIRECTION('',(0.5563233425683655,-0.8309659069501956,0));
#7626=DIRECTION('',(-0.8985474128967538,-0.43887645958350346,0));
#7627=DIRECTION('',(0.8881396055317471,0.4595737602234409,0));
#7628=FACE_SURFACE('',(#7633),#7629,.T.);
#7629=PLANE('',#7630);
#7630=AXIS2_PLACEMENT_3D('',#118,#7631,#7632);
#7631=DIRECTION('',(0,-0,-1));
#7632=DIRECTION('',(0.984527427835005,-0.17523054482763328,0));
#7633=FACE_BOUND('',#7634,.T.);
#7634=EDGE_LOOP('',(#7635,#7636,#7637));
#7635=ORIENTED_EDGE('',*,*,#7638,.T.);
#7636=ORIENTED_EDGE('',*,*,#7639,.T.);
#7637=ORIENTED_EDGE('',*,*,#7640,.T.);
#7638=EDGE_CURVE('',#119,#495,#7641,.F.);
#7639=EDGE_CURVE('',#495,#39,#7642,.T.);
#7640=EDGE_CURVE('',#39,#119,#7643,.T.);
#7641=LINE('',#118,#7644);
#7642=LINE('',#494,#7645);
#7643=LINE('',#38,#7646);
#7644=VECTOR('',#7647,1.0);
#7645=VECTOR('',#7648,1.0);
#7646=VECTOR('',#7649,1.0);
#7647=DIRECTION('',(0.984527427835005,-0.17523054482763328,0));
#7648=DIRECTION('',(-0.8771925220120744,-0.48013881255955176,0));
#7649=DIRECTION('',(0.6689647316224497,0.7432941462471664,0));
#7650=FACE_SURFACE('',(#7655),#7651,.T.);
#7651=PLANE('',#7652);
#7652=AXIS2_PLACEMENT_3D('',#70,#7653,#7654);
#7653=DIRECTION('',(-0.9467862914828971,0.3218628873605388,0));
#7654=DIRECTION('',(0,0,-1));
#7655=FACE_BOUND('',#7656,.T.);
#7656=EDGE_LOOP('',(#7657,#7658,#7659));
#7657=ORIENTED_EDGE('',*,*,#7660,.T.);
#7658=ORIENTED_EDGE('',*,*,#7661,.T.);
#7659=ORIENTED_EDGE('',*,*,#7662,.T.);
#7660=EDGE_CURVE('',#71,#537,#7663,.F.);
#7661=EDGE_CURVE('',#537,#65,#7664,.T.);
#7662=EDGE_CURVE('',#65,#71,#7665,.T.);
#7663=LINE('',#70,#7666);
#7664=LINE('',#536,#7667);
#7665=LINE('',#64,#7668);
#7666=VECTOR('',#7669,1.0);
#7667=VECTOR('',#7670,1.0);
#7668=VECTOR('',#7671,1.0);
#7669=DIRECTION('',(0,0,-1));
#7670=DIRECTION('',(-0.008056359637354972,-0.02369844789020239,0.9996866902369907));
#7671=DIRECTION('',(0.3218628873605388,0.946786291482897,0));
#7672=FACE_SURFACE('',(#7677),#7673,.T.);
#7673=PLANE('',#7674);
#7674=AXIS2_PLACEMENT_3D('',#538,#7675,#7676);
#7675=DIRECTION('',(-0,-0,-1));
#7676=DIRECTION('',(0.012966203026704858,-0.9999159352560945,0));
#7677=FACE_BOUND('',#7678,.T.);
#7678=EDGE_LOOP('',(#7679,#7680,#7681));
#7679=ORIENTED_EDGE('',*,*,#7682,.T.);
#7680=ORIENTED_EDGE('',*,*,#7683,.T.);
#7681=ORIENTED_EDGE('',*,*,#7684,.T.);
#7682=EDGE_CURVE('',#539,#135,#7685,.F.);
#7683=EDGE_CURVE('',#135,#447,#7686,.T.);
#7684=EDGE_CURVE('',#447,#539,#7687,.T.);
#7685=LINE('',#538,#7688);
#7686=LINE('',#134,#7689);
#7687=LINE('',#446,#7690);
#7688=VECTOR('',#7691,1.0);
#7689=VECTOR('',#7692,1.0);
#7690=VECTOR('',#7693,1.0);
#7691=DIRECTION('',(0.012966203026704858,-0.9999159352560945,0));
#7692=DIRECTION('',(-0.0256170948756756,0.999671828376758,0));
#7693=DIRECTION('',(0.9807610784470353,-0.19521195404843472,0));
#7694=FACE_SURFACE('',(#7699),#7695,.T.);
#7695=PLANE('',#7696);
#7696=AXIS2_PLACEMENT_3D('',#500,#7697,#7698);
#7697=DIRECTION('',(-0.3218548537101871,0.9467890225088132,0));
#7698=DIRECTION('',(0.9467890225088132,0.3218548537101871,0));
#7699=FACE_BOUND('',#7700,.T.);
#7700=EDGE_LOOP('',(#7701,#7702,#7703));
#7701=ORIENTED_EDGE('',*,*,#7704,.T.);
#7702=ORIENTED_EDGE('',*,*,#7705,.T.);
#7703=ORIENTED_EDGE('',*,*,#7706,.T.);
#7704=EDGE_CURVE('',#501,#395,#7707,.F.);
#7705=EDGE_CURVE('',#395,#509,#7708,.T.);
#7706=EDGE_CURVE('',#509,#501,#7709,.T.);
#7707=LINE('',#500,#7710);
#7708=LINE('',#394,#7711);
#7709=LINE('',#508,#7712);
#7710=VECTOR('',#7713,1.0);
#7711=VECTOR('',#7714,1.0);
#7712=VECTOR('',#7715,1.0);
#7713=DIRECTION('',(0.9467890225088132,0.3218548537101871,0));
#7714=DIRECTION('',(-0.023698447933030383,-0.008056135328262088,-0.9996866920436313));
#7715=DIRECTION('',(0,0,1));
#7716=FACE_SURFACE('',(#7721),#7717,.T.);
#7717=PLANE('',#7718);
#7718=AXIS2_PLACEMENT_3D('',#80,#7719,#7720);
#7719=DIRECTION('',(-0,-0,-1));
#7720=DIRECTION('',(0,-1,0));
#7721=FACE_BOUND('',#7722,.T.);
#7722=EDGE_LOOP('',(#7723,#7724,#7725));
#7723=ORIENTED_EDGE('',*,*,#7726,.T.);
#7724=ORIENTED_EDGE('',*,*,#7727,.T.);
#7725=ORIENTED_EDGE('',*,*,#7728,.T.);
#7726=EDGE_CURVE('',#81,#135,#7729,.F.);
#7727=EDGE_CURVE('',#135,#539,#7730,.T.);
#7728=EDGE_CURVE('',#539,#81,#7731,.T.);
#7729=LINE('',#80,#7732);
#7730=LINE('',#134,#7733);
#7731=LINE('',#538,#7734);
#7732=VECTOR('',#7735,1.0);
#7733=VECTOR('',#7736,1.0);
#7734=VECTOR('',#7737,1.0);
#7735=DIRECTION('',(0,-1,0));
#7736=DIRECTION('',(-0.012966203026704858,0.9999159352560945,0));
#7737=DIRECTION('',(0.9978368470200267,-0.06573908068365164,0));
#7738=FACE_SURFACE('',(#7743),#7739,.T.);
#7739=PLANE('',#7740);
#7740=AXIS2_PLACEMENT_3D('',#488,#7741,#7742);
#7741=DIRECTION('',(-0,0,-1));
#7742=DIRECTION('',(-0.8881396055317471,-0.4595737602234409,0));
#7743=FACE_BOUND('',#7744,.T.);
#7744=EDGE_LOOP('',(#7745,#7746,#7747));
#7745=ORIENTED_EDGE('',*,*,#7748,.T.);
#7746=ORIENTED_EDGE('',*,*,#7749,.T.);
#7747=ORIENTED_EDGE('',*,*,#7750,.T.);
#7748=EDGE_CURVE('',#489,#39,#7751,.F.);
#7749=EDGE_CURVE('',#39,#495,#7752,.T.);
#7750=EDGE_CURVE('',#495,#489,#7753,.T.);
#7751=LINE('',#488,#7754);
#7752=LINE('',#38,#7755);
#7753=LINE('',#494,#7756);
#7754=VECTOR('',#7757,1.0);
#7755=VECTOR('',#7758,1.0);
#7756=VECTOR('',#7759,1.0);
#7757=DIRECTION('',(-0.8881396055317471,-0.4595737602234409,0));
#7758=DIRECTION('',(0.8771925220120744,0.48013881255955176,0));
#7759=DIRECTION('',(0.44250073223002606,-0.8967681428194753,0));
#7760=FACE_SURFACE('',(#7765),#7761,.T.);
#7761=PLANE('',#7762);
#7762=AXIS2_PLACEMENT_3D('',#498,#7763,#7764);
#7763=DIRECTION('',(-0,-0,-1));
#7764=DIRECTION('',(0.32185348821579046,-0.946789486698774,0));
#7765=FACE_BOUND('',#7766,.T.);
#7766=EDGE_LOOP('',(#7767,#7768,#7769));
#7767=ORIENTED_EDGE('',*,*,#7770,.T.);
#7768=ORIENTED_EDGE('',*,*,#7771,.T.);
#7769=ORIENTED_EDGE('',*,*,#7772,.T.);
#7770=EDGE_CURVE('',#499,#495,#7773,.F.);
#7771=EDGE_CURVE('',#495,#119,#7774,.T.);
#7772=EDGE_CURVE('',#119,#499,#7775,.T.);
#7773=LINE('',#498,#7776);
#7774=LINE('',#494,#7777);
#7775=LINE('',#118,#7778);
#7776=VECTOR('',#7779,1.0);
#7777=VECTOR('',#7780,1.0);
#7778=VECTOR('',#7781,1.0);
#7779=DIRECTION('',(0.32185348821579046,-0.946789486698774,0));
#7780=DIRECTION('',(-0.984527427835005,0.17523054482763328,0));
#7781=DIRECTION('',(0.9925471612854778,-0.12186112023176149,0));
#7782=FACE_SURFACE('',(#7787),#7783,.T.);
#7783=PLANE('',#7784);
#7784=AXIS2_PLACEMENT_3D('',#72,#7785,#7786);
#7785=DIRECTION('',(-0.9807610784470354,0.19521195404843475,0));
#7786=DIRECTION('',(-0.004880837398097084,-0.024521732665483253,-0.9996873821617315));
#7787=FACE_BOUND('',#7788,.T.);
#7788=EDGE_LOOP('',(#7789,#7790,#7791));
#7789=ORIENTED_EDGE('',*,*,#7792,.T.);
#7790=ORIENTED_EDGE('',*,*,#7793,.T.);
#7791=ORIENTED_EDGE('',*,*,#7794,.T.);
#7792=EDGE_CURVE('',#73,#537,#7795,.F.);
#7793=EDGE_CURVE('',#537,#71,#7796,.T.);
#7794=EDGE_CURVE('',#71,#73,#7797,.T.);
#7795=LINE('',#72,#7798);
#7796=LINE('',#536,#7799);
#7797=LINE('',#70,#7800);
#7798=VECTOR('',#7801,1.0);
#7799=VECTOR('',#7802,1.0);
#7800=VECTOR('',#7803,1.0);
#7801=DIRECTION('',(-0.004880837398097084,-0.024521732665483253,-0.9996873821617315));
#7802=DIRECTION('',(0,0,1));
#7803=DIRECTION('',(0.19521195404843472,0.9807610784470353,0));
#7804=FACE_SURFACE('',(#7809),#7805,.T.);
#7805=PLANE('',#7806);
#7806=AXIS2_PLACEMENT_3D('',#142,#7807,#7808);
#7807=DIRECTION('',(-0,0,-1));
#7808=DIRECTION('',(-0.44261879834732065,-0.8967098746805312,0));
#7809=FACE_BOUND('',#7810,.T.);
#7810=EDGE_LOOP('',(#7811,#7812,#7813));
#7811=ORIENTED_EDGE('',*,*,#7814,.T.);
#7812=ORIENTED_EDGE('',*,*,#7815,.T.);
#7813=ORIENTED_EDGE('',*,*,#7816,.T.);
#7814=EDGE_CURVE('',#143,#147,#7817,.F.);
#7815=EDGE_CURVE('',#147,#81,#7818,.T.);
#7816=EDGE_CURVE('',#81,#143,#7819,.T.);
#7817=LINE('',#142,#7820);
#7818=LINE('',#146,#7821);
#7819=LINE('',#80,#7822);
#7820=VECTOR('',#7823,1.0);
#7821=VECTOR('',#7824,1.0);
#7822=VECTOR('',#7825,1.0);
#7823=DIRECTION('',(-0.44261879834732065,-0.8967098746805312,0));
#7824=DIRECTION('',(-0.29793226437042375,0.9545870132403393,0));
#7825=DIRECTION('',(0.32838954812675913,-0.9445423784463579,0));
#7826=FACE_SURFACE('',(#7831),#7827,.T.);
#7827=PLANE('',#7828);
#7828=AXIS2_PLACEMENT_3D('',#438,#7829,#7830);
#7829=DIRECTION('',(0,-0,-1));
#7830=DIRECTION('',(0.8967690218667381,-0.4424989507560144,0));
#7831=FACE_BOUND('',#7832,.T.);
#7832=EDGE_LOOP('',(#7833,#7834,#7835));
#7833=ORIENTED_EDGE('',*,*,#7836,.T.);
#7834=ORIENTED_EDGE('',*,*,#7837,.T.);
#7835=ORIENTED_EDGE('',*,*,#7838,.T.);
#7836=EDGE_CURVE('',#439,#449,#7839,.F.);
#7837=EDGE_CURVE('',#449,#53,#7840,.T.);
#7838=EDGE_CURVE('',#53,#439,#7841,.T.);
#7839=LINE('',#438,#7842);
#7840=LINE('',#448,#7843);
#7841=LINE('',#52,#7844);
#7842=VECTOR('',#7845,1.0);
#7843=VECTOR('',#7846,1.0);
#7844=VECTOR('',#7847,1.0);
#7845=DIRECTION('',(0.8967690218667381,-0.4424989507560144,0));
#7846=DIRECTION('',(-0.47386110879641485,-0.8805995966216612,0));
#7847=DIRECTION('',(0.46384839406745726,0.8859145936945845,0));
#7848=FACE_SURFACE('',(#7853),#7849,.T.);
#7849=PLANE('',#7850);
#7850=AXIS2_PLACEMENT_3D('',#502,#7851,#7852);
#7851=DIRECTION('',(-0.5563192030683289,0.8309686782890312,0));
#7852=DIRECTION('',(0,0,-1));
#7853=FACE_BOUND('',#7854,.T.);
#7854=EDGE_LOOP('',(#7855,#7856,#7857));
#7855=ORIENTED_EDGE('',*,*,#7858,.T.);
#7856=ORIENTED_EDGE('',*,*,#7859,.T.);
#7857=ORIENTED_EDGE('',*,*,#7860,.T.);
#7858=EDGE_CURVE('',#503,#87,#7861,.F.);
#7859=EDGE_CURVE('',#87,#89,#7862,.T.);
#7860=EDGE_CURVE('',#89,#503,#7863,.T.);
#7861=LINE('',#502,#7864);
#7862=LINE('',#86,#7865);
#7863=LINE('',#88,#7866);
#7864=VECTOR('',#7867,1.0);
#7865=VECTOR('',#7868,1.0);
#7866=VECTOR('',#7869,1.0);
#7867=DIRECTION('',(0,0,-1));
#7868=DIRECTION('',(-0.8309686782890312,-0.5563192030683289,0));
#7869=DIRECTION('',(0.020817223769627947,0.01393677239611471,0.9996861555356781));
#7870=FACE_SURFACE('',(#7875),#7871,.T.);
#7871=PLANE('',#7872);
#7872=AXIS2_PLACEMENT_3D('',#256,#7873,#7874);
#7873=DIRECTION('',(0,-0,-1));
#7874=DIRECTION('',(1,0,0));
#7875=FACE_BOUND('',#7876,.T.);
#7876=EDGE_LOOP('',(#7877,#7878,#7879));
#7877=ORIENTED_EDGE('',*,*,#7880,.T.);
#7878=ORIENTED_EDGE('',*,*,#7881,.T.);
#7879=ORIENTED_EDGE('',*,*,#7882,.T.);
#7880=EDGE_CURVE('',#257,#57,#7883,.F.);
#7881=EDGE_CURVE('',#57,#541,#7884,.T.);
#7882=EDGE_CURVE('',#541,#257,#7885,.T.);
#7883=LINE('',#256,#7886);
#7884=LINE('',#56,#7887);
#7885=LINE('',#540,#7888);
#7886=VECTOR('',#7889,1.0);
#7887=VECTOR('',#7890,1.0);
#7888=VECTOR('',#7891,1.0);
#7889=DIRECTION('',(1,0,0));
#7890=DIRECTION('',(-0.9980382300980493,-0.06260743775904958,0));
#7891=DIRECTION('',(0.06573966819275853,0.9978368083138175,0));
#7892=FACE_SURFACE('',(#7897),#7893,.T.);
#7893=PLANE('',#7894);
#7894=AXIS2_PLACEMENT_3D('',#502,#7895,#7896);
#7895=DIRECTION('',(-0.6585084187126559,0.7525733602012215,0));
#7896=DIRECTION('',(0.7525733602012215,0.6585084187126559,0));
#7897=FACE_BOUND('',#7898,.T.);
#7898=EDGE_LOOP('',(#7899,#7900,#7901));
#7899=ORIENTED_EDGE('',*,*,#7902,.T.);
#7900=ORIENTED_EDGE('',*,*,#7903,.T.);
#7901=ORIENTED_EDGE('',*,*,#7904,.T.);
#7902=EDGE_CURVE('',#503,#43,#7905,.F.);
#7903=EDGE_CURVE('',#43,#87,#7906,.T.);
#7904=EDGE_CURVE('',#87,#503,#7907,.T.);
#7905=LINE('',#502,#7908);
#7906=LINE('',#42,#7909);
#7907=LINE('',#86,#7910);
#7908=VECTOR('',#7911,1.0);
#7909=VECTOR('',#7912,1.0);
#7910=VECTOR('',#7913,1.0);
#7911=DIRECTION('',(0.7525733602012215,0.6585084187126559,0));
#7912=DIRECTION('',(-0.018817626134104506,-0.016465591110190077,-0.9996873417504442));
#7913=DIRECTION('',(0,0,1));
#7914=FACE_SURFACE('',(#7919),#7915,.T.);
#7915=PLANE('',#7916);
#7916=AXIS2_PLACEMENT_3D('',#88,#7917,#7918);
#7917=DIRECTION('',(0,-0,-1));
#7918=DIRECTION('',(0.3397292385946361,-0.9405232822444689,0));
#7919=FACE_BOUND('',#7920,.T.);
#7920=EDGE_LOOP('',(#7921,#7922,#7923));
#7921=ORIENTED_EDGE('',*,*,#7924,.T.);
#7922=ORIENTED_EDGE('',*,*,#7925,.T.);
#7923=ORIENTED_EDGE('',*,*,#7926,.T.);
#7924=EDGE_CURVE('',#89,#61,#7927,.F.);
#7925=EDGE_CURVE('',#61,#507,#7928,.T.);
#7926=EDGE_CURVE('',#507,#89,#7929,.T.);
#7927=LINE('',#88,#7930);
#7928=LINE('',#60,#7931);
#7929=LINE('',#506,#7932);
#7930=VECTOR('',#7933,1.0);
#7931=VECTOR('',#7934,1.0);
#7932=VECTOR('',#7935,1.0);
#7933=DIRECTION('',(0.3397292385946361,-0.9405232822444689,0));
#7934=DIRECTION('',(-0.3558177828802701,0.9345553516973562,0));
#7935=DIRECTION('',(0.8967672637615953,0.4425025137166356,0));
#7936=FACE_SURFACE('',(#7941),#7937,.T.);
#7937=PLANE('',#7938);
#7938=AXIS2_PLACEMENT_3D('',#72,#7939,#7940);
#7939=DIRECTION('',(-0.9807610784470354,0.19521195404843475,0));
#7940=DIRECTION('',(0,0,-1));
#7941=FACE_BOUND('',#7942,.T.);
#7942=EDGE_LOOP('',(#7943,#7944,#7945));
#7943=ORIENTED_EDGE('',*,*,#7946,.T.);
#7944=ORIENTED_EDGE('',*,*,#7947,.T.);
#7945=ORIENTED_EDGE('',*,*,#7948,.T.);
#7946=EDGE_CURVE('',#73,#543,#7949,.F.);
#7947=EDGE_CURVE('',#543,#537,#7950,.T.);
#7948=EDGE_CURVE('',#537,#73,#7951,.T.);
#7949=LINE('',#72,#7952);
#7950=LINE('',#542,#7953);
#7951=LINE('',#536,#7954);
#7952=VECTOR('',#7955,1.0);
#7953=VECTOR('',#7956,1.0);
#7954=VECTOR('',#7957,1.0);
#7955=DIRECTION('',(0,0,-1));
#7956=DIRECTION('',(-0.19521195404843472,-0.9807610784470353,0));
#7957=DIRECTION('',(0.004880837398097084,0.024521732665483253,0.9996873821617315));
#7958=FACE_SURFACE('',(#7963),#7959,.T.);
#7959=PLANE('',#7960);
#7960=AXIS2_PLACEMENT_3D('',#62,#7961,#7962);
#7961=DIRECTION('',(-0.8309659069501956,0.5563233425683656,0));
#7962=DIRECTION('',(0,0,-1));
#7963=FACE_BOUND('',#7964,.T.);
#7964=EDGE_LOOP('',(#7965,#7966,#7967));
#7965=ORIENTED_EDGE('',*,*,#7968,.T.);
#7966=ORIENTED_EDGE('',*,*,#7969,.T.);
#7967=ORIENTED_EDGE('',*,*,#7970,.T.);
#7968=EDGE_CURVE('',#63,#545,#7971,.F.);
#7969=EDGE_CURVE('',#545,#529,#7972,.T.);
#7970=EDGE_CURVE('',#529,#63,#7973,.T.);
#7971=LINE('',#62,#7974);
#7972=LINE('',#544,#7975);
#7973=LINE('',#528,#7976);
#7974=VECTOR('',#7977,1.0);
#7975=VECTOR('',#7978,1.0);
#7976=VECTOR('',#7979,1.0);
#7977=DIRECTION('',(0,0,-1));
#7978=DIRECTION('',(-0.5563233425683655,-0.8309659069501956,0));
#7979=DIRECTION('',(0.013936772461196206,0.020816999543306507,0.9996861602039807));
#7980=FACE_SURFACE('',(#7985),#7981,.T.);
#7981=PLANE('',#7982);
#7982=AXIS2_PLACEMENT_3D('',#272,#7983,#7984);
#7983=DIRECTION('',(-0.6585058781555257,0.7525755832038533,0));
#7984=DIRECTION('',(0.7525755832038533,0.6585058781555257,0));
#7985=FACE_BOUND('',#7986,.T.);
#7986=EDGE_LOOP('',(#7987,#7988,#7989));
#7987=ORIENTED_EDGE('',*,*,#7990,.T.);
#7988=ORIENTED_EDGE('',*,*,#7991,.T.);
#7989=ORIENTED_EDGE('',*,*,#7992,.T.);
#7990=EDGE_CURVE('',#273,#271,#7993,.F.);
#7991=EDGE_CURVE('',#271,#513,#7994,.T.);
#7992=EDGE_CURVE('',#513,#273,#7995,.T.);
#7993=LINE('',#272,#7996);
#7994=LINE('',#270,#7997);
#7995=LINE('',#512,#7998);
#7996=VECTOR('',#7999,1.0);
#7997=VECTOR('',#8000,1.0);
#7998=VECTOR('',#8001,1.0);
#7999=DIRECTION('',(0.7525755832038533,0.6585058781555257,0));
#8000=DIRECTION('',(-0.03197108064714112,-0.0279747908475846,-0.9990972230365212));
#8001=DIRECTION('',(0,0,1));
#8002=FACE_SURFACE('',(#8007),#8003,.T.);
#8003=PLANE('',#8004);
#8004=AXIS2_PLACEMENT_3D('',#544,#8005,#8006);
#8005=DIRECTION('',(-0.8967725847872492,0.44249173006282944,0));
#8006=DIRECTION('',(0,0,1));
#8007=FACE_BOUND('',#8008,.T.);
#8008=EDGE_LOOP('',(#8009,#8010,#8011));
#8009=ORIENTED_EDGE('',*,*,#8012,.T.);
#8010=ORIENTED_EDGE('',*,*,#8013,.T.);
#8011=ORIENTED_EDGE('',*,*,#8014,.T.);
#8012=EDGE_CURVE('',#545,#63,#8015,.F.);
#8013=EDGE_CURVE('',#63,#547,#8016,.T.);
#8014=EDGE_CURVE('',#547,#545,#8017,.T.);
#8015=LINE('',#544,#8018);
#8016=LINE('',#62,#8019);
#8017=LINE('',#546,#8020);
#8018=VECTOR('',#8021,1.0);
#8019=VECTOR('',#8022,1.0);
#8020=VECTOR('',#8023,1.0);
#8021=DIRECTION('',(0,0,1));
#8022=DIRECTION('',(0.011055131106558801,0.02240479951158178,-0.9996878558005307));
#8023=DIRECTION('',(-0.44249173006282944,-0.8967725847872492,0));
#8024=FACE_SURFACE('',(#8029),#8025,.T.);
#8025=PLANE('',#8026);
#8026=AXIS2_PLACEMENT_3D('',#64,#8027,#8028);
#8027=DIRECTION('',(-0.8967725847872492,0.44249173006282944,0));
#8028=DIRECTION('',(0,0,-1));
#8029=FACE_BOUND('',#8030,.T.);
#8030=EDGE_LOOP('',(#8031,#8032,#8033));
#8031=ORIENTED_EDGE('',*,*,#8034,.T.);
#8032=ORIENTED_EDGE('',*,*,#8035,.T.);
#8033=ORIENTED_EDGE('',*,*,#8036,.T.);
#8034=EDGE_CURVE('',#65,#547,#8037,.F.);
#8035=EDGE_CURVE('',#547,#63,#8038,.T.);
#8036=EDGE_CURVE('',#63,#65,#8039,.T.);
#8037=LINE('',#64,#8040);
#8038=LINE('',#546,#8041);
#8039=LINE('',#62,#8042);
#8040=VECTOR('',#8043,1.0);
#8041=VECTOR('',#8044,1.0);
#8042=VECTOR('',#8045,1.0);
#8043=DIRECTION('',(0,0,-1));
#8044=DIRECTION('',(-0.011055131106558801,-0.02240479951158178,0.9996878558005307));
#8045=DIRECTION('',(0.44249173006282944,0.8967725847872492,0));
#8046=FACE_SURFACE('',(#8051),#8047,.T.);
#8047=PLANE('',#8048);
#8048=AXIS2_PLACEMENT_3D('',#548,#8049,#8050);
#8049=DIRECTION('',(0,0,-1));
#8050=DIRECTION('',(0.9845274443211655,0.17523045220062225,0));
#8051=FACE_BOUND('',#8052,.T.);
#8052=EDGE_LOOP('',(#8053,#8054,#8055));
#8053=ORIENTED_EDGE('',*,*,#8056,.T.);
#8054=ORIENTED_EDGE('',*,*,#8057,.T.);
#8055=ORIENTED_EDGE('',*,*,#8058,.T.);
#8056=EDGE_CURVE('',#549,#57,#8059,.F.);
#8057=EDGE_CURVE('',#57,#49,#8060,.T.);
#8058=EDGE_CURVE('',#49,#549,#8061,.T.);
#8059=LINE('',#548,#8062);
#8060=LINE('',#56,#8063);
#8061=LINE('',#48,#8064);
#8062=VECTOR('',#8065,1.0);
#8063=VECTOR('',#8066,1.0);
#8064=VECTOR('',#8067,1.0);
#8065=DIRECTION('',(0.9845274443211655,0.17523045220062225,0));
#8066=DIRECTION('',(0,-1,0));
#8067=DIRECTION('',(-0.6242054015458751,0.7812602746082465,0));
#8068=FACE_SURFACE('',(#8073),#8069,.T.);
#8069=PLANE('',#8070);
#8070=AXIS2_PLACEMENT_3D('',#550,#8071,#8072);
#8071=DIRECTION('',(0,0,-1));
#8072=DIRECTION('',(0.4424935115219267,0.8967717057651822,0));
#8073=FACE_BOUND('',#8074,.T.);
#8074=EDGE_LOOP('',(#8075,#8076,#8077));
#8075=ORIENTED_EDGE('',*,*,#8078,.T.);
#8076=ORIENTED_EDGE('',*,*,#8079,.T.);
#8077=ORIENTED_EDGE('',*,*,#8080,.T.);
#8078=EDGE_CURVE('',#551,#549,#8081,.F.);
#8079=EDGE_CURVE('',#549,#49,#8082,.T.);
#8080=EDGE_CURVE('',#49,#551,#8083,.T.);
#8081=LINE('',#550,#8084);
#8082=LINE('',#548,#8085);
#8083=LINE('',#48,#8086);
#8084=VECTOR('',#8087,1.0);
#8085=VECTOR('',#8088,1.0);
#8086=VECTOR('',#8089,1.0);
#8087=DIRECTION('',(0.4424935115219267,0.8967717057651822,0));
#8088=DIRECTION('',(0.6242054015458751,-0.7812602746082465,0));
#8089=DIRECTION('',(-0.6510674212565521,0.7590199028868367,0));
#8090=FACE_SURFACE('',(#8095),#8091,.T.);
#8091=PLANE('',#8092);
#8092=AXIS2_PLACEMENT_3D('',#72,#8093,#8094);
#8093=DIRECTION('',(-0.9978368083138174,0.06573966819275852,0));
#8094=DIRECTION('',(0.06573966819275853,0.9978368083138175,0));
#8095=FACE_BOUND('',#8096,.T.);
#8096=EDGE_LOOP('',(#8097,#8098,#8099));
#8097=ORIENTED_EDGE('',*,*,#8100,.T.);
#8098=ORIENTED_EDGE('',*,*,#8101,.T.);
#8099=ORIENTED_EDGE('',*,*,#8102,.T.);
#8100=EDGE_CURVE('',#73,#377,#8103,.F.);
#8101=EDGE_CURVE('',#377,#75,#8104,.T.);
#8102=EDGE_CURVE('',#75,#73,#8105,.T.);
#8103=LINE('',#72,#8106);
#8104=LINE('',#376,#8107);
#8105=LINE('',#74,#8108);
#8106=VECTOR('',#8109,1.0);
#8107=VECTOR('',#8110,1.0);
#8108=VECTOR('',#8111,1.0);
#8109=DIRECTION('',(0.06573966819275853,0.9978368083138175,0));
#8110=DIRECTION('',(0,0,-1));
#8111=DIRECTION('',(-0.001646534950325992,-0.02499211244560887,0.9996862924128564));
#8112=FACE_SURFACE('',(#8117),#8113,.T.);
#8113=PLANE('',#8114);
#8114=AXIS2_PLACEMENT_3D('',#64,#8115,#8116);
#8115=DIRECTION('',(-0.9467862914828971,0.3218628873605388,0));
#8116=DIRECTION('',(0.008056359637354972,0.02369844789020239,-0.9996866902369907));
#8117=FACE_BOUND('',#8118,.T.);
#8118=EDGE_LOOP('',(#8119,#8120,#8121));
#8119=ORIENTED_EDGE('',*,*,#8122,.T.);
#8120=ORIENTED_EDGE('',*,*,#8123,.T.);
#8121=ORIENTED_EDGE('',*,*,#8124,.T.);
#8122=EDGE_CURVE('',#65,#537,#8125,.F.);
#8123=EDGE_CURVE('',#537,#547,#8126,.T.);
#8124=EDGE_CURVE('',#547,#65,#8127,.T.);
#8125=LINE('',#64,#8128);
#8126=LINE('',#536,#8129);
#8127=LINE('',#546,#8130);
#8128=VECTOR('',#8131,1.0);
#8129=VECTOR('',#8132,1.0);
#8130=VECTOR('',#8133,1.0);
#8131=DIRECTION('',(0.008056359637354972,0.02369844789020239,-0.9996866902369907));
#8132=DIRECTION('',(-0.3218628873605388,-0.946786291482897,0));
#8133=DIRECTION('',(0,0,1));
#8134=FACE_SURFACE('',(#8139),#8135,.T.);
#8135=PLANE('',#8136);
#8136=AXIS2_PLACEMENT_3D('',#272,#8137,#8138);
#8137=DIRECTION('',(-0.556319203068329,0.8309686782890312,0));
#8138=DIRECTION('',(0,0,-1));
#8139=FACE_BOUND('',#8140,.T.);
#8140=EDGE_LOOP('',(#8141,#8142,#8143));
#8141=ORIENTED_EDGE('',*,*,#8144,.T.);
#8142=ORIENTED_EDGE('',*,*,#8145,.T.);
#8143=ORIENTED_EDGE('',*,*,#8146,.T.);
#8144=EDGE_CURVE('',#273,#513,#8147,.F.);
#8145=EDGE_CURVE('',#513,#511,#8148,.T.);
#8146=EDGE_CURVE('',#511,#273,#8149,.T.);
#8147=LINE('',#272,#8150);
#8148=LINE('',#512,#8151);
#8149=LINE('',#510,#8152);
#8150=VECTOR('',#8153,1.0);
#8151=VECTOR('',#8154,1.0);
#8152=VECTOR('',#8155,1.0);
#8153=DIRECTION('',(0,0,-1));
#8154=DIRECTION('',(-0.8309686782890312,-0.5563192030683289,0));
#8155=DIRECTION('',(0.03536831063626698,0.023678474172521495,0.9990937956286176));
#8156=FACE_SURFACE('',(#8161),#8157,.T.);
#8157=PLANE('',#8158);
#8158=AXIS2_PLACEMENT_3D('',#514,#8159,#8160);
#8159=DIRECTION('',(0,0,-1));
#8160=DIRECTION('',(0.5563233425683655,0.8309659069501956,0));
#8161=FACE_BOUND('',#8162,.T.);
#8162=EDGE_LOOP('',(#8163,#8164,#8165));
#8163=ORIENTED_EDGE('',*,*,#8166,.T.);
#8164=ORIENTED_EDGE('',*,*,#8167,.T.);
#8165=ORIENTED_EDGE('',*,*,#8168,.T.);
#8166=EDGE_CURVE('',#515,#551,#8169,.F.);
#8167=EDGE_CURVE('',#551,#49,#8170,.T.);
#8168=EDGE_CURVE('',#49,#515,#8171,.T.);
#8169=LINE('',#514,#8172);
#8170=LINE('',#550,#8173);
#8171=LINE('',#48,#8174);
#8172=VECTOR('',#8175,1.0);
#8173=VECTOR('',#8176,1.0);
#8174=VECTOR('',#8177,1.0);
#8175=DIRECTION('',(0.5563233425683655,0.8309659069501956,0));
#8176=DIRECTION('',(0.6510674212565521,-0.7590199028868367,0));
#8177=DIRECTION('',(-0.6791158515442268,0.7340311030067866,0));
#8178=FACE_SURFACE('',(#8183),#8179,.T.);
#8179=PLANE('',#8180);
#8180=AXIS2_PLACEMENT_3D('',#516,#8181,#8182);
#8181=DIRECTION('',(0,0,-1));
#8182=DIRECTION('',(0.6585033375758821,0.7525778062110414,0));
#8183=FACE_BOUND('',#8184,.T.);
#8184=EDGE_LOOP('',(#8185,#8186,#8187));
#8185=ORIENTED_EDGE('',*,*,#8188,.T.);
#8186=ORIENTED_EDGE('',*,*,#8189,.T.);
#8187=ORIENTED_EDGE('',*,*,#8190,.T.);
#8188=EDGE_CURVE('',#517,#515,#8191,.F.);
#8189=EDGE_CURVE('',#515,#49,#8192,.T.);
#8190=EDGE_CURVE('',#49,#517,#8193,.T.);
#8191=LINE('',#516,#8194);
#8192=LINE('',#514,#8195);
#8193=LINE('',#48,#8196);
#8194=VECTOR('',#8197,1.0);
#8195=VECTOR('',#8198,1.0);
#8196=VECTOR('',#8199,1.0);
#8197=DIRECTION('',(0.6585033375758821,0.7525778062110414,0));
#8198=DIRECTION('',(0.6791158515442268,-0.7340311030067866,0));
#8199=DIRECTION('',(-0.7071066060307657,0.7071069563422859,0));
#8200=FACE_SURFACE('',(#8205),#8201,.T.);
#8201=PLANE('',#8202);
#8202=AXIS2_PLACEMENT_3D('',#512,#8203,#8204);
#8203=DIRECTION('',(0,0,-1));
#8204=DIRECTION('',(0.7525755832038533,0.6585058781555257,0));
#8205=FACE_BOUND('',#8206,.T.);
#8206=EDGE_LOOP('',(#8207,#8208,#8209));
#8207=ORIENTED_EDGE('',*,*,#8210,.T.);
#8208=ORIENTED_EDGE('',*,*,#8211,.T.);
#8209=ORIENTED_EDGE('',*,*,#8212,.T.);
#8210=EDGE_CURVE('',#513,#517,#8213,.F.);
#8211=EDGE_CURVE('',#517,#49,#8214,.T.);
#8212=EDGE_CURVE('',#49,#513,#8215,.T.);
#8213=LINE('',#512,#8216);
#8214=LINE('',#516,#8217);
#8215=LINE('',#48,#8218);
#8216=VECTOR('',#8219,1.0);
#8217=VECTOR('',#8220,1.0);
#8218=VECTOR('',#8221,1.0);
#8219=DIRECTION('',(0.7525755832038533,0.6585058781555257,0));
#8220=DIRECTION('',(0.7071066060307657,-0.7071069563422859,0));
#8221=DIRECTION('',(-0.7340308549618307,0.6791161196467095,0));
#8222=FACE_SURFACE('',(#8227),#8223,.T.);
#8223=PLANE('',#8224);
#8224=AXIS2_PLACEMENT_3D('',#522,#8225,#8226);
#8225=DIRECTION('',(-0.4425025137166357,0.8967672637615953,0));
#8226=DIRECTION('',(0,0,1));
#8227=FACE_BOUND('',#8228,.T.);
#8228=EDGE_LOOP('',(#8229,#8230,#8231));
#8229=ORIENTED_EDGE('',*,*,#8232,.T.);
#8230=ORIENTED_EDGE('',*,*,#8233,.T.);
#8231=ORIENTED_EDGE('',*,*,#8234,.T.);
#8232=EDGE_CURVE('',#523,#283,#8235,.F.);
#8233=EDGE_CURVE('',#283,#511,#8236,.T.);
#8234=EDGE_CURVE('',#511,#523,#8237,.T.);
#8235=LINE('',#522,#8238);
#8236=LINE('',#282,#8239);
#8237=LINE('',#510,#8240);
#8238=VECTOR('',#8241,1.0);
#8239=VECTOR('',#8242,1.0);
#8240=VECTOR('',#8243,1.0);
#8241=DIRECTION('',(0,0,1));
#8242=DIRECTION('',(0.03806533148317257,0.018783028269906625,-0.9990987080304369));
#8243=DIRECTION('',(-0.8967672637615953,-0.4425025137166356,0));
#8244=FACE_SURFACE('',(#8249),#8245,.T.);
#8245=PLANE('',#8246);
#8246=AXIS2_PLACEMENT_3D('',#542,#8247,#8248);
#8247=DIRECTION('',(-0.9978368083138174,0.06573966819275852,0));
#8248=DIRECTION('',(0,0,1));
#8249=FACE_BOUND('',#8250,.T.);
#8250=EDGE_LOOP('',(#8251,#8252,#8253));
#8251=ORIENTED_EDGE('',*,*,#8254,.T.);
#8252=ORIENTED_EDGE('',*,*,#8255,.T.);
#8253=ORIENTED_EDGE('',*,*,#8256,.T.);
#8254=EDGE_CURVE('',#543,#73,#8257,.F.);
#8255=EDGE_CURVE('',#73,#75,#8258,.T.);
#8256=EDGE_CURVE('',#75,#543,#8259,.T.);
#8257=LINE('',#542,#8260);
#8258=LINE('',#72,#8261);
#8259=LINE('',#74,#8262);
#8260=VECTOR('',#8263,1.0);
#8261=VECTOR('',#8264,1.0);
#8262=VECTOR('',#8265,1.0);
#8263=DIRECTION('',(0,0,1));
#8264=DIRECTION('',(0.001646534950325992,0.02499211244560887,-0.9996862924128564));
#8265=DIRECTION('',(-0.06573966819275853,-0.9978368083138175,0));
#8266=FACE_SURFACE('',(#8271),#8267,.T.);
#8267=PLANE('',#8268);
#8268=AXIS2_PLACEMENT_3D('',#56,#8269,#8270);
#8269=DIRECTION('',(0,0,-1));
#8270=DIRECTION('',(-0.9845274443211655,-0.17523045220062225,0));
#8271=FACE_BOUND('',#8272,.T.);
#8272=EDGE_LOOP('',(#8273,#8274,#8275));
#8273=ORIENTED_EDGE('',*,*,#8276,.T.);
#8274=ORIENTED_EDGE('',*,*,#8277,.T.);
#8275=ORIENTED_EDGE('',*,*,#8278,.T.);
#8276=EDGE_CURVE('',#57,#549,#8279,.F.);
#8277=EDGE_CURVE('',#549,#553,#8280,.T.);
#8278=EDGE_CURVE('',#553,#57,#8281,.T.);
#8279=LINE('',#56,#8282);
#8280=LINE('',#548,#8283);
#8281=LINE('',#552,#8284);
#8282=VECTOR('',#8285,1.0);
#8283=VECTOR('',#8286,1.0);
#8284=VECTOR('',#8287,1.0);
#8285=DIRECTION('',(-0.9845274443211655,-0.17523045220062225,0));
#8286=DIRECTION('',(0.32186152183993644,0.9467867556946918,0));
#8287=DIRECTION('',(0.9925471612854778,0.12186112023176149,0));
#8288=FACE_SURFACE('',(#8293),#8289,.T.);
#8289=PLANE('',#8290);
#8290=AXIS2_PLACEMENT_3D('',#56,#8291,#8292);
#8291=DIRECTION('',(0,0,-1));
#8292=DIRECTION('',(-0.9925471612854778,-0.12186112023176149,0));
#8293=FACE_BOUND('',#8294,.T.);
#8294=EDGE_LOOP('',(#8295,#8296,#8297));
#8295=ORIENTED_EDGE('',*,*,#8298,.T.);
#8296=ORIENTED_EDGE('',*,*,#8299,.T.);
#8297=ORIENTED_EDGE('',*,*,#8300,.T.);
#8298=EDGE_CURVE('',#57,#553,#8301,.F.);
#8299=EDGE_CURVE('',#553,#541,#8302,.T.);
#8300=EDGE_CURVE('',#541,#57,#8303,.T.);
#8301=LINE('',#56,#8304);
#8302=LINE('',#552,#8305);
#8303=LINE('',#540,#8306);
#8304=VECTOR('',#8307,1.0);
#8305=VECTOR('',#8308,1.0);
#8306=VECTOR('',#8309,1.0);
#8307=DIRECTION('',(-0.9925471612854778,-0.12186112023176149,0));
#8308=DIRECTION('',(0.19521195404843472,0.9807610784470353,0));
#8309=DIRECTION('',(0.9980382300980493,0.06260743775904958,0));
#8310=FACE_SURFACE('',(#8315),#8311,.T.);
#8311=PLANE('',#8312);
#8312=AXIS2_PLACEMENT_3D('',#284,#8313,#8314);
#8313=DIRECTION('',(-0.3218628873605388,0.946786291482897,0));
#8314=DIRECTION('',(0.946786291482897,0.3218628873605388,0));
#8315=FACE_BOUND('',#8316,.T.);
#8316=EDGE_LOOP('',(#8317,#8318,#8319));
#8317=ORIENTED_EDGE('',*,*,#8320,.T.);
#8318=ORIENTED_EDGE('',*,*,#8321,.T.);
#8319=ORIENTED_EDGE('',*,*,#8322,.T.);
#8320=EDGE_CURVE('',#285,#283,#8323,.F.);
#8321=EDGE_CURVE('',#283,#525,#8324,.T.);
#8322=EDGE_CURVE('',#525,#285,#8325,.T.);
#8323=LINE('',#284,#8326);
#8324=LINE('',#282,#8327);
#8325=LINE('',#524,#8328);
#8326=VECTOR('',#8329,1.0);
#8327=VECTOR('',#8330,1.0);
#8328=VECTOR('',#8331,1.0);
#8329=DIRECTION('',(0.946786291482897,0.3218628873605388,0));
#8330=DIRECTION('',(-0.04026352993236023,-0.013687709798860182,-0.9990953381724129));
#8331=DIRECTION('',(0,0,1));
#8332=FACE_SURFACE('',(#8337),#8333,.T.);
#8333=PLANE('',#8334);
#8334=AXIS2_PLACEMENT_3D('',#68,#8335,#8336);
#8335=DIRECTION('',(-0.06340214241036263,-0.9979880602180449,0));
#8336=DIRECTION('',(0.997988060218045,-0.06340214241036264,0));
#8337=FACE_BOUND('',#8338,.T.);
#8338=EDGE_LOOP('',(#8339,#8340,#8341));
#8339=ORIENTED_EDGE('',*,*,#8342,.T.);
#8340=ORIENTED_EDGE('',*,*,#8343,.T.);
#8341=ORIENTED_EDGE('',*,*,#8344,.T.);
#8342=EDGE_CURVE('',#69,#465,#8345,.F.);
#8343=EDGE_CURVE('',#465,#379,#8346,.T.);
#8344=EDGE_CURVE('',#379,#69,#8347,.T.);
#8345=LINE('',#68,#8348);
#8346=LINE('',#464,#8349);
#8347=LINE('',#378,#8350);
#8348=VECTOR('',#8351,1.0);
#8349=VECTOR('',#8352,1.0);
#8350=VECTOR('',#8353,1.0);
#8351=DIRECTION('',(0.997988060218045,-0.06340214241036264,0));
#8352=DIRECTION('',(-0.02499233900443553,0.0015877623189009685,0.9996863818227724));
#8353=DIRECTION('',(0,0,-1));
#8354=FACE_SURFACE('',(#8359),#8355,.T.);
#8355=PLANE('',#8356);
#8356=AXIS2_PLACEMENT_3D('',#380,#8357,#8358);
#8357=DIRECTION('',(-0.06340214241036263,-0.9979880602180449,-0));
#8358=DIRECTION('',(-0.997988060218045,0.06340214241036264,0));
#8359=FACE_BOUND('',#8360,.T.);
#8360=EDGE_LOOP('',(#8361,#8362,#8363));
#8361=ORIENTED_EDGE('',*,*,#8364,.T.);
#8362=ORIENTED_EDGE('',*,*,#8365,.T.);
#8363=ORIENTED_EDGE('',*,*,#8366,.T.);
#8364=EDGE_CURVE('',#381,#379,#8367,.F.);
#8365=EDGE_CURVE('',#379,#465,#8368,.T.);
#8366=EDGE_CURVE('',#465,#381,#8369,.T.);
#8367=LINE('',#380,#8370);
#8368=LINE('',#378,#8371);
#8369=LINE('',#464,#8372);
#8370=VECTOR('',#8373,1.0);
#8371=VECTOR('',#8374,1.0);
#8372=VECTOR('',#8375,1.0);
#8373=DIRECTION('',(-0.997988060218045,0.06340214241036264,0));
#8374=DIRECTION('',(0.02499233900443553,-0.0015877623189009685,-0.9996863818227724));
#8375=DIRECTION('',(0,0,1));
#8376=FACE_SURFACE('',(#8381),#8377,.T.);
#8377=PLANE('',#8378);
#8378=AXIS2_PLACEMENT_3D('',#476,#8379,#8380);
#8379=DIRECTION('',(0,-0,-1));
#8380=DIRECTION('',(0.9807610784470353,-0.19521195404843472,0));
#8381=FACE_BOUND('',#8382,.T.);
#8382=EDGE_LOOP('',(#8383,#8384,#8385));
#8383=ORIENTED_EDGE('',*,*,#8386,.T.);
#8384=ORIENTED_EDGE('',*,*,#8387,.T.);
#8385=ORIENTED_EDGE('',*,*,#8388,.T.);
#8386=EDGE_CURVE('',#477,#555,#8389,.F.);
#8387=EDGE_CURVE('',#555,#39,#8390,.T.);
#8388=EDGE_CURVE('',#39,#477,#8391,.T.);
#8389=LINE('',#476,#8392);
#8390=LINE('',#554,#8393);
#8391=LINE('',#38,#8394);
#8392=VECTOR('',#8395,1.0);
#8393=VECTOR('',#8396,1.0);
#8394=VECTOR('',#8397,1.0);
#8395=DIRECTION('',(0.9807610784470353,-0.19521195404843472,0));
#8396=DIRECTION('',(-0.9394607122388405,-0.3426566359487154,0));
#8397=DIRECTION('',(0.9355008412214378,0.3533244628864269,0));
#8398=FACE_SURFACE('',(#8403),#8399,.T.);
#8399=PLANE('',#8400);
#8400=AXIS2_PLACEMENT_3D('',#48,#8401,#8402);
#8401=DIRECTION('',(0,0,-1));
#8402=DIRECTION('',(-1,0,0));
#8403=FACE_BOUND('',#8404,.T.);
#8404=EDGE_LOOP('',(#8405,#8406,#8407));
#8405=ORIENTED_EDGE('',*,*,#8408,.T.);
#8406=ORIENTED_EDGE('',*,*,#8409,.T.);
#8407=ORIENTED_EDGE('',*,*,#8410,.T.);
#8408=EDGE_CURVE('',#49,#39,#8411,.F.);
#8409=EDGE_CURVE('',#39,#555,#8412,.T.);
#8410=EDGE_CURVE('',#555,#49,#8413,.T.);
#8411=LINE('',#48,#8414);
#8412=LINE('',#38,#8415);
#8413=LINE('',#554,#8416);
#8414=VECTOR('',#8417,1.0);
#8415=VECTOR('',#8418,1.0);
#8416=VECTOR('',#8419,1.0);
#8417=DIRECTION('',(-1,0,0));
#8418=DIRECTION('',(0.9394607122388405,0.3426566359487154,0));
#8419=DIRECTION('',(0.8384896404041431,-0.5449175377384463,0));
#8420=FACE_SURFACE('',(#8425),#8421,.T.);
#8421=PLANE('',#8422);
#8422=AXIS2_PLACEMENT_3D('',#48,#8423,#8424);
#8423=DIRECTION('',(0,0,-1));
#8424=DIRECTION('',(-0.8384896404041431,0.5449175377384463,0));
#8425=FACE_BOUND('',#8426,.T.);
#8426=EDGE_LOOP('',(#8427,#8428,#8429));
#8427=ORIENTED_EDGE('',*,*,#8430,.T.);
#8428=ORIENTED_EDGE('',*,*,#8431,.T.);
#8429=ORIENTED_EDGE('',*,*,#8432,.T.);
#8430=EDGE_CURVE('',#49,#555,#8433,.F.);
#8431=EDGE_CURVE('',#555,#557,#8434,.T.);
#8432=EDGE_CURVE('',#557,#49,#8435,.T.);
#8433=LINE('',#48,#8436);
#8434=LINE('',#554,#8437);
#8435=LINE('',#556,#8438);
#8436=VECTOR('',#8439,1.0);
#8437=VECTOR('',#8440,1.0);
#8438=VECTOR('',#8441,1.0);
#8439=DIRECTION('',(-0.8384896404041431,0.5449175377384463,0));
#8440=DIRECTION('',(0.997988060218045,-0.06340214241036264,0));
#8441=DIRECTION('',(0.8289255749276699,-0.559358910924669,0));
#8442=FACE_SURFACE('',(#8447),#8443,.T.);
#8443=PLANE('',#8444);
#8444=AXIS2_PLACEMENT_3D('',#556,#8445,#8446);
#8445=DIRECTION('',(0,0,-1));
#8446=DIRECTION('',(0.997988060218045,0.06340214241036264,0));
#8447=FACE_BOUND('',#8448,.T.);
#8448=EDGE_LOOP('',(#8449,#8450,#8451));
#8449=ORIENTED_EDGE('',*,*,#8452,.T.);
#8450=ORIENTED_EDGE('',*,*,#8453,.T.);
#8451=ORIENTED_EDGE('',*,*,#8454,.T.);
#8452=EDGE_CURVE('',#557,#527,#8455,.F.);
#8453=EDGE_CURVE('',#527,#49,#8456,.T.);
#8454=EDGE_CURVE('',#49,#557,#8457,.T.);
#8455=LINE('',#556,#8458);
#8456=LINE('',#526,#8459);
#8457=LINE('',#48,#8460);
#8458=VECTOR('',#8461,1.0);
#8459=VECTOR('',#8462,1.0);
#8460=VECTOR('',#8463,1.0);
#8461=DIRECTION('',(0.997988060218045,0.06340214241036264,0));
#8462=DIRECTION('',(0.8163175230496489,-0.5776034120069633,0));
#8463=DIRECTION('',(-0.8289255749276699,0.559358910924669,0));
#8464=FACE_SURFACE('',(#8469),#8465,.T.);
#8465=PLANE('',#8466);
#8466=AXIS2_PLACEMENT_3D('',#290,#8467,#8468);
#8467=DIRECTION('',(-0.19521195404843475,0.9807610784470354,0));
#8468=DIRECTION('',(0.9807610784470353,0.19521195404843472,0));
#8469=FACE_BOUND('',#8470,.T.);
#8470=EDGE_LOOP('',(#8471,#8472,#8473));
#8471=ORIENTED_EDGE('',*,*,#8474,.T.);
#8472=ORIENTED_EDGE('',*,*,#8475,.T.);
#8473=ORIENTED_EDGE('',*,*,#8476,.T.);
#8474=EDGE_CURVE('',#291,#285,#8477,.F.);
#8475=EDGE_CURVE('',#285,#527,#8478,.T.);
#8476=EDGE_CURVE('',#527,#291,#8479,.T.);
#8477=LINE('',#290,#8480);
#8478=LINE('',#284,#8481);
#8479=LINE('',#526,#8482);
#8480=VECTOR('',#8483,1.0);
#8481=VECTOR('',#8484,1.0);
#8482=VECTOR('',#8485,1.0);
#8483=DIRECTION('',(0.9807610784470353,0.19521195404843472,0));
#8484=DIRECTION('',(-0.04166234054597021,-0.008292526168644636,-0.999097334292297));
#8485=DIRECTION('',(0,0,1));
#8486=FACE_SURFACE('',(#8491),#8487,.T.);
#8487=PLANE('',#8488);
#8488=AXIS2_PLACEMENT_3D('',#524,#8489,#8490);
#8489=DIRECTION('',(-0.19521195404843475,0.9807610784470354,0));
#8490=DIRECTION('',(-0.9807610784470353,-0.19521195404843472,0));
#8491=FACE_BOUND('',#8492,.T.);
#8492=EDGE_LOOP('',(#8493,#8494,#8495));
#8493=ORIENTED_EDGE('',*,*,#8496,.T.);
#8494=ORIENTED_EDGE('',*,*,#8497,.T.);
#8495=ORIENTED_EDGE('',*,*,#8498,.T.);
#8496=EDGE_CURVE('',#525,#527,#8499,.F.);
#8497=EDGE_CURVE('',#527,#285,#8500,.T.);
#8498=EDGE_CURVE('',#285,#525,#8501,.T.);
#8499=LINE('',#524,#8502);
#8500=LINE('',#526,#8503);
#8501=LINE('',#284,#8504);
#8502=VECTOR('',#8505,1.0);
#8503=VECTOR('',#8506,1.0);
#8504=VECTOR('',#8507,1.0);
#8505=DIRECTION('',(-0.9807610784470353,-0.19521195404843472,0));
#8506=DIRECTION('',(0.04166234054597021,0.008292526168644636,0.999097334292297));
#8507=DIRECTION('',(0,0,-1));
#8508=FACE_SURFACE('',(#8513),#8509,.T.);
#8509=PLANE('',#8510);
#8510=AXIS2_PLACEMENT_3D('',#68,#8511,#8512);
#8511=DIRECTION('',(0.06340214241036263,-0.9979880602180449,0));
#8512=DIRECTION('',(0,0,1));
#8513=FACE_BOUND('',#8514,.T.);
#8514=EDGE_LOOP('',(#8515,#8516,#8517));
#8515=ORIENTED_EDGE('',*,*,#8518,.T.);
#8516=ORIENTED_EDGE('',*,*,#8519,.T.);
#8517=ORIENTED_EDGE('',*,*,#8520,.T.);
#8518=EDGE_CURVE('',#69,#379,#8521,.F.);
#8519=EDGE_CURVE('',#379,#289,#8522,.T.);
#8520=EDGE_CURVE('',#289,#69,#8523,.T.);
#8521=LINE('',#68,#8524);
#8522=LINE('',#378,#8525);
#8523=LINE('',#288,#8526);
#8524=VECTOR('',#8527,1.0);
#8525=VECTOR('',#8528,1.0);
#8526=VECTOR('',#8529,1.0);
#8527=DIRECTION('',(0,0,1));
#8528=DIRECTION('',(-0.997988060218045,-0.06340214241036264,0));
#8529=DIRECTION('',(0.02499233900443553,0.0015877623189009685,-0.9996863818227724));
#8530=FACE_SURFACE('',(#8535),#8531,.T.);
#8531=PLANE('',#8532);
#8532=AXIS2_PLACEMENT_3D('',#68,#8533,#8534);
#8533=DIRECTION('',(0.06340214241036263,-0.9979880602180449,0));
#8534=DIRECTION('',(-0.02499233900443553,-0.0015877623189009685,0.9996863818227724));
#8535=FACE_BOUND('',#8536,.T.);
#8536=EDGE_LOOP('',(#8537,#8538,#8539));
#8537=ORIENTED_EDGE('',*,*,#8540,.T.);
#8538=ORIENTED_EDGE('',*,*,#8541,.T.);
#8539=ORIENTED_EDGE('',*,*,#8542,.T.);
#8540=EDGE_CURVE('',#69,#289,#8543,.F.);
#8541=EDGE_CURVE('',#289,#67,#8544,.T.);
#8542=EDGE_CURVE('',#67,#69,#8545,.T.);
#8543=LINE('',#68,#8546);
#8544=LINE('',#288,#8547);
#8545=LINE('',#66,#8548);
#8546=VECTOR('',#8549,1.0);
#8547=VECTOR('',#8550,1.0);
#8548=VECTOR('',#8551,1.0);
#8549=DIRECTION('',(-0.02499233900443553,-0.0015877623189009685,0.9996863818227724));
#8550=DIRECTION('',(0,0,-1));
#8551=DIRECTION('',(0.997988060218045,0.06340214241036264,0));
#8552=FACE_SURFACE('',(#8557),#8553,.T.);
#8553=PLANE('',#8554);
#8554=AXIS2_PLACEMENT_3D('',#558,#8555,#8556);
#8555=DIRECTION('',(-0,-0,-1));
#8556=DIRECTION('',(0.19521195404843472,-0.9807610784470353,0));
#8557=FACE_BOUND('',#8558,.T.);
#8558=EDGE_LOOP('',(#8559,#8560,#8561));
#8559=ORIENTED_EDGE('',*,*,#8562,.T.);
#8560=ORIENTED_EDGE('',*,*,#8563,.T.);
#8561=ORIENTED_EDGE('',*,*,#8564,.T.);
#8562=EDGE_CURVE('',#559,#499,#8565,.F.);
#8563=EDGE_CURVE('',#499,#119,#8566,.T.);
#8564=EDGE_CURVE('',#119,#559,#8567,.T.);
#8565=LINE('',#558,#8568);
#8566=LINE('',#498,#8569);
#8567=LINE('',#118,#8570);
#8568=VECTOR('',#8571,1.0);
#8569=VECTOR('',#8572,1.0);
#8570=VECTOR('',#8573,1.0);
#8571=DIRECTION('',(0.19521195404843472,-0.9807610784470353,0));
#8572=DIRECTION('',(-0.9925471612854778,0.12186112023176149,0));
#8573=DIRECTION('',(0.9980382300980493,-0.06260743775904958,0));
#8574=FACE_SURFACE('',(#8579),#8575,.T.);
#8575=PLANE('',#8576);
#8576=AXIS2_PLACEMENT_3D('',#36,#8577,#8578);
#8577=DIRECTION('',(0,0,-1));
#8578=DIRECTION('',(1,0,0));
#8579=FACE_BOUND('',#8580,.T.);
#8580=EDGE_LOOP('',(#8581,#8582,#8583));
#8581=ORIENTED_EDGE('',*,*,#8584,.T.);
#8582=ORIENTED_EDGE('',*,*,#8585,.T.);
#8583=ORIENTED_EDGE('',*,*,#8586,.T.);
#8584=EDGE_CURVE('',#37,#119,#8587,.F.);
#8585=EDGE_CURVE('',#119,#39,#8588,.T.);
#8586=EDGE_CURVE('',#39,#37,#8589,.T.);
#8587=LINE('',#36,#8590);
#8588=LINE('',#118,#8591);
#8589=LINE('',#38,#8592);
#8590=VECTOR('',#8593,1.0);
#8591=VECTOR('',#8594,1.0);
#8592=VECTOR('',#8595,1.0);
#8593=DIRECTION('',(1,0,0));
#8594=DIRECTION('',(-0.6689647316224497,-0.7432941462471664,0));
#8595=DIRECTION('',(0,1,0));
#8596=FACE_SURFACE('',(#8601),#8597,.T.);
#8597=PLANE('',#8598);
#8598=AXIS2_PLACEMENT_3D('',#460,#8599,#8600);
#8599=DIRECTION('',(-0,-0,-1));
#8600=DIRECTION('',(0.06340270920603859,-0.9979880242093763,0));
#8601=FACE_BOUND('',#8602,.T.);
#8602=EDGE_LOOP('',(#8603,#8604,#8605));
#8603=ORIENTED_EDGE('',*,*,#8606,.T.);
#8604=ORIENTED_EDGE('',*,*,#8607,.T.);
#8605=ORIENTED_EDGE('',*,*,#8608,.T.);
#8606=EDGE_CURVE('',#461,#559,#8609,.F.);
#8607=EDGE_CURVE('',#559,#119,#8610,.T.);
#8608=EDGE_CURVE('',#119,#461,#8611,.T.);
#8609=LINE('',#460,#8612);
#8610=LINE('',#558,#8613);
#8611=LINE('',#118,#8614);
#8612=VECTOR('',#8615,1.0);
#8613=VECTOR('',#8616,1.0);
#8614=VECTOR('',#8617,1.0);
#8615=DIRECTION('',(0.06340270920603859,-0.9979880242093763,0));
#8616=DIRECTION('',(-0.9980382300980493,0.06260743775904958,0));
#8617=DIRECTION('',(1,0,0));
#8618=FACE_SURFACE('',(#8623),#8619,.T.);
#8619=PLANE('',#8620);
#8620=AXIS2_PLACEMENT_3D('',#114,#8621,#8622);
#8621=DIRECTION('',(0.6585084187126559,-0.7525733602012215,0));
#8622=DIRECTION('',(0,0,-1));
#8623=FACE_BOUND('',#8624,.T.);
#8624=EDGE_LOOP('',(#8625,#8626,#8627));
#8625=ORIENTED_EDGE('',*,*,#8628,.T.);
#8626=ORIENTED_EDGE('',*,*,#8629,.T.);
#8627=ORIENTED_EDGE('',*,*,#8630,.T.);
#8628=EDGE_CURVE('',#115,#561,#8631,.F.);
#8629=EDGE_CURVE('',#561,#563,#8632,.T.);
#8630=EDGE_CURVE('',#563,#115,#8633,.T.);
#8631=LINE('',#114,#8634);
#8632=LINE('',#560,#8635);
#8633=LINE('',#562,#8636);
#8634=VECTOR('',#8637,1.0);
#8635=VECTOR('',#8638,1.0);
#8636=VECTOR('',#8639,1.0);
#8637=DIRECTION('',(0,0,-1));
#8638=DIRECTION('',(0.7525733602012215,0.6585084187126559,0));
#8639=DIRECTION('',(-0.018817626134104506,-0.016465591110190077,0.9996873417504442));
#8640=FACE_SURFACE('',(#8645),#8641,.T.);
#8641=PLANE('',#8642);
#8642=AXIS2_PLACEMENT_3D('',#556,#8643,#8644);
#8643=DIRECTION('',(-0.06340214241036263,0.9979880602180449,0));
#8644=DIRECTION('',(0,0,1));
#8645=FACE_BOUND('',#8646,.T.);
#8646=EDGE_LOOP('',(#8647,#8648,#8649));
#8647=ORIENTED_EDGE('',*,*,#8650,.T.);
#8648=ORIENTED_EDGE('',*,*,#8651,.T.);
#8649=ORIENTED_EDGE('',*,*,#8652,.T.);
#8650=EDGE_CURVE('',#557,#469,#8653,.F.);
#8651=EDGE_CURVE('',#469,#527,#8654,.T.);
#8652=EDGE_CURVE('',#527,#557,#8655,.T.);
#8653=LINE('',#556,#8656);
#8654=LINE('',#468,#8657);
#8655=LINE('',#526,#8658);
#8656=VECTOR('',#8659,1.0);
#8657=VECTOR('',#8660,1.0);
#8658=VECTOR('',#8661,1.0);
#8659=DIRECTION('',(0,0,1));
#8660=DIRECTION('',(0.04246181895799734,0.002697597696699684,-0.9990944484369059));
#8661=DIRECTION('',(-0.997988060218045,-0.06340214241036264,0));
#8662=FACE_SURFACE('',(#8667),#8663,.T.);
#8663=PLANE('',#8664);
#8664=AXIS2_PLACEMENT_3D('',#114,#8665,#8666);
#8665=DIRECTION('',(0.7525733602012215,-0.6585084187126559,0));
#8666=DIRECTION('',(-0.6585084187126559,-0.7525733602012215,0));
#8667=FACE_BOUND('',#8668,.T.);
#8668=EDGE_LOOP('',(#8669,#8670,#8671));
#8669=ORIENTED_EDGE('',*,*,#8672,.T.);
#8670=ORIENTED_EDGE('',*,*,#8673,.T.);
#8671=ORIENTED_EDGE('',*,*,#8674,.T.);
#8672=EDGE_CURVE('',#115,#121,#8675,.F.);
#8673=EDGE_CURVE('',#121,#561,#8676,.T.);
#8674=EDGE_CURVE('',#561,#115,#8677,.T.);
#8675=LINE('',#114,#8678);
#8676=LINE('',#120,#8679);
#8677=LINE('',#560,#8680);
#8678=VECTOR('',#8681,1.0);
#8679=VECTOR('',#8682,1.0);
#8680=VECTOR('',#8683,1.0);
#8681=DIRECTION('',(-0.6585084187126559,-0.7525733602012215,0));
#8682=DIRECTION('',(0.016465591110190077,0.018817626134104506,-0.9996873417504442));
#8683=DIRECTION('',(0,0,1));
#8684=FACE_SURFACE('',(#8689),#8685,.T.);
#8685=PLANE('',#8686);
#8686=AXIS2_PLACEMENT_3D('',#286,#8687,#8688);
#8687=DIRECTION('',(0.19521195404843475,-0.9807610784470354,0));
#8688=DIRECTION('',(0,0,-1));
#8689=FACE_BOUND('',#8690,.T.);
#8690=EDGE_LOOP('',(#8691,#8692,#8693));
#8691=ORIENTED_EDGE('',*,*,#8694,.T.);
#8692=ORIENTED_EDGE('',*,*,#8695,.T.);
#8693=ORIENTED_EDGE('',*,*,#8696,.T.);
#8694=EDGE_CURVE('',#287,#565,#8697,.F.);
#8695=EDGE_CURVE('',#565,#289,#8698,.T.);
#8696=EDGE_CURVE('',#289,#287,#8699,.T.);
#8697=LINE('',#286,#8700);
#8698=LINE('',#564,#8701);
#8699=LINE('',#288,#8702);
#8700=VECTOR('',#8703,1.0);
#8701=VECTOR('',#8704,1.0);
#8702=VECTOR('',#8705,1.0);
#8703=DIRECTION('',(0,0,-1));
#8704=DIRECTION('',(0.024521732665483253,0.004880837398097084,0.9996873821617315));
#8705=DIRECTION('',(-0.9807610784470353,-0.19521195404843472,0));
#8706=FACE_SURFACE('',(#8711),#8707,.T.);
#8707=PLANE('',#8708);
#8708=AXIS2_PLACEMENT_3D('',#66,#8709,#8710);
#8709=DIRECTION('',(0.19521195404843475,-0.9807610784470354,0));
#8710=DIRECTION('',(0,0,1));
#8711=FACE_BOUND('',#8712,.T.);
#8712=EDGE_LOOP('',(#8713,#8714,#8715));
#8713=ORIENTED_EDGE('',*,*,#8716,.T.);
#8714=ORIENTED_EDGE('',*,*,#8717,.T.);
#8715=ORIENTED_EDGE('',*,*,#8718,.T.);
#8716=EDGE_CURVE('',#67,#289,#8719,.F.);
#8717=EDGE_CURVE('',#289,#565,#8720,.T.);
#8718=EDGE_CURVE('',#565,#67,#8721,.T.);
#8719=LINE('',#66,#8722);
#8720=LINE('',#288,#8723);
#8721=LINE('',#564,#8724);
#8722=VECTOR('',#8725,1.0);
#8723=VECTOR('',#8726,1.0);
#8724=VECTOR('',#8727,1.0);
#8725=DIRECTION('',(0,0,1));
#8726=DIRECTION('',(-0.024521732665483253,-0.004880837398097084,-0.9996873821617315));
#8727=DIRECTION('',(0.9807610784470353,0.19521195404843472,0));
#8728=FACE_SURFACE('',(#8733),#8729,.T.);
#8729=PLANE('',#8730);
#8730=AXIS2_PLACEMENT_3D('',#206,#8731,#8732);
#8731=DIRECTION('',(-0.8318146584153101,0.5550534875536058,0));
#8732=DIRECTION('',(0,0,-1));
#8733=FACE_BOUND('',#8734,.T.);
#8734=EDGE_LOOP('',(#8735,#8736,#8737));
#8735=ORIENTED_EDGE('',*,*,#8738,.T.);
#8736=ORIENTED_EDGE('',*,*,#8739,.T.);
#8737=ORIENTED_EDGE('',*,*,#8740,.T.);
#8738=EDGE_CURVE('',#207,#399,#8741,.F.);
#8739=EDGE_CURVE('',#399,#343,#8742,.T.);
#8740=EDGE_CURVE('',#343,#207,#8743,.T.);
#8741=LINE('',#206,#8744);
#8742=LINE('',#398,#8745);
#8743=LINE('',#342,#8746);
#8744=VECTOR('',#8747,1.0);
#8745=VECTOR('',#8748,1.0);
#8746=VECTOR('',#8749,1.0);
#8747=DIRECTION('',(0,0,-1));
#8748=DIRECTION('',(-0.5550534875536058,-0.8318146584153101,0));
#8749=DIRECTION('',(0.07198699953207228,0.10788120923270612,0.9915540916121816));
#8750=FACE_SURFACE('',(#8755),#8751,.T.);
#8751=PLANE('',#8752);
#8752=AXIS2_PLACEMENT_3D('',#200,#8753,#8754);
#8753=DIRECTION('',(0.4424989507560145,-0.8967690218667381,0));
#8754=DIRECTION('',(0,0,-1));
#8755=FACE_BOUND('',#8756,.T.);
#8756=EDGE_LOOP('',(#8757,#8758,#8759));
#8757=ORIENTED_EDGE('',*,*,#8760,.T.);
#8758=ORIENTED_EDGE('',*,*,#8761,.T.);
#8759=ORIENTED_EDGE('',*,*,#8762,.T.);
#8760=EDGE_CURVE('',#201,#435,#8763,.F.);
#8761=EDGE_CURVE('',#435,#197,#8764,.T.);
#8762=EDGE_CURVE('',#197,#201,#8765,.T.);
#8763=LINE('',#200,#8766);
#8764=LINE('',#434,#8767);
#8765=LINE('',#196,#8768);
#8766=VECTOR('',#8769,1.0);
#8767=VECTOR('',#8770,1.0);
#8768=VECTOR('',#8771,1.0);
#8769=DIRECTION('',(0,0,-1));
#8770=DIRECTION('',(0.03806571205683545,0.018783027997407022,0.9990986935357561));
#8771=DIRECTION('',(-0.8967690218667381,-0.4424989507560144,0));
#8772=FACE_SURFACE('',(#8777),#8773,.T.);
#8773=PLANE('',#8774);
#8774=AXIS2_PLACEMENT_3D('',#202,#8775,#8776);
#8775=DIRECTION('',(-0.7514861391324663,0.6597488785074057,0));
#8776=DIRECTION('',(0,0,-1));
#8777=FACE_BOUND('',#8778,.T.);
#8778=EDGE_LOOP('',(#8779,#8780,#8781));
#8779=ORIENTED_EDGE('',*,*,#8782,.T.);
#8780=ORIENTED_EDGE('',*,*,#8783,.T.);
#8781=ORIENTED_EDGE('',*,*,#8784,.T.);
#8782=EDGE_CURVE('',#203,#417,#8785,.F.);
#8783=EDGE_CURVE('',#417,#399,#8786,.T.);
#8784=EDGE_CURVE('',#399,#203,#8787,.T.);
#8785=LINE('',#202,#8788);
#8786=LINE('',#416,#8789);
#8787=LINE('',#398,#8790);
#8788=VECTOR('',#8791,1.0);
#8789=VECTOR('',#8792,1.0);
#8790=VECTOR('',#8793,1.0);
#8791=DIRECTION('',(0,0,-1));
#8792=DIRECTION('',(-0.6597488785074056,-0.7514861391324662,0));
#8793=DIRECTION('',(0.08557091980878154,0.09746944973153643,0.9915529860033252));
#8794=FACE_SURFACE('',(#8799),#8795,.T.);
#8795=PLANE('',#8796);
#8796=AXIS2_PLACEMENT_3D('',#202,#8797,#8798);
#8797=DIRECTION('',(-0.7514861391324663,0.6597488785074057,0));
#8798=DIRECTION('',(-0.08557091980878154,-0.09746944973153643,-0.9915529860033252));
#8799=FACE_BOUND('',#8800,.T.);
#8800=EDGE_LOOP('',(#8801,#8802,#8803));
#8801=ORIENTED_EDGE('',*,*,#8804,.T.);
#8802=ORIENTED_EDGE('',*,*,#8805,.T.);
#8803=ORIENTED_EDGE('',*,*,#8806,.T.);
#8804=EDGE_CURVE('',#203,#399,#8807,.F.);
#8805=EDGE_CURVE('',#399,#207,#8808,.T.);
#8806=EDGE_CURVE('',#207,#203,#8809,.T.);
#8807=LINE('',#202,#8810);
#8808=LINE('',#398,#8811);
#8809=LINE('',#206,#8812);
#8810=VECTOR('',#8813,1.0);
#8811=VECTOR('',#8814,1.0);
#8812=VECTOR('',#8815,1.0);
#8813=DIRECTION('',(-0.08557091980878154,-0.09746944973153643,-0.9915529860033252));
#8814=DIRECTION('',(0,0,1));
#8815=DIRECTION('',(0.6597488785074056,0.7514861391324662,0));
#8816=FACE_SURFACE('',(#8821),#8817,.T.);
#8817=PLANE('',#8818);
#8818=AXIS2_PLACEMENT_3D('',#566,#8819,#8820);
#8819=DIRECTION('',(0.3218575847317318,-0.946788094111167,0));
#8820=DIRECTION('',(0.9467880941111669,0.32185758473173176,0));
#8821=FACE_BOUND('',#8822,.T.);
#8822=EDGE_LOOP('',(#8823,#8824,#8825));
#8823=ORIENTED_EDGE('',*,*,#8826,.T.);
#8824=ORIENTED_EDGE('',*,*,#8827,.T.);
#8825=ORIENTED_EDGE('',*,*,#8828,.T.);
#8826=EDGE_CURVE('',#567,#565,#8829,.F.);
#8827=EDGE_CURVE('',#565,#397,#8830,.T.);
#8828=EDGE_CURVE('',#397,#567,#8831,.T.);
#8829=LINE('',#566,#8832);
#8830=LINE('',#564,#8833);
#8831=LINE('',#396,#8834);
#8832=VECTOR('',#8835,1.0);
#8833=VECTOR('',#8836,1.0);
#8834=VECTOR('',#8837,1.0);
#8835=DIRECTION('',(0.9467880941111669,0.32185758473173176,0));
#8836=DIRECTION('',(-0.02369822373536006,-0.008056135371089288,0.999686697358063));
#8837=DIRECTION('',(0,0,-1));
#8838=FACE_SURFACE('',(#8843),#8839,.T.);
#8839=PLANE('',#8840);
#8840=AXIS2_PLACEMENT_3D('',#286,#8841,#8842);
#8841=DIRECTION('',(0.3218575847317318,-0.946788094111167,0));
#8842=DIRECTION('',(-0.9467880941111669,-0.32185758473173176,0));
#8843=FACE_BOUND('',#8844,.T.);
#8844=EDGE_LOOP('',(#8845,#8846,#8847));
#8845=ORIENTED_EDGE('',*,*,#8848,.T.);
#8846=ORIENTED_EDGE('',*,*,#8849,.T.);
#8847=ORIENTED_EDGE('',*,*,#8850,.T.);
#8848=EDGE_CURVE('',#287,#397,#8851,.F.);
#8849=EDGE_CURVE('',#397,#565,#8852,.T.);
#8850=EDGE_CURVE('',#565,#287,#8853,.T.);
#8851=LINE('',#286,#8854);
#8852=LINE('',#396,#8855);
#8853=LINE('',#564,#8856);
#8854=VECTOR('',#8857,1.0);
#8855=VECTOR('',#8858,1.0);
#8856=VECTOR('',#8859,1.0);
#8857=DIRECTION('',(-0.9467880941111669,-0.32185758473173176,0));
#8858=DIRECTION('',(0.02369822373536006,0.008056135371089288,-0.999686697358063));
#8859=DIRECTION('',(0,0,1));
#8860=FACE_SURFACE('',(#8865),#8861,.T.);
#8861=PLANE('',#8862);
#8862=AXIS2_PLACEMENT_3D('',#130,#8863,#8864);
#8863=DIRECTION('',(0.9979880242093762,-0.06340270920603859,0));
#8864=DIRECTION('',(0.06340270920603859,0.9979880242093763,0));
#8865=FACE_BOUND('',#8866,.T.);
#8866=EDGE_LOOP('',(#8867,#8868,#8869));
#8867=ORIENTED_EDGE('',*,*,#8870,.T.);
#8868=ORIENTED_EDGE('',*,*,#8871,.T.);
#8869=ORIENTED_EDGE('',*,*,#8872,.T.);
#8870=EDGE_CURVE('',#131,#133,#8873,.F.);
#8871=EDGE_CURVE('',#133,#413,#8874,.T.);
#8872=EDGE_CURVE('',#413,#131,#8875,.T.);
#8873=LINE('',#130,#8876);
#8874=LINE('',#132,#8877);
#8875=LINE('',#412,#8878);
#8876=VECTOR('',#8879,1.0);
#8877=VECTOR('',#8880,1.0);
#8878=VECTOR('',#8881,1.0);
#8879=DIRECTION('',(0.06340270920603859,0.9979880242093763,0));
#8880=DIRECTION('',(-0.0015877623278025134,-0.024992114820967196,0.9996863874273602));
#8881=DIRECTION('',(0,0,-1));
#8882=FACE_SURFACE('',(#8887),#8883,.T.);
#8883=PLANE('',#8884);
#8884=AXIS2_PLACEMENT_3D('',#440,#8885,#8886);
#8885=DIRECTION('',(0.3218656184344951,-0.9467853630415819,0));
#8886=DIRECTION('',(0.9467853630415819,0.3218656184344952,0));
#8887=FACE_BOUND('',#8888,.T.);
#8888=EDGE_LOOP('',(#8889,#8890,#8891));
#8889=ORIENTED_EDGE('',*,*,#8892,.T.);
#8890=ORIENTED_EDGE('',*,*,#8893,.T.);
#8891=ORIENTED_EDGE('',*,*,#8894,.T.);
#8892=EDGE_CURVE('',#441,#299,#8895,.F.);
#8893=EDGE_CURVE('',#299,#197,#8896,.T.);
#8894=EDGE_CURVE('',#197,#441,#8897,.T.);
#8895=LINE('',#440,#8898);
#8896=LINE('',#298,#8899);
#8897=LINE('',#196,#8900);
#8898=VECTOR('',#8901,1.0);
#8899=VECTOR('',#8902,1.0);
#8900=VECTOR('',#8903,1.0);
#8901=DIRECTION('',(0.9467853630415819,0.3218656184344952,0));
#8902=DIRECTION('',(-0.04026314942558689,-0.013687710008902886,0.999095353503881));
#8903=DIRECTION('',(0,0,-1));
#8904=FACE_SURFACE('',(#8909),#8905,.T.);
#8905=PLANE('',#8906);
#8906=AXIS2_PLACEMENT_3D('',#198,#8907,#8908);
#8907=DIRECTION('',(-0.6597488785074057,0.7514861391324663,0));
#8908=DIRECTION('',(0,0,-1));
#8909=FACE_BOUND('',#8910,.T.);
#8910=EDGE_LOOP('',(#8911,#8912,#8913));
#8911=ORIENTED_EDGE('',*,*,#8914,.T.);
#8912=ORIENTED_EDGE('',*,*,#8915,.T.);
#8913=ORIENTED_EDGE('',*,*,#8916,.T.);
#8914=EDGE_CURVE('',#199,#419,#8917,.F.);
#8915=EDGE_CURVE('',#419,#417,#8918,.T.);
#8916=EDGE_CURVE('',#417,#199,#8919,.T.);
#8917=LINE('',#198,#8920);
#8918=LINE('',#418,#8921);
#8919=LINE('',#416,#8922);
#8920=VECTOR('',#8923,1.0);
#8921=VECTOR('',#8924,1.0);
#8922=VECTOR('',#8925,1.0);
#8923=DIRECTION('',(0,0,-1));
#8924=DIRECTION('',(-0.7514861391324662,-0.6597488785074056,0));
#8925=DIRECTION('',(0.09746944973153643,0.08557091980878154,0.9915529860033252));
#8926=FACE_SURFACE('',(#8931),#8927,.T.);
#8927=PLANE('',#8928);
#8928=AXIS2_PLACEMENT_3D('',#198,#8929,#8930);
#8929=DIRECTION('',(-0.6597488785074057,0.7514861391324663,0));
#8930=DIRECTION('',(-0.09746944973153643,-0.08557091980878154,-0.9915529860033252));
#8931=FACE_BOUND('',#8932,.T.);
#8932=EDGE_LOOP('',(#8933,#8934,#8935));
#8933=ORIENTED_EDGE('',*,*,#8936,.T.);
#8934=ORIENTED_EDGE('',*,*,#8937,.T.);
#8935=ORIENTED_EDGE('',*,*,#8938,.T.);
#8936=EDGE_CURVE('',#199,#417,#8939,.F.);
#8937=EDGE_CURVE('',#417,#203,#8940,.T.);
#8938=EDGE_CURVE('',#203,#199,#8941,.T.);
#8939=LINE('',#198,#8942);
#8940=LINE('',#416,#8943);
#8941=LINE('',#202,#8944);
#8942=VECTOR('',#8945,1.0);
#8943=VECTOR('',#8946,1.0);
#8944=VECTOR('',#8947,1.0);
#8945=DIRECTION('',(-0.09746944973153643,-0.08557091980878154,-0.9915529860033252));
#8946=DIRECTION('',(0,0,1));
#8947=DIRECTION('',(0.7514861391324662,0.6597488785074056,0));
#8948=FACE_SURFACE('',(#8953),#8949,.T.);
#8949=PLANE('',#8950);
#8950=AXIS2_PLACEMENT_3D('',#480,#8951,#8952);
#8951=DIRECTION('',(0.9979880242093762,0.06340270920603859,-0));
#8952=DIRECTION('',(-0.06340270920603859,0.9979880242093763,0));
#8953=FACE_BOUND('',#8954,.T.);
#8954=EDGE_LOOP('',(#8955,#8956,#8957));
#8955=ORIENTED_EDGE('',*,*,#8958,.T.);
#8956=ORIENTED_EDGE('',*,*,#8959,.T.);
#8957=ORIENTED_EDGE('',*,*,#8960,.T.);
#8958=EDGE_CURVE('',#481,#131,#8961,.F.);
#8959=EDGE_CURVE('',#131,#415,#8962,.T.);
#8960=EDGE_CURVE('',#415,#481,#8963,.T.);
#8961=LINE('',#480,#8964);
#8962=LINE('',#130,#8965);
#8963=LINE('',#414,#8966);
#8964=VECTOR('',#8967,1.0);
#8965=VECTOR('',#8968,1.0);
#8966=VECTOR('',#8969,1.0);
#8967=DIRECTION('',(-0.06340270920603859,0.9979880242093763,0));
#8968=DIRECTION('',(0.0015877623278025134,-0.024992114820967196,0.9996863874273602));
#8969=DIRECTION('',(0,0,-1));
#8970=FACE_SURFACE('',(#8975),#8971,.T.);
#8971=PLANE('',#8972);
#8972=AXIS2_PLACEMENT_3D('',#194,#8973,#8974);
#8973=DIRECTION('',(-0.5550534875536058,0.8318146584153101,0));
#8974=DIRECTION('',(0,0,-1));
#8975=FACE_BOUND('',#8976,.T.);
#8976=EDGE_LOOP('',(#8977,#8978,#8979));
#8977=ORIENTED_EDGE('',*,*,#8980,.T.);
#8978=ORIENTED_EDGE('',*,*,#8981,.T.);
#8979=ORIENTED_EDGE('',*,*,#8982,.T.);
#8980=EDGE_CURVE('',#195,#433,#8983,.F.);
#8981=EDGE_CURVE('',#433,#419,#8984,.T.);
#8982=EDGE_CURVE('',#419,#195,#8985,.T.);
#8983=LINE('',#194,#8986);
#8984=LINE('',#432,#8987);
#8985=LINE('',#418,#8988);
#8986=VECTOR('',#8989,1.0);
#8987=VECTOR('',#8990,1.0);
#8988=VECTOR('',#8991,1.0);
#8989=DIRECTION('',(0,0,-1));
#8990=DIRECTION('',(-0.8318146584153101,-0.5550534875536058,0));
#8991=DIRECTION('',(0.10788120923270612,0.07198699953207228,0.9915540916121816));
#8992=FACE_SURFACE('',(#8997),#8993,.T.);
#8993=PLANE('',#8994);
#8994=AXIS2_PLACEMENT_3D('',#194,#8995,#8996);
#8995=DIRECTION('',(-0.5550534875536058,0.8318146584153101,0));
#8996=DIRECTION('',(-0.10788120923270612,-0.07198699953207228,-0.9915540916121816));
#8997=FACE_BOUND('',#8998,.T.);
#8998=EDGE_LOOP('',(#8999,#9000,#9001));
#8999=ORIENTED_EDGE('',*,*,#9002,.T.);
#9000=ORIENTED_EDGE('',*,*,#9003,.T.);
#9001=ORIENTED_EDGE('',*,*,#9004,.T.);
#9002=EDGE_CURVE('',#195,#419,#9005,.F.);
#9003=EDGE_CURVE('',#419,#199,#9006,.T.);
#9004=EDGE_CURVE('',#199,#195,#9007,.T.);
#9005=LINE('',#194,#9008);
#9006=LINE('',#418,#9009);
#9007=LINE('',#198,#9010);
#9008=VECTOR('',#9011,1.0);
#9009=VECTOR('',#9012,1.0);
#9010=VECTOR('',#9013,1.0);
#9011=DIRECTION('',(-0.10788120923270612,-0.07198699953207228,-0.9915540916121816));
#9012=DIRECTION('',(0,0,1));
#9013=DIRECTION('',(0.8318146584153101,0.5550534875536058,0));
#9014=FACE_SURFACE('',(#9019),#9015,.T.);
#9015=PLANE('',#9016);
#9016=AXIS2_PLACEMENT_3D('',#568,#9017,#9018);
#9017=DIRECTION('',(0.4424989507560145,-0.8967690218667382,0));
#9018=DIRECTION('',(0.8967690218667381,0.4424989507560144,0));
#9019=FACE_BOUND('',#9020,.T.);
#9020=EDGE_LOOP('',(#9021,#9022,#9023));
#9021=ORIENTED_EDGE('',*,*,#9024,.T.);
#9022=ORIENTED_EDGE('',*,*,#9025,.T.);
#9023=ORIENTED_EDGE('',*,*,#9026,.T.);
#9024=EDGE_CURVE('',#569,#567,#9027,.F.);
#9025=EDGE_CURVE('',#567,#373,#9028,.T.);
#9026=EDGE_CURVE('',#373,#569,#9029,.T.);
#9027=LINE('',#568,#9030);
#9028=LINE('',#566,#9031);
#9029=LINE('',#372,#9032);
#9030=VECTOR('',#9033,1.0);
#9031=VECTOR('',#9034,1.0);
#9032=VECTOR('',#9035,1.0);
#9033=DIRECTION('',(0.8967690218667381,0.4424989507560144,0));
#9034=DIRECTION('',(-0.02240479945601888,-0.011055355403055541,0.9996878533213494));
#9035=DIRECTION('',(0,0,-1));
#9036=FACE_SURFACE('',(#9041),#9037,.T.);
#9037=PLANE('',#9038);
#9038=AXIS2_PLACEMENT_3D('',#396,#9039,#9040);
#9039=DIRECTION('',(0.4424989507560145,-0.8967690218667382,0));
#9040=DIRECTION('',(-0.8967690218667381,-0.4424989507560144,0));
#9041=FACE_BOUND('',#9042,.T.);
#9042=EDGE_LOOP('',(#9043,#9044,#9045));
#9043=ORIENTED_EDGE('',*,*,#9046,.T.);
#9044=ORIENTED_EDGE('',*,*,#9047,.T.);
#9045=ORIENTED_EDGE('',*,*,#9048,.T.);
#9046=EDGE_CURVE('',#397,#373,#9049,.F.);
#9047=EDGE_CURVE('',#373,#567,#9050,.T.);
#9048=EDGE_CURVE('',#567,#397,#9051,.T.);
#9049=LINE('',#396,#9052);
#9050=LINE('',#372,#9053);
#9051=LINE('',#566,#9054);
#9052=VECTOR('',#9055,1.0);
#9053=VECTOR('',#9056,1.0);
#9054=VECTOR('',#9057,1.0);
#9055=DIRECTION('',(-0.8967690218667381,-0.4424989507560144,0));
#9056=DIRECTION('',(0.02240479945601888,0.011055355403055541,-0.9996878533213494));
#9057=DIRECTION('',(0,0,1));
#9058=FACE_SURFACE('',(#9063),#9059,.T.);
#9059=PLANE('',#9060);
#9060=AXIS2_PLACEMENT_3D('',#488,#9061,#9062);
#9061=DIRECTION('',(0.8309659069501955,0.5563233425683655,-0));
#9062=DIRECTION('',(0,0,1));
#9063=FACE_BOUND('',#9064,.T.);
#9064=EDGE_LOOP('',(#9065,#9066,#9067));
#9065=ORIENTED_EDGE('',*,*,#9068,.T.);
#9066=ORIENTED_EDGE('',*,*,#9069,.T.);
#9067=ORIENTED_EDGE('',*,*,#9070,.T.);
#9068=EDGE_CURVE('',#489,#425,#9071,.F.);
#9069=EDGE_CURVE('',#425,#427,#9072,.T.);
#9070=EDGE_CURVE('',#427,#489,#9073,.T.);
#9071=LINE('',#488,#9074);
#9072=LINE('',#424,#9075);
#9073=LINE('',#426,#9076);
#9074=VECTOR('',#9077,1.0);
#9075=VECTOR('',#9078,1.0);
#9076=VECTOR('',#9079,1.0);
#9077=DIRECTION('',(0,0,1));
#9078=DIRECTION('',(0.5563233425683655,-0.8309659069501956,0));
#9079=DIRECTION('',(-0.02367847449169883,0.03536792998897694,-0.9990938090960432));
#9080=FACE_SURFACE('',(#9085),#9081,.T.);
#9081=PLANE('',#9082);
#9082=AXIS2_PLACEMENT_3D('',#190,#9083,#9084);
#9083=DIRECTION('',(0.19521195404843475,-0.9807610784470354,0));
#9084=DIRECTION('',(0,0,-1));
#9085=FACE_BOUND('',#9086,.T.);
#9086=EDGE_LOOP('',(#9087,#9088,#9089));
#9087=ORIENTED_EDGE('',*,*,#9090,.T.);
#9088=ORIENTED_EDGE('',*,*,#9091,.T.);
#9089=ORIENTED_EDGE('',*,*,#9092,.T.);
#9090=EDGE_CURVE('',#191,#299,#9093,.F.);
#9091=EDGE_CURVE('',#299,#307,#9094,.T.);
#9092=EDGE_CURVE('',#307,#191,#9095,.T.);
#9093=LINE('',#190,#9096);
#9094=LINE('',#298,#9097);
#9095=LINE('',#306,#9098);
#9096=VECTOR('',#9099,1.0);
#9097=VECTOR('',#9100,1.0);
#9098=VECTOR('',#9101,1.0);
#9099=DIRECTION('',(0,0,-1));
#9100=DIRECTION('',(0.9807610784470353,0.19521195404843472,0));
#9101=DIRECTION('',(-0.04166234054597021,-0.008292526168644636,0.999097334292297));
#9102=FACE_SURFACE('',(#9107),#9103,.T.);
#9103=PLANE('',#9104);
#9104=AXIS2_PLACEMENT_3D('',#188,#9105,#9106);
#9105=DIRECTION('',(-0.44261998577833433,0.8967092885598916,0));
#9106=DIRECTION('',(0,0,-1));
#9107=FACE_BOUND('',#9108,.T.);
#9108=EDGE_LOOP('',(#9109,#9110,#9111));
#9109=ORIENTED_EDGE('',*,*,#9112,.T.);
#9110=ORIENTED_EDGE('',*,*,#9113,.T.);
#9111=ORIENTED_EDGE('',*,*,#9114,.T.);
#9112=EDGE_CURVE('',#189,#295,#9115,.F.);
#9113=EDGE_CURVE('',#295,#433,#9116,.T.);
#9114=EDGE_CURVE('',#433,#189,#9117,.T.);
#9115=LINE('',#188,#9118);
#9116=LINE('',#294,#9119);
#9117=LINE('',#432,#9120);
#9118=VECTOR('',#9121,1.0);
#9119=VECTOR('',#9122,1.0);
#9120=VECTOR('',#9123,1.0);
#9121=DIRECTION('',(0,0,-1));
#9122=DIRECTION('',(-0.8967092885598917,-0.4426199857783344,0));
#9123=DIRECTION('',(0.1163091316150047,0.05741074263209817,0.9915524154241139));
#9124=FACE_SURFACE('',(#9129),#9125,.T.);
#9125=PLANE('',#9126);
#9126=AXIS2_PLACEMENT_3D('',#188,#9127,#9128);
#9127=DIRECTION('',(-0.44261998577833433,0.8967092885598916,0));
#9128=DIRECTION('',(-0.1163091316150047,-0.05741074263209817,-0.9915524154241139));
#9129=FACE_BOUND('',#9130,.T.);
#9130=EDGE_LOOP('',(#9131,#9132,#9133));
#9131=ORIENTED_EDGE('',*,*,#9134,.T.);
#9132=ORIENTED_EDGE('',*,*,#9135,.T.);
#9133=ORIENTED_EDGE('',*,*,#9136,.T.);
#9134=EDGE_CURVE('',#189,#433,#9137,.F.);
#9135=EDGE_CURVE('',#433,#195,#9138,.T.);
#9136=EDGE_CURVE('',#195,#189,#9139,.T.);
#9137=LINE('',#188,#9140);
#9138=LINE('',#432,#9141);
#9139=LINE('',#194,#9142);
#9140=VECTOR('',#9143,1.0);
#9141=VECTOR('',#9144,1.0);
#9142=VECTOR('',#9145,1.0);
#9143=DIRECTION('',(-0.1163091316150047,-0.05741074263209817,-0.9915524154241139));
#9144=DIRECTION('',(0,0,1));
#9145=DIRECTION('',(0.8967092885598917,0.4426199857783344,0));
#9146=FACE_SURFACE('',(#9151),#9147,.T.);
#9147=PLANE('',#9148);
#9148=AXIS2_PLACEMENT_3D('',#568,#9149,#9150);
#9149=DIRECTION('',(0.5563233425683656,-0.8309659069501956,0));
#9150=DIRECTION('',(0,0,1));
#9151=FACE_BOUND('',#9152,.T.);
#9152=EDGE_LOOP('',(#9153,#9154,#9155));
#9153=ORIENTED_EDGE('',*,*,#9156,.T.);
#9154=ORIENTED_EDGE('',*,*,#9157,.T.);
#9155=ORIENTED_EDGE('',*,*,#9158,.T.);
#9156=EDGE_CURVE('',#569,#373,#9159,.F.);
#9157=EDGE_CURVE('',#373,#111,#9160,.T.);
#9158=EDGE_CURVE('',#111,#569,#9161,.T.);
#9159=LINE('',#568,#9162);
#9160=LINE('',#372,#9163);
#9161=LINE('',#110,#9164);
#9162=VECTOR('',#9165,1.0);
#9163=VECTOR('',#9166,1.0);
#9164=VECTOR('',#9167,1.0);
#9165=DIRECTION('',(0,0,1));
#9166=DIRECTION('',(-0.8309659069501956,-0.5563233425683655,0));
#9167=DIRECTION('',(0.020816999543306507,0.013936772461196206,-0.9996861602039807));
#9168=FACE_SURFACE('',(#9173),#9169,.T.);
#9169=PLANE('',#9170);
#9170=AXIS2_PLACEMENT_3D('',#568,#9171,#9172);
#9171=DIRECTION('',(0.5563233425683656,-0.8309659069501956,0));
#9172=DIRECTION('',(-0.020816999543306507,-0.013936772461196206,0.9996861602039807));
#9173=FACE_BOUND('',#9174,.T.);
#9174=EDGE_LOOP('',(#9175,#9176,#9177));
#9175=ORIENTED_EDGE('',*,*,#9178,.T.);
#9176=ORIENTED_EDGE('',*,*,#9179,.T.);
#9177=ORIENTED_EDGE('',*,*,#9180,.T.);
#9178=EDGE_CURVE('',#569,#111,#9181,.F.);
#9179=EDGE_CURVE('',#111,#563,#9182,.T.);
#9180=EDGE_CURVE('',#563,#569,#9183,.T.);
#9181=LINE('',#568,#9184);
#9182=LINE('',#110,#9185);
#9183=LINE('',#562,#9186);
#9184=VECTOR('',#9187,1.0);
#9185=VECTOR('',#9188,1.0);
#9186=VECTOR('',#9189,1.0);
#9187=DIRECTION('',(-0.020816999543306507,-0.013936772461196206,0.9996861602039807));
#9188=DIRECTION('',(0,0,-1));
#9189=DIRECTION('',(0.8309659069501956,0.5563233425683655,0));
#9190=FACE_SURFACE('',(#9195),#9191,.T.);
#9191=PLANE('',#9192);
#9192=AXIS2_PLACEMENT_3D('',#180,#9193,#9194);
#9193=DIRECTION('',(0.06573908068365164,-0.9978368470200267,0));
#9194=DIRECTION('',(-0.9978368470200267,-0.06573908068365164,0));
#9195=FACE_BOUND('',#9196,.T.);
#9196=EDGE_LOOP('',(#9197,#9198,#9199));
#9197=ORIENTED_EDGE('',*,*,#9200,.T.);
#9198=ORIENTED_EDGE('',*,*,#9201,.T.);
#9199=ORIENTED_EDGE('',*,*,#9202,.T.);
#9200=EDGE_CURVE('',#181,#187,#9203,.F.);
#9201=EDGE_CURVE('',#187,#241,#9204,.T.);
#9202=EDGE_CURVE('',#241,#181,#9205,.T.);
#9203=LINE('',#180,#9206);
#9204=LINE('',#186,#9207);
#9205=LINE('',#240,#9208);
#9206=VECTOR('',#9209,1.0);
#9207=VECTOR('',#9210,1.0);
#9208=VECTOR('',#9211,1.0);
#9209=DIRECTION('',(-0.9978368470200267,-0.06573908068365164,0));
#9210=DIRECTION('',(0.04246180730847871,0.0027974514921573416,-0.9990941743325533));
#9211=DIRECTION('',(0,0,1));
#9212=FACE_SURFACE('',(#9217),#9213,.T.);
#9213=PLANE('',#9214);
#9214=AXIS2_PLACEMENT_3D('',#184,#9215,#9216);
#9215=DIRECTION('',(-0.32104100994729784,0.9470652933837345,0));
#9216=DIRECTION('',(0,0,-1));
#9217=FACE_BOUND('',#9218,.T.);
#9218=EDGE_LOOP('',(#9219,#9220,#9221));
#9219=ORIENTED_EDGE('',*,*,#9222,.T.);
#9220=ORIENTED_EDGE('',*,*,#9223,.T.);
#9221=ORIENTED_EDGE('',*,*,#9224,.T.);
#9222=EDGE_CURVE('',#185,#297,#9225,.F.);
#9223=EDGE_CURVE('',#297,#295,#9226,.T.);
#9224=EDGE_CURVE('',#295,#185,#9227,.T.);
#9225=LINE('',#184,#9228);
#9226=LINE('',#296,#9229);
#9227=LINE('',#294,#9230);
#9228=VECTOR('',#9231,1.0);
#9229=VECTOR('',#9232,1.0);
#9230=VECTOR('',#9233,1.0);
#9231=DIRECTION('',(0,0,-1));
#9232=DIRECTION('',(-0.9470652933837345,-0.32104100994729784,0));
#9233=DIRECTION('',(0.12285297578183135,0.04164532656361351,0.9915507113188708));
#9234=FACE_SURFACE('',(#9239),#9235,.T.);
#9235=PLANE('',#9236);
#9236=AXIS2_PLACEMENT_3D('',#184,#9237,#9238);
#9237=DIRECTION('',(-0.32104100994729784,0.9470652933837345,0));
#9238=DIRECTION('',(-0.12285297578183135,-0.04164532656361351,-0.9915507113188708));
#9239=FACE_BOUND('',#9240,.T.);
#9240=EDGE_LOOP('',(#9241,#9242,#9243));
#9241=ORIENTED_EDGE('',*,*,#9244,.T.);
#9242=ORIENTED_EDGE('',*,*,#9245,.T.);
#9243=ORIENTED_EDGE('',*,*,#9246,.T.);
#9244=EDGE_CURVE('',#185,#295,#9247,.F.);
#9245=EDGE_CURVE('',#295,#189,#9248,.T.);
#9246=EDGE_CURVE('',#189,#185,#9249,.T.);
#9247=LINE('',#184,#9250);
#9248=LINE('',#294,#9251);
#9249=LINE('',#188,#9252);
#9250=VECTOR('',#9253,1.0);
#9251=VECTOR('',#9254,1.0);
#9252=VECTOR('',#9255,1.0);
#9253=DIRECTION('',(-0.12285297578183135,-0.04164532656361351,-0.9915507113188708));
#9254=DIRECTION('',(0,0,1));
#9255=DIRECTION('',(0.9470652933837345,0.32104100994729784,0));
#9256=FACE_SURFACE('',(#9261),#9257,.T.);
#9257=PLANE('',#9258);
#9258=AXIS2_PLACEMENT_3D('',#498,#9259,#9260);
#9259=DIRECTION('',(0.946789486698774,0.3218534882157904,-0));
#9260=DIRECTION('',(0,0,1));
#9261=FACE_BOUND('',#9262,.T.);
#9262=EDGE_LOOP('',(#9263,#9264,#9265));
#9263=ORIENTED_EDGE('',*,*,#9266,.T.);
#9264=ORIENTED_EDGE('',*,*,#9267,.T.);
#9265=ORIENTED_EDGE('',*,*,#9268,.T.);
#9266=EDGE_CURVE('',#499,#429,#9269,.F.);
#9267=EDGE_CURVE('',#429,#423,#9270,.T.);
#9268=EDGE_CURVE('',#423,#499,#9271,.T.);
#9269=LINE('',#498,#9272);
#9270=LINE('',#428,#9273);
#9271=LINE('',#422,#9274);
#9272=VECTOR('',#9275,1.0);
#9273=VECTOR('',#9276,1.0);
#9274=VECTOR('',#9277,1.0);
#9275=DIRECTION('',(0,0,1));
#9276=DIRECTION('',(0.32185348821579046,-0.946789486698774,0));
#9277=DIRECTION('',(-0.013687328640617561,0.040263720395782084,-0.9990953357185559));
#9278=FACE_SURFACE('',(#9283),#9279,.T.);
#9279=PLANE('',#9280);
#9280=AXIS2_PLACEMENT_3D('',#562,#9281,#9282);
#9281=DIRECTION('',(0.6585084187126559,-0.7525733602012215,0));
#9282=DIRECTION('',(0,0,1));
#9283=FACE_BOUND('',#9284,.T.);
#9284=EDGE_LOOP('',(#9285,#9286,#9287));
#9285=ORIENTED_EDGE('',*,*,#9288,.T.);
#9286=ORIENTED_EDGE('',*,*,#9289,.T.);
#9287=ORIENTED_EDGE('',*,*,#9290,.T.);
#9288=EDGE_CURVE('',#563,#111,#9291,.F.);
#9289=EDGE_CURVE('',#111,#115,#9292,.T.);
#9290=EDGE_CURVE('',#115,#563,#9293,.T.);
#9291=LINE('',#562,#9294);
#9292=LINE('',#110,#9295);
#9293=LINE('',#114,#9296);
#9294=VECTOR('',#9297,1.0);
#9295=VECTOR('',#9298,1.0);
#9296=VECTOR('',#9299,1.0);
#9297=DIRECTION('',(0,0,1));
#9298=DIRECTION('',(-0.7525733602012215,-0.6585084187126559,0));
#9299=DIRECTION('',(0.018817626134104506,0.016465591110190077,-0.9996873417504442));
#9300=FACE_SURFACE('',(#9305),#9301,.T.);
#9301=PLANE('',#9302);
#9302=AXIS2_PLACEMENT_3D('',#182,#9303,#9304);
#9303=DIRECTION('',(-0.19494053339678302,0.980815063321816,0));
#9304=DIRECTION('',(0,0,-1));
#9305=FACE_BOUND('',#9306,.T.);
#9306=EDGE_LOOP('',(#9307,#9308,#9309));
#9307=ORIENTED_EDGE('',*,*,#9310,.T.);
#9308=ORIENTED_EDGE('',*,*,#9311,.T.);
#9309=ORIENTED_EDGE('',*,*,#9312,.T.);
#9310=EDGE_CURVE('',#183,#305,#9313,.F.);
#9311=EDGE_CURVE('',#305,#297,#9314,.T.);
#9312=EDGE_CURVE('',#297,#183,#9315,.T.);
#9313=LINE('',#182,#9316);
#9314=LINE('',#304,#9317);
#9315=LINE('',#296,#9318);
#9316=VECTOR('',#9319,1.0);
#9317=VECTOR('',#9320,1.0);
#9318=VECTOR('',#9321,1.0);
#9319=DIRECTION('',(0,0,-1));
#9320=DIRECTION('',(-0.9808150633218159,-0.19494053339678302,0));
#9321=DIRECTION('',(0.1272163013204951,0.025284698985140047,0.9915526696426993));
#9322=FACE_SURFACE('',(#9327),#9323,.T.);
#9323=PLANE('',#9324);
#9324=AXIS2_PLACEMENT_3D('',#182,#9325,#9326);
#9325=DIRECTION('',(-0.19494053339678302,0.980815063321816,0));
#9326=DIRECTION('',(-0.1272163013204951,-0.025284698985140047,-0.9915526696426993));
#9327=FACE_BOUND('',#9328,.T.);
#9328=EDGE_LOOP('',(#9329,#9330,#9331));
#9329=ORIENTED_EDGE('',*,*,#9332,.T.);
#9330=ORIENTED_EDGE('',*,*,#9333,.T.);
#9331=ORIENTED_EDGE('',*,*,#9334,.T.);
#9332=EDGE_CURVE('',#183,#297,#9335,.F.);
#9333=EDGE_CURVE('',#297,#185,#9336,.T.);
#9334=EDGE_CURVE('',#185,#183,#9337,.T.);
#9335=LINE('',#182,#9338);
#9336=LINE('',#296,#9339);
#9337=LINE('',#184,#9340);
#9338=VECTOR('',#9341,1.0);
#9339=VECTOR('',#9342,1.0);
#9340=VECTOR('',#9343,1.0);
#9341=DIRECTION('',(-0.1272163013204951,-0.025284698985140047,-0.9915526696426993));
#9342=DIRECTION('',(0,0,1));
#9343=DIRECTION('',(0.9808150633218159,0.19494053339678302,0));
#9344=FACE_SURFACE('',(#9349),#9345,.T.);
#9345=PLANE('',#9346);
#9346=AXIS2_PLACEMENT_3D('',#238,#9347,#9348);
#9347=DIRECTION('',(-0.06573908068365164,-0.9978368470200267,0));
#9348=DIRECTION('',(0,0,1));
#9349=FACE_BOUND('',#9350,.T.);
#9350=EDGE_LOOP('',(#9351,#9352,#9353));
#9351=ORIENTED_EDGE('',*,*,#9354,.T.);
#9352=ORIENTED_EDGE('',*,*,#9355,.T.);
#9353=ORIENTED_EDGE('',*,*,#9356,.T.);
#9354=EDGE_CURVE('',#239,#175,#9357,.F.);
#9355=EDGE_CURVE('',#175,#181,#9358,.T.);
#9356=EDGE_CURVE('',#181,#239,#9359,.T.);
#9357=LINE('',#238,#9360);
#9358=LINE('',#174,#9361);
#9359=LINE('',#180,#9362);
#9360=VECTOR('',#9363,1.0);
#9361=VECTOR('',#9364,1.0);
#9362=VECTOR('',#9365,1.0);
#9363=DIRECTION('',(0,0,1));
#9364=DIRECTION('',(-0.9978368470200267,0.06573908068365164,0));
#9365=DIRECTION('',(0.04246180730847871,-0.0027974514921573416,-0.9990941743325533));
#9366=FACE_SURFACE('',(#9371),#9367,.T.);
#9367=PLANE('',#9368);
#9368=AXIS2_PLACEMENT_3D('',#238,#9369,#9370);
#9369=DIRECTION('',(-0.06573908068365164,-0.9978368470200267,0));
#9370=DIRECTION('',(-0.04246180730847871,0.0027974514921573416,0.9990941743325533));
#9371=FACE_BOUND('',#9372,.T.);
#9372=EDGE_LOOP('',(#9373,#9374,#9375));
#9373=ORIENTED_EDGE('',*,*,#9376,.T.);
#9374=ORIENTED_EDGE('',*,*,#9377,.T.);
#9375=ORIENTED_EDGE('',*,*,#9378,.T.);
#9376=EDGE_CURVE('',#239,#181,#9379,.F.);
#9377=EDGE_CURVE('',#181,#241,#9380,.T.);
#9378=EDGE_CURVE('',#241,#239,#9381,.T.);
#9379=LINE('',#238,#9382);
#9380=LINE('',#180,#9383);
#9381=LINE('',#240,#9384);
#9382=VECTOR('',#9385,1.0);
#9383=VECTOR('',#9386,1.0);
#9384=VECTOR('',#9387,1.0);
#9385=DIRECTION('',(-0.04246180730847871,0.0027974514921573416,0.9990941743325533));
#9386=DIRECTION('',(0,0,-1));
#9387=DIRECTION('',(0.9978368470200267,-0.06573908068365164,0));
#9388=FACE_SURFACE('',(#9393),#9389,.T.);
#9389=PLANE('',#9390);
#9390=AXIS2_PLACEMENT_3D('',#428,#9391,#9392);
#9391=DIRECTION('',(0.9807610784470354,0.19521195404843475,0));
#9392=DIRECTION('',(0,0,-1));
#9393=FACE_BOUND('',#9394,.T.);
#9394=EDGE_LOOP('',(#9395,#9396,#9397));
#9395=ORIENTED_EDGE('',*,*,#9398,.T.);
#9396=ORIENTED_EDGE('',*,*,#9399,.T.);
#9397=ORIENTED_EDGE('',*,*,#9400,.T.);
#9398=EDGE_CURVE('',#429,#499,#9401,.F.);
#9399=EDGE_CURVE('',#499,#559,#9402,.T.);
#9400=EDGE_CURVE('',#559,#429,#9403,.T.);
#9401=LINE('',#428,#9404);
#9402=LINE('',#498,#9405);
#9403=LINE('',#558,#9406);
#9404=VECTOR('',#9407,1.0);
#9405=VECTOR('',#9408,1.0);
#9406=VECTOR('',#9409,1.0);
#9407=DIRECTION('',(0,0,-1));
#9408=DIRECTION('',(-0.19521195404843472,0.9807610784470353,0));
#9409=DIRECTION('',(0.008292526168644636,-0.04166234054597021,0.999097334292297));
#9410=FACE_SURFACE('',(#9415),#9411,.T.);
#9411=PLANE('',#9412);
#9412=AXIS2_PLACEMENT_3D('',#178,#9413,#9414);
#9413=DIRECTION('',(-0.06575661894339951,0.9978356914167446,0));
#9414=DIRECTION('',(0,0,-1));
#9415=FACE_BOUND('',#9416,.T.);
#9416=EDGE_LOOP('',(#9417,#9418,#9419));
#9417=ORIENTED_EDGE('',*,*,#9420,.T.);
#9418=ORIENTED_EDGE('',*,*,#9421,.T.);
#9419=ORIENTED_EDGE('',*,*,#9422,.T.);
#9420=EDGE_CURVE('',#179,#313,#9423,.F.);
#9421=EDGE_CURVE('',#313,#305,#9424,.T.);
#9422=EDGE_CURVE('',#305,#179,#9425,.T.);
#9423=LINE('',#178,#9426);
#9424=LINE('',#312,#9427);
#9425=LINE('',#304,#9428);
#9426=VECTOR('',#9429,1.0);
#9427=VECTOR('',#9430,1.0);
#9428=VECTOR('',#9431,1.0);
#9429=DIRECTION('',(0,0,-1));
#9430=DIRECTION('',(-0.9978356914167446,-0.06575661894339951,0));
#9431=DIRECTION('',(0.12939809601464297,0.008527236863571583,0.9915560594233982));
#9432=FACE_SURFACE('',(#9437),#9433,.T.);
#9433=PLANE('',#9434);
#9434=AXIS2_PLACEMENT_3D('',#178,#9435,#9436);
#9435=DIRECTION('',(-0.06575661894339951,0.9978356914167446,0));
#9436=DIRECTION('',(-0.12939809601464297,-0.008527236863571583,-0.9915560594233982));
#9437=FACE_BOUND('',#9438,.T.);
#9438=EDGE_LOOP('',(#9439,#9440,#9441));
#9439=ORIENTED_EDGE('',*,*,#9442,.T.);
#9440=ORIENTED_EDGE('',*,*,#9443,.T.);
#9441=ORIENTED_EDGE('',*,*,#9444,.T.);
#9442=EDGE_CURVE('',#179,#305,#9445,.F.);
#9443=EDGE_CURVE('',#305,#183,#9446,.T.);
#9444=EDGE_CURVE('',#183,#179,#9447,.T.);
#9445=LINE('',#178,#9448);
#9446=LINE('',#304,#9449);
#9447=LINE('',#182,#9450);
#9448=VECTOR('',#9451,1.0);
#9449=VECTOR('',#9452,1.0);
#9450=VECTOR('',#9453,1.0);
#9451=DIRECTION('',(-0.12939809601464297,-0.008527236863571583,-0.9915560594233982));
#9452=DIRECTION('',(0,0,1));
#9453=DIRECTION('',(0.9978356914167446,0.06575661894339951,0));
#9454=FACE_SURFACE('',(#9459),#9455,.T.);
#9455=PLANE('',#9456);
#9456=AXIS2_PLACEMENT_3D('',#570,#9457,#9458);
#9457=DIRECTION('',(0.7525733602012215,-0.6585084187126559,0));
#9458=DIRECTION('',(0.6585084187126559,0.7525733602012215,0));
#9459=FACE_BOUND('',#9460,.T.);
#9460=EDGE_LOOP('',(#9461,#9462,#9463));
#9461=ORIENTED_EDGE('',*,*,#9464,.T.);
#9462=ORIENTED_EDGE('',*,*,#9465,.T.);
#9463=ORIENTED_EDGE('',*,*,#9466,.T.);
#9464=EDGE_CURVE('',#571,#561,#9467,.F.);
#9465=EDGE_CURVE('',#561,#121,#9468,.T.);
#9466=EDGE_CURVE('',#121,#571,#9469,.T.);
#9467=LINE('',#570,#9470);
#9468=LINE('',#560,#9471);
#9469=LINE('',#120,#9472);
#9470=VECTOR('',#9473,1.0);
#9471=VECTOR('',#9474,1.0);
#9472=VECTOR('',#9475,1.0);
#9473=DIRECTION('',(0.6585084187126559,0.7525733602012215,0));
#9474=DIRECTION('',(-0.016465591110190077,-0.018817626134104506,0.9996873417504442));
#9475=DIRECTION('',(0,0,-1));
#9476=FACE_SURFACE('',(#9481),#9477,.T.);
#9477=PLANE('',#9478);
#9478=AXIS2_PLACEMENT_3D('',#176,#9479,#9480);
#9479=DIRECTION('',(0.06575661894339951,0.9978356914167446,0));
#9480=DIRECTION('',(0,0,-1));
#9481=FACE_BOUND('',#9482,.T.);
#9482=EDGE_LOOP('',(#9483,#9484,#9485));
#9483=ORIENTED_EDGE('',*,*,#9486,.T.);
#9484=ORIENTED_EDGE('',*,*,#9487,.T.);
#9485=ORIENTED_EDGE('',*,*,#9488,.T.);
#9486=EDGE_CURVE('',#177,#243,#9489,.F.);
#9487=EDGE_CURVE('',#243,#313,#9490,.T.);
#9488=EDGE_CURVE('',#313,#177,#9491,.T.);
#9489=LINE('',#176,#9492);
#9490=LINE('',#242,#9493);
#9491=LINE('',#312,#9494);
#9492=VECTOR('',#9495,1.0);
#9493=VECTOR('',#9496,1.0);
#9494=VECTOR('',#9497,1.0);
#9495=DIRECTION('',(0,0,-1));
#9496=DIRECTION('',(-0.9978356914167446,0.06575661894339951,0));
#9497=DIRECTION('',(0.12939809601464297,-0.008527236863571583,0.9915560594233982));
#9498=FACE_SURFACE('',(#9503),#9499,.T.);
#9499=PLANE('',#9500);
#9500=AXIS2_PLACEMENT_3D('',#176,#9501,#9502);
#9501=DIRECTION('',(0.06575661894339951,0.9978356914167446,0));
#9502=DIRECTION('',(-0.12939809601464297,0.008527236863571583,-0.9915560594233982));
#9503=FACE_BOUND('',#9504,.T.);
#9504=EDGE_LOOP('',(#9505,#9506,#9507));
#9505=ORIENTED_EDGE('',*,*,#9508,.T.);
#9506=ORIENTED_EDGE('',*,*,#9509,.T.);
#9507=ORIENTED_EDGE('',*,*,#9510,.T.);
#9508=EDGE_CURVE('',#177,#313,#9511,.F.);
#9509=EDGE_CURVE('',#313,#179,#9512,.T.);
#9510=EDGE_CURVE('',#179,#177,#9513,.T.);
#9511=LINE('',#176,#9514);
#9512=LINE('',#312,#9515);
#9513=LINE('',#178,#9516);
#9514=VECTOR('',#9517,1.0);
#9515=VECTOR('',#9518,1.0);
#9516=VECTOR('',#9519,1.0);
#9517=DIRECTION('',(-0.12939809601464297,0.008527236863571583,-0.9915560594233982));
#9518=DIRECTION('',(0,0,1));
#9519=DIRECTION('',(0.9978356914167446,-0.06575661894339951,0));
#9520=FACE_SURFACE('',(#9525),#9521,.T.);
#9521=PLANE('',#9522);
#9522=AXIS2_PLACEMENT_3D('',#246,#9523,#9524);
#9523=DIRECTION('',(-0.19521195404843475,-0.9807610784470354,0));
#9524=DIRECTION('',(0,0,1));
#9525=FACE_BOUND('',#9526,.T.);
#9526=EDGE_LOOP('',(#9527,#9528,#9529));
#9527=ORIENTED_EDGE('',*,*,#9530,.T.);
#9528=ORIENTED_EDGE('',*,*,#9531,.T.);
#9529=ORIENTED_EDGE('',*,*,#9532,.T.);
#9530=EDGE_CURVE('',#247,#167,#9533,.F.);
#9531=EDGE_CURVE('',#167,#239,#9534,.T.);
#9532=EDGE_CURVE('',#239,#247,#9535,.T.);
#9533=LINE('',#246,#9536);
#9534=LINE('',#166,#9537);
#9535=LINE('',#238,#9538);
#9536=VECTOR('',#9539,1.0);
#9537=VECTOR('',#9540,1.0);
#9538=VECTOR('',#9541,1.0);
#9539=DIRECTION('',(0,0,1));
#9540=DIRECTION('',(-0.04166234054597021,0.008292526168644636,-0.999097334292297));
#9541=DIRECTION('',(0.9807610784470353,-0.19521195404843472,0));
#9542=FACE_SURFACE('',(#9547),#9543,.T.);
#9543=PLANE('',#9544);
#9544=AXIS2_PLACEMENT_3D('',#122,#9545,#9546);
#9545=DIRECTION('',(0.8309659069501956,-0.5563233425683656,0));
#9546=DIRECTION('',(0,0,-1));
#9547=FACE_BOUND('',#9548,.T.);
#9548=EDGE_LOOP('',(#9549,#9550,#9551));
#9549=ORIENTED_EDGE('',*,*,#9552,.T.);
#9550=ORIENTED_EDGE('',*,*,#9553,.T.);
#9551=ORIENTED_EDGE('',*,*,#9554,.T.);
#9552=EDGE_CURVE('',#123,#573,#9555,.F.);
#9553=EDGE_CURVE('',#573,#121,#9556,.T.);
#9554=EDGE_CURVE('',#121,#123,#9557,.T.);
#9555=LINE('',#122,#9558);
#9556=LINE('',#572,#9559);
#9557=LINE('',#120,#9560);
#9558=VECTOR('',#9561,1.0);
#9559=VECTOR('',#9562,1.0);
#9560=VECTOR('',#9563,1.0);
#9561=DIRECTION('',(0,0,-1));
#9562=DIRECTION('',(0.013936772461196206,0.020816999543306507,0.9996861602039807));
#9563=DIRECTION('',(-0.5563233425683655,-0.8309659069501956,0));
#9564=FACE_SURFACE('',(#9569),#9565,.T.);
#9565=PLANE('',#9566);
#9566=AXIS2_PLACEMENT_3D('',#570,#9567,#9568);
#9567=DIRECTION('',(0.8309659069501956,-0.5563233425683656,0));
#9568=DIRECTION('',(0,0,1));
#9569=FACE_BOUND('',#9570,.T.);
#9570=EDGE_LOOP('',(#9571,#9572,#9573));
#9571=ORIENTED_EDGE('',*,*,#9574,.T.);
#9572=ORIENTED_EDGE('',*,*,#9575,.T.);
#9573=ORIENTED_EDGE('',*,*,#9576,.T.);
#9574=EDGE_CURVE('',#571,#121,#9577,.F.);
#9575=EDGE_CURVE('',#121,#573,#9578,.T.);
#9576=EDGE_CURVE('',#573,#571,#9579,.T.);
#9577=LINE('',#570,#9580);
#9578=LINE('',#120,#9581);
#9579=LINE('',#572,#9582);
#9580=VECTOR('',#9583,1.0);
#9581=VECTOR('',#9584,1.0);
#9582=VECTOR('',#9585,1.0);
#9583=DIRECTION('',(0,0,1));
#9584=DIRECTION('',(-0.013936772461196206,-0.020816999543306507,-0.9996861602039807));
#9585=DIRECTION('',(0.5563233425683655,0.8309659069501956,0));
#9586=FACE_SURFACE('',(#9591),#9587,.T.);
#9587=PLANE('',#9588);
#9588=AXIS2_PLACEMENT_3D('',#172,#9589,#9590);
#9589=DIRECTION('',(0.19494109098132262,0.9808149524997117,0));
#9590=DIRECTION('',(0,0,-1));
#9591=FACE_BOUND('',#9592,.T.);
#9592=EDGE_LOOP('',(#9593,#9594,#9595));
#9593=ORIENTED_EDGE('',*,*,#9596,.T.);
#9594=ORIENTED_EDGE('',*,*,#9597,.T.);
#9595=ORIENTED_EDGE('',*,*,#9598,.T.);
#9596=EDGE_CURVE('',#173,#245,#9599,.F.);
#9597=EDGE_CURVE('',#245,#243,#9600,.T.);
#9598=EDGE_CURVE('',#243,#173,#9601,.T.);
#9599=LINE('',#172,#9602);
#9600=LINE('',#244,#9603);
#9601=LINE('',#242,#9604);
#9602=VECTOR('',#9605,1.0);
#9603=VECTOR('',#9606,1.0);
#9604=VECTOR('',#9607,1.0);
#9605=DIRECTION('',(0,0,-1));
#9606=DIRECTION('',(-0.9808149524997117,0.19494109098132262,0));
#9607=DIRECTION('',(0.1272159291946924,-0.02528470020181846,0.9915527173553785));
#9608=FACE_SURFACE('',(#9613),#9609,.T.);
#9609=PLANE('',#9610);
#9610=AXIS2_PLACEMENT_3D('',#172,#9611,#9612);
#9611=DIRECTION('',(0.19494109098132262,0.9808149524997117,0));
#9612=DIRECTION('',(-0.1272159291946924,0.02528470020181846,-0.9915527173553785));
#9613=FACE_BOUND('',#9614,.T.);
#9614=EDGE_LOOP('',(#9615,#9616,#9617));
#9615=ORIENTED_EDGE('',*,*,#9618,.T.);
#9616=ORIENTED_EDGE('',*,*,#9619,.T.);
#9617=ORIENTED_EDGE('',*,*,#9620,.T.);
#9618=EDGE_CURVE('',#173,#243,#9621,.F.);
#9619=EDGE_CURVE('',#243,#177,#9622,.T.);
#9620=EDGE_CURVE('',#177,#173,#9623,.T.);
#9621=LINE('',#172,#9624);
#9622=LINE('',#242,#9625);
#9623=LINE('',#176,#9626);
#9624=VECTOR('',#9627,1.0);
#9625=VECTOR('',#9628,1.0);
#9626=VECTOR('',#9629,1.0);
#9627=DIRECTION('',(-0.1272159291946924,0.02528470020181846,-0.9915527173553785));
#9628=DIRECTION('',(0,0,1));
#9629=DIRECTION('',(0.9808149524997117,-0.19494109098132262,0));
#9630=FACE_SURFACE('',(#9635),#9631,.T.);
#9631=PLANE('',#9632);
#9632=AXIS2_PLACEMENT_3D('',#222,#9633,#9634);
#9633=DIRECTION('',(-0.9978368083138175,0.06573966819275852,0));
#9634=DIRECTION('',(0,0,-1));
#9635=FACE_BOUND('',#9636,.T.);
#9636=EDGE_LOOP('',(#9637,#9638,#9639));
#9637=ORIENTED_EDGE('',*,*,#9640,.T.);
#9638=ORIENTED_EDGE('',*,*,#9641,.T.);
#9639=ORIENTED_EDGE('',*,*,#9642,.T.);
#9640=EDGE_CURVE('',#223,#257,#9643,.F.);
#9641=EDGE_CURVE('',#257,#451,#9644,.T.);
#9642=EDGE_CURVE('',#451,#223,#9645,.T.);
#9643=LINE('',#222,#9646);
#9644=LINE('',#256,#9647);
#9645=LINE('',#450,#9648);
#9646=VECTOR('',#9649,1.0);
#9647=VECTOR('',#9650,1.0);
#9648=VECTOR('',#9651,1.0);
#9649=DIRECTION('',(0,0,-1));
#9650=DIRECTION('',(-0.002797451537428917,-0.04246142687145683,0.9990941905010436));
#9651=DIRECTION('',(0.06573966819275853,0.9978368083138175,0));
#9652=FACE_SURFACE('',(#9657),#9653,.T.);
#9653=PLANE('',#9654);
#9654=AXIS2_PLACEMENT_3D('',#540,#9655,#9656);
#9655=DIRECTION('',(-0.9978368083138175,0.06573966819275852,0));
#9656=DIRECTION('',(0,0,1));
#9657=FACE_BOUND('',#9658,.T.);
#9658=EDGE_LOOP('',(#9659,#9660,#9661));
#9659=ORIENTED_EDGE('',*,*,#9662,.T.);
#9660=ORIENTED_EDGE('',*,*,#9663,.T.);
#9661=ORIENTED_EDGE('',*,*,#9664,.T.);
#9662=EDGE_CURVE('',#541,#451,#9665,.F.);
#9663=EDGE_CURVE('',#451,#257,#9666,.T.);
#9664=EDGE_CURVE('',#257,#541,#9667,.T.);
#9665=LINE('',#540,#9668);
#9666=LINE('',#450,#9669);
#9667=LINE('',#256,#9670);
#9668=VECTOR('',#9671,1.0);
#9669=VECTOR('',#9672,1.0);
#9670=VECTOR('',#9673,1.0);
#9671=DIRECTION('',(0,0,1));
#9672=DIRECTION('',(0.002797451537428917,0.04246142687145683,-0.9990941905010436));
#9673=DIRECTION('',(-0.06573966819275853,-0.9978368083138175,0));
#9674=FACE_SURFACE('',(#9679),#9675,.T.);
#9675=PLANE('',#9676);
#9676=AXIS2_PLACEMENT_3D('',#348,#9677,#9678);
#9677=DIRECTION('',(0.9979880242093762,-0.06340270920603858,0));
#9678=DIRECTION('',(-0.06340270920603859,-0.9979880242093763,0));
#9679=FACE_BOUND('',#9680,.T.);
#9680=EDGE_LOOP('',(#9681,#9682,#9683));
#9681=ORIENTED_EDGE('',*,*,#9684,.T.);
#9682=ORIENTED_EDGE('',*,*,#9685,.T.);
#9683=ORIENTED_EDGE('',*,*,#9686,.T.);
#9684=EDGE_CURVE('',#349,#351,#9687,.F.);
#9685=EDGE_CURVE('',#351,#461,#9688,.T.);
#9686=EDGE_CURVE('',#461,#349,#9689,.T.);
#9687=LINE('',#348,#9690);
#9688=LINE('',#350,#9691);
#9689=LINE('',#460,#9692);
#9690=VECTOR('',#9693,1.0);
#9691=VECTOR('',#9694,1.0);
#9692=VECTOR('',#9695,1.0);
#9693=DIRECTION('',(-0.06340270920603859,-0.9979880242093763,0));
#9694=DIRECTION('',(0,0,-1));
#9695=DIRECTION('',(0.0026975977403553343,0.04246143852087145,0.9990944646054093));
#9696=FACE_SURFACE('',(#9701),#9697,.T.);
#9697=PLANE('',#9698);
#9698=AXIS2_PLACEMENT_3D('',#170,#9699,#9700);
#9699=DIRECTION('',(0.3210392368301953,0.9470658944421374,0));
#9700=DIRECTION('',(0,0,-1));
#9701=FACE_BOUND('',#9702,.T.);
#9702=EDGE_LOOP('',(#9703,#9704,#9705));
#9703=ORIENTED_EDGE('',*,*,#9706,.T.);
#9704=ORIENTED_EDGE('',*,*,#9707,.T.);
#9705=ORIENTED_EDGE('',*,*,#9708,.T.);
#9706=EDGE_CURVE('',#171,#249,#9709,.F.);
#9707=EDGE_CURVE('',#249,#245,#9710,.T.);
#9708=EDGE_CURVE('',#245,#171,#9711,.T.);
#9709=LINE('',#170,#9712);
#9710=LINE('',#248,#9713);
#9711=LINE('',#244,#9714);
#9712=VECTOR('',#9715,1.0);
#9713=VECTOR('',#9716,1.0);
#9714=VECTOR('',#9717,1.0);
#9715=DIRECTION('',(0,0,-1));
#9716=DIRECTION('',(-0.9470658944421375,0.3210392368301953,0));
#9717=DIRECTION('',(0.12285372085724441,-0.04164532269319228,0.9915506191664197));
#9718=FACE_SURFACE('',(#9723),#9719,.T.);
#9719=PLANE('',#9720);
#9720=AXIS2_PLACEMENT_3D('',#170,#9721,#9722);
#9721=DIRECTION('',(0.3210392368301953,0.9470658944421374,0));
#9722=DIRECTION('',(-0.12285372085724441,0.04164532269319228,-0.9915506191664197));
#9723=FACE_BOUND('',#9724,.T.);
#9724=EDGE_LOOP('',(#9725,#9726,#9727));
#9725=ORIENTED_EDGE('',*,*,#9728,.T.);
#9726=ORIENTED_EDGE('',*,*,#9729,.T.);
#9727=ORIENTED_EDGE('',*,*,#9730,.T.);
#9728=EDGE_CURVE('',#171,#245,#9731,.F.);
#9729=EDGE_CURVE('',#245,#173,#9732,.T.);
#9730=EDGE_CURVE('',#173,#171,#9733,.T.);
#9731=LINE('',#170,#9734);
#9732=LINE('',#244,#9735);
#9733=LINE('',#172,#9736);
#9734=VECTOR('',#9737,1.0);
#9735=VECTOR('',#9738,1.0);
#9736=VECTOR('',#9739,1.0);
#9737=DIRECTION('',(-0.12285372085724441,0.04164532269319228,-0.9915506191664197));
#9738=DIRECTION('',(0,0,1));
#9739=DIRECTION('',(0.9470658944421375,-0.3210392368301953,0));
#9740=FACE_SURFACE('',(#9745),#9741,.T.);
#9741=PLANE('',#9742);
#9742=AXIS2_PLACEMENT_3D('',#572,#9743,#9744);
#9743=DIRECTION('',(0.8967690218667382,-0.4424989507560145,0));
#9744=DIRECTION('',(0,0,1));
#9745=FACE_BOUND('',#9746,.T.);
#9746=EDGE_LOOP('',(#9747,#9748,#9749));
#9747=ORIENTED_EDGE('',*,*,#9750,.T.);
#9748=ORIENTED_EDGE('',*,*,#9751,.T.);
#9749=ORIENTED_EDGE('',*,*,#9752,.T.);
#9750=EDGE_CURVE('',#573,#123,#9753,.F.);
#9751=EDGE_CURVE('',#123,#575,#9754,.T.);
#9752=EDGE_CURVE('',#575,#573,#9755,.T.);
#9753=LINE('',#572,#9756);
#9754=LINE('',#122,#9757);
#9755=LINE('',#574,#9758);
#9756=VECTOR('',#9759,1.0);
#9757=VECTOR('',#9760,1.0);
#9758=VECTOR('',#9761,1.0);
#9759=DIRECTION('',(0,0,1));
#9760=DIRECTION('',(-0.011055355403055541,-0.02240479945601888,-0.9996878533213494));
#9761=DIRECTION('',(0.4424989507560144,0.8967690218667381,0));
#9762=FACE_SURFACE('',(#9767),#9763,.T.);
#9763=PLANE('',#9764);
#9764=AXIS2_PLACEMENT_3D('',#124,#9765,#9766);
#9765=DIRECTION('',(0.8967690218667382,-0.4424989507560145,0));
#9766=DIRECTION('',(0,0,-1));
#9767=FACE_BOUND('',#9768,.T.);
#9768=EDGE_LOOP('',(#9769,#9770,#9771));
#9769=ORIENTED_EDGE('',*,*,#9772,.T.);
#9770=ORIENTED_EDGE('',*,*,#9773,.T.);
#9771=ORIENTED_EDGE('',*,*,#9774,.T.);
#9772=EDGE_CURVE('',#125,#575,#9775,.F.);
#9773=EDGE_CURVE('',#575,#123,#9776,.T.);
#9774=EDGE_CURVE('',#123,#125,#9777,.T.);
#9775=LINE('',#124,#9778);
#9776=LINE('',#574,#9779);
#9777=LINE('',#122,#9780);
#9778=VECTOR('',#9781,1.0);
#9779=VECTOR('',#9782,1.0);
#9780=VECTOR('',#9783,1.0);
#9781=DIRECTION('',(0,0,-1));
#9782=DIRECTION('',(0.011055355403055541,0.02240479945601888,0.9996878533213494));
#9783=DIRECTION('',(-0.4424989507560144,-0.8967690218667381,0));
#9784=FACE_SURFACE('',(#9789),#9785,.T.);
#9785=PLANE('',#9786);
#9786=AXIS2_PLACEMENT_3D('',#450,#9787,#9788);
#9787=DIRECTION('',(-0.9807610784470354,0.19521195404843475,0));
#9788=DIRECTION('',(0,0,-1));
#9789=FACE_BOUND('',#9790,.T.);
#9790=EDGE_LOOP('',(#9791,#9792,#9793));
#9791=ORIENTED_EDGE('',*,*,#9794,.T.);
#9792=ORIENTED_EDGE('',*,*,#9795,.T.);
#9793=ORIENTED_EDGE('',*,*,#9796,.T.);
#9794=EDGE_CURVE('',#451,#541,#9797,.F.);
#9795=EDGE_CURVE('',#541,#553,#9798,.T.);
#9796=EDGE_CURVE('',#553,#451,#9799,.T.);
#9797=LINE('',#450,#9800);
#9798=LINE('',#540,#9801);
#9799=LINE('',#552,#9802);
#9800=VECTOR('',#9803,1.0);
#9801=VECTOR('',#9804,1.0);
#9802=VECTOR('',#9805,1.0);
#9803=DIRECTION('',(0,0,-1));
#9804=DIRECTION('',(-0.19521195404843472,-0.9807610784470353,0));
#9805=DIRECTION('',(0.008292526168644636,0.04166234054597021,0.999097334292297));
#9806=FACE_SURFACE('',(#9811),#9807,.T.);
#9807=PLANE('',#9808);
#9808=AXIS2_PLACEMENT_3D('',#192,#9809,#9810);
#9809=DIRECTION('',(0.44262114321515916,0.8967087172426204,0));
#9810=DIRECTION('',(0,0,-1));
#9811=FACE_BOUND('',#9812,.T.);
#9812=EDGE_LOOP('',(#9813,#9814,#9815));
#9813=ORIENTED_EDGE('',*,*,#9816,.T.);
#9814=ORIENTED_EDGE('',*,*,#9817,.T.);
#9815=ORIENTED_EDGE('',*,*,#9818,.T.);
#9816=EDGE_CURVE('',#193,#253,#9819,.F.);
#9817=EDGE_CURVE('',#253,#249,#9820,.T.);
#9818=EDGE_CURVE('',#249,#193,#9821,.T.);
#9819=LINE('',#192,#9822);
#9820=LINE('',#252,#9823);
#9821=LINE('',#248,#9824);
#9822=VECTOR('',#9825,1.0);
#9823=VECTOR('',#9826,1.0);
#9824=VECTOR('',#9827,1.0);
#9825=DIRECTION('',(0,0,-1));
#9826=DIRECTION('',(-0.8967087172426204,0.44262114321515916,0));
#9827=DIRECTION('',(0.11630875848460949,-0.05741074515779987,0.9915524590460129));
#9828=FACE_SURFACE('',(#9833),#9829,.T.);
#9829=PLANE('',#9830);
#9830=AXIS2_PLACEMENT_3D('',#192,#9831,#9832);
#9831=DIRECTION('',(0.44262114321515916,0.8967087172426204,0));
#9832=DIRECTION('',(-0.11630875848460949,0.05741074515779987,-0.9915524590460129));
#9833=FACE_BOUND('',#9834,.T.);
#9834=EDGE_LOOP('',(#9835,#9836,#9837));
#9835=ORIENTED_EDGE('',*,*,#9838,.T.);
#9836=ORIENTED_EDGE('',*,*,#9839,.T.);
#9837=ORIENTED_EDGE('',*,*,#9840,.T.);
#9838=EDGE_CURVE('',#193,#249,#9841,.F.);
#9839=EDGE_CURVE('',#249,#171,#9842,.T.);
#9840=EDGE_CURVE('',#171,#193,#9843,.T.);
#9841=LINE('',#192,#9844);
#9842=LINE('',#248,#9845);
#9843=LINE('',#170,#9846);
#9844=VECTOR('',#9847,1.0);
#9845=VECTOR('',#9848,1.0);
#9846=VECTOR('',#9849,1.0);
#9847=DIRECTION('',(-0.11630875848460949,0.05741074515779987,-0.9915524590460129));
#9848=DIRECTION('',(0,0,1));
#9849=DIRECTION('',(0.8967087172426204,-0.44262114321515916,0));
#9850=FACE_SURFACE('',(#9855),#9851,.T.);
#9851=PLANE('',#9852);
#9852=AXIS2_PLACEMENT_3D('',#74,#9853,#9854);
#9853=DIRECTION('',(-0.9978368083138174,-0.06573966819275852,0));
#9854=DIRECTION('',(0,0,1));
#9855=FACE_BOUND('',#9856,.T.);
#9856=EDGE_LOOP('',(#9857,#9858,#9859));
#9857=ORIENTED_EDGE('',*,*,#9860,.T.);
#9858=ORIENTED_EDGE('',*,*,#9861,.T.);
#9859=ORIENTED_EDGE('',*,*,#9862,.T.);
#9860=EDGE_CURVE('',#75,#377,#9863,.F.);
#9861=EDGE_CURVE('',#377,#301,#9864,.T.);
#9862=EDGE_CURVE('',#301,#75,#9865,.T.);
#9863=LINE('',#74,#9866);
#9864=LINE('',#376,#9867);
#9865=LINE('',#300,#9868);
#9866=VECTOR('',#9869,1.0);
#9867=VECTOR('',#9870,1.0);
#9868=VECTOR('',#9871,1.0);
#9869=DIRECTION('',(0,0,1));
#9870=DIRECTION('',(-0.06573966819275853,0.9978368083138175,0));
#9871=DIRECTION('',(0.001646534950325992,-0.02499211244560887,-0.9996862924128564));
#9872=FACE_SURFACE('',(#9877),#9873,.T.);
#9873=PLANE('',#9874);
#9874=AXIS2_PLACEMENT_3D('',#126,#9875,#9876);
#9875=DIRECTION('',(0.9467890225088132,-0.3218548537101871,0));
#9876=DIRECTION('',(0,0,-1));
#9877=FACE_BOUND('',#9878,.T.);
#9878=EDGE_LOOP('',(#9879,#9880,#9881));
#9879=ORIENTED_EDGE('',*,*,#9882,.T.);
#9880=ORIENTED_EDGE('',*,*,#9883,.T.);
#9881=ORIENTED_EDGE('',*,*,#9884,.T.);
#9882=EDGE_CURVE('',#127,#577,#9885,.F.);
#9883=EDGE_CURVE('',#577,#125,#9886,.T.);
#9884=EDGE_CURVE('',#125,#127,#9887,.T.);
#9885=LINE('',#126,#9888);
#9886=LINE('',#576,#9889);
#9887=LINE('',#124,#9890);
#9888=VECTOR('',#9891,1.0);
#9889=VECTOR('',#9892,1.0);
#9890=VECTOR('',#9893,1.0);
#9891=DIRECTION('',(0,0,-1));
#9892=DIRECTION('',(0.008056135328262088,0.023698447933030383,0.9996866920436313));
#9893=DIRECTION('',(-0.3218548537101871,-0.9467890225088132,0));
#9894=FACE_SURFACE('',(#9899),#9895,.T.);
#9895=PLANE('',#9896);
#9896=AXIS2_PLACEMENT_3D('',#574,#9897,#9898);
#9897=DIRECTION('',(0.9467890225088132,-0.3218548537101871,0));
#9898=DIRECTION('',(0,0,1));
#9899=FACE_BOUND('',#9900,.T.);
#9900=EDGE_LOOP('',(#9901,#9902,#9903));
#9901=ORIENTED_EDGE('',*,*,#9904,.T.);
#9902=ORIENTED_EDGE('',*,*,#9905,.T.);
#9903=ORIENTED_EDGE('',*,*,#9906,.T.);
#9904=EDGE_CURVE('',#575,#125,#9907,.F.);
#9905=EDGE_CURVE('',#125,#577,#9908,.T.);
#9906=EDGE_CURVE('',#577,#575,#9909,.T.);
#9907=LINE('',#574,#9910);
#9908=LINE('',#124,#9911);
#9909=LINE('',#576,#9912);
#9910=VECTOR('',#9913,1.0);
#9911=VECTOR('',#9914,1.0);
#9912=VECTOR('',#9915,1.0);
#9913=DIRECTION('',(0,0,1));
#9914=DIRECTION('',(-0.008056135328262088,-0.023698447933030383,-0.9996866920436313));
#9915=DIRECTION('',(0.3218548537101871,0.9467890225088132,0));
#9916=FACE_SURFACE('',(#9921),#9917,.T.);
#9917=PLANE('',#9918);
#9918=AXIS2_PLACEMENT_3D('',#228,#9919,#9920);
#9919=DIRECTION('',(0.5550548340942808,0.8318137598937458,0));
#9920=DIRECTION('',(0,0,-1));
#9921=FACE_BOUND('',#9922,.T.);
#9922=EDGE_LOOP('',(#9923,#9924,#9925));
#9923=ORIENTED_EDGE('',*,*,#9926,.T.);
#9924=ORIENTED_EDGE('',*,*,#9927,.T.);
#9925=ORIENTED_EDGE('',*,*,#9928,.T.);
#9926=EDGE_CURVE('',#229,#235,#9929,.F.);
#9927=EDGE_CURVE('',#235,#253,#9930,.T.);
#9928=EDGE_CURVE('',#253,#229,#9931,.T.);
#9929=LINE('',#228,#9932);
#9930=LINE('',#234,#9933);
#9931=LINE('',#252,#9934);
#9932=VECTOR('',#9935,1.0);
#9933=VECTOR('',#9936,1.0);
#9934=VECTOR('',#9937,1.0);
#9935=DIRECTION('',(0,0,-1));
#9936=DIRECTION('',(-0.8318137598937458,0.5550548340942809,0));
#9937=DIRECTION('',(0.10788083538699812,-0.07198700246955711,0.9915541320733081));
#9938=FACE_SURFACE('',(#9943),#9939,.T.);
#9939=PLANE('',#9940);
#9940=AXIS2_PLACEMENT_3D('',#228,#9941,#9942);
#9941=DIRECTION('',(0.5550548340942808,0.8318137598937458,0));
#9942=DIRECTION('',(-0.10788083538699812,0.07198700246955711,-0.9915541320733081));
#9943=FACE_BOUND('',#9944,.T.);
#9944=EDGE_LOOP('',(#9945,#9946,#9947));
#9945=ORIENTED_EDGE('',*,*,#9948,.T.);
#9946=ORIENTED_EDGE('',*,*,#9949,.T.);
#9947=ORIENTED_EDGE('',*,*,#9950,.T.);
#9948=EDGE_CURVE('',#229,#253,#9951,.F.);
#9949=EDGE_CURVE('',#253,#193,#9952,.T.);
#9950=EDGE_CURVE('',#193,#229,#9953,.T.);
#9951=LINE('',#228,#9954);
#9952=LINE('',#252,#9955);
#9953=LINE('',#192,#9956);
#9954=VECTOR('',#9957,1.0);
#9955=VECTOR('',#9958,1.0);
#9956=VECTOR('',#9959,1.0);
#9957=DIRECTION('',(-0.10788083538699812,0.07198700246955711,-0.9915541320733081));
#9958=DIRECTION('',(0,0,1));
#9959=DIRECTION('',(0.8318137598937458,-0.5550548340942809,0));
#9960=FACE_SURFACE('',(#9965),#9961,.T.);
#9961=PLANE('',#9962);
#9962=AXIS2_PLACEMENT_3D('',#456,#9963,#9964);
#9963=DIRECTION('',(0.946789486698774,-0.3218534882157904,0));
#9964=DIRECTION('',(0,0,1));
#9965=FACE_BOUND('',#9966,.T.);
#9966=EDGE_LOOP('',(#9967,#9968,#9969));
#9967=ORIENTED_EDGE('',*,*,#9970,.T.);
#9968=ORIENTED_EDGE('',*,*,#9971,.T.);
#9969=ORIENTED_EDGE('',*,*,#9972,.T.);
#9970=EDGE_CURVE('',#457,#345,#9973,.F.);
#9971=EDGE_CURVE('',#345,#347,#9974,.T.);
#9972=EDGE_CURVE('',#347,#457,#9975,.T.);
#9973=LINE('',#456,#9976);
#9974=LINE('',#344,#9977);
#9975=LINE('',#346,#9978);
#9976=VECTOR('',#9979,1.0);
#9977=VECTOR('',#9980,1.0);
#9978=VECTOR('',#9981,1.0);
#9979=DIRECTION('',(0,0,1));
#9980=DIRECTION('',(-0.32185348821579046,-0.946789486698774,0));
#9981=DIRECTION('',(0.013687328640617561,0.040263720395782084,-0.9990953357185559));
#9982=FACE_SURFACE('',(#9987),#9983,.T.);
#9983=PLANE('',#9984);
#9984=AXIS2_PLACEMENT_3D('',#226,#9985,#9986);
#9985=DIRECTION('',(0.6597474326431697,0.7514874084911511,0));
#9986=DIRECTION('',(0,0,-1));
#9987=FACE_BOUND('',#9988,.T.);
#9988=EDGE_LOOP('',(#9989,#9990,#9991));
#9989=ORIENTED_EDGE('',*,*,#9992,.T.);
#9990=ORIENTED_EDGE('',*,*,#9993,.T.);
#9991=ORIENTED_EDGE('',*,*,#9994,.T.);
#9992=EDGE_CURVE('',#227,#233,#9995,.F.);
#9993=EDGE_CURVE('',#233,#235,#9996,.T.);
#9994=EDGE_CURVE('',#235,#227,#9997,.T.);
#9995=LINE('',#226,#9998);
#9996=LINE('',#232,#9999);
#9997=LINE('',#234,#10000);
#9998=VECTOR('',#10001,1.0);
#9999=VECTOR('',#10002,1.0);
#10000=VECTOR('',#10003,1.0);
#10001=DIRECTION('',(0,0,-1));
#10002=DIRECTION('',(-0.7514874084911511,0.6597474326431697,0));
#10003=DIRECTION('',(0.09746982438550036,-0.08557091665398368,0.9915529494471068));
#10004=FACE_SURFACE('',(#10009),#10005,.T.);
#10005=PLANE('',#10006);
#10006=AXIS2_PLACEMENT_3D('',#226,#10007,#10008);
#10007=DIRECTION('',(0.6597474326431697,0.7514874084911511,0));
#10008=DIRECTION('',(-0.09746982438550036,0.08557091665398368,-0.9915529494471068));
#10009=FACE_BOUND('',#10010,.T.);
#10010=EDGE_LOOP('',(#10011,#10012,#10013));
#10011=ORIENTED_EDGE('',*,*,#10014,.T.);
#10012=ORIENTED_EDGE('',*,*,#10015,.T.);
#10013=ORIENTED_EDGE('',*,*,#10016,.T.);
#10014=EDGE_CURVE('',#227,#235,#10017,.F.);
#10015=EDGE_CURVE('',#235,#229,#10018,.T.);
#10016=EDGE_CURVE('',#229,#227,#10019,.T.);
#10017=LINE('',#226,#10020);
#10018=LINE('',#234,#10021);
#10019=LINE('',#228,#10022);
#10020=VECTOR('',#10023,1.0);
#10021=VECTOR('',#10024,1.0);
#10022=VECTOR('',#10025,1.0);
#10023=DIRECTION('',(-0.09746982438550036,0.08557091665398368,-0.9915529494471068));
#10024=DIRECTION('',(0,0,1));
#10025=DIRECTION('',(0.7514874084911511,-0.6597474326431697,0));
#10026=FACE_SURFACE('',(#10031),#10027,.T.);
#10027=PLANE('',#10028);
#10028=AXIS2_PLACEMENT_3D('',#400,#10029,#10030);
#10029=DIRECTION('',(0.8967681428194753,-0.44250073223002606,0));
#10030=DIRECTION('',(0,0,1));
#10031=FACE_BOUND('',#10032,.T.);
#10032=EDGE_LOOP('',(#10033,#10034,#10035));
#10033=ORIENTED_EDGE('',*,*,#10036,.T.);
#10034=ORIENTED_EDGE('',*,*,#10037,.T.);
#10035=ORIENTED_EDGE('',*,*,#10038,.T.);
#10036=EDGE_CURVE('',#401,#321,#10039,.F.);
#10037=EDGE_CURVE('',#321,#345,#10040,.T.);
#10038=EDGE_CURVE('',#345,#401,#10041,.T.);
#10039=LINE('',#400,#10042);
#10040=LINE('',#320,#10043);
#10041=LINE('',#344,#10044);
#10042=VECTOR('',#10045,1.0);
#10043=VECTOR('',#10046,1.0);
#10044=VECTOR('',#10047,1.0);
#10045=DIRECTION('',(0,0,1));
#10046=DIRECTION('',(-0.44250073223002606,-0.8967681428194753,0));
#10047=DIRECTION('',(0.018783028133657162,0.03806552177000608,-0.9990987007831146));
#10048=FACE_SURFACE('',(#10053),#10049,.T.);
#10049=PLANE('',#10050);
#10050=AXIS2_PLACEMENT_3D('',#400,#10051,#10052);
#10051=DIRECTION('',(0.8967681428194753,-0.44250073223002606,0));
#10052=DIRECTION('',(-0.018783028133657162,-0.03806552177000608,0.9990987007831146));
#10053=FACE_BOUND('',#10054,.T.);
#10054=EDGE_LOOP('',(#10055,#10056,#10057));
#10055=ORIENTED_EDGE('',*,*,#10058,.T.);
#10056=ORIENTED_EDGE('',*,*,#10059,.T.);
#10057=ORIENTED_EDGE('',*,*,#10060,.T.);
#10058=EDGE_CURVE('',#401,#345,#10061,.F.);
#10059=EDGE_CURVE('',#345,#457,#10062,.T.);
#10060=EDGE_CURVE('',#457,#401,#10063,.T.);
#10061=LINE('',#400,#10064);
#10062=LINE('',#344,#10065);
#10063=LINE('',#456,#10066);
#10064=VECTOR('',#10067,1.0);
#10065=VECTOR('',#10068,1.0);
#10066=VECTOR('',#10069,1.0);
#10067=DIRECTION('',(-0.018783028133657162,-0.03806552177000608,0.9990987007831146));
#10068=DIRECTION('',(0,0,-1));
#10069=DIRECTION('',(0.44250073223002606,0.8967681428194753,0));
#10070=FACE_SURFACE('',(#10075),#10071,.T.);
#10071=PLANE('',#10072);
#10072=AXIS2_PLACEMENT_3D('',#576,#10073,#10074);
#10073=DIRECTION('',(0.9807610784470354,-0.19521195404843475,0));
#10074=DIRECTION('',(0,0,1));
#10075=FACE_BOUND('',#10076,.T.);
#10076=EDGE_LOOP('',(#10077,#10078,#10079));
#10077=ORIENTED_EDGE('',*,*,#10080,.T.);
#10078=ORIENTED_EDGE('',*,*,#10081,.T.);
#10079=ORIENTED_EDGE('',*,*,#10082,.T.);
#10080=EDGE_CURVE('',#577,#127,#10083,.F.);
#10081=EDGE_CURVE('',#127,#133,#10084,.T.);
#10082=EDGE_CURVE('',#133,#577,#10085,.T.);
#10083=LINE('',#576,#10086);
#10084=LINE('',#126,#10087);
#10085=LINE('',#132,#10088);
#10086=VECTOR('',#10089,1.0);
#10087=VECTOR('',#10090,1.0);
#10088=VECTOR('',#10091,1.0);
#10089=DIRECTION('',(0,0,1));
#10090=DIRECTION('',(-0.004880837398097084,-0.024521732665483253,-0.9996873821617315));
#10091=DIRECTION('',(0.19521195404843472,0.9807610784470353,0));
#10092=FACE_SURFACE('',(#10097),#10093,.T.);
#10093=PLANE('',#10094);
#10094=AXIS2_PLACEMENT_3D('',#128,#10095,#10096);
#10095=DIRECTION('',(0.9807610784470354,-0.19521195404843475,0));
#10096=DIRECTION('',(0,0,-1));
#10097=FACE_BOUND('',#10098,.T.);
#10098=EDGE_LOOP('',(#10099,#10100,#10101));
#10099=ORIENTED_EDGE('',*,*,#10102,.T.);
#10100=ORIENTED_EDGE('',*,*,#10103,.T.);
#10101=ORIENTED_EDGE('',*,*,#10104,.T.);
#10102=EDGE_CURVE('',#129,#133,#10105,.F.);
#10103=EDGE_CURVE('',#133,#127,#10106,.T.);
#10104=EDGE_CURVE('',#127,#129,#10107,.T.);
#10105=LINE('',#128,#10108);
#10106=LINE('',#132,#10109);
#10107=LINE('',#126,#10110);
#10108=VECTOR('',#10111,1.0);
#10109=VECTOR('',#10112,1.0);
#10110=VECTOR('',#10113,1.0);
#10111=DIRECTION('',(0,0,-1));
#10112=DIRECTION('',(0.004880837398097084,0.024521732665483253,0.9996873821617315));
#10113=DIRECTION('',(-0.19521195404843472,-0.9807610784470353,0));
#10114=FACE_SURFACE('',(#10119),#10115,.T.);
#10115=PLANE('',#10116);
#10116=AXIS2_PLACEMENT_3D('',#226,#10117,#10118);
#10117=DIRECTION('',(0.7514861391324663,0.6597488785074057,0));
#10118=DIRECTION('',(0.6597488785074056,-0.7514861391324662,0));
#10119=FACE_BOUND('',#10120,.T.);
#10120=EDGE_LOOP('',(#10121,#10122,#10123));
#10121=ORIENTED_EDGE('',*,*,#10124,.T.);
#10122=ORIENTED_EDGE('',*,*,#10125,.T.);
#10123=ORIENTED_EDGE('',*,*,#10126,.T.);
#10124=EDGE_CURVE('',#227,#259,#10127,.F.);
#10125=EDGE_CURVE('',#259,#237,#10128,.T.);
#10126=EDGE_CURVE('',#237,#227,#10129,.T.);
#10127=LINE('',#226,#10130);
#10128=LINE('',#258,#10131);
#10129=LINE('',#236,#10132);
#10130=VECTOR('',#10133,1.0);
#10131=VECTOR('',#10134,1.0);
#10132=VECTOR('',#10135,1.0);
#10133=DIRECTION('',(0.6597488785074056,-0.7514861391324662,0));
#10134=DIRECTION('',(0,0,-1));
#10135=DIRECTION('',(-0.08557091980878154,0.09746944973153643,0.9915529860033252));
#10136=FACE_SURFACE('',(#10141),#10137,.T.);
#10137=PLANE('',#10138);
#10138=AXIS2_PLACEMENT_3D('',#226,#10139,#10140);
#10139=DIRECTION('',(0.7514861391324663,0.6597488785074057,0));
#10140=DIRECTION('',(0.08557091980878154,-0.09746944973153643,-0.9915529860033252));
#10141=FACE_BOUND('',#10142,.T.);
#10142=EDGE_LOOP('',(#10143,#10144,#10145));
#10143=ORIENTED_EDGE('',*,*,#10146,.T.);
#10144=ORIENTED_EDGE('',*,*,#10147,.T.);
#10145=ORIENTED_EDGE('',*,*,#10148,.T.);
#10146=EDGE_CURVE('',#227,#237,#10149,.F.);
#10147=EDGE_CURVE('',#237,#233,#10150,.T.);
#10148=EDGE_CURVE('',#233,#227,#10151,.T.);
#10149=LINE('',#226,#10152);
#10150=LINE('',#236,#10153);
#10151=LINE('',#232,#10154);
#10152=VECTOR('',#10155,1.0);
#10153=VECTOR('',#10156,1.0);
#10154=VECTOR('',#10157,1.0);
#10155=DIRECTION('',(0.08557091980878154,-0.09746944973153643,-0.9915529860033252));
#10156=DIRECTION('',(-0.6597488785074056,0.7514861391324662,0));
#10157=DIRECTION('',(0,0,1));
#10158=FACE_SURFACE('',(#10163),#10159,.T.);
#10159=PLANE('',#10160);
#10160=AXIS2_PLACEMENT_3D('',#444,#10161,#10162);
#10161=DIRECTION('',(-0.8309659069501955,0.5563233425683655,0));
#10162=DIRECTION('',(0,0,-1));
#10163=FACE_BOUND('',#10164,.T.);
#10164=EDGE_LOOP('',(#10165,#10166,#10167));
#10165=ORIENTED_EDGE('',*,*,#10168,.T.);
#10166=ORIENTED_EDGE('',*,*,#10169,.T.);
#10167=ORIENTED_EDGE('',*,*,#10170,.T.);
#10168=EDGE_CURVE('',#445,#551,#10171,.F.);
#10169=EDGE_CURVE('',#551,#367,#10172,.T.);
#10170=EDGE_CURVE('',#367,#445,#10173,.T.);
#10171=LINE('',#444,#10174);
#10172=LINE('',#550,#10175);
#10173=LINE('',#366,#10176);
#10174=VECTOR('',#10177,1.0);
#10175=VECTOR('',#10178,1.0);
#10176=VECTOR('',#10179,1.0);
#10177=DIRECTION('',(0,0,-1));
#10178=DIRECTION('',(-0.02367847449169883,-0.03536792998897694,0.9990938090960432));
#10179=DIRECTION('',(0.5563233425683655,0.8309659069501956,0));
#10180=FACE_SURFACE('',(#10185),#10181,.T.);
#10181=PLANE('',#10182);
#10182=AXIS2_PLACEMENT_3D('',#128,#10183,#10184);
#10183=DIRECTION('',(0.9979880242093762,-0.06340270920603859,0));
#10184=DIRECTION('',(-0.06340270920603859,-0.9979880242093763,0));
#10185=FACE_BOUND('',#10186,.T.);
#10186=EDGE_LOOP('',(#10187,#10188,#10189));
#10187=ORIENTED_EDGE('',*,*,#10190,.T.);
#10188=ORIENTED_EDGE('',*,*,#10191,.T.);
#10189=ORIENTED_EDGE('',*,*,#10192,.T.);
#10190=EDGE_CURVE('',#129,#413,#10193,.F.);
#10191=EDGE_CURVE('',#413,#133,#10194,.T.);
#10192=EDGE_CURVE('',#133,#129,#10195,.T.);
#10193=LINE('',#128,#10196);
#10194=LINE('',#412,#10197);
#10195=LINE('',#132,#10198);
#10196=VECTOR('',#10199,1.0);
#10197=VECTOR('',#10200,1.0);
#10198=VECTOR('',#10201,1.0);
#10199=DIRECTION('',(-0.06340270920603859,-0.9979880242093763,0));
#10200=DIRECTION('',(0.0015877623278025134,0.024992114820967196,-0.9996863874273602));
#10201=DIRECTION('',(0,0,1));
#10202=FACE_SURFACE('',(#10207),#10203,.T.);
#10203=PLANE('',#10204);
#10204=AXIS2_PLACEMENT_3D('',#366,#10205,#10206);
#10205=DIRECTION('',(-0.7525778062110414,0.6585033375758821,0));
#10206=DIRECTION('',(0,0,-1));
#10207=FACE_BOUND('',#10208,.T.);
#10208=EDGE_LOOP('',(#10209,#10210,#10211));
#10209=ORIENTED_EDGE('',*,*,#10212,.T.);
#10210=ORIENTED_EDGE('',*,*,#10213,.T.);
#10211=ORIENTED_EDGE('',*,*,#10214,.T.);
#10212=EDGE_CURVE('',#367,#515,#10215,.F.);
#10213=EDGE_CURVE('',#515,#271,#10216,.T.);
#10214=EDGE_CURVE('',#271,#367,#10217,.T.);
#10215=LINE('',#366,#10218);
#10216=LINE('',#514,#10219);
#10217=LINE('',#270,#10220);
#10218=VECTOR('',#10221,1.0);
#10219=VECTOR('',#10222,1.0);
#10220=VECTOR('',#10223,1.0);
#10221=DIRECTION('',(0,0,-1));
#10222=DIRECTION('',(-0.027974600434043068,-0.0319710808175768,0.9990972283626411));
#10223=DIRECTION('',(0.6585033375758821,0.7525778062110414,0));
#10224=FACE_SURFACE('',(#10229),#10225,.T.);
#10225=PLANE('',#10226);
#10226=AXIS2_PLACEMENT_3D('',#400,#10227,#10228);
#10227=DIRECTION('',(0.8309659069501955,-0.5563233425683655,0));
#10228=DIRECTION('',(0.5563233425683655,0.8309659069501956,0));
#10229=FACE_BOUND('',#10230,.T.);
#10230=EDGE_LOOP('',(#10231,#10232,#10233));
#10231=ORIENTED_EDGE('',*,*,#10234,.T.);
#10232=ORIENTED_EDGE('',*,*,#10235,.T.);
#10233=ORIENTED_EDGE('',*,*,#10236,.T.);
#10234=EDGE_CURVE('',#401,#403,#10237,.F.);
#10235=EDGE_CURVE('',#403,#321,#10238,.T.);
#10236=EDGE_CURVE('',#321,#401,#10239,.T.);
#10237=LINE('',#400,#10240);
#10238=LINE('',#402,#10241);
#10239=LINE('',#320,#10242);
#10240=VECTOR('',#10243,1.0);
#10241=VECTOR('',#10244,1.0);
#10242=VECTOR('',#10245,1.0);
#10243=DIRECTION('',(0.5563233425683655,0.8309659069501956,0));
#10244=DIRECTION('',(-0.02367847449169883,-0.03536792998897694,0.9990938090960432));
#10245=DIRECTION('',(0,0,-1));
#10246=FACE_SURFACE('',(#10251),#10247,.T.);
#10247=PLANE('',#10248);
#10248=AXIS2_PLACEMENT_3D('',#322,#10249,#10250);
#10249=DIRECTION('',(0.8309659069501955,-0.5563233425683655,0));
#10250=DIRECTION('',(-0.5563233425683655,-0.8309659069501956,0));
#10251=FACE_BOUND('',#10252,.T.);
#10252=EDGE_LOOP('',(#10253,#10254,#10255));
#10253=ORIENTED_EDGE('',*,*,#10256,.T.);
#10254=ORIENTED_EDGE('',*,*,#10257,.T.);
#10255=ORIENTED_EDGE('',*,*,#10258,.T.);
#10256=EDGE_CURVE('',#323,#321,#10259,.F.);
#10257=EDGE_CURVE('',#321,#403,#10260,.T.);
#10258=EDGE_CURVE('',#403,#323,#10261,.T.);
#10259=LINE('',#322,#10262);
#10260=LINE('',#320,#10263);
#10261=LINE('',#402,#10264);
#10262=VECTOR('',#10265,1.0);
#10263=VECTOR('',#10266,1.0);
#10264=VECTOR('',#10267,1.0);
#10265=DIRECTION('',(-0.5563233425683655,-0.8309659069501956,0));
#10266=DIRECTION('',(0.02367847449169883,0.03536792998897694,-0.9990938090960432));
#10267=DIRECTION('',(0,0,1));
#10268=FACE_SURFACE('',(#10273),#10269,.T.);
#10269=PLANE('',#10270);
#10270=AXIS2_PLACEMENT_3D('',#262,#10271,#10272);
#10271=DIRECTION('',(0.8318133118769067,0.5550555054986593,-0));
#10272=DIRECTION('',(-0.5550555054986592,0.8318133118769065,0));
#10273=FACE_BOUND('',#10274,.T.);
#10274=EDGE_LOOP('',(#10275,#10276,#10277));
#10275=ORIENTED_EDGE('',*,*,#10278,.T.);
#10276=ORIENTED_EDGE('',*,*,#10279,.T.);
#10277=ORIENTED_EDGE('',*,*,#10280,.T.);
#10278=EDGE_CURVE('',#263,#237,#10281,.F.);
#10279=EDGE_CURVE('',#237,#269,#10282,.T.);
#10280=EDGE_CURVE('',#269,#263,#10283,.T.);
#10281=LINE('',#262,#10284);
#10282=LINE('',#236,#10285);
#10283=LINE('',#268,#10286);
#10284=VECTOR('',#10287,1.0);
#10285=VECTOR('',#10288,1.0);
#10286=VECTOR('',#10289,1.0);
#10287=DIRECTION('',(-0.5550555054986592,0.8318133118769065,0));
#10288=DIRECTION('',(0.0719873758197962,-0.10788120629520871,0.9915540646131555));
#10289=DIRECTION('',(0,0,-1));
#10290=FACE_SURFACE('',(#10295),#10291,.T.);
#10291=PLANE('',#10292);
#10292=AXIS2_PLACEMENT_3D('',#258,#10293,#10294);
#10293=DIRECTION('',(0.8318133118769067,0.5550555054986593,0));
#10294=DIRECTION('',(0.5550555054986592,-0.8318133118769065,0));
#10295=FACE_BOUND('',#10296,.T.);
#10296=EDGE_LOOP('',(#10297,#10298,#10299));
#10297=ORIENTED_EDGE('',*,*,#10300,.T.);
#10298=ORIENTED_EDGE('',*,*,#10301,.T.);
#10299=ORIENTED_EDGE('',*,*,#10302,.T.);
#10300=EDGE_CURVE('',#259,#269,#10303,.F.);
#10301=EDGE_CURVE('',#269,#237,#10304,.T.);
#10302=EDGE_CURVE('',#237,#259,#10305,.T.);
#10303=LINE('',#258,#10306);
#10304=LINE('',#268,#10307);
#10305=LINE('',#236,#10308);
#10306=VECTOR('',#10309,1.0);
#10307=VECTOR('',#10310,1.0);
#10308=VECTOR('',#10311,1.0);
#10309=DIRECTION('',(0.5550555054986592,-0.8318133118769065,0));
#10310=DIRECTION('',(-0.0719873758197962,0.10788120629520871,-0.9915540646131555));
#10311=DIRECTION('',(0,0,1));
#10312=FACE_SURFACE('',(#10317),#10313,.T.);
#10313=PLANE('',#10314);
#10314=AXIS2_PLACEMENT_3D('',#268,#10315,#10316);
#10315=DIRECTION('',(0.8967104459924867,0.44261764091363964,0));
#10316=DIRECTION('',(0.44261764091363964,-0.8967104459924866,0));
#10317=FACE_BOUND('',#10318,.T.);
#10318=EDGE_LOOP('',(#10319,#10320,#10321));
#10319=ORIENTED_EDGE('',*,*,#10322,.T.);
#10320=ORIENTED_EDGE('',*,*,#10323,.T.);
#10321=ORIENTED_EDGE('',*,*,#10324,.T.);
#10322=EDGE_CURVE('',#269,#277,#10325,.F.);
#10323=EDGE_CURVE('',#277,#279,#10326,.T.);
#10324=EDGE_CURVE('',#279,#269,#10327,.T.);
#10325=LINE('',#268,#10328);
#10326=LINE('',#276,#10329);
#10327=LINE('',#278,#10330);
#10328=VECTOR('',#10331,1.0);
#10329=VECTOR('',#10332,1.0);
#10330=VECTOR('',#10333,1.0);
#10331=DIRECTION('',(0.44261764091363964,-0.8967104459924866,0));
#10332=DIRECTION('',(0,0,-1));
#10333=DIRECTION('',(-0.057410365631557464,0.11630913414070208,0.9915524369560548));
#10334=FACE_SURFACE('',(#10339),#10335,.T.);
#10335=PLANE('',#10336);
#10336=AXIS2_PLACEMENT_3D('',#268,#10337,#10338);
#10337=DIRECTION('',(0.8967104459924867,0.44261764091363964,0));
#10338=DIRECTION('',(0.057410365631557464,-0.11630913414070208,-0.9915524369560548));
#10339=FACE_BOUND('',#10340,.T.);
#10340=EDGE_LOOP('',(#10341,#10342,#10343));
#10341=ORIENTED_EDGE('',*,*,#10344,.T.);
#10342=ORIENTED_EDGE('',*,*,#10345,.T.);
#10343=ORIENTED_EDGE('',*,*,#10346,.T.);
#10344=EDGE_CURVE('',#269,#279,#10347,.F.);
#10345=EDGE_CURVE('',#279,#263,#10348,.T.);
#10346=EDGE_CURVE('',#263,#269,#10349,.T.);
#10347=LINE('',#268,#10350);
#10348=LINE('',#278,#10351);
#10349=LINE('',#262,#10352);
#10350=VECTOR('',#10353,1.0);
#10351=VECTOR('',#10354,1.0);
#10352=VECTOR('',#10355,1.0);
#10353=DIRECTION('',(0.057410365631557464,-0.11630913414070208,-0.9915524369560548));
#10354=DIRECTION('',(-0.44261764091363964,0.8967104459924866,0));
#10355=DIRECTION('',(0,0,1));
#10356=FACE_SURFACE('',(#10361),#10357,.T.);
#10357=PLANE('',#10358);
#10358=AXIS2_PLACEMENT_3D('',#528,#10359,#10360);
#10359=DIRECTION('',(0,-0,-1));
#10360=DIRECTION('',(0.2951477579798411,-0.9554516214646731,0));
#10361=FACE_BOUND('',#10362,.T.);
#10362=EDGE_LOOP('',(#10363,#10364,#10365));
#10363=ORIENTED_EDGE('',*,*,#10366,.T.);
#10364=ORIENTED_EDGE('',*,*,#10367,.T.);
#10365=ORIENTED_EDGE('',*,*,#10368,.T.);
#10366=EDGE_CURVE('',#529,#61,#10369,.F.);
#10367=EDGE_CURVE('',#61,#85,#10370,.T.);
#10368=EDGE_CURVE('',#85,#529,#10371,.T.);
#10369=LINE('',#528,#10372);
#10370=LINE('',#60,#10373);
#10371=LINE('',#84,#10374);
#10372=VECTOR('',#10375,1.0);
#10373=VECTOR('',#10376,1.0);
#10374=VECTOR('',#10377,1.0);
#10375=DIRECTION('',(0.2951477579798411,-0.9554516214646731,0));
#10376=DIRECTION('',(-0.3089952122943789,0.9510635934463856,0));
#10377=DIRECTION('',(0.6585033375758821,0.7525778062110414,0));
#10378=FACE_SURFACE('',(#10383),#10379,.T.);
#10379=PLANE('',#10380);
#10380=AXIS2_PLACEMENT_3D('',#356,#10381,#10382);
#10381=DIRECTION('',(-0.7525778062110414,-0.6585033375758821,-0));
#10382=DIRECTION('',(0,0,-1));
#10383=FACE_BOUND('',#10384,.T.);
#10384=EDGE_LOOP('',(#10385,#10386,#10387));
#10385=ORIENTED_EDGE('',*,*,#10388,.T.);
#10386=ORIENTED_EDGE('',*,*,#10389,.T.);
#10387=ORIENTED_EDGE('',*,*,#10390,.T.);
#10388=EDGE_CURVE('',#357,#579,#10391,.F.);
#10389=EDGE_CURVE('',#579,#375,#10392,.T.);
#10390=EDGE_CURVE('',#375,#357,#10393,.T.);
#10391=LINE('',#356,#10394);
#10392=LINE('',#578,#10395);
#10393=LINE('',#374,#10396);
#10394=VECTOR('',#10397,1.0);
#10395=VECTOR('',#10398,1.0);
#10396=VECTOR('',#10399,1.0);
#10397=DIRECTION('',(0,0,-1));
#10398=DIRECTION('',(0.016465366847208354,-0.018817626203609265,0.999687345442888));
#10399=DIRECTION('',(-0.6585033375758821,0.7525778062110414,0));
#10400=FACE_SURFACE('',(#10405),#10401,.T.);
#10401=PLANE('',#10402);
#10402=AXIS2_PLACEMENT_3D('',#322,#10403,#10404);
#10403=DIRECTION('',(0.7525733602012215,-0.6585084187126559,0));
#10404=DIRECTION('',(0,0,-1));
#10405=FACE_BOUND('',#10406,.T.);
#10406=EDGE_LOOP('',(#10407,#10408,#10409));
#10407=ORIENTED_EDGE('',*,*,#10410,.T.);
#10408=ORIENTED_EDGE('',*,*,#10411,.T.);
#10409=ORIENTED_EDGE('',*,*,#10412,.T.);
#10410=EDGE_CURVE('',#323,#403,#10413,.F.);
#10411=EDGE_CURVE('',#403,#205,#10414,.T.);
#10412=EDGE_CURVE('',#205,#323,#10415,.T.);
#10413=LINE('',#322,#10416);
#10414=LINE('',#402,#10417);
#10415=LINE('',#204,#10418);
#10416=VECTOR('',#10419,1.0);
#10417=VECTOR('',#10420,1.0);
#10418=VECTOR('',#10421,1.0);
#10419=DIRECTION('',(0,0,-1));
#10420=DIRECTION('',(0.02797498126112308,0.03197108047670428,0.9990972177103647));
#10421=DIRECTION('',(-0.6585084187126559,-0.7525733602012215,0));
#10422=FACE_SURFACE('',(#10427),#10423,.T.);
#10423=PLANE('',#10424);
#10424=AXIS2_PLACEMENT_3D('',#276,#10425,#10426);
#10425=DIRECTION('',(0.9470663302073465,0.3210379513197613,0));
#10426=DIRECTION('',(0.32103795131976126,-0.9470663302073464,0));
#10427=FACE_BOUND('',#10428,.T.);
#10428=EDGE_LOOP('',(#10429,#10430,#10431));
#10429=ORIENTED_EDGE('',*,*,#10432,.T.);
#10430=ORIENTED_EDGE('',*,*,#10433,.T.);
#10431=ORIENTED_EDGE('',*,*,#10434,.T.);
#10432=EDGE_CURVE('',#277,#213,#10435,.F.);
#10433=EDGE_CURVE('',#213,#281,#10436,.T.);
#10434=EDGE_CURVE('',#281,#277,#10437,.T.);
#10435=LINE('',#276,#10438);
#10436=LINE('',#212,#10439);
#10437=LINE('',#280,#10440);
#10438=VECTOR('',#10441,1.0);
#10439=VECTOR('',#10442,1.0);
#10440=VECTOR('',#10443,1.0);
#10441=DIRECTION('',(0.32103795131976126,-0.9470663302073464,0));
#10442=DIRECTION('',(0,0,-1));
#10443=DIRECTION('',(-0.04164494800543705,0.12285316398590312,0.9915507038998446));
#10444=FACE_SURFACE('',(#10449),#10445,.T.);
#10445=PLANE('',#10446);
#10446=AXIS2_PLACEMENT_3D('',#276,#10447,#10448);
#10447=DIRECTION('',(0.9470663302073465,0.3210379513197613,0));
#10448=DIRECTION('',(0.04164494800543705,-0.12285316398590312,-0.9915507038998446));
#10449=FACE_BOUND('',#10450,.T.);
#10450=EDGE_LOOP('',(#10451,#10452,#10453));
#10451=ORIENTED_EDGE('',*,*,#10454,.T.);
#10452=ORIENTED_EDGE('',*,*,#10455,.T.);
#10453=ORIENTED_EDGE('',*,*,#10456,.T.);
#10454=EDGE_CURVE('',#277,#281,#10457,.F.);
#10455=EDGE_CURVE('',#281,#279,#10458,.T.);
#10456=EDGE_CURVE('',#279,#277,#10459,.T.);
#10457=LINE('',#276,#10460);
#10458=LINE('',#280,#10461);
#10459=LINE('',#278,#10462);
#10460=VECTOR('',#10463,1.0);
#10461=VECTOR('',#10464,1.0);
#10462=VECTOR('',#10465,1.0);
#10463=DIRECTION('',(0.04164494800543705,-0.12285316398590312,-0.9915507038998446));
#10464=DIRECTION('',(-0.32103795131976126,0.9470663302073464,0));
#10465=DIRECTION('',(0,0,1));
#10466=FACE_SURFACE('',(#10471),#10467,.T.);
#10467=PLANE('',#10468);
#10468=AXIS2_PLACEMENT_3D('',#544,#10469,#10470);
#10469=DIRECTION('',(0,-0,-1));
#10470=DIRECTION('',(0.2826797110308116,-0.9592143561120928,0));
#10471=FACE_BOUND('',#10472,.T.);
#10472=EDGE_LOOP('',(#10473,#10474,#10475));
#10473=ORIENTED_EDGE('',*,*,#10476,.T.);
#10474=ORIENTED_EDGE('',*,*,#10477,.T.);
#10475=ORIENTED_EDGE('',*,*,#10478,.T.);
#10476=EDGE_CURVE('',#545,#61,#10479,.F.);
#10477=EDGE_CURVE('',#61,#529,#10480,.T.);
#10478=EDGE_CURVE('',#529,#545,#10481,.T.);
#10479=LINE('',#544,#10482);
#10480=LINE('',#60,#10483);
#10481=LINE('',#528,#10484);
#10482=VECTOR('',#10485,1.0);
#10483=VECTOR('',#10486,1.0);
#10484=VECTOR('',#10487,1.0);
#10485=DIRECTION('',(0.2826797110308116,-0.9592143561120928,0));
#10486=DIRECTION('',(-0.2951477579798411,0.9554516214646731,0));
#10487=DIRECTION('',(0.5563233425683655,0.8309659069501956,0));
#10488=FACE_SURFACE('',(#10493),#10489,.T.);
#10489=PLANE('',#10490);
#10490=AXIS2_PLACEMENT_3D('',#468,#10491,#10492);
#10491=DIRECTION('',(0.06340214241036263,0.9979880602180449,0));
#10492=DIRECTION('',(0,0,-1));
#10493=FACE_BOUND('',#10494,.T.);
#10494=EDGE_LOOP('',(#10495,#10496,#10497));
#10495=ORIENTED_EDGE('',*,*,#10498,.T.);
#10496=ORIENTED_EDGE('',*,*,#10499,.T.);
#10497=ORIENTED_EDGE('',*,*,#10500,.T.);
#10498=EDGE_CURVE('',#469,#557,#10501,.F.);
#10499=EDGE_CURVE('',#557,#471,#10502,.T.);
#10500=EDGE_CURVE('',#471,#469,#10503,.T.);
#10501=LINE('',#468,#10504);
#10502=LINE('',#556,#10505);
#10503=LINE('',#470,#10506);
#10504=VECTOR('',#10507,1.0);
#10505=VECTOR('',#10508,1.0);
#10506=VECTOR('',#10509,1.0);
#10507=DIRECTION('',(0,0,-1));
#10508=DIRECTION('',(-0.04246181895799734,0.002697597696699684,0.9990944484369059));
#10509=DIRECTION('',(0.997988060218045,-0.06340214241036264,0));
#10510=FACE_SURFACE('',(#10515),#10511,.T.);
#10511=PLANE('',#10512);
#10512=AXIS2_PLACEMENT_3D('',#554,#10513,#10514);
#10513=DIRECTION('',(0.06340214241036263,0.9979880602180449,-0));
#10514=DIRECTION('',(0,0,1));
#10515=FACE_BOUND('',#10516,.T.);
#10516=EDGE_LOOP('',(#10517,#10518,#10519));
#10517=ORIENTED_EDGE('',*,*,#10520,.T.);
#10518=ORIENTED_EDGE('',*,*,#10521,.T.);
#10519=ORIENTED_EDGE('',*,*,#10522,.T.);
#10520=EDGE_CURVE('',#555,#471,#10523,.F.);
#10521=EDGE_CURVE('',#471,#557,#10524,.T.);
#10522=EDGE_CURVE('',#557,#555,#10525,.T.);
#10523=LINE('',#554,#10526);
#10524=LINE('',#470,#10527);
#10525=LINE('',#556,#10528);
#10526=VECTOR('',#10529,1.0);
#10527=VECTOR('',#10530,1.0);
#10528=VECTOR('',#10531,1.0);
#10529=DIRECTION('',(0,0,1));
#10530=DIRECTION('',(0.04246181895799734,-0.002697597696699684,-0.9990944484369059));
#10531=DIRECTION('',(-0.997988060218045,0.06340214241036264,0));
#10532=FACE_SURFACE('',(#10537),#10533,.T.);
#10533=PLANE('',#10534);
#10534=AXIS2_PLACEMENT_3D('',#358,#10535,#10536);
#10535=DIRECTION('',(-0.6585084187126559,-0.7525733602012215,0));
#10536=DIRECTION('',(0.018817626134104506,-0.016465591110190077,-0.9996873417504442));
#10537=FACE_BOUND('',#10538,.T.);
#10538=EDGE_LOOP('',(#10539,#10540,#10541));
#10539=ORIENTED_EDGE('',*,*,#10542,.T.);
#10540=ORIENTED_EDGE('',*,*,#10543,.T.);
#10541=ORIENTED_EDGE('',*,*,#10544,.T.);
#10542=EDGE_CURVE('',#359,#579,#10545,.F.);
#10543=EDGE_CURVE('',#579,#357,#10546,.T.);
#10544=EDGE_CURVE('',#357,#359,#10547,.T.);
#10545=LINE('',#358,#10548);
#10546=LINE('',#578,#10549);
#10547=LINE('',#356,#10550);
#10548=VECTOR('',#10551,1.0);
#10549=VECTOR('',#10552,1.0);
#10550=VECTOR('',#10553,1.0);
#10551=DIRECTION('',(0.018817626134104506,-0.016465591110190077,-0.9996873417504442));
#10552=DIRECTION('',(0,0,1));
#10553=DIRECTION('',(-0.7525733602012215,0.6585084187126559,0));
#10554=FACE_SURFACE('',(#10559),#10555,.T.);
#10555=PLANE('',#10556);
#10556=AXIS2_PLACEMENT_3D('',#212,#10557,#10558);
#10557=DIRECTION('',(0.9808144503226479,0.19494361758796294,0));
#10558=DIRECTION('',(0.19494361758796297,-0.980814450322648,0));
#10559=FACE_BOUND('',#10560,.T.);
#10560=EDGE_LOOP('',(#10561,#10562,#10563));
#10561=ORIENTED_EDGE('',*,*,#10564,.T.);
#10562=ORIENTED_EDGE('',*,*,#10565,.T.);
#10563=ORIENTED_EDGE('',*,*,#10566,.T.);
#10564=EDGE_CURVE('',#213,#211,#10567,.F.);
#10565=EDGE_CURVE('',#211,#325,#10568,.T.);
#10566=EDGE_CURVE('',#325,#213,#10569,.T.);
#10567=LINE('',#212,#10570);
#10568=LINE('',#210,#10571);
#10569=LINE('',#324,#10572);
#10570=VECTOR('',#10573,1.0);
#10571=VECTOR('',#10574,1.0);
#10572=VECTOR('',#10575,1.0);
#10573=DIRECTION('',(0.19494361758796297,-0.980814450322648,0));
#10574=DIRECTION('',(0,0,-1));
#10575=DIRECTION('',(-0.025285077598989535,0.12721611404091296,0.9915526840159036));
#10576=FACE_SURFACE('',(#10581),#10577,.T.);
#10577=PLANE('',#10578);
#10578=AXIS2_PLACEMENT_3D('',#212,#10579,#10580);
#10579=DIRECTION('',(0.9808144503226479,0.19494361758796294,0));
#10580=DIRECTION('',(0.025285077598989535,-0.12721611404091296,-0.9915526840159036));
#10581=FACE_BOUND('',#10582,.T.);
#10582=EDGE_LOOP('',(#10583,#10584,#10585));
#10583=ORIENTED_EDGE('',*,*,#10586,.T.);
#10584=ORIENTED_EDGE('',*,*,#10587,.T.);
#10585=ORIENTED_EDGE('',*,*,#10588,.T.);
#10586=EDGE_CURVE('',#213,#325,#10589,.F.);
#10587=EDGE_CURVE('',#325,#281,#10590,.T.);
#10588=EDGE_CURVE('',#281,#213,#10591,.T.);
#10589=LINE('',#212,#10592);
#10590=LINE('',#324,#10593);
#10591=LINE('',#280,#10594);
#10592=VECTOR('',#10595,1.0);
#10593=VECTOR('',#10596,1.0);
#10594=VECTOR('',#10597,1.0);
#10595=DIRECTION('',(0.025285077598989535,-0.12721611404091296,-0.9915526840159036));
#10596=DIRECTION('',(-0.19494361758796297,0.980814450322648,0));
#10597=DIRECTION('',(0,0,1));
#10598=FACE_SURFACE('',(#10603),#10599,.T.);
#10599=PLANE('',#10600);
#10600=AXIS2_PLACEMENT_3D('',#546,#10601,#10602);
#10601=DIRECTION('',(0,-0,-1));
#10602=DIRECTION('',(0.2719218770209101,-0.9623193299510434,0));
#10603=FACE_BOUND('',#10604,.T.);
#10604=EDGE_LOOP('',(#10605,#10606,#10607));
#10605=ORIENTED_EDGE('',*,*,#10608,.T.);
#10606=ORIENTED_EDGE('',*,*,#10609,.T.);
#10607=ORIENTED_EDGE('',*,*,#10610,.T.);
#10608=EDGE_CURVE('',#547,#61,#10611,.F.);
#10609=EDGE_CURVE('',#61,#545,#10612,.T.);
#10610=EDGE_CURVE('',#545,#547,#10613,.T.);
#10611=LINE('',#546,#10614);
#10612=LINE('',#60,#10615);
#10613=LINE('',#544,#10616);
#10614=VECTOR('',#10617,1.0);
#10615=VECTOR('',#10618,1.0);
#10616=VECTOR('',#10619,1.0);
#10617=DIRECTION('',(0.2719218770209101,-0.9623193299510434,0));
#10618=DIRECTION('',(-0.2826797110308116,0.9592143561120928,0));
#10619=DIRECTION('',(0.44249173006282944,0.8967725847872492,0));
#10620=FACE_SURFACE('',(#10625),#10621,.T.);
#10621=PLANE('',#10622);
#10622=AXIS2_PLACEMENT_3D('',#442,#10623,#10624);
#10623=DIRECTION('',(0.6585058781555257,-0.7525755832038533,0));
#10624=DIRECTION('',(0,0,1));
#10625=FACE_BOUND('',#10626,.T.);
#10626=EDGE_LOOP('',(#10627,#10628,#10629));
#10627=ORIENTED_EDGE('',*,*,#10630,.T.);
#10628=ORIENTED_EDGE('',*,*,#10631,.T.);
#10629=ORIENTED_EDGE('',*,*,#10632,.T.);
#10630=EDGE_CURVE('',#443,#327,#10633,.F.);
#10631=EDGE_CURVE('',#327,#205,#10634,.T.);
#10632=EDGE_CURVE('',#205,#443,#10635,.T.);
#10633=LINE('',#442,#10636);
#10634=LINE('',#326,#10637);
#10635=LINE('',#204,#10638);
#10636=VECTOR('',#10639,1.0);
#10637=VECTOR('',#10640,1.0);
#10638=VECTOR('',#10641,1.0);
#10639=DIRECTION('',(0,0,1));
#10640=DIRECTION('',(-0.7525755832038533,-0.6585058781555257,0));
#10641=DIRECTION('',(0.03197108064714112,0.0279747908475846,-0.9990972230365212));
#10642=FACE_SURFACE('',(#10647),#10643,.T.);
#10643=PLANE('',#10644);
#10644=AXIS2_PLACEMENT_3D('',#536,#10645,#10646);
#10645=DIRECTION('',(0,-0,-1));
#10646=DIRECTION('',(0.2630006373126648,-0.9647956595948866,0));
#10647=FACE_BOUND('',#10648,.T.);
#10648=EDGE_LOOP('',(#10649,#10650,#10651));
#10649=ORIENTED_EDGE('',*,*,#10652,.T.);
#10650=ORIENTED_EDGE('',*,*,#10653,.T.);
#10651=ORIENTED_EDGE('',*,*,#10654,.T.);
#10652=EDGE_CURVE('',#537,#61,#10655,.F.);
#10653=EDGE_CURVE('',#61,#547,#10656,.T.);
#10654=EDGE_CURVE('',#547,#537,#10657,.T.);
#10655=LINE('',#536,#10658);
#10656=LINE('',#60,#10659);
#10657=LINE('',#546,#10660);
#10658=VECTOR('',#10661,1.0);
#10659=VECTOR('',#10662,1.0);
#10660=VECTOR('',#10663,1.0);
#10661=DIRECTION('',(0.2630006373126648,-0.9647956595948866,0));
#10662=DIRECTION('',(-0.2719218770209101,0.9623193299510434,0));
#10663=DIRECTION('',(0.3218628873605388,0.946786291482897,0));
#10664=FACE_SURFACE('',(#10669),#10665,.T.);
#10665=PLANE('',#10666);
#10666=AXIS2_PLACEMENT_3D('',#210,#10667,#10668);
#10667=DIRECTION('',(0.9978356914167446,0.06575661894339951,0));
#10668=DIRECTION('',(0.06575661894339951,-0.9978356914167446,0));
#10669=FACE_BOUND('',#10670,.T.);
#10670=EDGE_LOOP('',(#10671,#10672,#10673));
#10671=ORIENTED_EDGE('',*,*,#10674,.T.);
#10672=ORIENTED_EDGE('',*,*,#10675,.T.);
#10673=ORIENTED_EDGE('',*,*,#10676,.T.);
#10674=EDGE_CURVE('',#211,#59,#10677,.F.);
#10675=EDGE_CURVE('',#59,#57,#10678,.T.);
#10676=EDGE_CURVE('',#57,#211,#10679,.T.);
#10677=LINE('',#210,#10680);
#10678=LINE('',#58,#10681);
#10679=LINE('',#56,#10682);
#10680=VECTOR('',#10683,1.0);
#10681=VECTOR('',#10684,1.0);
#10682=VECTOR('',#10685,1.0);
#10683=DIRECTION('',(0.06575661894339951,-0.9978356914167446,0));
#10684=DIRECTION('',(0,0,-1));
#10685=DIRECTION('',(-0.008527236863571583,0.12939809601464297,0.9915560594233982));
#10686=FACE_SURFACE('',(#10691),#10687,.T.);
#10687=PLANE('',#10688);
#10688=AXIS2_PLACEMENT_3D('',#210,#10689,#10690);
#10689=DIRECTION('',(0.9978356914167446,0.06575661894339951,0));
#10690=DIRECTION('',(0.008527236863571583,-0.12939809601464297,-0.9915560594233982));
#10691=FACE_BOUND('',#10692,.T.);
#10692=EDGE_LOOP('',(#10693,#10694,#10695));
#10693=ORIENTED_EDGE('',*,*,#10696,.T.);
#10694=ORIENTED_EDGE('',*,*,#10697,.T.);
#10695=ORIENTED_EDGE('',*,*,#10698,.T.);
#10696=EDGE_CURVE('',#211,#57,#10699,.F.);
#10697=EDGE_CURVE('',#57,#325,#10700,.T.);
#10698=EDGE_CURVE('',#325,#211,#10701,.T.);
#10699=LINE('',#210,#10702);
#10700=LINE('',#56,#10703);
#10701=LINE('',#324,#10704);
#10702=VECTOR('',#10705,1.0);
#10703=VECTOR('',#10706,1.0);
#10704=VECTOR('',#10707,1.0);
#10705=DIRECTION('',(0.008527236863571583,-0.12939809601464297,-0.9915560594233982));
#10706=DIRECTION('',(-0.06575661894339951,0.9978356914167446,0));
#10707=DIRECTION('',(0,0,1));
#10708=FACE_SURFACE('',(#10713),#10709,.T.);
#10709=PLANE('',#10710);
#10710=AXIS2_PLACEMENT_3D('',#470,#10711,#10712);
#10711=DIRECTION('',(0.19521195404843475,0.9807610784470354,0));
#10712=DIRECTION('',(0,0,-1));
#10713=FACE_BOUND('',#10714,.T.);
#10714=EDGE_LOOP('',(#10715,#10716,#10717));
#10715=ORIENTED_EDGE('',*,*,#10718,.T.);
#10716=ORIENTED_EDGE('',*,*,#10719,.T.);
#10717=ORIENTED_EDGE('',*,*,#10720,.T.);
#10718=EDGE_CURVE('',#471,#555,#10721,.F.);
#10719=EDGE_CURVE('',#555,#477,#10722,.T.);
#10720=EDGE_CURVE('',#477,#471,#10723,.T.);
#10721=LINE('',#470,#10724);
#10722=LINE('',#554,#10725);
#10723=LINE('',#476,#10726);
#10724=VECTOR('',#10727,1.0);
#10725=VECTOR('',#10728,1.0);
#10726=VECTOR('',#10729,1.0);
#10727=DIRECTION('',(0,0,-1));
#10728=DIRECTION('',(-0.9807610784470353,0.19521195404843472,0));
#10729=DIRECTION('',(0.04166234054597021,-0.008292526168644636,0.999097334292297));
#10730=FACE_SURFACE('',(#10735),#10731,.T.);
#10731=PLANE('',#10732);
#10732=AXIS2_PLACEMENT_3D('',#470,#10733,#10734);
#10733=DIRECTION('',(0.19521195404843475,0.9807610784470354,0));
#10734=DIRECTION('',(-0.04166234054597021,0.008292526168644636,-0.999097334292297));
#10735=FACE_BOUND('',#10736,.T.);
#10736=EDGE_LOOP('',(#10737,#10738,#10739));
#10737=ORIENTED_EDGE('',*,*,#10740,.T.);
#10738=ORIENTED_EDGE('',*,*,#10741,.T.);
#10739=ORIENTED_EDGE('',*,*,#10742,.T.);
#10740=EDGE_CURVE('',#471,#477,#10743,.F.);
#10741=EDGE_CURVE('',#477,#355,#10744,.T.);
#10742=EDGE_CURVE('',#355,#471,#10745,.T.);
#10743=LINE('',#470,#10746);
#10744=LINE('',#476,#10747);
#10745=LINE('',#354,#10748);
#10746=VECTOR('',#10749,1.0);
#10747=VECTOR('',#10750,1.0);
#10748=VECTOR('',#10751,1.0);
#10749=DIRECTION('',(-0.04166234054597021,0.008292526168644636,-0.999097334292297));
#10750=DIRECTION('',(0,0,1));
#10751=DIRECTION('',(0.9807610784470353,-0.19521195404843472,0));
#10752=FACE_SURFACE('',(#10757),#10753,.T.);
#10753=PLANE('',#10754);
#10754=AXIS2_PLACEMENT_3D('',#542,#10755,#10756);
#10755=DIRECTION('',(0,-0,-1));
#10756=DIRECTION('',(0.2560744068075745,-0.9666570737227079,0));
#10757=FACE_BOUND('',#10758,.T.);
#10758=EDGE_LOOP('',(#10759,#10760,#10761));
#10759=ORIENTED_EDGE('',*,*,#10762,.T.);
#10760=ORIENTED_EDGE('',*,*,#10763,.T.);
#10761=ORIENTED_EDGE('',*,*,#10764,.T.);
#10762=EDGE_CURVE('',#543,#61,#10765,.F.);
#10763=EDGE_CURVE('',#61,#537,#10766,.T.);
#10764=EDGE_CURVE('',#537,#543,#10767,.T.);
#10765=LINE('',#542,#10768);
#10766=LINE('',#60,#10769);
#10767=LINE('',#536,#10770);
#10768=VECTOR('',#10771,1.0);
#10769=VECTOR('',#10772,1.0);
#10770=VECTOR('',#10773,1.0);
#10771=DIRECTION('',(0.2560744068075745,-0.9666570737227079,0));
#10772=DIRECTION('',(-0.2630006373126648,0.9647956595948866,0));
#10773=DIRECTION('',(0.19521195404843472,0.9807610784470353,0));
#10774=FACE_SURFACE('',(#10779),#10775,.T.);
#10775=PLANE('',#10776);
#10776=AXIS2_PLACEMENT_3D('',#300,#10777,#10778);
#10777=DIRECTION('',(-0.9978368083138174,-0.06573966819275852,-0));
#10778=DIRECTION('',(0,0,-1));
#10779=FACE_BOUND('',#10780,.T.);
#10780=EDGE_LOOP('',(#10781,#10782,#10783));
#10781=ORIENTED_EDGE('',*,*,#10784,.T.);
#10782=ORIENTED_EDGE('',*,*,#10785,.T.);
#10783=ORIENTED_EDGE('',*,*,#10786,.T.);
#10784=EDGE_CURVE('',#301,#77,#10787,.F.);
#10785=EDGE_CURVE('',#77,#75,#10788,.T.);
#10786=EDGE_CURVE('',#75,#301,#10789,.T.);
#10787=LINE('',#300,#10790);
#10788=LINE('',#76,#10791);
#10789=LINE('',#74,#10792);
#10790=VECTOR('',#10793,1.0);
#10791=VECTOR('',#10794,1.0);
#10792=VECTOR('',#10795,1.0);
#10793=DIRECTION('',(0,0,-1));
#10794=DIRECTION('',(0.06573966819275853,-0.9978368083138175,0));
#10795=DIRECTION('',(-0.001646534950325992,0.02499211244560887,0.9996862924128564));
#10796=FACE_SURFACE('',(#10801),#10797,.T.);
#10797=PLANE('',#10798);
#10798=AXIS2_PLACEMENT_3D('',#200,#10799,#10800);
#10799=DIRECTION('',(0.5563233425683655,-0.8309659069501955,0));
#10800=DIRECTION('',(-0.8309659069501956,-0.5563233425683655,0));
#10801=FACE_BOUND('',#10802,.T.);
#10802=EDGE_LOOP('',(#10803,#10804,#10805));
#10803=ORIENTED_EDGE('',*,*,#10806,.T.);
#10804=ORIENTED_EDGE('',*,*,#10807,.T.);
#10805=ORIENTED_EDGE('',*,*,#10808,.T.);
#10806=EDGE_CURVE('',#201,#327,#10809,.F.);
#10807=EDGE_CURVE('',#327,#443,#10810,.T.);
#10808=EDGE_CURVE('',#443,#201,#10811,.T.);
#10809=LINE('',#200,#10812);
#10810=LINE('',#326,#10813);
#10811=LINE('',#442,#10814);
#10812=VECTOR('',#10815,1.0);
#10813=VECTOR('',#10816,1.0);
#10814=VECTOR('',#10817,1.0);
#10815=DIRECTION('',(-0.8309659069501956,-0.5563233425683655,0));
#10816=DIRECTION('',(0,0,-1));
#10817=DIRECTION('',(0.03536792998897694,0.02367847449169883,0.9990938090960432));
#10818=FACE_SURFACE('',(#10823),#10819,.T.);
#10819=PLANE('',#10820);
#10820=AXIS2_PLACEMENT_3D('',#496,#10821,#10822);
#10821=DIRECTION('',(-0.4425025137166356,-0.8967672637615953,0));
#10822=DIRECTION('',(0.022404575244709218,-0.011055355458618731,0.9996878583456877));
#10823=FACE_BOUND('',#10824,.T.);
#10824=EDGE_LOOP('',(#10825,#10826,#10827));
#10825=ORIENTED_EDGE('',*,*,#10828,.T.);
#10826=ORIENTED_EDGE('',*,*,#10829,.T.);
#10827=ORIENTED_EDGE('',*,*,#10830,.T.);
#10828=EDGE_CURVE('',#497,#361,#10831,.F.);
#10829=EDGE_CURVE('',#361,#363,#10832,.T.);
#10830=EDGE_CURVE('',#363,#497,#10833,.T.);
#10831=LINE('',#496,#10834);
#10832=LINE('',#360,#10835);
#10833=LINE('',#362,#10836);
#10834=VECTOR('',#10837,1.0);
#10835=VECTOR('',#10838,1.0);
#10836=VECTOR('',#10839,1.0);
#10837=DIRECTION('',(0.022404575244709218,-0.011055355458618731,0.9996878583456877));
#10838=DIRECTION('',(-0.8967672637615953,0.4425025137166356,0));
#10839=DIRECTION('',(0,0,-1));
#10840=FACE_SURFACE('',(#10845),#10841,.T.);
#10841=PLANE('',#10842);
#10842=AXIS2_PLACEMENT_3D('',#474,#10843,#10844);
#10843=DIRECTION('',(0.3218656184344951,0.9467853630415819,-0));
#10844=DIRECTION('',(0,0,1));
#10845=FACE_BOUND('',#10846,.T.);
#10846=EDGE_LOOP('',(#10847,#10848,#10849));
#10847=ORIENTED_EDGE('',*,*,#10850,.T.);
#10848=ORIENTED_EDGE('',*,*,#10851,.T.);
#10849=ORIENTED_EDGE('',*,*,#10852,.T.);
#10850=EDGE_CURVE('',#475,#353,#10853,.F.);
#10851=EDGE_CURVE('',#353,#477,#10854,.T.);
#10852=EDGE_CURVE('',#477,#475,#10855,.T.);
#10853=LINE('',#474,#10856);
#10854=LINE('',#352,#10857);
#10855=LINE('',#476,#10858);
#10856=VECTOR('',#10859,1.0);
#10857=VECTOR('',#10860,1.0);
#10858=VECTOR('',#10861,1.0);
#10859=DIRECTION('',(0,0,1));
#10860=DIRECTION('',(0.04026314942558689,-0.013687710008902886,-0.999095353503881));
#10861=DIRECTION('',(-0.9467853630415819,0.3218656184344952,0));
#10862=FACE_SURFACE('',(#10867),#10863,.T.);
#10863=PLANE('',#10864);
#10864=AXIS2_PLACEMENT_3D('',#354,#10865,#10866);
#10865=DIRECTION('',(0.3218656184344951,0.9467853630415819,0));
#10866=DIRECTION('',(0,0,-1));
#10867=FACE_BOUND('',#10868,.T.);
#10868=EDGE_LOOP('',(#10869,#10870,#10871));
#10869=ORIENTED_EDGE('',*,*,#10872,.T.);
#10870=ORIENTED_EDGE('',*,*,#10873,.T.);
#10871=ORIENTED_EDGE('',*,*,#10874,.T.);
#10872=EDGE_CURVE('',#355,#477,#10875,.F.);
#10873=EDGE_CURVE('',#477,#353,#10876,.T.);
#10874=EDGE_CURVE('',#353,#355,#10877,.T.);
#10875=LINE('',#354,#10878);
#10876=LINE('',#476,#10879);
#10877=LINE('',#352,#10880);
#10878=VECTOR('',#10881,1.0);
#10879=VECTOR('',#10882,1.0);
#10880=VECTOR('',#10883,1.0);
#10881=DIRECTION('',(0,0,-1));
#10882=DIRECTION('',(-0.04026314942558689,0.013687710008902886,0.999095353503881));
#10883=DIRECTION('',(0.9467853630415819,-0.3218656184344952,0));
#10884=FACE_SURFACE('',(#10889),#10885,.T.);
#10885=PLANE('',#10886);
#10886=AXIS2_PLACEMENT_3D('',#74,#10887,#10888);
#10887=DIRECTION('',(0,-0,-1));
#10888=DIRECTION('',(0.2511805563015016,-0.9679402502923763,0));
#10889=FACE_BOUND('',#10890,.T.);
#10890=EDGE_LOOP('',(#10891,#10892,#10893));
#10891=ORIENTED_EDGE('',*,*,#10894,.T.);
#10892=ORIENTED_EDGE('',*,*,#10895,.T.);
#10893=ORIENTED_EDGE('',*,*,#10896,.T.);
#10894=EDGE_CURVE('',#75,#61,#10897,.F.);
#10895=EDGE_CURVE('',#61,#543,#10898,.T.);
#10896=EDGE_CURVE('',#543,#75,#10899,.T.);
#10897=LINE('',#74,#10900);
#10898=LINE('',#60,#10901);
#10899=LINE('',#542,#10902);
#10900=VECTOR('',#10903,1.0);
#10901=VECTOR('',#10904,1.0);
#10902=VECTOR('',#10905,1.0);
#10903=DIRECTION('',(0.2511805563015016,-0.9679402502923763,0));
#10904=DIRECTION('',(-0.2560744068075745,0.9666570737227079,0));
#10905=DIRECTION('',(0.06573966819275853,0.9978368083138175,0));
#10906=FACE_SURFACE('',(#10911),#10907,.T.);
#10907=PLANE('',#10908);
#10908=AXIS2_PLACEMENT_3D('',#76,#10909,#10910);
#10909=DIRECTION('',(-0.9807610784470354,-0.19521195404843475,0));
#10910=DIRECTION('',(0,0,1));
#10911=FACE_BOUND('',#10912,.T.);
#10912=EDGE_LOOP('',(#10913,#10914,#10915));
#10913=ORIENTED_EDGE('',*,*,#10916,.T.);
#10914=ORIENTED_EDGE('',*,*,#10917,.T.);
#10915=ORIENTED_EDGE('',*,*,#10918,.T.);
#10916=EDGE_CURVE('',#77,#301,#10919,.F.);
#10917=EDGE_CURVE('',#301,#581,#10920,.T.);
#10918=EDGE_CURVE('',#581,#77,#10921,.T.);
#10919=LINE('',#76,#10922);
#10920=LINE('',#300,#10923);
#10921=LINE('',#580,#10924);
#10922=VECTOR('',#10925,1.0);
#10923=VECTOR('',#10926,1.0);
#10924=VECTOR('',#10927,1.0);
#10925=DIRECTION('',(0,0,1));
#10926=DIRECTION('',(-0.004880837398097084,0.024521732665483253,-0.9996873821617315));
#10927=DIRECTION('',(0.19521195404843472,-0.9807610784470353,0));
#10928=FACE_SURFACE('',(#10933),#10929,.T.);
#10929=PLANE('',#10930);
#10930=AXIS2_PLACEMENT_3D('',#302,#10931,#10932);
#10931=DIRECTION('',(-0.9807610784470354,-0.19521195404843475,-0));
#10932=DIRECTION('',(0,0,-1));
#10933=FACE_BOUND('',#10934,.T.);
#10934=EDGE_LOOP('',(#10935,#10936,#10937));
#10935=ORIENTED_EDGE('',*,*,#10938,.T.);
#10936=ORIENTED_EDGE('',*,*,#10939,.T.);
#10937=ORIENTED_EDGE('',*,*,#10940,.T.);
#10938=EDGE_CURVE('',#303,#581,#10941,.F.);
#10939=EDGE_CURVE('',#581,#301,#10942,.T.);
#10940=EDGE_CURVE('',#301,#303,#10943,.T.);
#10941=LINE('',#302,#10944);
#10942=LINE('',#580,#10945);
#10943=LINE('',#300,#10946);
#10944=VECTOR('',#10947,1.0);
#10945=VECTOR('',#10948,1.0);
#10946=VECTOR('',#10949,1.0);
#10947=DIRECTION('',(0,0,-1));
#10948=DIRECTION('',(0.004880837398097084,-0.024521732665483253,0.9996873821617315));
#10949=DIRECTION('',(-0.19521195404843472,0.9807610784470353,0));
#10950=FACE_SURFACE('',(#10955),#10951,.T.);
#10951=PLANE('',#10952);
#10952=AXIS2_PLACEMENT_3D('',#264,#10953,#10954);
#10953=DIRECTION('',(-0.8967717057651823,-0.4424935115219267,0));
#10954=DIRECTION('',(0,0,1));
#10955=FACE_BOUND('',#10956,.T.);
#10956=EDGE_LOOP('',(#10957,#10958,#10959));
#10957=ORIENTED_EDGE('',*,*,#10960,.T.);
#10958=ORIENTED_EDGE('',*,*,#10961,.T.);
#10959=ORIENTED_EDGE('',*,*,#10962,.T.);
#10960=EDGE_CURVE('',#265,#221,#10963,.F.);
#10961=EDGE_CURVE('',#221,#261,#10964,.T.);
#10962=EDGE_CURVE('',#261,#265,#10965,.T.);
#10963=LINE('',#264,#10966);
#10964=LINE('',#220,#10967);
#10965=LINE('',#260,#10968);
#10966=VECTOR('',#10969,1.0);
#10967=VECTOR('',#10970,1.0);
#10968=VECTOR('',#10971,1.0);
#10969=DIRECTION('',(0,0,1));
#10970=DIRECTION('',(-0.018782647142206916,0.03806552204250292,-0.9990987079352887));
#10971=DIRECTION('',(0.4424935115219267,-0.8967717057651822,0));
#10972=FACE_SURFACE('',(#10977),#10973,.T.);
#10973=PLANE('',#10974);
#10974=AXIS2_PLACEMENT_3D('',#274,#10975,#10976);
#10975=DIRECTION('',(-0.3218548537101871,-0.9467890225088132,-0));
#10976=DIRECTION('',(0,0,-1));
#10977=FACE_BOUND('',#10978,.T.);
#10978=EDGE_LOOP('',(#10979,#10980,#10981));
#10979=ORIENTED_EDGE('',*,*,#10982,.T.);
#10980=ORIENTED_EDGE('',*,*,#10983,.T.);
#10981=ORIENTED_EDGE('',*,*,#10984,.T.);
#10982=EDGE_CURVE('',#275,#467,#10985,.F.);
#10983=EDGE_CURVE('',#467,#363,#10986,.T.);
#10984=EDGE_CURVE('',#363,#275,#10987,.T.);
#10985=LINE('',#274,#10988);
#10986=LINE('',#466,#10989);
#10987=LINE('',#362,#10990);
#10988=VECTOR('',#10991,1.0);
#10989=VECTOR('',#10992,1.0);
#10990=VECTOR('',#10993,1.0);
#10991=DIRECTION('',(0,0,-1));
#10992=DIRECTION('',(0.023698447933030383,-0.008056135328262088,0.9996866920436313));
#10993=DIRECTION('',(-0.9467890225088132,0.3218548537101871,0));
#10994=FACE_SURFACE('',(#10999),#10995,.T.);
#10995=PLANE('',#10996);
#10996=AXIS2_PLACEMENT_3D('',#472,#10997,#10998);
#10997=DIRECTION('',(0.4424989507560145,0.8967690218667381,-0));
#10998=DIRECTION('',(0,0,1));
#10999=FACE_BOUND('',#11000,.T.);
#11000=EDGE_LOOP('',(#11001,#11002,#11003));
#11001=ORIENTED_EDGE('',*,*,#11004,.T.);
#11002=ORIENTED_EDGE('',*,*,#11005,.T.);
#11003=ORIENTED_EDGE('',*,*,#11006,.T.);
#11004=EDGE_CURVE('',#473,#365,#11007,.F.);
#11005=EDGE_CURVE('',#365,#475,#11008,.T.);
#11006=EDGE_CURVE('',#475,#473,#11009,.T.);
#11007=LINE('',#472,#11010);
#11008=LINE('',#364,#11011);
#11009=LINE('',#474,#11012);
#11010=VECTOR('',#11013,1.0);
#11011=VECTOR('',#11014,1.0);
#11012=VECTOR('',#11015,1.0);
#11013=DIRECTION('',(0,0,1));
#11014=DIRECTION('',(0.03806571205683545,-0.018783027997407022,-0.9990986935357561));
#11015=DIRECTION('',(-0.8967690218667381,0.4424989507560144,0));
#11016=FACE_SURFACE('',(#11021),#11017,.T.);
#11017=PLANE('',#11018);
#11018=AXIS2_PLACEMENT_3D('',#352,#11019,#11020);
#11019=DIRECTION('',(0.4424989507560145,0.8967690218667381,0));
#11020=DIRECTION('',(0,0,-1));
#11021=FACE_BOUND('',#11022,.T.);
#11022=EDGE_LOOP('',(#11023,#11024,#11025));
#11023=ORIENTED_EDGE('',*,*,#11026,.T.);
#11024=ORIENTED_EDGE('',*,*,#11027,.T.);
#11025=ORIENTED_EDGE('',*,*,#11028,.T.);
#11026=EDGE_CURVE('',#353,#475,#11029,.F.);
#11027=EDGE_CURVE('',#475,#365,#11030,.T.);
#11028=EDGE_CURVE('',#365,#353,#11031,.T.);
#11029=LINE('',#352,#11032);
#11030=LINE('',#474,#11033);
#11031=LINE('',#364,#11034);
#11032=VECTOR('',#11035,1.0);
#11033=VECTOR('',#11036,1.0);
#11034=VECTOR('',#11037,1.0);
#11035=DIRECTION('',(0,0,-1));
#11036=DIRECTION('',(-0.03806571205683545,0.018783027997407022,0.9990986935357561));
#11037=DIRECTION('',(0.8967690218667381,-0.4424989507560144,0));
#11038=FACE_SURFACE('',(#11043),#11039,.T.);
#11039=PLANE('',#11040);
#11040=AXIS2_PLACEMENT_3D('',#310,#11041,#11042);
#11041=DIRECTION('',(-0.9467862914828971,-0.3218628873605388,-0));
#11042=DIRECTION('',(0,0,-1));
#11043=FACE_BOUND('',#11044,.T.);
#11044=EDGE_LOOP('',(#11045,#11046,#11047));
#11045=ORIENTED_EDGE('',*,*,#11048,.T.);
#11046=ORIENTED_EDGE('',*,*,#11049,.T.);
#11047=ORIENTED_EDGE('',*,*,#11050,.T.);
#11048=EDGE_CURVE('',#311,#583,#11051,.F.);
#11049=EDGE_CURVE('',#583,#303,#11052,.T.);
#11050=EDGE_CURVE('',#303,#311,#11053,.T.);
#11051=LINE('',#310,#11054);
#11052=LINE('',#582,#11055);
#11053=LINE('',#302,#11056);
#11054=VECTOR('',#11057,1.0);
#11055=VECTOR('',#11058,1.0);
#11056=VECTOR('',#11059,1.0);
#11057=DIRECTION('',(0,0,-1));
#11058=DIRECTION('',(0.008056359637354972,-0.02369844789020239,0.9996866902369907));
#11059=DIRECTION('',(-0.3218628873605388,0.946786291482897,0));
#11060=FACE_SURFACE('',(#11065),#11061,.T.);
#11061=PLANE('',#11062);
#11062=AXIS2_PLACEMENT_3D('',#580,#11063,#11064);
#11063=DIRECTION('',(-0.9467862914828971,-0.3218628873605388,0));
#11064=DIRECTION('',(0,0,1));
#11065=FACE_BOUND('',#11066,.T.);
#11066=EDGE_LOOP('',(#11067,#11068,#11069));
#11067=ORIENTED_EDGE('',*,*,#11070,.T.);
#11068=ORIENTED_EDGE('',*,*,#11071,.T.);
#11069=ORIENTED_EDGE('',*,*,#11072,.T.);
#11070=EDGE_CURVE('',#581,#303,#11073,.F.);
#11071=EDGE_CURVE('',#303,#583,#11074,.T.);
#11072=EDGE_CURVE('',#583,#581,#11075,.T.);
#11073=LINE('',#580,#11076);
#11074=LINE('',#302,#11077);
#11075=LINE('',#582,#11078);
#11076=VECTOR('',#11079,1.0);
#11077=VECTOR('',#11080,1.0);
#11078=VECTOR('',#11081,1.0);
#11079=DIRECTION('',(0,0,1));
#11080=DIRECTION('',(-0.008056359637354972,0.02369844789020239,-0.9996866902369907));
#11081=DIRECTION('',(0.3218628873605388,-0.946786291482897,0));
#11082=FACE_SURFACE('',(#11087),#11083,.T.);
#11083=PLANE('',#11084);
#11084=AXIS2_PLACEMENT_3D('',#264,#11085,#11086);
#11085=DIRECTION('',(-0.9467867556946918,-0.3218615218399364,0));
#11086=DIRECTION('',(0.32186152183993644,-0.9467867556946918,0));
#11087=FACE_BOUND('',#11088,.T.);
#11088=EDGE_LOOP('',(#11089,#11090,#11091));
#11089=ORIENTED_EDGE('',*,*,#11092,.T.);
#11090=ORIENTED_EDGE('',*,*,#11093,.T.);
#11091=ORIENTED_EDGE('',*,*,#11094,.T.);
#11092=EDGE_CURVE('',#265,#217,#11095,.F.);
#11093=EDGE_CURVE('',#217,#221,#11096,.T.);
#11094=EDGE_CURVE('',#221,#265,#11097,.T.);
#11095=LINE('',#264,#11098);
#11096=LINE('',#216,#11099);
#11097=LINE('',#220,#11100);
#11098=VECTOR('',#11101,1.0);
#11099=VECTOR('',#11102,1.0);
#11100=VECTOR('',#11103,1.0);
#11101=DIRECTION('',(0.32186152183993644,-0.9467867556946918,0));
#11102=DIRECTION('',(-0.013687709693838089,0.04026372018574032,0.9990953305066248));
#11103=DIRECTION('',(0,0,-1));
#11104=FACE_SURFACE('',(#11109),#11105,.T.);
#11105=PLANE('',#11106);
#11106=AXIS2_PLACEMENT_3D('',#364,#11107,#11108);
#11107=DIRECTION('',(0.5563233425683655,0.8309659069501955,0));
#11108=DIRECTION('',(0,0,-1));
#11109=FACE_BOUND('',#11110,.T.);
#11110=EDGE_LOOP('',(#11111,#11112,#11113));
#11111=ORIENTED_EDGE('',*,*,#11114,.T.);
#11112=ORIENTED_EDGE('',*,*,#11115,.T.);
#11113=ORIENTED_EDGE('',*,*,#11116,.T.);
#11114=EDGE_CURVE('',#365,#473,#11117,.F.);
#11115=EDGE_CURVE('',#473,#505,#11118,.T.);
#11116=EDGE_CURVE('',#505,#365,#11119,.T.);
#11117=LINE('',#364,#11120);
#11118=LINE('',#472,#11121);
#11119=LINE('',#504,#11122);
#11120=VECTOR('',#11123,1.0);
#11121=VECTOR('',#11124,1.0);
#11122=VECTOR('',#11125,1.0);
#11123=DIRECTION('',(0,0,-1));
#11124=DIRECTION('',(-0.8309659069501956,0.5563233425683655,0));
#11125=DIRECTION('',(0.03536792998897694,-0.02367847449169883,0.9990938090960432));
#11126=FACE_SURFACE('',(#11131),#11127,.T.);
#11127=PLANE('',#11128);
#11128=AXIS2_PLACEMENT_3D('',#364,#11129,#11130);
#11129=DIRECTION('',(0.5563233425683655,0.8309659069501955,0));
#11130=DIRECTION('',(-0.03536792998897694,0.02367847449169883,-0.9990938090960432));
#11131=FACE_BOUND('',#11132,.T.);
#11132=EDGE_LOOP('',(#11133,#11134,#11135));
#11133=ORIENTED_EDGE('',*,*,#11136,.T.);
#11134=ORIENTED_EDGE('',*,*,#11137,.T.);
#11135=ORIENTED_EDGE('',*,*,#11138,.T.);
#11136=EDGE_CURVE('',#365,#505,#11139,.F.);
#11137=EDGE_CURVE('',#505,#371,#11140,.T.);
#11138=EDGE_CURVE('',#371,#365,#11141,.T.);
#11139=LINE('',#364,#11142);
#11140=LINE('',#504,#11143);
#11141=LINE('',#370,#11144);
#11142=VECTOR('',#11145,1.0);
#11143=VECTOR('',#11146,1.0);
#11144=VECTOR('',#11147,1.0);
#11145=DIRECTION('',(-0.03536792998897694,0.02367847449169883,-0.9990938090960432));
#11146=DIRECTION('',(0,0,1));
#11147=DIRECTION('',(0.8309659069501956,-0.5563233425683655,0));
#11148=FACE_SURFACE('',(#11153),#11149,.T.);
#11149=PLANE('',#11150);
#11150=AXIS2_PLACEMENT_3D('',#562,#11151,#11152);
#11151=DIRECTION('',(0,0,-1));
#11152=DIRECTION('',(-0.2447683131109733,0.9695815968224689,0));
#11153=FACE_BOUND('',#11154,.T.);
#11154=EDGE_LOOP('',(#11155,#11156,#11157));
#11155=ORIENTED_EDGE('',*,*,#11158,.T.);
#11156=ORIENTED_EDGE('',*,*,#11159,.T.);
#11157=ORIENTED_EDGE('',*,*,#11160,.T.);
#11158=EDGE_CURVE('',#563,#47,#11161,.F.);
#11159=EDGE_CURVE('',#47,#569,#11162,.T.);
#11160=EDGE_CURVE('',#569,#563,#11163,.T.);
#11161=LINE('',#562,#11164);
#11162=LINE('',#46,#11165);
#11163=LINE('',#568,#11166);
#11164=VECTOR('',#11167,1.0);
#11165=VECTOR('',#11168,1.0);
#11166=VECTOR('',#11169,1.0);
#11167=DIRECTION('',(-0.2447683131109733,0.9695815968224689,0));
#11168=DIRECTION('',(0.2503704912579125,-0.9681501005047056,0));
#11169=DIRECTION('',(-0.8309659069501956,-0.5563233425683655,0));
#11170=FACE_SURFACE('',(#11175),#11171,.T.);
#11171=PLANE('',#11172);
#11172=AXIS2_PLACEMENT_3D('',#314,#11173,#11174);
#11173=DIRECTION('',(-0.8967725847872492,-0.44249173006282944,-0));
#11174=DIRECTION('',(0,0,-1));
#11175=FACE_BOUND('',#11176,.T.);
#11176=EDGE_LOOP('',(#11177,#11178,#11179));
#11177=ORIENTED_EDGE('',*,*,#11180,.T.);
#11178=ORIENTED_EDGE('',*,*,#11181,.T.);
#11179=ORIENTED_EDGE('',*,*,#11182,.T.);
#11180=EDGE_CURVE('',#315,#585,#11183,.F.);
#11181=EDGE_CURVE('',#585,#583,#11184,.T.);
#11182=EDGE_CURVE('',#583,#315,#11185,.T.);
#11183=LINE('',#314,#11186);
#11184=LINE('',#584,#11187);
#11185=LINE('',#582,#11188);
#11186=VECTOR('',#11189,1.0);
#11187=VECTOR('',#11190,1.0);
#11188=VECTOR('',#11191,1.0);
#11189=DIRECTION('',(0,0,-1));
#11190=DIRECTION('',(0.44249173006282944,-0.8967725847872492,0));
#11191=DIRECTION('',(-0.011055131106558801,0.02240479951158178,0.9996878558005307));
#11192=FACE_SURFACE('',(#11197),#11193,.T.);
#11193=PLANE('',#11194);
#11194=AXIS2_PLACEMENT_3D('',#314,#11195,#11196);
#11195=DIRECTION('',(-0.8967725847872492,-0.44249173006282944,0));
#11196=DIRECTION('',(0.011055131106558801,-0.02240479951158178,-0.9996878558005307));
#11197=FACE_BOUND('',#11198,.T.);
#11198=EDGE_LOOP('',(#11199,#11200,#11201));
#11199=ORIENTED_EDGE('',*,*,#11202,.T.);
#11200=ORIENTED_EDGE('',*,*,#11203,.T.);
#11201=ORIENTED_EDGE('',*,*,#11204,.T.);
#11202=EDGE_CURVE('',#315,#583,#11205,.F.);
#11203=EDGE_CURVE('',#583,#311,#11206,.T.);
#11204=EDGE_CURVE('',#311,#315,#11207,.T.);
#11205=LINE('',#314,#11208);
#11206=LINE('',#582,#11209);
#11207=LINE('',#310,#11210);
#11208=VECTOR('',#11211,1.0);
#11209=VECTOR('',#11212,1.0);
#11210=VECTOR('',#11213,1.0);
#11211=DIRECTION('',(0.011055131106558801,-0.02240479951158178,-0.9996878558005307));
#11212=DIRECTION('',(0,0,1));
#11213=DIRECTION('',(-0.44249173006282944,0.8967725847872492,0));
#11214=FACE_SURFACE('',(#11219),#11215,.T.);
#11215=PLANE('',#11216);
#11216=AXIS2_PLACEMENT_3D('',#370,#11217,#11218);
#11217=DIRECTION('',(0.6585058781555257,0.7525755832038533,0));
#11218=DIRECTION('',(0,0,-1));
#11219=FACE_BOUND('',#11220,.T.);
#11220=EDGE_LOOP('',(#11221,#11222,#11223));
#11221=ORIENTED_EDGE('',*,*,#11224,.T.);
#11222=ORIENTED_EDGE('',*,*,#11225,.T.);
#11223=ORIENTED_EDGE('',*,*,#11226,.T.);
#11224=EDGE_CURVE('',#371,#505,#11227,.F.);
#11225=EDGE_CURVE('',#505,#369,#11228,.T.);
#11226=EDGE_CURVE('',#369,#371,#11229,.T.);
#11227=LINE('',#370,#11230);
#11228=LINE('',#504,#11231);
#11229=LINE('',#368,#11232);
#11230=VECTOR('',#11233,1.0);
#11231=VECTOR('',#11234,1.0);
#11232=VECTOR('',#11235,1.0);
#11233=DIRECTION('',(0,0,-1));
#11234=DIRECTION('',(-0.03197108064714112,0.0279747908475846,0.9990972230365212));
#11235=DIRECTION('',(0.7525755832038533,-0.6585058781555257,0));
#11236=FACE_SURFACE('',(#11241),#11237,.T.);
#11237=PLANE('',#11238);
#11238=AXIS2_PLACEMENT_3D('',#306,#11239,#11240);
#11239=DIRECTION('',(0.19521195404843475,-0.9807610784470354,0));
#11240=DIRECTION('',(0,0,1));
#11241=FACE_BOUND('',#11242,.T.);
#11242=EDGE_LOOP('',(#11243,#11244,#11245));
#11243=ORIENTED_EDGE('',*,*,#11246,.T.);
#11244=ORIENTED_EDGE('',*,*,#11247,.T.);
#11245=ORIENTED_EDGE('',*,*,#11248,.T.);
#11246=EDGE_CURVE('',#307,#187,#11249,.F.);
#11247=EDGE_CURVE('',#187,#191,#11250,.T.);
#11248=EDGE_CURVE('',#191,#307,#11251,.T.);
#11249=LINE('',#306,#11252);
#11250=LINE('',#186,#11253);
#11251=LINE('',#190,#11254);
#11252=VECTOR('',#11255,1.0);
#11253=VECTOR('',#11256,1.0);
#11254=VECTOR('',#11257,1.0);
#11255=DIRECTION('',(0,0,1));
#11256=DIRECTION('',(-0.9807610784470353,-0.19521195404843472,0));
#11257=DIRECTION('',(0.04166234054597021,0.008292526168644636,-0.999097334292297));
#11258=FACE_SURFACE('',(#11263),#11259,.T.);
#11259=PLANE('',#11260);
#11260=AXIS2_PLACEMENT_3D('',#570,#11261,#11262);
#11261=DIRECTION('',(0,0,-1));
#11262=DIRECTION('',(-0.234659133388271,0.97207771866115,0));
#11263=FACE_BOUND('',#11264,.T.);
#11264=EDGE_LOOP('',(#11265,#11266,#11267));
#11265=ORIENTED_EDGE('',*,*,#11268,.T.);
#11266=ORIENTED_EDGE('',*,*,#11269,.T.);
#11267=ORIENTED_EDGE('',*,*,#11270,.T.);
#11268=EDGE_CURVE('',#571,#47,#11271,.F.);
#11269=EDGE_CURVE('',#47,#561,#11272,.T.);
#11270=EDGE_CURVE('',#561,#571,#11273,.T.);
#11271=LINE('',#570,#11274);
#11272=LINE('',#46,#11275);
#11273=LINE('',#560,#11276);
#11274=VECTOR('',#11277,1.0);
#11275=VECTOR('',#11278,1.0);
#11276=VECTOR('',#11279,1.0);
#11277=DIRECTION('',(-0.234659133388271,0.97207771866115,0));
#11278=DIRECTION('',(0.23949749148993563,-0.9708969829853361,0));
#11279=DIRECTION('',(-0.6585084187126559,-0.7525733602012215,0));
#11280=FACE_SURFACE('',(#11285),#11281,.T.);
#11281=PLANE('',#11282);
#11282=AXIS2_PLACEMENT_3D('',#510,#11283,#11284);
#11283=DIRECTION('',(-0.556319203068329,0.8309686782890312,0));
#11284=DIRECTION('',(0,0,1));
#11285=FACE_BOUND('',#11286,.T.);
#11286=EDGE_LOOP('',(#11287,#11288,#11289));
#11287=ORIENTED_EDGE('',*,*,#11290,.T.);
#11288=ORIENTED_EDGE('',*,*,#11291,.T.);
#11289=ORIENTED_EDGE('',*,*,#11292,.T.);
#11290=EDGE_CURVE('',#511,#293,#11293,.F.);
#11291=EDGE_CURVE('',#293,#273,#11294,.T.);
#11292=EDGE_CURVE('',#273,#511,#11295,.T.);
#11293=LINE('',#510,#11296);
#11294=LINE('',#292,#11297);
#11295=LINE('',#272,#11298);
#11296=VECTOR('',#11299,1.0);
#11297=VECTOR('',#11300,1.0);
#11298=VECTOR('',#11301,1.0);
#11299=DIRECTION('',(0,0,1));
#11300=DIRECTION('',(0.8309686782890312,0.5563192030683289,0));
#11301=DIRECTION('',(-0.03536831063626698,-0.023678474172521495,-0.9990937956286176));
#11302=FACE_SURFACE('',(#11307),#11303,.T.);
#11303=PLANE('',#11304);
#11304=AXIS2_PLACEMENT_3D('',#584,#11305,#11306);
#11305=DIRECTION('',(-0.8309659069501956,-0.5563233425683656,0));
#11306=DIRECTION('',(0,0,1));
#11307=FACE_BOUND('',#11308,.T.);
#11308=EDGE_LOOP('',(#11309,#11310,#11311));
#11309=ORIENTED_EDGE('',*,*,#11312,.T.);
#11310=ORIENTED_EDGE('',*,*,#11313,.T.);
#11311=ORIENTED_EDGE('',*,*,#11314,.T.);
#11312=EDGE_CURVE('',#585,#315,#11315,.F.);
#11313=EDGE_CURVE('',#315,#587,#11316,.T.);
#11314=EDGE_CURVE('',#587,#585,#11317,.T.);
#11315=LINE('',#584,#11318);
#11316=LINE('',#314,#11319);
#11317=LINE('',#586,#11320);
#11318=VECTOR('',#11321,1.0);
#11319=VECTOR('',#11322,1.0);
#11320=VECTOR('',#11323,1.0);
#11321=DIRECTION('',(0,0,1));
#11322=DIRECTION('',(-0.013936772461196206,0.020816999543306507,-0.9996861602039807));
#11323=DIRECTION('',(0.5563233425683655,-0.8309659069501956,0));
#11324=FACE_SURFACE('',(#11329),#11325,.T.);
#11325=PLANE('',#11326);
#11326=AXIS2_PLACEMENT_3D('',#374,#11327,#11328);
#11327=DIRECTION('',(-0.8309659069501956,-0.5563233425683656,-0));
#11328=DIRECTION('',(0,0,-1));
#11329=FACE_BOUND('',#11330,.T.);
#11330=EDGE_LOOP('',(#11331,#11332,#11333));
#11331=ORIENTED_EDGE('',*,*,#11334,.T.);
#11332=ORIENTED_EDGE('',*,*,#11335,.T.);
#11333=ORIENTED_EDGE('',*,*,#11336,.T.);
#11334=EDGE_CURVE('',#375,#587,#11337,.F.);
#11335=EDGE_CURVE('',#587,#315,#11338,.T.);
#11336=EDGE_CURVE('',#315,#375,#11339,.T.);
#11337=LINE('',#374,#11340);
#11338=LINE('',#586,#11341);
#11339=LINE('',#314,#11342);
#11340=VECTOR('',#11343,1.0);
#11341=VECTOR('',#11344,1.0);
#11342=VECTOR('',#11345,1.0);
#11343=DIRECTION('',(0,0,-1));
#11344=DIRECTION('',(0.013936772461196206,-0.020816999543306507,0.9996861602039807));
#11345=DIRECTION('',(-0.5563233425683655,0.8309659069501956,0));
#11346=FACE_SURFACE('',(#11351),#11347,.T.);
#11347=PLANE('',#11348);
#11348=AXIS2_PLACEMENT_3D('',#572,#11349,#11350);
#11349=DIRECTION('',(0,0,-1));
#11350=DIRECTION('',(-0.23032025003420184,0.9731148865494674,0));
#11351=FACE_BOUND('',#11352,.T.);
#11352=EDGE_LOOP('',(#11353,#11354,#11355));
#11353=ORIENTED_EDGE('',*,*,#11356,.T.);
#11354=ORIENTED_EDGE('',*,*,#11357,.T.);
#11355=ORIENTED_EDGE('',*,*,#11358,.T.);
#11356=EDGE_CURVE('',#573,#47,#11359,.F.);
#11357=EDGE_CURVE('',#47,#571,#11360,.T.);
#11358=EDGE_CURVE('',#571,#573,#11361,.T.);
#11359=LINE('',#572,#11362);
#11360=LINE('',#46,#11363);
#11361=LINE('',#570,#11364);
#11362=VECTOR('',#11365,1.0);
#11363=VECTOR('',#11366,1.0);
#11364=VECTOR('',#11367,1.0);
#11365=DIRECTION('',(-0.23032025003420184,0.9731148865494674,0));
#11366=DIRECTION('',(0.234659133388271,-0.97207771866115,0));
#11367=DIRECTION('',(-0.5563233425683655,-0.8309659069501956,0));
#11368=FACE_SURFACE('',(#11373),#11369,.T.);
#11369=PLANE('',#11370);
#11370=AXIS2_PLACEMENT_3D('',#568,#11371,#11372);
#11371=DIRECTION('',(0,0,-1));
#11372=DIRECTION('',(-0.2503704912579125,0.9681501005047056,0));
#11373=FACE_BOUND('',#11374,.T.);
#11374=EDGE_LOOP('',(#11375,#11376,#11377));
#11375=ORIENTED_EDGE('',*,*,#11378,.T.);
#11376=ORIENTED_EDGE('',*,*,#11379,.T.);
#11377=ORIENTED_EDGE('',*,*,#11380,.T.);
#11378=EDGE_CURVE('',#569,#47,#11381,.F.);
#11379=EDGE_CURVE('',#47,#567,#11382,.T.);
#11380=EDGE_CURVE('',#567,#569,#11383,.T.);
#11381=LINE('',#568,#11384);
#11382=LINE('',#46,#11385);
#11383=LINE('',#566,#11386);
#11384=VECTOR('',#11387,1.0);
#11385=VECTOR('',#11388,1.0);
#11386=VECTOR('',#11389,1.0);
#11387=DIRECTION('',(-0.2503704912579125,0.9681501005047056,0));
#11388=DIRECTION('',(0.2561761198378844,-0.9666301234830239,0));
#11389=DIRECTION('',(-0.8967690218667381,-0.4424989507560144,0));
#11390=FACE_SURFACE('',(#11395),#11391,.T.);
#11391=PLANE('',#11392);
#11392=AXIS2_PLACEMENT_3D('',#306,#11393,#11394);
#11393=DIRECTION('',(0.06573908068365164,-0.9978368470200267,0));
#11394=DIRECTION('',(0.9978368470200267,0.06573908068365164,0));
#11395=FACE_BOUND('',#11396,.T.);
#11396=EDGE_LOOP('',(#11397,#11398,#11399));
#11397=ORIENTED_EDGE('',*,*,#11400,.T.);
#11398=ORIENTED_EDGE('',*,*,#11401,.T.);
#11399=ORIENTED_EDGE('',*,*,#11402,.T.);
#11400=EDGE_CURVE('',#307,#241,#11403,.F.);
#11401=EDGE_CURVE('',#241,#187,#11404,.T.);
#11402=EDGE_CURVE('',#187,#307,#11405,.T.);
#11403=LINE('',#306,#11406);
#11404=LINE('',#240,#11407);
#11405=LINE('',#186,#11408);
#11406=VECTOR('',#11409,1.0);
#11407=VECTOR('',#11410,1.0);
#11408=VECTOR('',#11411,1.0);
#11409=DIRECTION('',(0.9978368470200267,0.06573908068365164,0));
#11410=DIRECTION('',(-0.04246180730847871,-0.0027974514921573416,0.9990941743325533));
#11411=DIRECTION('',(0,0,-1));
#11412=FACE_SURFACE('',(#11417),#11413,.T.);
#11413=PLANE('',#11414);
#11414=AXIS2_PLACEMENT_3D('',#292,#11415,#11416);
#11415=DIRECTION('',(-0.4425025137166357,0.8967672637615953,0));
#11416=DIRECTION('',(0,0,-1));
#11417=FACE_BOUND('',#11418,.T.);
#11418=EDGE_LOOP('',(#11419,#11420,#11421));
#11419=ORIENTED_EDGE('',*,*,#11422,.T.);
#11420=ORIENTED_EDGE('',*,*,#11423,.T.);
#11421=ORIENTED_EDGE('',*,*,#11424,.T.);
#11422=EDGE_CURVE('',#293,#511,#11425,.F.);
#11423=EDGE_CURVE('',#511,#283,#11426,.T.);
#11424=EDGE_CURVE('',#283,#293,#11427,.T.);
#11425=LINE('',#292,#11428);
#11426=LINE('',#510,#11429);
#11427=LINE('',#282,#11430);
#11428=VECTOR('',#11431,1.0);
#11429=VECTOR('',#11432,1.0);
#11430=VECTOR('',#11433,1.0);
#11431=DIRECTION('',(0,0,-1));
#11432=DIRECTION('',(-0.03806533148317257,-0.018783028269906625,0.9990987080304369));
#11433=DIRECTION('',(0.8967672637615953,0.4425025137166356,0));
#11434=FACE_SURFACE('',(#11439),#11435,.T.);
#11435=PLANE('',#11436);
#11436=AXIS2_PLACEMENT_3D('',#574,#11437,#11438);
#11437=DIRECTION('',(0,0,-1));
#11438=DIRECTION('',(-0.22658692350027446,0.973990947647195,0));
#11439=FACE_BOUND('',#11440,.T.);
#11440=EDGE_LOOP('',(#11441,#11442,#11443));
#11441=ORIENTED_EDGE('',*,*,#11444,.T.);
#11442=ORIENTED_EDGE('',*,*,#11445,.T.);
#11443=ORIENTED_EDGE('',*,*,#11446,.T.);
#11444=EDGE_CURVE('',#575,#47,#11447,.F.);
#11445=EDGE_CURVE('',#47,#573,#11448,.T.);
#11446=EDGE_CURVE('',#573,#575,#11449,.T.);
#11447=LINE('',#574,#11450);
#11448=LINE('',#46,#11451);
#11449=LINE('',#572,#11452);
#11450=VECTOR('',#11453,1.0);
#11451=VECTOR('',#11454,1.0);
#11452=VECTOR('',#11455,1.0);
#11453=DIRECTION('',(-0.22658692350027446,0.973990947647195,0));
#11454=DIRECTION('',(0.23032025003420184,-0.9731148865494674,0));
#11455=DIRECTION('',(-0.4424989507560144,-0.8967690218667381,0));
#11456=FACE_SURFACE('',(#11461),#11457,.T.);
#11457=PLANE('',#11458);
#11458=AXIS2_PLACEMENT_3D('',#560,#11459,#11460);
#11459=DIRECTION('',(0,0,-1));
#11460=DIRECTION('',(-0.23949749148993563,0.9708969829853361,0));
#11461=FACE_BOUND('',#11462,.T.);
#11462=EDGE_LOOP('',(#11463,#11464,#11465));
#11463=ORIENTED_EDGE('',*,*,#11466,.T.);
#11464=ORIENTED_EDGE('',*,*,#11467,.T.);
#11465=ORIENTED_EDGE('',*,*,#11468,.T.);
#11466=EDGE_CURVE('',#561,#47,#11469,.F.);
#11467=EDGE_CURVE('',#47,#563,#11470,.T.);
#11468=EDGE_CURVE('',#563,#561,#11471,.T.);
#11469=LINE('',#560,#11472);
#11470=LINE('',#46,#11473);
#11471=LINE('',#562,#11474);
#11472=VECTOR('',#11475,1.0);
#11473=VECTOR('',#11476,1.0);
#11474=VECTOR('',#11477,1.0);
#11475=DIRECTION('',(-0.23949749148993563,0.9708969829853361,0));
#11476=DIRECTION('',(0.2447683131109733,-0.9695815968224689,0));
#11477=DIRECTION('',(-0.7525733602012215,-0.6585084187126559,0));
#11478=FACE_SURFACE('',(#11483),#11479,.T.);
#11479=PLANE('',#11480);
#11480=AXIS2_PLACEMENT_3D('',#522,#11481,#11482);
#11481=DIRECTION('',(-0.3218628873605388,0.946786291482897,0));
#11482=DIRECTION('',(-0.946786291482897,-0.3218628873605388,0));
#11483=FACE_BOUND('',#11484,.T.);
#11484=EDGE_LOOP('',(#11485,#11486,#11487));
#11485=ORIENTED_EDGE('',*,*,#11488,.T.);
#11486=ORIENTED_EDGE('',*,*,#11489,.T.);
#11487=ORIENTED_EDGE('',*,*,#11490,.T.);
#11488=EDGE_CURVE('',#523,#525,#11491,.F.);
#11489=EDGE_CURVE('',#525,#283,#11492,.T.);
#11490=EDGE_CURVE('',#283,#523,#11493,.T.);
#11491=LINE('',#522,#11494);
#11492=LINE('',#524,#11495);
#11493=LINE('',#282,#11496);
#11494=VECTOR('',#11497,1.0);
#11495=VECTOR('',#11498,1.0);
#11496=VECTOR('',#11499,1.0);
#11497=DIRECTION('',(-0.946786291482897,-0.3218628873605388,0));
#11498=DIRECTION('',(0.04026352993236023,0.013687709798860182,0.9990953381724129));
#11499=DIRECTION('',(0,0,-1));
#11500=FACE_SURFACE('',(#11505),#11501,.T.);
#11501=PLANE('',#11502);
#11502=AXIS2_PLACEMENT_3D('',#578,#11503,#11504);
#11503=DIRECTION('',(-0.7525778062110414,-0.6585033375758821,0));
#11504=DIRECTION('',(0.6585033375758821,-0.7525778062110414,0));
#11505=FACE_BOUND('',#11506,.T.);
#11506=EDGE_LOOP('',(#11507,#11508,#11509));
#11507=ORIENTED_EDGE('',*,*,#11510,.T.);
#11508=ORIENTED_EDGE('',*,*,#11511,.T.);
#11509=ORIENTED_EDGE('',*,*,#11512,.T.);
#11510=EDGE_CURVE('',#579,#587,#11513,.F.);
#11511=EDGE_CURVE('',#587,#375,#11514,.T.);
#11512=EDGE_CURVE('',#375,#579,#11515,.T.);
#11513=LINE('',#578,#11516);
#11514=LINE('',#586,#11517);
#11515=LINE('',#374,#11518);
#11516=VECTOR('',#11519,1.0);
#11517=VECTOR('',#11520,1.0);
#11518=VECTOR('',#11521,1.0);
#11519=DIRECTION('',(0.6585033375758821,-0.7525778062110414,0));
#11520=DIRECTION('',(0,0,1));
#11521=DIRECTION('',(-0.016465366847208354,0.018817626203609265,-0.999687345442888));
#11522=FACE_SURFACE('',(#11527),#11523,.T.);
#11523=PLANE('',#11524);
#11524=AXIS2_PLACEMENT_3D('',#576,#11525,#11526);
#11525=DIRECTION('',(0,0,-1));
#11526=DIRECTION('',(-0.22350059574534933,0.9747037928014202,0));
#11527=FACE_BOUND('',#11528,.T.);
#11528=EDGE_LOOP('',(#11529,#11530,#11531));
#11529=ORIENTED_EDGE('',*,*,#11532,.T.);
#11530=ORIENTED_EDGE('',*,*,#11533,.T.);
#11531=ORIENTED_EDGE('',*,*,#11534,.T.);
#11532=EDGE_CURVE('',#577,#47,#11535,.F.);
#11533=EDGE_CURVE('',#47,#575,#11536,.T.);
#11534=EDGE_CURVE('',#575,#577,#11537,.T.);
#11535=LINE('',#576,#11538);
#11536=LINE('',#46,#11539);
#11537=LINE('',#574,#11540);
#11538=VECTOR('',#11541,1.0);
#11539=VECTOR('',#11542,1.0);
#11540=VECTOR('',#11543,1.0);
#11541=DIRECTION('',(-0.22350059574534933,0.9747037928014202,0));
#11542=DIRECTION('',(0.22658692350027446,-0.973990947647195,0));
#11543=DIRECTION('',(-0.3218548537101871,-0.9467890225088132,0));
#11544=FACE_SURFACE('',(#11549),#11545,.T.);
#11545=PLANE('',#11546);
#11546=AXIS2_PLACEMENT_3D('',#358,#11547,#11548);
#11547=DIRECTION('',(-0.6585084187126559,-0.7525733602012215,-0));
#11548=DIRECTION('',(0,0,-1));
#11549=FACE_BOUND('',#11550,.T.);
#11550=EDGE_LOOP('',(#11551,#11552,#11553));
#11551=ORIENTED_EDGE('',*,*,#11554,.T.);
#11552=ORIENTED_EDGE('',*,*,#11555,.T.);
#11553=ORIENTED_EDGE('',*,*,#11556,.T.);
#11554=EDGE_CURVE('',#359,#491,#11557,.F.);
#11555=EDGE_CURVE('',#491,#579,#11558,.T.);
#11556=EDGE_CURVE('',#579,#359,#11559,.T.);
#11557=LINE('',#358,#11560);
#11558=LINE('',#490,#11561);
#11559=LINE('',#578,#11562);
#11560=VECTOR('',#11563,1.0);
#11561=VECTOR('',#11564,1.0);
#11562=VECTOR('',#11565,1.0);
#11563=DIRECTION('',(0,0,-1));
#11564=DIRECTION('',(0.7525733602012215,-0.6585084187126559,0));
#11565=DIRECTION('',(-0.018817626134104506,0.016465591110190077,0.9996873417504442));
#11566=FACE_SURFACE('',(#11571),#11567,.T.);
#11567=PLANE('',#11568);
#11568=AXIS2_PLACEMENT_3D('',#290,#11569,#11570);
#11569=DIRECTION('',(-0.06340214241036263,0.9979880602180449,0));
#11570=DIRECTION('',(0,0,-1));
#11571=FACE_BOUND('',#11572,.T.);
#11572=EDGE_LOOP('',(#11573,#11574,#11575));
#11573=ORIENTED_EDGE('',*,*,#11576,.T.);
#11574=ORIENTED_EDGE('',*,*,#11577,.T.);
#11575=ORIENTED_EDGE('',*,*,#11578,.T.);
#11576=EDGE_CURVE('',#291,#527,#11579,.F.);
#11577=EDGE_CURVE('',#527,#469,#11580,.T.);
#11578=EDGE_CURVE('',#469,#291,#11581,.T.);
#11579=LINE('',#290,#11582);
#11580=LINE('',#526,#11583);
#11581=LINE('',#468,#11584);
#11582=VECTOR('',#11585,1.0);
#11583=VECTOR('',#11586,1.0);
#11584=VECTOR('',#11587,1.0);
#11585=DIRECTION('',(0,0,-1));
#11586=DIRECTION('',(-0.04246181895799734,-0.002697597696699684,0.9990944484369059));
#11587=DIRECTION('',(0.997988060218045,0.06340214241036264,0));
#11588=FACE_SURFACE('',(#11593),#11589,.T.);
#11589=PLANE('',#11590);
#11590=AXIS2_PLACEMENT_3D('',#358,#11591,#11592);
#11591=DIRECTION('',(-0.5563192030683289,-0.8309686782890312,-0));
#11592=DIRECTION('',(-0.8309686782890312,0.5563192030683289,0));
#11593=FACE_BOUND('',#11594,.T.);
#11594=EDGE_LOOP('',(#11595,#11596,#11597));
#11595=ORIENTED_EDGE('',*,*,#11598,.T.);
#11596=ORIENTED_EDGE('',*,*,#11599,.T.);
#11597=ORIENTED_EDGE('',*,*,#11600,.T.);
#11598=EDGE_CURVE('',#359,#361,#11601,.F.);
#11599=EDGE_CURVE('',#361,#491,#11602,.T.);
#11600=EDGE_CURVE('',#491,#359,#11603,.T.);
#11601=LINE('',#358,#11604);
#11602=LINE('',#360,#11605);
#11603=LINE('',#490,#11606);
#11604=VECTOR('',#11607,1.0);
#11605=VECTOR('',#11608,1.0);
#11606=VECTOR('',#11609,1.0);
#11607=DIRECTION('',(-0.8309686782890312,0.5563192030683289,0));
#11608=DIRECTION('',(0.020817223769627947,-0.01393677239611471,-0.9996861555356781));
#11609=DIRECTION('',(0,0,1));
#11610=FACE_SURFACE('',(#11615),#11611,.T.);
#11611=PLANE('',#11612);
#11612=AXIS2_PLACEMENT_3D('',#368,#11613,#11614);
#11613=DIRECTION('',(0.6585058781555257,0.7525755832038533,0));
#11614=DIRECTION('',(0.03197108064714112,-0.0279747908475846,-0.9990972230365212));
#11615=FACE_BOUND('',#11616,.T.);
#11616=EDGE_LOOP('',(#11617,#11618,#11619));
#11617=ORIENTED_EDGE('',*,*,#11620,.T.);
#11618=ORIENTED_EDGE('',*,*,#11621,.T.);
#11619=ORIENTED_EDGE('',*,*,#11622,.T.);
#11620=EDGE_CURVE('',#369,#505,#11623,.F.);
#11621=EDGE_CURVE('',#505,#485,#11624,.T.);
#11622=EDGE_CURVE('',#485,#369,#11625,.T.);
#11623=LINE('',#368,#11626);
#11624=LINE('',#504,#11627);
#11625=LINE('',#484,#11628);
#11626=VECTOR('',#11629,1.0);
#11627=VECTOR('',#11630,1.0);
#11628=VECTOR('',#11631,1.0);
#11629=DIRECTION('',(0.03197108064714112,-0.0279747908475846,-0.9990972230365212));
#11630=DIRECTION('',(-0.7525755832038533,0.6585058781555257,0));
#11631=DIRECTION('',(0,0,1));
#11632=FACE_SURFACE('',(#11637),#11633,.T.);
#11633=PLANE('',#11634);
#11634=AXIS2_PLACEMENT_3D('',#132,#11635,#11636);
#11635=DIRECTION('',(0,0,-1));
#11636=DIRECTION('',(-0.22112126523364445,0.9752463207115791,0));
#11637=FACE_BOUND('',#11638,.T.);
#11638=EDGE_LOOP('',(#11639,#11640,#11641));
#11639=ORIENTED_EDGE('',*,*,#11642,.T.);
#11640=ORIENTED_EDGE('',*,*,#11643,.T.);
#11641=ORIENTED_EDGE('',*,*,#11644,.T.);
#11642=EDGE_CURVE('',#133,#47,#11645,.F.);
#11643=EDGE_CURVE('',#47,#577,#11646,.T.);
#11644=EDGE_CURVE('',#577,#133,#11647,.T.);
#11645=LINE('',#132,#11648);
#11646=LINE('',#46,#11649);
#11647=LINE('',#576,#11650);
#11648=VECTOR('',#11651,1.0);
#11649=VECTOR('',#11652,1.0);
#11650=VECTOR('',#11653,1.0);
#11651=DIRECTION('',(-0.22112126523364445,0.9752463207115791,0));
#11652=DIRECTION('',(0.22350059574534933,-0.9747037928014202,0));
#11653=DIRECTION('',(-0.19521195404843472,-0.9807610784470353,0));
#11654=FACE_SURFACE('',(#11659),#11655,.T.);
#11655=PLANE('',#11656);
#11656=AXIS2_PLACEMENT_3D('',#426,#11657,#11658);
#11657=DIRECTION('',(0.7525733602012215,0.6585084187126559,0));
#11658=DIRECTION('',(0.6585084187126559,-0.7525733602012215,0));
#11659=FACE_BOUND('',#11660,.T.);
#11660=EDGE_LOOP('',(#11661,#11662,#11663));
#11661=ORIENTED_EDGE('',*,*,#11664,.T.);
#11662=ORIENTED_EDGE('',*,*,#11665,.T.);
#11663=ORIENTED_EDGE('',*,*,#11666,.T.);
#11664=EDGE_CURVE('',#427,#369,#11667,.F.);
#11665=EDGE_CURVE('',#369,#485,#11668,.T.);
#11666=EDGE_CURVE('',#485,#427,#11669,.T.);
#11667=LINE('',#426,#11670);
#11668=LINE('',#368,#11671);
#11669=LINE('',#484,#11672);
#11670=VECTOR('',#11673,1.0);
#11671=VECTOR('',#11674,1.0);
#11672=VECTOR('',#11675,1.0);
#11673=DIRECTION('',(0.6585084187126559,-0.7525733602012215,0));
#11674=DIRECTION('',(0,0,-1));
#11675=DIRECTION('',(-0.02797498126112308,0.03197108047670428,0.9990972177103647));
#11676=FACE_SURFACE('',(#11681),#11677,.T.);
#11677=PLANE('',#11678);
#11678=AXIS2_PLACEMENT_3D('',#496,#11679,#11680);
#11679=DIRECTION('',(-0.3218548537101871,-0.9467890225088132,0));
#11680=DIRECTION('',(0,0,1));
#11681=FACE_BOUND('',#11682,.T.);
#11682=EDGE_LOOP('',(#11683,#11684,#11685));
#11683=ORIENTED_EDGE('',*,*,#11686,.T.);
#11684=ORIENTED_EDGE('',*,*,#11687,.T.);
#11685=ORIENTED_EDGE('',*,*,#11688,.T.);
#11686=EDGE_CURVE('',#497,#363,#11689,.F.);
#11687=EDGE_CURVE('',#363,#467,#11690,.T.);
#11688=EDGE_CURVE('',#467,#497,#11691,.T.);
#11689=LINE('',#496,#11692);
#11690=LINE('',#362,#11693);
#11691=LINE('',#466,#11694);
#11692=VECTOR('',#11695,1.0);
#11693=VECTOR('',#11696,1.0);
#11694=VECTOR('',#11697,1.0);
#11695=DIRECTION('',(0,0,1));
#11696=DIRECTION('',(-0.023698447933030383,0.008056135328262088,-0.9996866920436313));
#11697=DIRECTION('',(0.9467890225088132,-0.3218548537101871,0));
#11698=FACE_SURFACE('',(#11703),#11699,.T.);
#11699=PLANE('',#11700);
#11700=AXIS2_PLACEMENT_3D('',#422,#11701,#11702);
#11701=DIRECTION('',(0.8967681428194753,0.44250073223002606,0));
#11702=DIRECTION('',(0.44250073223002606,-0.8967681428194753,0));
#11703=FACE_BOUND('',#11704,.T.);
#11704=EDGE_LOOP('',(#11705,#11706,#11707));
#11705=ORIENTED_EDGE('',*,*,#11708,.T.);
#11706=ORIENTED_EDGE('',*,*,#11709,.T.);
#11707=ORIENTED_EDGE('',*,*,#11710,.T.);
#11708=EDGE_CURVE('',#423,#425,#11711,.F.);
#11709=EDGE_CURVE('',#425,#489,#11712,.T.);
#11710=EDGE_CURVE('',#489,#423,#11713,.T.);
#11711=LINE('',#422,#11714);
#11712=LINE('',#424,#11715);
#11713=LINE('',#488,#11716);
#11714=VECTOR('',#11717,1.0);
#11715=VECTOR('',#11718,1.0);
#11716=VECTOR('',#11719,1.0);
#11717=DIRECTION('',(0.44250073223002606,-0.8967681428194753,0));
#11718=DIRECTION('',(0,0,-1));
#11719=DIRECTION('',(-0.018783028133657162,0.03806552177000608,0.9990987007831146));
#11720=FACE_SURFACE('',(#11725),#11721,.T.);
#11721=PLANE('',#11722);
#11722=AXIS2_PLACEMENT_3D('',#274,#11723,#11724);
#11723=DIRECTION('',(-0.19521195404843475,-0.9807610784470354,-0));
#11724=DIRECTION('',(-0.9807610784470353,0.19521195404843472,0));
#11725=FACE_BOUND('',#11726,.T.);
#11726=EDGE_LOOP('',(#11727,#11728,#11729));
#11727=ORIENTED_EDGE('',*,*,#11730,.T.);
#11728=ORIENTED_EDGE('',*,*,#11731,.T.);
#11729=ORIENTED_EDGE('',*,*,#11732,.T.);
#11730=EDGE_CURVE('',#275,#381,#11733,.F.);
#11731=EDGE_CURVE('',#381,#467,#11734,.T.);
#11732=EDGE_CURVE('',#467,#275,#11735,.T.);
#11733=LINE('',#274,#11736);
#11734=LINE('',#380,#11737);
#11735=LINE('',#466,#11738);
#11736=VECTOR('',#11739,1.0);
#11737=VECTOR('',#11740,1.0);
#11738=VECTOR('',#11741,1.0);
#11739=DIRECTION('',(-0.9807610784470353,0.19521195404843472,0));
#11740=DIRECTION('',(0.024521732665483253,-0.004880837398097084,-0.9996873821617315));
#11741=DIRECTION('',(0,0,1));
#11742=FACE_SURFACE('',(#11747),#11743,.T.);
#11743=PLANE('',#11744);
#11744=AXIS2_PLACEMENT_3D('',#558,#11745,#11746);
#11745=DIRECTION('',(0.9807610784470354,0.19521195404843475,-0));
#11746=DIRECTION('',(0,0,1));
#11747=FACE_BOUND('',#11748,.T.);
#11748=EDGE_LOOP('',(#11749,#11750,#11751));
#11749=ORIENTED_EDGE('',*,*,#11752,.T.);
#11750=ORIENTED_EDGE('',*,*,#11753,.T.);
#11751=ORIENTED_EDGE('',*,*,#11754,.T.);
#11752=EDGE_CURVE('',#559,#431,#11755,.F.);
#11753=EDGE_CURVE('',#431,#429,#11756,.T.);
#11754=EDGE_CURVE('',#429,#559,#11757,.T.);
#11755=LINE('',#558,#11758);
#11756=LINE('',#430,#11759);
#11757=LINE('',#428,#11760);
#11758=VECTOR('',#11761,1.0);
#11759=VECTOR('',#11762,1.0);
#11760=VECTOR('',#11763,1.0);
#11761=DIRECTION('',(0,0,1));
#11762=DIRECTION('',(0.19521195404843472,-0.9807610784470353,0));
#11763=DIRECTION('',(-0.008292526168644636,0.04166234054597021,-0.999097334292297));
#11764=FACE_SURFACE('',(#11769),#11765,.T.);
#11765=PLANE('',#11766);
#11766=AXIS2_PLACEMENT_3D('',#68,#11767,#11768);
#11767=DIRECTION('',(0,0,-1));
#11768=DIRECTION('',(0.14816366609620335,0.9889628547366845,0));
#11769=FACE_BOUND('',#11770,.T.);
#11770=EDGE_LOOP('',(#11771,#11772,#11773));
#11771=ORIENTED_EDGE('',*,*,#11774,.T.);
#11772=ORIENTED_EDGE('',*,*,#11775,.T.);
#11773=ORIENTED_EDGE('',*,*,#11776,.T.);
#11774=EDGE_CURVE('',#69,#51,#11777,.F.);
#11775=EDGE_CURVE('',#51,#465,#11778,.T.);
#11776=EDGE_CURVE('',#465,#69,#11779,.T.);
#11777=LINE('',#68,#11780);
#11778=LINE('',#50,#11781);
#11779=LINE('',#464,#11782);
#11780=VECTOR('',#11783,1.0);
#11781=VECTOR('',#11784,1.0);
#11782=VECTOR('',#11785,1.0);
#11783=DIRECTION('',(0.14816366609620335,0.9889628547366845,0));
#11784=DIRECTION('',(-0.1419401306901444,-0.989875244310951,0));
#11785=DIRECTION('',(-0.997988060218045,0.06340214241036264,0));
#11786=FACE_SURFACE('',(#11791),#11787,.T.);
#11787=PLANE('',#11788);
#11788=AXIS2_PLACEMENT_3D('',#466,#11789,#11790);
#11789=DIRECTION('',(0,0,-1));
#11790=DIRECTION('',(-0.9807610784470353,0.19521195404843472,0));
#11791=FACE_BOUND('',#11792,.T.);
#11792=EDGE_LOOP('',(#11793,#11794,#11795));
#11793=ORIENTED_EDGE('',*,*,#11796,.T.);
#11794=ORIENTED_EDGE('',*,*,#11797,.T.);
#11795=ORIENTED_EDGE('',*,*,#11798,.T.);
#11796=EDGE_CURVE('',#467,#465,#11799,.F.);
#11797=EDGE_CURVE('',#465,#51,#11800,.T.);
#11798=EDGE_CURVE('',#51,#467,#11801,.T.);
#11799=LINE('',#466,#11802);
#11800=LINE('',#464,#11803);
#11801=LINE('',#50,#11804);
#11802=VECTOR('',#11805,1.0);
#11803=VECTOR('',#11806,1.0);
#11804=VECTOR('',#11807,1.0);
#11805=DIRECTION('',(-0.9807610784470353,0.19521195404843472,0));
#11806=DIRECTION('',(0.1419401306901444,0.989875244310951,0));
#11807=DIRECTION('',(-0.13570961034156706,-0.9907486571582824,0));
#11808=FACE_SURFACE('',(#11813),#11809,.T.);
#11809=PLANE('',#11810);
#11810=AXIS2_PLACEMENT_3D('',#80,#11811,#11812);
#11811=DIRECTION('',(-0.06573908068365164,0.9978368470200267,0));
#11812=DIRECTION('',(0,0,1));
#11813=FACE_BOUND('',#11814,.T.);
#11814=EDGE_LOOP('',(#11815,#11816,#11817));
#11815=ORIENTED_EDGE('',*,*,#11818,.T.);
#11816=ORIENTED_EDGE('',*,*,#11819,.T.);
#11817=ORIENTED_EDGE('',*,*,#11820,.T.);
#11818=EDGE_CURVE('',#81,#385,#11821,.F.);
#11819=EDGE_CURVE('',#385,#383,#11822,.T.);
#11820=EDGE_CURVE('',#383,#81,#11823,.T.);
#11821=LINE('',#80,#11824);
#11822=LINE('',#384,#11825);
#11823=LINE('',#382,#11826);
#11824=VECTOR('',#11827,1.0);
#11825=VECTOR('',#11828,1.0);
#11826=VECTOR('',#11829,1.0);
#11827=DIRECTION('',(0,0,1));
#11828=DIRECTION('',(0.9978368470200267,0.06573908068365164,0));
#11829=DIRECTION('',(-0.02499233662905593,-0.0016465349410949496,-0.9996862868082705));
#11830=FACE_SURFACE('',(#11835),#11831,.T.);
#11831=PLANE('',#11832);
#11832=AXIS2_PLACEMENT_3D('',#350,#11833,#11834);
#11833=DIRECTION('',(0.9979880242093762,0.06340270920603858,0));
#11834=DIRECTION('',(0.06340270920603859,-0.9979880242093763,0));
#11835=FACE_BOUND('',#11836,.T.);
#11836=EDGE_LOOP('',(#11837,#11838,#11839));
#11837=ORIENTED_EDGE('',*,*,#11840,.T.);
#11838=ORIENTED_EDGE('',*,*,#11841,.T.);
#11839=ORIENTED_EDGE('',*,*,#11842,.T.);
#11840=EDGE_CURVE('',#351,#431,#11843,.F.);
#11841=EDGE_CURVE('',#431,#461,#11844,.T.);
#11842=EDGE_CURVE('',#461,#351,#11845,.T.);
#11843=LINE('',#350,#11846);
#11844=LINE('',#430,#11847);
#11845=LINE('',#460,#11848);
#11846=VECTOR('',#11849,1.0);
#11847=VECTOR('',#11850,1.0);
#11848=VECTOR('',#11851,1.0);
#11849=DIRECTION('',(0.06340270920603859,-0.9979880242093763,0));
#11850=DIRECTION('',(-0.0026975977403553343,0.04246143852087145,-0.9990944646054093));
#11851=DIRECTION('',(0,0,1));
#11852=FACE_SURFACE('',(#11857),#11853,.T.);
#11853=PLANE('',#11854);
#11854=AXIS2_PLACEMENT_3D('',#558,#11855,#11856);
#11855=DIRECTION('',(0.9979880242093762,0.06340270920603858,-0));
#11856=DIRECTION('',(-0.06340270920603859,0.9979880242093763,0));
#11857=FACE_BOUND('',#11858,.T.);
#11858=EDGE_LOOP('',(#11859,#11860,#11861));
#11859=ORIENTED_EDGE('',*,*,#11862,.T.);
#11860=ORIENTED_EDGE('',*,*,#11863,.T.);
#11861=ORIENTED_EDGE('',*,*,#11864,.T.);
#11862=EDGE_CURVE('',#559,#461,#11865,.F.);
#11863=EDGE_CURVE('',#461,#431,#11866,.T.);
#11864=EDGE_CURVE('',#431,#559,#11867,.T.);
#11865=LINE('',#558,#11868);
#11866=LINE('',#460,#11869);
#11867=LINE('',#430,#11870);
#11868=VECTOR('',#11871,1.0);
#11869=VECTOR('',#11872,1.0);
#11870=VECTOR('',#11873,1.0);
#11871=DIRECTION('',(-0.06340270920603859,0.9979880242093763,0));
#11872=DIRECTION('',(0.0026975977403553343,-0.04246143852087145,0.9990944646054093));
#11873=DIRECTION('',(0,0,-1));
#11874=FACE_SURFACE('',(#11879),#11875,.T.);
#11875=PLANE('',#11876);
#11876=AXIS2_PLACEMENT_3D('',#564,#11877,#11878);
#11877=DIRECTION('',(0,0,-1));
#11878=DIRECTION('',(-0.26209616052401563,0.9650417621214998,0));
#11879=FACE_BOUND('',#11880,.T.);
#11880=EDGE_LOOP('',(#11881,#11882,#11883));
#11881=ORIENTED_EDGE('',*,*,#11884,.T.);
#11882=ORIENTED_EDGE('',*,*,#11885,.T.);
#11883=ORIENTED_EDGE('',*,*,#11886,.T.);
#11884=EDGE_CURVE('',#565,#47,#11887,.F.);
#11885=EDGE_CURVE('',#47,#67,#11888,.T.);
#11886=EDGE_CURVE('',#67,#565,#11889,.T.);
#11887=LINE('',#564,#11890);
#11888=LINE('',#46,#11891);
#11889=LINE('',#66,#11892);
#11890=VECTOR('',#11893,1.0);
#11891=VECTOR('',#11894,1.0);
#11892=VECTOR('',#11895,1.0);
#11893=DIRECTION('',(-0.26209616052401563,0.9650417621214998,0));
#11894=DIRECTION('',(0.26799726087125425,-0.96341967395601,0));
#11895=DIRECTION('',(-0.9807610784470353,-0.19521195404843472,0));
#11896=FACE_SURFACE('',(#11901),#11897,.T.);
#11897=PLANE('',#11898);
#11898=AXIS2_PLACEMENT_3D('',#552,#11899,#11900);
#11899=DIRECTION('',(-0.9807610784470354,0.19521195404843475,0));
#11900=DIRECTION('',(0,0,1));
#11901=FACE_BOUND('',#11902,.T.);
#11902=EDGE_LOOP('',(#11903,#11904,#11905));
#11903=ORIENTED_EDGE('',*,*,#11906,.T.);
#11904=ORIENTED_EDGE('',*,*,#11907,.T.);
#11905=ORIENTED_EDGE('',*,*,#11908,.T.);
#11906=EDGE_CURVE('',#553,#453,#11909,.F.);
#11907=EDGE_CURVE('',#453,#451,#11910,.T.);
#11908=EDGE_CURVE('',#451,#553,#11911,.T.);
#11909=LINE('',#552,#11912);
#11910=LINE('',#452,#11913);
#11911=LINE('',#450,#11914);
#11912=VECTOR('',#11915,1.0);
#11913=VECTOR('',#11916,1.0);
#11914=VECTOR('',#11917,1.0);
#11915=DIRECTION('',(0,0,1));
#11916=DIRECTION('',(0.19521195404843472,0.9807610784470353,0));
#11917=DIRECTION('',(-0.008292526168644636,-0.04166234054597021,-0.999097334292297));
#11918=FACE_SURFACE('',(#11923),#11919,.T.);
#11919=PLANE('',#11920);
#11920=AXIS2_PLACEMENT_3D('',#566,#11921,#11922);
#11921=DIRECTION('',(0,0,-1));
#11922=DIRECTION('',(-0.2561761198378844,0.9666301234830239,0));
#11923=FACE_BOUND('',#11924,.T.);
#11924=EDGE_LOOP('',(#11925,#11926,#11927));
#11925=ORIENTED_EDGE('',*,*,#11928,.T.);
#11926=ORIENTED_EDGE('',*,*,#11929,.T.);
#11927=ORIENTED_EDGE('',*,*,#11930,.T.);
#11928=EDGE_CURVE('',#567,#47,#11931,.F.);
#11929=EDGE_CURVE('',#47,#565,#11932,.T.);
#11930=EDGE_CURVE('',#565,#567,#11933,.T.);
#11931=LINE('',#566,#11934);
#11932=LINE('',#46,#11935);
#11933=LINE('',#564,#11936);
#11934=VECTOR('',#11937,1.0);
#11935=VECTOR('',#11938,1.0);
#11936=VECTOR('',#11939,1.0);
#11937=DIRECTION('',(-0.2561761198378844,0.9666301234830239,0));
#11938=DIRECTION('',(0.26209616052401563,-0.9650417621214998,0));
#11939=DIRECTION('',(-0.9467880941111669,-0.32185758473173176,0));
#11940=FACE_SURFACE('',(#11945),#11941,.T.);
#11941=PLANE('',#11942);
#11942=AXIS2_PLACEMENT_3D('',#412,#11943,#11944);
#11943=DIRECTION('',(0.9979880242093762,0.06340270920603859,0));
#11944=DIRECTION('',(0.06340270920603859,-0.9979880242093763,0));
#11945=FACE_BOUND('',#11946,.T.);
#11946=EDGE_LOOP('',(#11947,#11948,#11949));
#11947=ORIENTED_EDGE('',*,*,#11950,.T.);
#11948=ORIENTED_EDGE('',*,*,#11951,.T.);
#11949=ORIENTED_EDGE('',*,*,#11952,.T.);
#11950=EDGE_CURVE('',#413,#415,#11953,.F.);
#11951=EDGE_CURVE('',#415,#131,#11954,.T.);
#11952=EDGE_CURVE('',#131,#413,#11955,.T.);
#11953=LINE('',#412,#11956);
#11954=LINE('',#414,#11957);
#11955=LINE('',#130,#11958);
#11956=VECTOR('',#11959,1.0);
#11957=VECTOR('',#11960,1.0);
#11958=VECTOR('',#11961,1.0);
#11959=DIRECTION('',(0.06340270920603859,-0.9979880242093763,0));
#11960=DIRECTION('',(-0.0015877623278025134,0.024992114820967196,-0.9996863874273602));
#11961=DIRECTION('',(0,0,1));
#11962=FACE_SURFACE('',(#11967),#11963,.T.);
#11963=PLANE('',#11964);
#11964=AXIS2_PLACEMENT_3D('',#452,#11965,#11966);
#11965=DIRECTION('',(-0.9467867556946918,0.3218615218399364,0));
#11966=DIRECTION('',(0,0,-1));
#11967=FACE_BOUND('',#11968,.T.);
#11968=EDGE_LOOP('',(#11969,#11970,#11971));
#11969=ORIENTED_EDGE('',*,*,#11972,.T.);
#11970=ORIENTED_EDGE('',*,*,#11973,.T.);
#11971=ORIENTED_EDGE('',*,*,#11974,.T.);
#11972=EDGE_CURVE('',#453,#553,#11975,.F.);
#11973=EDGE_CURVE('',#553,#549,#11976,.T.);
#11974=EDGE_CURVE('',#549,#453,#11977,.T.);
#11975=LINE('',#452,#11978);
#11976=LINE('',#552,#11979);
#11977=LINE('',#548,#11980);
#11978=VECTOR('',#11981,1.0);
#11979=VECTOR('',#11982,1.0);
#11980=VECTOR('',#11983,1.0);
#11981=DIRECTION('',(0,0,-1));
#11982=DIRECTION('',(-0.32186152183993644,-0.9467867556946918,0));
#11983=DIRECTION('',(0.013687709693838089,0.04026372018574032,0.9990953305066248));
#11984=FACE_SURFACE('',(#11989),#11985,.T.);
#11985=PLANE('',#11986);
#11986=AXIS2_PLACEMENT_3D('',#452,#11987,#11988);
#11987=DIRECTION('',(-0.9467867556946918,0.3218615218399364,0));
#11988=DIRECTION('',(-0.013687709693838089,-0.04026372018574032,-0.9990953305066248));
#11989=FACE_BOUND('',#11990,.T.);
#11990=EDGE_LOOP('',(#11991,#11992,#11993));
#11991=ORIENTED_EDGE('',*,*,#11994,.T.);
#11992=ORIENTED_EDGE('',*,*,#11995,.T.);
#11993=ORIENTED_EDGE('',*,*,#11996,.T.);
#11994=EDGE_CURVE('',#453,#549,#11997,.F.);
#11995=EDGE_CURVE('',#549,#455,#11998,.T.);
#11996=EDGE_CURVE('',#455,#453,#11999,.T.);
#11997=LINE('',#452,#12000);
#11998=LINE('',#548,#12001);
#11999=LINE('',#454,#12002);
#12000=VECTOR('',#12003,1.0);
#12001=VECTOR('',#12004,1.0);
#12002=VECTOR('',#12005,1.0);
#12003=DIRECTION('',(-0.013687709693838089,-0.04026372018574032,-0.9990953305066248));
#12004=DIRECTION('',(0,0,1));
#12005=DIRECTION('',(0.32186152183993644,0.9467867556946918,0));
#12006=FACE_SURFACE('',(#12011),#12007,.T.);
#12007=PLANE('',#12008);
#12008=AXIS2_PLACEMENT_3D('',#550,#12009,#12010);
#12009=DIRECTION('',(-0.8967717057651823,0.4424935115219267,0));
#12010=DIRECTION('',(0,0,1));
#12011=FACE_BOUND('',#12012,.T.);
#12012=EDGE_LOOP('',(#12013,#12014,#12015));
#12013=ORIENTED_EDGE('',*,*,#12016,.T.);
#12014=ORIENTED_EDGE('',*,*,#12017,.T.);
#12015=ORIENTED_EDGE('',*,*,#12018,.T.);
#12016=EDGE_CURVE('',#551,#445,#12019,.F.);
#12017=EDGE_CURVE('',#445,#549,#12020,.T.);
#12018=EDGE_CURVE('',#549,#551,#12021,.T.);
#12019=LINE('',#550,#12022);
#12020=LINE('',#444,#12023);
#12021=LINE('',#548,#12024);
#12022=VECTOR('',#12025,1.0);
#12023=VECTOR('',#12026,1.0);
#12024=VECTOR('',#12027,1.0);
#12025=DIRECTION('',(0,0,1));
#12026=DIRECTION('',(0.018782647142206916,0.03806552204250292,-0.9990987079352887));
#12027=DIRECTION('',(-0.4424935115219267,-0.8967717057651822,0));
#12028=FACE_SURFACE('',(#12033),#12029,.T.);
#12029=PLANE('',#12030);
#12030=AXIS2_PLACEMENT_3D('',#454,#12031,#12032);
#12031=DIRECTION('',(-0.8967717057651823,0.4424935115219267,0));
#12032=DIRECTION('',(0,0,-1));
#12033=FACE_BOUND('',#12034,.T.);
#12034=EDGE_LOOP('',(#12035,#12036,#12037));
#12035=ORIENTED_EDGE('',*,*,#12038,.T.);
#12036=ORIENTED_EDGE('',*,*,#12039,.T.);
#12037=ORIENTED_EDGE('',*,*,#12040,.T.);
#12038=EDGE_CURVE('',#455,#549,#12041,.F.);
#12039=EDGE_CURVE('',#549,#445,#12042,.T.);
#12040=EDGE_CURVE('',#445,#455,#12043,.T.);
#12041=LINE('',#454,#12044);
#12042=LINE('',#548,#12045);
#12043=LINE('',#444,#12046);
#12044=VECTOR('',#12047,1.0);
#12045=VECTOR('',#12048,1.0);
#12046=VECTOR('',#12049,1.0);
#12047=DIRECTION('',(0,0,-1));
#12048=DIRECTION('',(-0.018782647142206916,-0.03806552204250292,0.9990987079352887));
#12049=DIRECTION('',(0.4424935115219267,0.8967717057651822,0));
#12050=FACE_SURFACE('',(#12055),#12051,.T.);
#12051=PLANE('',#12052);
#12052=AXIS2_PLACEMENT_3D('',#480,#12053,#12054);
#12053=DIRECTION('',(0.9807610784470354,0.19521195404843475,0));
#12054=DIRECTION('',(0.004880837398097084,-0.024521732665483253,0.9996873821617315));
#12055=FACE_BOUND('',#12056,.T.);
#12056=EDGE_LOOP('',(#12057,#12058,#12059));
#12057=ORIENTED_EDGE('',*,*,#12060,.T.);
#12058=ORIENTED_EDGE('',*,*,#12061,.T.);
#12059=ORIENTED_EDGE('',*,*,#12062,.T.);
#12060=EDGE_CURVE('',#481,#479,#12063,.F.);
#12061=EDGE_CURVE('',#479,#519,#12064,.T.);
#12062=EDGE_CURVE('',#519,#481,#12065,.T.);
#12063=LINE('',#480,#12066);
#12064=LINE('',#478,#12067);
#12065=LINE('',#518,#12068);
#12066=VECTOR('',#12069,1.0);
#12067=VECTOR('',#12070,1.0);
#12068=VECTOR('',#12071,1.0);
#12069=DIRECTION('',(0.004880837398097084,-0.024521732665483253,0.9996873821617315));
#12070=DIRECTION('',(0,0,-1));
#12071=DIRECTION('',(-0.19521195404843472,0.9807610784470353,0));
#12072=FACE_SURFACE('',(#12077),#12073,.T.);
#12073=PLANE('',#12074);
#12074=AXIS2_PLACEMENT_3D('',#514,#12075,#12076);
#12075=DIRECTION('',(-0.8309659069501955,0.5563233425683655,0));
#12076=DIRECTION('',(0,0,1));
#12077=FACE_BOUND('',#12078,.T.);
#12078=EDGE_LOOP('',(#12079,#12080,#12081));
#12079=ORIENTED_EDGE('',*,*,#12082,.T.);
#12080=ORIENTED_EDGE('',*,*,#12083,.T.);
#12081=ORIENTED_EDGE('',*,*,#12084,.T.);
#12082=EDGE_CURVE('',#515,#367,#12085,.F.);
#12083=EDGE_CURVE('',#367,#551,#12086,.T.);
#12084=EDGE_CURVE('',#551,#515,#12087,.T.);
#12085=LINE('',#514,#12088);
#12086=LINE('',#366,#12089);
#12087=LINE('',#550,#12090);
#12088=VECTOR('',#12091,1.0);
#12089=VECTOR('',#12092,1.0);
#12090=VECTOR('',#12093,1.0);
#12091=DIRECTION('',(0,0,1));
#12092=DIRECTION('',(0.02367847449169883,0.03536792998897694,-0.9990938090960432));
#12093=DIRECTION('',(-0.5563233425683655,-0.8309659069501956,0));
#12094=FACE_SURFACE('',(#12099),#12095,.T.);
#12095=PLANE('',#12096);
#12096=AXIS2_PLACEMENT_3D('',#518,#12097,#12098);
#12097=DIRECTION('',(0.9467890225088132,0.3218548537101871,-0));
#12098=DIRECTION('',(0,0,1));
#12099=FACE_BOUND('',#12100,.T.);
#12100=EDGE_LOOP('',(#12101,#12102,#12103));
#12101=ORIENTED_EDGE('',*,*,#12104,.T.);
#12102=ORIENTED_EDGE('',*,*,#12105,.T.);
#12103=ORIENTED_EDGE('',*,*,#12106,.T.);
#12104=EDGE_CURVE('',#519,#479,#12107,.F.);
#12105=EDGE_CURVE('',#479,#483,#12108,.T.);
#12106=EDGE_CURVE('',#483,#519,#12109,.T.);
#12107=LINE('',#518,#12110);
#12108=LINE('',#478,#12111);
#12109=LINE('',#482,#12112);
#12110=VECTOR('',#12113,1.0);
#12111=VECTOR('',#12114,1.0);
#12112=VECTOR('',#12115,1.0);
#12113=DIRECTION('',(0,0,1));
#12114=DIRECTION('',(0.3218548537101871,-0.9467890225088132,0));
#12115=DIRECTION('',(-0.008056135328262088,0.023698447933030383,-0.9996866920436313));
#12116=FACE_SURFACE('',(#12121),#12117,.T.);
#12117=PLANE('',#12118);
#12118=AXIS2_PLACEMENT_3D('',#518,#12119,#12120);
#12119=DIRECTION('',(0.9467890225088132,0.3218548537101871,0));
#12120=DIRECTION('',(0.008056135328262088,-0.023698447933030383,0.9996866920436313));
#12121=FACE_BOUND('',#12122,.T.);
#12122=EDGE_LOOP('',(#12123,#12124,#12125));
#12123=ORIENTED_EDGE('',*,*,#12126,.T.);
#12124=ORIENTED_EDGE('',*,*,#12127,.T.);
#12125=ORIENTED_EDGE('',*,*,#12128,.T.);
#12126=EDGE_CURVE('',#519,#483,#12129,.F.);
#12127=EDGE_CURVE('',#483,#521,#12130,.T.);
#12128=EDGE_CURVE('',#521,#519,#12131,.T.);
#12129=LINE('',#518,#12132);
#12130=LINE('',#482,#12133);
#12131=LINE('',#520,#12134);
#12132=VECTOR('',#12135,1.0);
#12133=VECTOR('',#12136,1.0);
#12134=VECTOR('',#12137,1.0);
#12135=DIRECTION('',(0.008056135328262088,-0.023698447933030383,0.9996866920436313));
#12136=DIRECTION('',(0,0,-1));
#12137=DIRECTION('',(-0.3218548537101871,0.9467890225088132,0));
#12138=FACE_SURFACE('',(#12143),#12139,.T.);
#12139=PLANE('',#12140);
#12140=AXIS2_PLACEMENT_3D('',#516,#12141,#12142);
#12141=DIRECTION('',(-0.6585058781555257,0.7525755832038533,0));
#12142=DIRECTION('',(-0.7525755832038533,-0.6585058781555257,0));
#12143=FACE_BOUND('',#12144,.T.);
#12144=EDGE_LOOP('',(#12145,#12146,#12147));
#12145=ORIENTED_EDGE('',*,*,#12148,.T.);
#12146=ORIENTED_EDGE('',*,*,#12149,.T.);
#12147=ORIENTED_EDGE('',*,*,#12150,.T.);
#12148=EDGE_CURVE('',#517,#513,#12151,.F.);
#12149=EDGE_CURVE('',#513,#271,#12152,.T.);
#12150=EDGE_CURVE('',#271,#517,#12153,.T.);
#12151=LINE('',#516,#12154);
#12152=LINE('',#512,#12155);
#12153=LINE('',#270,#12156);
#12154=VECTOR('',#12157,1.0);
#12155=VECTOR('',#12158,1.0);
#12156=VECTOR('',#12159,1.0);
#12157=DIRECTION('',(-0.7525755832038533,-0.6585058781555257,0));
#12158=DIRECTION('',(0.03197108064714112,0.0279747908475846,0.9990972230365212));
#12159=DIRECTION('',(0,0,-1));
#12160=FACE_SURFACE('',(#12165),#12161,.T.);
#12161=PLANE('',#12162);
#12162=AXIS2_PLACEMENT_3D('',#532,#12163,#12164);
#12163=DIRECTION('',(0.8967690218667382,0.4424989507560145,-0));
#12164=DIRECTION('',(-0.4424989507560144,0.8967690218667381,0));
#12165=FACE_BOUND('',#12166,.T.);
#12166=EDGE_LOOP('',(#12167,#12168,#12169));
#12167=ORIENTED_EDGE('',*,*,#12170,.T.);
#12168=ORIENTED_EDGE('',*,*,#12171,.T.);
#12169=ORIENTED_EDGE('',*,*,#12172,.T.);
#12170=EDGE_CURVE('',#533,#521,#12173,.F.);
#12171=EDGE_CURVE('',#521,#411,#12174,.T.);
#12172=EDGE_CURVE('',#411,#533,#12175,.T.);
#12173=LINE('',#532,#12176);
#12174=LINE('',#520,#12177);
#12175=LINE('',#410,#12178);
#12176=VECTOR('',#12179,1.0);
#12177=VECTOR('',#12180,1.0);
#12178=VECTOR('',#12181,1.0);
#12179=DIRECTION('',(-0.4424989507560144,0.8967690218667381,0));
#12180=DIRECTION('',(0.011055355403055541,-0.02240479945601888,0.9996878533213494));
#12181=DIRECTION('',(0,0,-1));
#12182=FACE_SURFACE('',(#12187),#12183,.T.);
#12183=PLANE('',#12184);
#12184=AXIS2_PLACEMENT_3D('',#482,#12185,#12186);
#12185=DIRECTION('',(0.8967690218667382,0.4424989507560145,0));
#12186=DIRECTION('',(0.4424989507560144,-0.8967690218667381,0));
#12187=FACE_BOUND('',#12188,.T.);
#12188=EDGE_LOOP('',(#12189,#12190,#12191));
#12189=ORIENTED_EDGE('',*,*,#12192,.T.);
#12190=ORIENTED_EDGE('',*,*,#12193,.T.);
#12191=ORIENTED_EDGE('',*,*,#12194,.T.);
#12192=EDGE_CURVE('',#483,#411,#12195,.F.);
#12193=EDGE_CURVE('',#411,#521,#12196,.T.);
#12194=EDGE_CURVE('',#521,#483,#12197,.T.);
#12195=LINE('',#482,#12198);
#12196=LINE('',#410,#12199);
#12197=LINE('',#520,#12200);
#12198=VECTOR('',#12201,1.0);
#12199=VECTOR('',#12202,1.0);
#12200=VECTOR('',#12203,1.0);
#12201=DIRECTION('',(0.4424989507560144,-0.8967690218667381,0));
#12202=DIRECTION('',(-0.011055355403055541,0.02240479945601888,-0.9996878533213494));
#12203=DIRECTION('',(0,0,1));
#12204=FACE_SURFACE('',(#12209),#12205,.T.);
#12205=PLANE('',#12206);
#12206=AXIS2_PLACEMENT_3D('',#408,#12207,#12208);
#12207=DIRECTION('',(0.8309659069501956,0.5563233425683656,0));
#12208=DIRECTION('',(0,0,-1));
#12209=FACE_BOUND('',#12210,.T.);
#12210=EDGE_LOOP('',(#12211,#12212,#12213));
#12211=ORIENTED_EDGE('',*,*,#12214,.T.);
#12212=ORIENTED_EDGE('',*,*,#12215,.T.);
#12213=ORIENTED_EDGE('',*,*,#12216,.T.);
#12214=EDGE_CURVE('',#409,#531,#12217,.F.);
#12215=EDGE_CURVE('',#531,#411,#12218,.T.);
#12216=EDGE_CURVE('',#411,#409,#12219,.T.);
#12217=LINE('',#408,#12220);
#12218=LINE('',#530,#12221);
#12219=LINE('',#410,#12222);
#12220=VECTOR('',#12223,1.0);
#12221=VECTOR('',#12224,1.0);
#12222=VECTOR('',#12225,1.0);
#12223=DIRECTION('',(0,0,-1));
#12224=DIRECTION('',(-0.013936772461196206,0.020816999543306507,0.9996861602039807));
#12225=DIRECTION('',(0.5563233425683655,-0.8309659069501956,0));
#12226=FACE_SURFACE('',(#12231),#12227,.T.);
#12227=PLANE('',#12228);
#12228=AXIS2_PLACEMENT_3D('',#532,#12229,#12230);
#12229=DIRECTION('',(0.8309659069501956,0.5563233425683656,-0));
#12230=DIRECTION('',(0,0,1));
#12231=FACE_BOUND('',#12232,.T.);
#12232=EDGE_LOOP('',(#12233,#12234,#12235));
#12233=ORIENTED_EDGE('',*,*,#12236,.T.);
#12234=ORIENTED_EDGE('',*,*,#12237,.T.);
#12235=ORIENTED_EDGE('',*,*,#12238,.T.);
#12236=EDGE_CURVE('',#533,#411,#12239,.F.);
#12237=EDGE_CURVE('',#411,#531,#12240,.T.);
#12238=EDGE_CURVE('',#531,#533,#12241,.T.);
#12239=LINE('',#532,#12242);
#12240=LINE('',#410,#12243);
#12241=LINE('',#530,#12244);
#12242=VECTOR('',#12245,1.0);
#12243=VECTOR('',#12246,1.0);
#12244=VECTOR('',#12247,1.0);
#12245=DIRECTION('',(0,0,1));
#12246=DIRECTION('',(0.013936772461196206,-0.020816999543306507,-0.9996861602039807));
#12247=DIRECTION('',(-0.5563233425683655,0.8309659069501956,0));
#12248=FACE_SURFACE('',(#12253),#12249,.T.);
#12249=PLANE('',#12250);
#12250=AXIS2_PLACEMENT_3D('',#534,#12251,#12252);
#12251=DIRECTION('',(0.7525733602012215,0.6585084187126559,-0));
#12252=DIRECTION('',(-0.6585084187126559,0.7525733602012215,0));
#12253=FACE_BOUND('',#12254,.T.);
#12254=EDGE_LOOP('',(#12255,#12256,#12257));
#12255=ORIENTED_EDGE('',*,*,#12258,.T.);
#12256=ORIENTED_EDGE('',*,*,#12259,.T.);
#12257=ORIENTED_EDGE('',*,*,#12260,.T.);
#12258=EDGE_CURVE('',#535,#531,#12261,.F.);
#12259=EDGE_CURVE('',#531,#405,#12262,.T.);
#12260=EDGE_CURVE('',#405,#535,#12263,.T.);
#12261=LINE('',#534,#12264);
#12262=LINE('',#530,#12265);
#12263=LINE('',#404,#12266);
#12264=VECTOR('',#12267,1.0);
#12265=VECTOR('',#12268,1.0);
#12266=VECTOR('',#12269,1.0);
#12267=DIRECTION('',(-0.6585084187126559,0.7525733602012215,0));
#12268=DIRECTION('',(0.016465591110190077,-0.018817626134104506,0.9996873417504442));
#12269=DIRECTION('',(0,0,-1));
#12270=FACE_SURFACE('',(#12275),#12271,.T.);
#12271=PLANE('',#12272);
#12272=AXIS2_PLACEMENT_3D('',#408,#12273,#12274);
#12273=DIRECTION('',(0.7525733602012215,0.6585084187126559,0));
#12274=DIRECTION('',(0.6585084187126559,-0.7525733602012215,0));
#12275=FACE_BOUND('',#12276,.T.);
#12276=EDGE_LOOP('',(#12277,#12278,#12279));
#12277=ORIENTED_EDGE('',*,*,#12280,.T.);
#12278=ORIENTED_EDGE('',*,*,#12281,.T.);
#12279=ORIENTED_EDGE('',*,*,#12282,.T.);
#12280=EDGE_CURVE('',#409,#405,#12283,.F.);
#12281=EDGE_CURVE('',#405,#531,#12284,.T.);
#12282=EDGE_CURVE('',#531,#409,#12285,.T.);
#12283=LINE('',#408,#12286);
#12284=LINE('',#404,#12287);
#12285=LINE('',#530,#12288);
#12286=VECTOR('',#12289,1.0);
#12287=VECTOR('',#12290,1.0);
#12288=VECTOR('',#12291,1.0);
#12289=DIRECTION('',(0.6585084187126559,-0.7525733602012215,0));
#12290=DIRECTION('',(-0.016465591110190077,0.018817626134104506,-0.9996873417504442));
#12291=DIRECTION('',(0,0,1));
#12292=FACE_SURFACE('',(#12297),#12293,.T.);
#12293=PLANE('',#12294);
#12294=AXIS2_PLACEMENT_3D('',#582,#12295,#12296);
#12295=DIRECTION('',(0,0,-1));
#12296=DIRECTION('',(0.10121561908346888,0.9948645126114158,0));
#12297=FACE_BOUND('',#12298,.T.);
#12298=EDGE_LOOP('',(#12299,#12300,#12301));
#12299=ORIENTED_EDGE('',*,*,#12302,.T.);
#12300=ORIENTED_EDGE('',*,*,#12303,.T.);
#12301=ORIENTED_EDGE('',*,*,#12304,.T.);
#12302=EDGE_CURVE('',#583,#51,#12305,.F.);
#12303=EDGE_CURVE('',#51,#581,#12306,.T.);
#12304=EDGE_CURVE('',#581,#583,#12307,.T.);
#12305=LINE('',#582,#12308);
#12306=LINE('',#50,#12309);
#12307=LINE('',#580,#12310);
#12308=VECTOR('',#12311,1.0);
#12309=VECTOR('',#12312,1.0);
#12310=VECTOR('',#12313,1.0);
#12311=DIRECTION('',(0.10121561908346888,0.9948645126114158,0));
#12312=DIRECTION('',(-0.09868025434322583,-0.9951191925607487,0));
#12313=DIRECTION('',(-0.3218628873605388,0.946786291482897,0));
#12314=FACE_SURFACE('',(#12319),#12315,.T.);
#12315=PLANE('',#12316);
#12316=AXIS2_PLACEMENT_3D('',#406,#12317,#12318);
#12317=DIRECTION('',(0.6585084187126559,0.7525733602012215,0));
#12318=DIRECTION('',(0,0,-1));
#12319=FACE_BOUND('',#12320,.T.);
#12320=EDGE_LOOP('',(#12321,#12322,#12323));
#12321=ORIENTED_EDGE('',*,*,#12324,.T.);
#12322=ORIENTED_EDGE('',*,*,#12325,.T.);
#12323=ORIENTED_EDGE('',*,*,#12326,.T.);
#12324=EDGE_CURVE('',#407,#437,#12327,.F.);
#12325=EDGE_CURVE('',#437,#535,#12328,.T.);
#12326=EDGE_CURVE('',#535,#407,#12329,.T.);
#12327=LINE('',#406,#12330);
#12328=LINE('',#436,#12331);
#12329=LINE('',#534,#12332);
#12330=VECTOR('',#12333,1.0);
#12331=VECTOR('',#12334,1.0);
#12332=VECTOR('',#12335,1.0);
#12333=DIRECTION('',(0,0,-1));
#12334=DIRECTION('',(-0.7525733602012215,0.6585084187126559,0));
#12335=DIRECTION('',(0.018817626134104506,-0.016465591110190077,0.9996873417504442));
#12336=FACE_SURFACE('',(#12341),#12337,.T.);
#12337=PLANE('',#12338);
#12338=AXIS2_PLACEMENT_3D('',#406,#12339,#12340);
#12339=DIRECTION('',(0.6585084187126559,0.7525733602012215,0));
#12340=DIRECTION('',(-0.018817626134104506,0.016465591110190077,-0.9996873417504442));
#12341=FACE_BOUND('',#12342,.T.);
#12342=EDGE_LOOP('',(#12343,#12344,#12345));
#12343=ORIENTED_EDGE('',*,*,#12346,.T.);
#12344=ORIENTED_EDGE('',*,*,#12347,.T.);
#12345=ORIENTED_EDGE('',*,*,#12348,.T.);
#12346=EDGE_CURVE('',#407,#535,#12349,.F.);
#12347=EDGE_CURVE('',#535,#405,#12350,.T.);
#12348=EDGE_CURVE('',#405,#407,#12351,.T.);
#12349=LINE('',#406,#12352);
#12350=LINE('',#534,#12353);
#12351=LINE('',#404,#12354);
#12352=VECTOR('',#12355,1.0);
#12353=VECTOR('',#12356,1.0);
#12354=VECTOR('',#12357,1.0);
#12355=DIRECTION('',(-0.018817626134104506,0.016465591110190077,-0.9996873417504442));
#12356=DIRECTION('',(0,0,1));
#12357=DIRECTION('',(0.7525733602012215,-0.6585084187126559,0));
#12358=FACE_SURFACE('',(#12363),#12359,.T.);
#12359=PLANE('',#12360);
#12360=AXIS2_PLACEMENT_3D('',#584,#12361,#12362);
#12361=DIRECTION('',(0,0,-1));
#12362=DIRECTION('',(0.10447957240636305,0.99452703278985,0));
#12363=FACE_BOUND('',#12364,.T.);
#12364=EDGE_LOOP('',(#12365,#12366,#12367));
#12365=ORIENTED_EDGE('',*,*,#12368,.T.);
#12366=ORIENTED_EDGE('',*,*,#12369,.T.);
#12367=ORIENTED_EDGE('',*,*,#12370,.T.);
#12368=EDGE_CURVE('',#585,#51,#12371,.F.);
#12369=EDGE_CURVE('',#51,#583,#12372,.T.);
#12370=EDGE_CURVE('',#583,#585,#12373,.T.);
#12371=LINE('',#584,#12374);
#12372=LINE('',#50,#12375);
#12373=LINE('',#582,#12376);
#12374=VECTOR('',#12377,1.0);
#12375=VECTOR('',#12378,1.0);
#12376=VECTOR('',#12379,1.0);
#12377=DIRECTION('',(0.10447957240636305,0.99452703278985,0));
#12378=DIRECTION('',(-0.10121561908346888,-0.9948645126114158,0));
#12379=DIRECTION('',(-0.44249173006282944,0.8967725847872492,0));
#12380=FACE_SURFACE('',(#12385),#12381,.T.);
#12381=PLANE('',#12382);
#12382=AXIS2_PLACEMENT_3D('',#76,#12383,#12384);
#12383=DIRECTION('',(0,0,-1));
#12384=DIRECTION('',(-0.19521195404843472,0.9807610784470353,0));
#12385=FACE_BOUND('',#12386,.T.);
#12386=EDGE_LOOP('',(#12387,#12388,#12389));
#12387=ORIENTED_EDGE('',*,*,#12390,.T.);
#12388=ORIENTED_EDGE('',*,*,#12391,.T.);
#12389=ORIENTED_EDGE('',*,*,#12392,.T.);
#12390=EDGE_CURVE('',#77,#581,#12393,.F.);
#12391=EDGE_CURVE('',#581,#51,#12394,.T.);
#12392=EDGE_CURVE('',#51,#77,#12395,.T.);
#12393=LINE('',#76,#12396);
#12394=LINE('',#580,#12397);
#12395=LINE('',#50,#12398);
#12396=VECTOR('',#12399,1.0);
#12397=VECTOR('',#12400,1.0);
#12398=VECTOR('',#12401,1.0);
#12399=DIRECTION('',(-0.19521195404843472,0.9807610784470353,0));
#12400=DIRECTION('',(0.09868025434322583,0.9951191925607487,0));
#12401=DIRECTION('',(-0.09691853249707165,-0.9952923178939009,0));
#12402=FACE_SURFACE('',(#12407),#12403,.T.);
#12403=PLANE('',#12404);
#12404=AXIS2_PLACEMENT_3D('',#94,#12405,#12406);
#12405=DIRECTION('',(0.5563233425683656,0.8309659069501956,0));
#12406=DIRECTION('',(0,0,-1));
#12407=FACE_BOUND('',#12408,.T.);
#12408=EDGE_LOOP('',(#12409,#12410,#12411));
#12409=ORIENTED_EDGE('',*,*,#12412,.T.);
#12410=ORIENTED_EDGE('',*,*,#12413,.T.);
#12411=ORIENTED_EDGE('',*,*,#12414,.T.);
#12412=EDGE_CURVE('',#95,#439,#12415,.F.);
#12413=EDGE_CURVE('',#439,#407,#12416,.T.);
#12414=EDGE_CURVE('',#407,#95,#12417,.T.);
#12415=LINE('',#94,#12418);
#12416=LINE('',#438,#12419);
#12417=LINE('',#406,#12420);
#12418=VECTOR('',#12421,1.0);
#12419=VECTOR('',#12422,1.0);
#12420=VECTOR('',#12423,1.0);
#12421=DIRECTION('',(0,0,-1));
#12422=DIRECTION('',(-0.020816999543306507,0.013936772461196206,0.9996861602039807));
#12423=DIRECTION('',(0.8309659069501956,-0.5563233425683655,0));
#12424=FACE_SURFACE('',(#12429),#12425,.T.);
#12425=PLANE('',#12426);
#12426=AXIS2_PLACEMENT_3D('',#586,#12427,#12428);
#12427=DIRECTION('',(0,0,-1));
#12428=DIRECTION('',(0.10844223101541771,0.994102752502174,0));
#12429=FACE_BOUND('',#12430,.T.);
#12430=EDGE_LOOP('',(#12431,#12432,#12433));
#12431=ORIENTED_EDGE('',*,*,#12434,.T.);
#12432=ORIENTED_EDGE('',*,*,#12435,.T.);
#12433=ORIENTED_EDGE('',*,*,#12436,.T.);
#12434=EDGE_CURVE('',#587,#51,#12437,.F.);
#12435=EDGE_CURVE('',#51,#585,#12438,.T.);
#12436=EDGE_CURVE('',#585,#587,#12439,.T.);
#12437=LINE('',#586,#12440);
#12438=LINE('',#50,#12441);
#12439=LINE('',#584,#12442);
#12440=VECTOR('',#12443,1.0);
#12441=VECTOR('',#12444,1.0);
#12442=VECTOR('',#12445,1.0);
#12443=DIRECTION('',(0.10844223101541771,0.994102752502174,0));
#12444=DIRECTION('',(-0.10447957240636305,-0.99452703278985,0));
#12445=DIRECTION('',(-0.5563233425683655,0.8309659069501956,0));
#12446=FACE_SURFACE('',(#12451),#12447,.T.);
#12447=PLANE('',#12448);
#12448=AXIS2_PLACEMENT_3D('',#448,#12449,#12450);
#12449=DIRECTION('',(0.4424989507560145,0.8967690218667382,-0));
#12450=DIRECTION('',(-0.8967690218667381,0.4424989507560144,0));
#12451=FACE_BOUND('',#12452,.T.);
#12452=EDGE_LOOP('',(#12453,#12454,#12455));
#12453=ORIENTED_EDGE('',*,*,#12456,.T.);
#12454=ORIENTED_EDGE('',*,*,#12457,.T.);
#12455=ORIENTED_EDGE('',*,*,#12458,.T.);
#12456=EDGE_CURVE('',#449,#439,#12459,.F.);
#12457=EDGE_CURVE('',#439,#391,#12460,.T.);
#12458=EDGE_CURVE('',#391,#449,#12461,.T.);
#12459=LINE('',#448,#12462);
#12460=LINE('',#438,#12463);
#12461=LINE('',#390,#12464);
#12462=VECTOR('',#12465,1.0);
#12463=VECTOR('',#12466,1.0);
#12464=VECTOR('',#12467,1.0);
#12465=DIRECTION('',(-0.8967690218667381,0.4424989507560144,0));
#12466=DIRECTION('',(0.02240479945601888,-0.011055355403055541,0.9996878533213494));
#12467=DIRECTION('',(0,0,-1));
#12468=FACE_SURFACE('',(#12473),#12469,.T.);
#12469=PLANE('',#12470);
#12470=AXIS2_PLACEMENT_3D('',#390,#12471,#12472);
#12471=DIRECTION('',(0.4424989507560145,0.8967690218667382,0));
#12472=DIRECTION('',(-0.02240479945601888,0.011055355403055541,-0.9996878533213494));
#12473=FACE_BOUND('',#12474,.T.);
#12474=EDGE_LOOP('',(#12475,#12476,#12477));
#12475=ORIENTED_EDGE('',*,*,#12478,.T.);
#12476=ORIENTED_EDGE('',*,*,#12479,.T.);
#12477=ORIENTED_EDGE('',*,*,#12480,.T.);
#12478=EDGE_CURVE('',#391,#439,#12481,.F.);
#12479=EDGE_CURVE('',#439,#95,#12482,.T.);
#12480=EDGE_CURVE('',#95,#391,#12483,.T.);
#12481=LINE('',#390,#12484);
#12482=LINE('',#438,#12485);
#12483=LINE('',#94,#12486);
#12484=VECTOR('',#12487,1.0);
#12485=VECTOR('',#12488,1.0);
#12486=VECTOR('',#12489,1.0);
#12487=DIRECTION('',(-0.02240479945601888,0.011055355403055541,-0.9996878533213494));
#12488=DIRECTION('',(0,0,1));
#12489=DIRECTION('',(0.8967690218667381,-0.4424989507560144,0));
#12490=FACE_SURFACE('',(#12495),#12491,.T.);
#12491=PLANE('',#12492);
#12492=AXIS2_PLACEMENT_3D('',#578,#12493,#12494);
#12493=DIRECTION('',(0,0,-1));
#12494=DIRECTION('',(0.11300843284321083,0.9935940288197799,0));
#12495=FACE_BOUND('',#12496,.T.);
#12496=EDGE_LOOP('',(#12497,#12498,#12499));
#12497=ORIENTED_EDGE('',*,*,#12500,.T.);
#12498=ORIENTED_EDGE('',*,*,#12501,.T.);
#12499=ORIENTED_EDGE('',*,*,#12502,.T.);
#12500=EDGE_CURVE('',#579,#51,#12503,.F.);
#12501=EDGE_CURVE('',#51,#587,#12504,.T.);
#12502=EDGE_CURVE('',#587,#579,#12505,.T.);
#12503=LINE('',#578,#12506);
#12504=LINE('',#50,#12507);
#12505=LINE('',#586,#12508);
#12506=VECTOR('',#12509,1.0);
#12507=VECTOR('',#12510,1.0);
#12508=VECTOR('',#12511,1.0);
#12509=DIRECTION('',(0.11300843284321083,0.9935940288197799,0));
#12510=DIRECTION('',(-0.10844223101541771,-0.994102752502174,0));
#12511=DIRECTION('',(-0.6585033375758821,0.7525778062110414,0));
#12512=FACE_SURFACE('',(#12517),#12513,.T.);
#12513=PLANE('',#12514);
#12514=AXIS2_PLACEMENT_3D('',#388,#12515,#12516);
#12515=DIRECTION('',(0.3218575847317318,0.946788094111167,0));
#12516=DIRECTION('',(0,0,-1));
#12517=FACE_BOUND('',#12518,.T.);
#12518=EDGE_LOOP('',(#12519,#12520,#12521));
#12519=ORIENTED_EDGE('',*,*,#12522,.T.);
#12520=ORIENTED_EDGE('',*,*,#12523,.T.);
#12521=ORIENTED_EDGE('',*,*,#12524,.T.);
#12522=EDGE_CURVE('',#389,#447,#12525,.F.);
#12523=EDGE_CURVE('',#447,#391,#12526,.T.);
#12524=EDGE_CURVE('',#391,#389,#12527,.T.);
#12525=LINE('',#388,#12528);
#12526=LINE('',#446,#12529);
#12527=LINE('',#390,#12530);
#12528=VECTOR('',#12531,1.0);
#12529=VECTOR('',#12532,1.0);
#12530=VECTOR('',#12533,1.0);
#12531=DIRECTION('',(0,0,-1));
#12532=DIRECTION('',(-0.02369822373536006,0.008056135371089288,0.999686697358063));
#12533=DIRECTION('',(0.9467880941111669,-0.32185758473173176,0));
#12534=FACE_SURFACE('',(#12539),#12535,.T.);
#12535=PLANE('',#12536);
#12536=AXIS2_PLACEMENT_3D('',#490,#12537,#12538);
#12537=DIRECTION('',(0,0,-1));
#12538=DIRECTION('',(0.11812294109095493,0.9929989782411777,0));
#12539=FACE_BOUND('',#12540,.T.);
#12540=EDGE_LOOP('',(#12541,#12542,#12543));
#12541=ORIENTED_EDGE('',*,*,#12544,.T.);
#12542=ORIENTED_EDGE('',*,*,#12545,.T.);
#12543=ORIENTED_EDGE('',*,*,#12546,.T.);
#12544=EDGE_CURVE('',#491,#51,#12547,.F.);
#12545=EDGE_CURVE('',#51,#579,#12548,.T.);
#12546=EDGE_CURVE('',#579,#491,#12549,.T.);
#12547=LINE('',#490,#12550);
#12548=LINE('',#50,#12551);
#12549=LINE('',#578,#12552);
#12550=VECTOR('',#12553,1.0);
#12551=VECTOR('',#12554,1.0);
#12552=VECTOR('',#12555,1.0);
#12553=DIRECTION('',(0.11812294109095493,0.9929989782411777,0));
#12554=DIRECTION('',(-0.11300843284321083,-0.9935940288197799,0));
#12555=DIRECTION('',(-0.7525733602012215,0.6585084187126559,0));
#12556=FACE_SURFACE('',(#12561),#12557,.T.);
#12557=PLANE('',#12558);
#12558=AXIS2_PLACEMENT_3D('',#446,#12559,#12560);
#12559=DIRECTION('',(0.19521195404843475,0.9807610784470354,-0));
#12560=DIRECTION('',(0,0,1));
#12561=FACE_BOUND('',#12562,.T.);
#12562=EDGE_LOOP('',(#12563,#12564,#12565));
#12563=ORIENTED_EDGE('',*,*,#12566,.T.);
#12564=ORIENTED_EDGE('',*,*,#12567,.T.);
#12565=ORIENTED_EDGE('',*,*,#12568,.T.);
#12566=EDGE_CURVE('',#447,#389,#12569,.F.);
#12567=EDGE_CURVE('',#389,#539,#12570,.T.);
#12568=EDGE_CURVE('',#539,#447,#12571,.T.);
#12569=LINE('',#446,#12572);
#12570=LINE('',#388,#12573);
#12571=LINE('',#538,#12574);
#12572=VECTOR('',#12575,1.0);
#12573=VECTOR('',#12576,1.0);
#12574=VECTOR('',#12577,1.0);
#12575=DIRECTION('',(0,0,1));
#12576=DIRECTION('',(0.024521732665483253,-0.004880837398097084,-0.9996873821617315));
#12577=DIRECTION('',(-0.9807610784470353,0.19521195404843472,0));
#12578=FACE_SURFACE('',(#12583),#12579,.T.);
#12579=PLANE('',#12580);
#12580=AXIS2_PLACEMENT_3D('',#386,#12581,#12582);
#12581=DIRECTION('',(0.19521195404843475,0.9807610784470354,0));
#12582=DIRECTION('',(0,0,-1));
#12583=FACE_BOUND('',#12584,.T.);
#12584=EDGE_LOOP('',(#12585,#12586,#12587));
#12585=ORIENTED_EDGE('',*,*,#12588,.T.);
#12586=ORIENTED_EDGE('',*,*,#12589,.T.);
#12587=ORIENTED_EDGE('',*,*,#12590,.T.);
#12588=EDGE_CURVE('',#387,#539,#12591,.F.);
#12589=EDGE_CURVE('',#539,#389,#12592,.T.);
#12590=EDGE_CURVE('',#389,#387,#12593,.T.);
#12591=LINE('',#386,#12594);
#12592=LINE('',#538,#12595);
#12593=LINE('',#388,#12596);
#12594=VECTOR('',#12597,1.0);
#12595=VECTOR('',#12598,1.0);
#12596=VECTOR('',#12599,1.0);
#12597=DIRECTION('',(0,0,-1));
#12598=DIRECTION('',(-0.024521732665483253,0.004880837398097084,0.9996873821617315));
#12599=DIRECTION('',(0.9807610784470353,-0.19521195404843472,0));
#12600=FACE_SURFACE('',(#12605),#12601,.T.);
#12601=PLANE('',#12602);
#12602=AXIS2_PLACEMENT_3D('',#492,#12603,#12604);
#12603=DIRECTION('',(0,0,-1));
#12604=DIRECTION('',(0.12368751889872731,0.9923212169800044,0));
#12605=FACE_BOUND('',#12606,.T.);
#12606=EDGE_LOOP('',(#12607,#12608,#12609));
#12607=ORIENTED_EDGE('',*,*,#12610,.T.);
#12608=ORIENTED_EDGE('',*,*,#12611,.T.);
#12609=ORIENTED_EDGE('',*,*,#12612,.T.);
#12610=EDGE_CURVE('',#493,#51,#12613,.F.);
#12611=EDGE_CURVE('',#51,#491,#12614,.T.);
#12612=EDGE_CURVE('',#491,#493,#12615,.T.);
#12613=LINE('',#492,#12616);
#12614=LINE('',#50,#12617);
#12615=LINE('',#490,#12618);
#12616=VECTOR('',#12619,1.0);
#12617=VECTOR('',#12620,1.0);
#12618=VECTOR('',#12621,1.0);
#12619=DIRECTION('',(0.12368751889872731,0.9923212169800044,0));
#12620=DIRECTION('',(-0.11812294109095493,-0.9929989782411777,0));
#12621=DIRECTION('',(-0.8309686782890312,0.5563192030683289,0));
#12622=FACE_SURFACE('',(#12627),#12623,.T.);
#12623=PLANE('',#12624);
#12624=AXIS2_PLACEMENT_3D('',#386,#12625,#12626);
#12625=DIRECTION('',(0.06573908068365164,0.9978368470200267,0));
#12626=DIRECTION('',(0.9978368470200267,-0.06573908068365164,0));
#12627=FACE_BOUND('',#12628,.T.);
#12628=EDGE_LOOP('',(#12629,#12630,#12631));
#12629=ORIENTED_EDGE('',*,*,#12632,.T.);
#12630=ORIENTED_EDGE('',*,*,#12633,.T.);
#12631=ORIENTED_EDGE('',*,*,#12634,.T.);
#12632=EDGE_CURVE('',#387,#385,#12635,.F.);
#12633=EDGE_CURVE('',#385,#539,#12636,.T.);
#12634=EDGE_CURVE('',#539,#387,#12637,.T.);
#12635=LINE('',#386,#12638);
#12636=LINE('',#384,#12639);
#12637=LINE('',#538,#12640);
#12638=VECTOR('',#12641,1.0);
#12639=VECTOR('',#12642,1.0);
#12640=VECTOR('',#12643,1.0);
#12641=DIRECTION('',(0.9978368470200267,-0.06573908068365164,0));
#12642=DIRECTION('',(-0.02499233662905593,0.0016465349410949496,-0.9996862868082705));
#12643=DIRECTION('',(0,0,1));
#12644=FACE_SURFACE('',(#12649),#12645,.T.);
#12645=PLANE('',#12646);
#12646=AXIS2_PLACEMENT_3D('',#80,#12647,#12648);
#12647=DIRECTION('',(0.06573908068365164,0.9978368470200267,-0));
#12648=DIRECTION('',(-0.9978368470200267,0.06573908068365164,0));
#12649=FACE_BOUND('',#12650,.T.);
#12650=EDGE_LOOP('',(#12651,#12652,#12653));
#12651=ORIENTED_EDGE('',*,*,#12654,.T.);
#12652=ORIENTED_EDGE('',*,*,#12655,.T.);
#12653=ORIENTED_EDGE('',*,*,#12656,.T.);
#12654=EDGE_CURVE('',#81,#539,#12657,.F.);
#12655=EDGE_CURVE('',#539,#385,#12658,.T.);
#12656=EDGE_CURVE('',#385,#81,#12659,.T.);
#12657=LINE('',#80,#12660);
#12658=LINE('',#538,#12661);
#12659=LINE('',#384,#12662);
#12660=VECTOR('',#12663,1.0);
#12661=VECTOR('',#12664,1.0);
#12662=VECTOR('',#12665,1.0);
#12663=DIRECTION('',(-0.9978368470200267,0.06573908068365164,0));
#12664=DIRECTION('',(0.02499233662905593,-0.0016465349410949496,0.9996862868082705));
#12665=DIRECTION('',(0,0,-1));
#12666=FACE_SURFACE('',(#12671),#12667,.T.);
#12667=PLANE('',#12668);
#12668=AXIS2_PLACEMENT_3D('',#496,#12669,#12670);
#12669=DIRECTION('',(0,0,-1));
#12670=DIRECTION('',(0.12957958398662184,0.991569025037518,0));
#12671=FACE_BOUND('',#12672,.T.);
#12672=EDGE_LOOP('',(#12673,#12674,#12675));
#12673=ORIENTED_EDGE('',*,*,#12676,.T.);
#12674=ORIENTED_EDGE('',*,*,#12677,.T.);
#12675=ORIENTED_EDGE('',*,*,#12678,.T.);
#12676=EDGE_CURVE('',#497,#51,#12679,.F.);
#12677=EDGE_CURVE('',#51,#493,#12680,.T.);
#12678=EDGE_CURVE('',#493,#497,#12681,.T.);
#12679=LINE('',#496,#12682);
#12680=LINE('',#50,#12683);
#12681=LINE('',#492,#12684);
#12682=VECTOR('',#12685,1.0);
#12683=VECTOR('',#12686,1.0);
#12684=VECTOR('',#12687,1.0);
#12685=DIRECTION('',(0.12957958398662184,0.991569025037518,0));
#12686=DIRECTION('',(-0.12368751889872731,-0.9923212169800044,0));
#12687=DIRECTION('',(-0.8967672637615953,0.4425025137166356,0));
#12688=FACE_SURFACE('',(#12693),#12689,.T.);
#12689=PLANE('',#12690);
#12690=AXIS2_PLACEMENT_3D('',#466,#12691,#12692);
#12691=DIRECTION('',(0,0,-1));
#12692=DIRECTION('',(0.13570961034156706,0.9907486571582824,0));
#12693=FACE_BOUND('',#12694,.T.);
#12694=EDGE_LOOP('',(#12695,#12696,#12697));
#12695=ORIENTED_EDGE('',*,*,#12698,.T.);
#12696=ORIENTED_EDGE('',*,*,#12699,.T.);
#12697=ORIENTED_EDGE('',*,*,#12700,.T.);
#12698=EDGE_CURVE('',#467,#51,#12701,.F.);
#12699=EDGE_CURVE('',#51,#497,#12702,.T.);
#12700=EDGE_CURVE('',#497,#467,#12703,.T.);
#12701=LINE('',#466,#12704);
#12702=LINE('',#50,#12705);
#12703=LINE('',#496,#12706);
#12704=VECTOR('',#12707,1.0);
#12705=VECTOR('',#12708,1.0);
#12706=VECTOR('',#12709,1.0);
#12707=DIRECTION('',(0.13570961034156706,0.9907486571582824,0));
#12708=DIRECTION('',(-0.12957958398662184,-0.991569025037518,0));
#12709=DIRECTION('',(-0.9467890225088132,0.3218548537101871,0));
#12710=FACE_SURFACE('',(#12715),#12711,.T.);
#12711=PLANE('',#12712);
#12712=AXIS2_PLACEMENT_3D('',#506,#12713,#12714);
#12713=DIRECTION('',(-0.3218548537101871,0.9467890225088132,0));
#12714=DIRECTION('',(-0.9467890225088132,-0.3218548537101871,0));
#12715=FACE_BOUND('',#12716,.T.);
#12716=EDGE_LOOP('',(#12717,#12718,#12719));
#12717=ORIENTED_EDGE('',*,*,#12720,.T.);
#12718=ORIENTED_EDGE('',*,*,#12721,.T.);
#12719=ORIENTED_EDGE('',*,*,#12722,.T.);
#12720=EDGE_CURVE('',#507,#509,#12723,.F.);
#12721=EDGE_CURVE('',#509,#395,#12724,.T.);
#12722=EDGE_CURVE('',#395,#507,#12725,.T.);
#12723=LINE('',#506,#12726);
#12724=LINE('',#508,#12727);
#12725=LINE('',#394,#12728);
#12726=VECTOR('',#12729,1.0);
#12727=VECTOR('',#12730,1.0);
#12728=VECTOR('',#12731,1.0);
#12729=DIRECTION('',(-0.9467890225088132,-0.3218548537101871,0));
#12730=DIRECTION('',(0.023698447933030383,0.008056135328262088,0.9996866920436313));
#12731=DIRECTION('',(0,0,-1));
#12732=FACE_SURFACE('',(#12737),#12733,.T.);
#12733=PLANE('',#12734);
#12734=AXIS2_PLACEMENT_3D('',#506,#12735,#12736);
#12735=DIRECTION('',(-0.4425025137166356,0.8967672637615953,0));
#12736=DIRECTION('',(0,0,1));
#12737=FACE_BOUND('',#12738,.T.);
#12738=EDGE_LOOP('',(#12739,#12740,#12741));
#12739=ORIENTED_EDGE('',*,*,#12742,.T.);
#12740=ORIENTED_EDGE('',*,*,#12743,.T.);
#12741=ORIENTED_EDGE('',*,*,#12744,.T.);
#12742=EDGE_CURVE('',#507,#395,#12745,.F.);
#12743=EDGE_CURVE('',#395,#89,#12746,.T.);
#12744=EDGE_CURVE('',#89,#507,#12747,.T.);
#12745=LINE('',#506,#12748);
#12746=LINE('',#394,#12749);
#12747=LINE('',#88,#12750);
#12748=VECTOR('',#12751,1.0);
#12749=VECTOR('',#12752,1.0);
#12750=VECTOR('',#12753,1.0);
#12751=DIRECTION('',(0,0,1));
#12752=DIRECTION('',(0.022404575244709218,0.011055355458618731,-0.9996878583456877));
#12753=DIRECTION('',(-0.8967672637615953,-0.4425025137166356,0));
#12754=FACE_SURFACE('',(#12759),#12755,.T.);
#12755=PLANE('',#12756);
#12756=AXIS2_PLACEMENT_3D('',#392,#12757,#12758);
#12757=DIRECTION('',(-0.4425025137166356,0.8967672637615953,0));
#12758=DIRECTION('',(0,0,-1));
#12759=FACE_BOUND('',#12760,.T.);
#12760=EDGE_LOOP('',(#12761,#12762,#12763));
#12761=ORIENTED_EDGE('',*,*,#12764,.T.);
#12762=ORIENTED_EDGE('',*,*,#12765,.T.);
#12763=ORIENTED_EDGE('',*,*,#12766,.T.);
#12764=EDGE_CURVE('',#393,#89,#12767,.F.);
#12765=EDGE_CURVE('',#89,#395,#12768,.T.);
#12766=EDGE_CURVE('',#395,#393,#12769,.T.);
#12767=LINE('',#392,#12770);
#12768=LINE('',#88,#12771);
#12769=LINE('',#394,#12772);
#12770=VECTOR('',#12773,1.0);
#12771=VECTOR('',#12774,1.0);
#12772=VECTOR('',#12775,1.0);
#12773=DIRECTION('',(0,0,-1));
#12774=DIRECTION('',(-0.022404575244709218,-0.011055355458618731,0.9996878583456877));
#12775=DIRECTION('',(0.8967672637615953,0.4425025137166356,0));
#12776=FACE_SURFACE('',(#12781),#12777,.T.);
#12777=PLANE('',#12778);
#12778=AXIS2_PLACEMENT_3D('',#88,#12779,#12780);
#12779=DIRECTION('',(-0.5563192030683289,0.8309686782890312,0));
#12780=DIRECTION('',(0,0,1));
#12781=FACE_BOUND('',#12782,.T.);
#12782=EDGE_LOOP('',(#12783,#12784,#12785));
#12783=ORIENTED_EDGE('',*,*,#12786,.T.);
#12784=ORIENTED_EDGE('',*,*,#12787,.T.);
#12785=ORIENTED_EDGE('',*,*,#12788,.T.);
#12786=EDGE_CURVE('',#89,#393,#12789,.F.);
#12787=EDGE_CURVE('',#393,#503,#12790,.T.);
#12788=EDGE_CURVE('',#503,#89,#12791,.T.);
#12789=LINE('',#88,#12792);
#12790=LINE('',#392,#12793);
#12791=LINE('',#502,#12794);
#12792=VECTOR('',#12795,1.0);
#12793=VECTOR('',#12796,1.0);
#12794=VECTOR('',#12797,1.0);
#12795=DIRECTION('',(0,0,1));
#12796=DIRECTION('',(0.8309686782890312,0.5563192030683289,0));
#12797=DIRECTION('',(-0.020817223769627947,-0.01393677239611471,-0.9996861555356781));
#12798=FACE_SURFACE('',(#12803),#12799,.T.);
#12799=PLANE('',#12800);
#12800=AXIS2_PLACEMENT_3D('',#84,#12801,#12802);
#12801=DIRECTION('',(-0.6585084187126559,0.7525733602012215,0));
#12802=DIRECTION('',(-0.7525733602012215,-0.6585084187126559,0));
#12803=FACE_BOUND('',#12804,.T.);
#12804=EDGE_LOOP('',(#12805,#12806,#12807));
#12805=ORIENTED_EDGE('',*,*,#12808,.T.);
#12806=ORIENTED_EDGE('',*,*,#12809,.T.);
#12807=ORIENTED_EDGE('',*,*,#12810,.T.);
#12808=EDGE_CURVE('',#85,#87,#12811,.F.);
#12809=EDGE_CURVE('',#87,#43,#12812,.T.);
#12810=EDGE_CURVE('',#43,#85,#12813,.T.);
#12811=LINE('',#84,#12814);
#12812=LINE('',#86,#12815);
#12813=LINE('',#42,#12816);
#12814=VECTOR('',#12817,1.0);
#12815=VECTOR('',#12818,1.0);
#12816=VECTOR('',#12819,1.0);
#12817=DIRECTION('',(-0.7525733602012215,-0.6585084187126559,0));
#12818=DIRECTION('',(0.018817626134104506,0.016465591110190077,0.9996873417504442));
#12819=DIRECTION('',(0,0,-1));
#12820=FACE_SURFACE('',(#12825),#12821,.T.);
#12821=PLANE('',#12822);
#12822=AXIS2_PLACEMENT_3D('',#84,#12823,#12824);
#12823=DIRECTION('',(-0.7525778062110414,0.6585033375758821,0));
#12824=DIRECTION('',(0,0,1));
#12825=FACE_BOUND('',#12826,.T.);
#12826=EDGE_LOOP('',(#12827,#12828,#12829));
#12827=ORIENTED_EDGE('',*,*,#12830,.T.);
#12828=ORIENTED_EDGE('',*,*,#12831,.T.);
#12829=ORIENTED_EDGE('',*,*,#12832,.T.);
#12830=EDGE_CURVE('',#85,#43,#12833,.F.);
#12831=EDGE_CURVE('',#43,#529,#12834,.T.);
#12832=EDGE_CURVE('',#529,#85,#12835,.T.);
#12833=LINE('',#84,#12836);
#12834=LINE('',#42,#12837);
#12835=LINE('',#528,#12838);
#12836=VECTOR('',#12839,1.0);
#12837=VECTOR('',#12840,1.0);
#12838=VECTOR('',#12841,1.0);
#12839=DIRECTION('',(0,0,1));
#12840=DIRECTION('',(0.016465366847208354,0.018817626203609265,-0.999687345442888));
#12841=DIRECTION('',(-0.6585033375758821,-0.7525778062110414,0));
#12842=FACE_SURFACE('',(#12847),#12843,.T.);
#12843=PLANE('',#12844);
#12844=AXIS2_PLACEMENT_3D('',#528,#12845,#12846);
#12845=DIRECTION('',(-0.8309659069501956,0.5563233425683656,0));
#12846=DIRECTION('',(0,0,1));
#12847=FACE_BOUND('',#12848,.T.);
#12848=EDGE_LOOP('',(#12849,#12850,#12851));
#12849=ORIENTED_EDGE('',*,*,#12852,.T.);
#12850=ORIENTED_EDGE('',*,*,#12853,.T.);
#12851=ORIENTED_EDGE('',*,*,#12854,.T.);
#12852=EDGE_CURVE('',#529,#41,#12855,.F.);
#12853=EDGE_CURVE('',#41,#63,#12856,.T.);
#12854=EDGE_CURVE('',#63,#529,#12857,.T.);
#12855=LINE('',#528,#12858);
#12856=LINE('',#40,#12859);
#12857=LINE('',#62,#12860);
#12858=VECTOR('',#12861,1.0);
#12859=VECTOR('',#12862,1.0);
#12860=VECTOR('',#12863,1.0);
#12861=DIRECTION('',(0,0,1));
#12862=DIRECTION('',(0.5563233425683655,0.8309659069501956,0));
#12863=DIRECTION('',(-0.013936772461196206,-0.020816999543306507,-0.9996861602039807));
ENDSEC;
END-ISO-10303-21;
